ISO-10303-21;
HEADER;

FILE_DESCRIPTION((''), '2;1');

FILE_NAME(
    'output_file',
    '2009-06-07T17:44:47-07:00',
    (''),
    (''),
    'SolveSpace',
    '',
    ''
);

FILE_SCHEMA (('CONFIG_CONTROL_DESIGN'));
ENDSEC;

DATA;

/**********************************************************
 * This defines the units and tolerances for the file. It
 * is always the same, independent of the actual data.
 **********************************************************/
#158=(
LENGTH_UNIT()
NAMED_UNIT(*)
SI_UNIT(.MILLI.,.METRE.)
);
#161=(
NAMED_UNIT(*)
PLANE_ANGLE_UNIT()
SI_UNIT($,.RADIAN.)
);
#166=(
NAMED_UNIT(*)
SI_UNIT($,.STERADIAN.)
SOLID_ANGLE_UNIT()
);
#167=UNCERTAINTY_MEASURE_WITH_UNIT(LENGTH_MEASURE(0.001),#158,
'DISTANCE_ACCURACY_VALUE',
'string');
#168=(
GEOMETRIC_REPRESENTATION_CONTEXT(3)
GLOBAL_UNCERTAINTY_ASSIGNED_CONTEXT((#167))
GLOBAL_UNIT_ASSIGNED_CONTEXT((#166,#161,#158))
REPRESENTATION_CONTEXT('ID1','3D')
);
#169=SHAPE_REPRESENTATION('',(#170),#168);
#170=AXIS2_PLACEMENT_3D('',#173,#171,#172);
#171=DIRECTION('',(0.,0.,1.));
#172=DIRECTION('',(1.,0.,0.));
#173=CARTESIAN_POINT('',(0.,0.,0.));

#175 = SHAPE_DEFINITION_REPRESENTATION(#176, #169);
#176 = PRODUCT_DEFINITION_SHAPE('Version', 'Test Part', #177);
#177 = PRODUCT_DEFINITION('Version', 'Test Part', #182, #178);
#178 = DESIGN_CONTEXT('3D Mechanical Parts', #181, 'design');
#179 = PRODUCT('1', 'Product', 'Test Part', (#180));
#180 = MECHANICAL_CONTEXT('3D Mechanical Parts', #181, 'mechanical');
#181 = APPLICATION_CONTEXT(
'configuration controlled 3d designs of mechanical parts and assemblies');
#182 = PRODUCT_DEFINITION_FORMATION_WITH_SPECIFIED_SOURCE('Version',
'Test Part', #179, .MADE.);

#200=(
BOUNDED_SURFACE()
B_SPLINE_SURFACE(1,1,((#201,#202),(#203,#204)),.UNSPECIFIED.,.F.,.F.,.F.)
B_SPLINE_SURFACE_WITH_KNOTS((2,2),(2,2),(0.000,1.000),(0.000,1.000),.UNSPECIFIED.)
GEOMETRIC_REPRESENTATION_ITEM()
RATIONAL_B_SPLINE_SURFACE(((1.0000000000,1.0000000000),(1.0000000000,1.0000000000)))
REPRESENTATION_ITEM('')
SURFACE()
);
#201=CARTESIAN_POINT('',(41.0000000000,23.5000000000,0.0000000000));
#202=CARTESIAN_POINT('',(-41.0000000000,23.5000000000,0.0000000000));
#203=CARTESIAN_POINT('',(41.0000000000,-23.5000000000,0.0000000000));
#204=CARTESIAN_POINT('',(-41.0000000000,-23.5000000000,0.0000000000));

#205=CARTESIAN_POINT('',(-41.0000000000,-21.0000000000,0.0000000000));
#206=VERTEX_POINT('',#205);
#207=(
BOUNDED_CURVE()
B_SPLINE_CURVE(2,(#208,#209,#210),.UNSPECIFIED.,.F.,.F.)
B_SPLINE_CURVE_WITH_KNOTS((3,3),(0.000,1.000),.UNSPECIFIED.)
CURVE()
GEOMETRIC_REPRESENTATION_ITEM()
RATIONAL_B_SPLINE_CURVE((1.0000000000,0.7071067812,1.0000000000))
REPRESENTATION_ITEM('')
);
#208=CARTESIAN_POINT('',(-41.0000000000,-21.0000000001,0.0000000000));
#209=CARTESIAN_POINT('',(-40.9999999999,-23.5000000000,0.0000000000));
#210=CARTESIAN_POINT('',(-38.5000000000,-23.5000000000,0.0000000000));

#211=CARTESIAN_POINT('',(-38.5000000000,-23.5000000000,0.0000000000));
#212=VERTEX_POINT('',#211);
#213=EDGE_CURVE('',#206,#212,#207,.T.);
#214=ORIENTED_EDGE('',*,*,#213,.T.);
#215=(
BOUNDED_CURVE()
B_SPLINE_CURVE(1,(#216,#217),.UNSPECIFIED.,.F.,.F.)
B_SPLINE_CURVE_WITH_KNOTS((2,2),(0.000,1.000),.UNSPECIFIED.)
CURVE()
GEOMETRIC_REPRESENTATION_ITEM()
RATIONAL_B_SPLINE_CURVE((1.0000000000,1.0000000000))
REPRESENTATION_ITEM('')
);
#216=CARTESIAN_POINT('',(-38.5000000000,-23.5000000000,0.0000000000));
#217=CARTESIAN_POINT('',(38.5000000000,-23.5000000000,0.0000000000));

#218=CARTESIAN_POINT('',(38.5000000000,-23.5000000000,0.0000000000));
#219=VERTEX_POINT('',#218);
#220=EDGE_CURVE('',#212,#219,#215,.T.);
#221=ORIENTED_EDGE('',*,*,#220,.T.);
#222=(
BOUNDED_CURVE()
B_SPLINE_CURVE(2,(#223,#224,#225),.UNSPECIFIED.,.F.,.F.)
B_SPLINE_CURVE_WITH_KNOTS((3,3),(0.000,1.000),.UNSPECIFIED.)
CURVE()
GEOMETRIC_REPRESENTATION_ITEM()
RATIONAL_B_SPLINE_CURVE((1.0000000000,0.7071067812,1.0000000000))
REPRESENTATION_ITEM('')
);
#223=CARTESIAN_POINT('',(38.5000000001,-23.5000000000,0.0000000000));
#224=CARTESIAN_POINT('',(41.0000000000,-23.4999999999,0.0000000000));
#225=CARTESIAN_POINT('',(41.0000000000,-21.0000000000,0.0000000000));

#226=CARTESIAN_POINT('',(41.0000000000,-21.0000000000,0.0000000000));
#227=VERTEX_POINT('',#226);
#228=EDGE_CURVE('',#219,#227,#222,.T.);
#229=ORIENTED_EDGE('',*,*,#228,.T.);
#230=(
BOUNDED_CURVE()
B_SPLINE_CURVE(1,(#231,#232),.UNSPECIFIED.,.F.,.F.)
B_SPLINE_CURVE_WITH_KNOTS((2,2),(0.000,1.000),.UNSPECIFIED.)
CURVE()
GEOMETRIC_REPRESENTATION_ITEM()
RATIONAL_B_SPLINE_CURVE((1.0000000000,1.0000000000))
REPRESENTATION_ITEM('')
);
#231=CARTESIAN_POINT('',(41.0000000000,-21.0000000000,0.0000000000));
#232=CARTESIAN_POINT('',(41.0000000000,21.0000000000,0.0000000000));

#233=CARTESIAN_POINT('',(41.0000000000,21.0000000000,0.0000000000));
#234=VERTEX_POINT('',#233);
#235=EDGE_CURVE('',#227,#234,#230,.T.);
#236=ORIENTED_EDGE('',*,*,#235,.T.);
#237=(
BOUNDED_CURVE()
B_SPLINE_CURVE(2,(#238,#239,#240),.UNSPECIFIED.,.F.,.F.)
B_SPLINE_CURVE_WITH_KNOTS((3,3),(0.000,1.000),.UNSPECIFIED.)
CURVE()
GEOMETRIC_REPRESENTATION_ITEM()
RATIONAL_B_SPLINE_CURVE((1.0000000000,0.7071067812,1.0000000000))
REPRESENTATION_ITEM('')
);
#238=CARTESIAN_POINT('',(41.0000000000,21.0000000001,0.0000000000));
#239=CARTESIAN_POINT('',(40.9999999999,23.5000000000,0.0000000000));
#240=CARTESIAN_POINT('',(38.5000000000,23.5000000000,0.0000000000));

#241=CARTESIAN_POINT('',(38.5000000000,23.5000000000,0.0000000000));
#242=VERTEX_POINT('',#241);
#243=EDGE_CURVE('',#234,#242,#237,.T.);
#244=ORIENTED_EDGE('',*,*,#243,.T.);
#245=(
BOUNDED_CURVE()
B_SPLINE_CURVE(1,(#246,#247),.UNSPECIFIED.,.F.,.F.)
B_SPLINE_CURVE_WITH_KNOTS((2,2),(0.000,1.000),.UNSPECIFIED.)
CURVE()
GEOMETRIC_REPRESENTATION_ITEM()
RATIONAL_B_SPLINE_CURVE((1.0000000000,1.0000000000))
REPRESENTATION_ITEM('')
);
#246=CARTESIAN_POINT('',(38.5000000000,23.5000000000,0.0000000000));
#247=CARTESIAN_POINT('',(-38.5000000000,23.5000000000,0.0000000000));

#248=CARTESIAN_POINT('',(-38.5000000000,23.5000000000,0.0000000000));
#249=VERTEX_POINT('',#248);
#250=EDGE_CURVE('',#242,#249,#245,.T.);
#251=ORIENTED_EDGE('',*,*,#250,.T.);
#252=(
BOUNDED_CURVE()
B_SPLINE_CURVE(2,(#253,#254,#255),.UNSPECIFIED.,.F.,.F.)
B_SPLINE_CURVE_WITH_KNOTS((3,3),(0.000,1.000),.UNSPECIFIED.)
CURVE()
GEOMETRIC_REPRESENTATION_ITEM()
RATIONAL_B_SPLINE_CURVE((1.0000000000,0.7071067812,1.0000000000))
REPRESENTATION_ITEM('')
);
#253=CARTESIAN_POINT('',(-38.5000000001,23.5000000000,0.0000000000));
#254=CARTESIAN_POINT('',(-41.0000000000,23.4999999999,0.0000000000));
#255=CARTESIAN_POINT('',(-41.0000000000,21.0000000000,0.0000000000));

#256=CARTESIAN_POINT('',(-41.0000000000,21.0000000000,0.0000000000));
#257=VERTEX_POINT('',#256);
#258=EDGE_CURVE('',#249,#257,#252,.T.);
#259=ORIENTED_EDGE('',*,*,#258,.T.);
#260=(
BOUNDED_CURVE()
B_SPLINE_CURVE(1,(#261,#262),.UNSPECIFIED.,.F.,.F.)
B_SPLINE_CURVE_WITH_KNOTS((2,2),(0.000,1.000),.UNSPECIFIED.)
CURVE()
GEOMETRIC_REPRESENTATION_ITEM()
RATIONAL_B_SPLINE_CURVE((1.0000000000,1.0000000000))
REPRESENTATION_ITEM('')
);
#261=CARTESIAN_POINT('',(-41.0000000000,21.0000000000,0.0000000000));
#262=CARTESIAN_POINT('',(-41.0000000000,-21.0000000000,0.0000000000));

#263=EDGE_CURVE('',#257,#206,#260,.T.);
#264=ORIENTED_EDGE('',*,*,#263,.T.);
#265=EDGE_LOOP('',(#214,#221,#229,#236,#244,#251,#259,#264));
#266=FACE_OUTER_BOUND('',#265,.T.);
#267=CARTESIAN_POINT('',(28.0000000000,-9.5000000000,0.0000000000));
#268=VERTEX_POINT('',#267);
#269=(
BOUNDED_CURVE()
B_SPLINE_CURVE(2,(#270,#271,#272),.UNSPECIFIED.,.F.,.F.)
B_SPLINE_CURVE_WITH_KNOTS((3,3),(0.000,1.000),.UNSPECIFIED.)
CURVE()
GEOMETRIC_REPRESENTATION_ITEM()
RATIONAL_B_SPLINE_CURVE((1.0000000000,0.7071067812,1.0000000000))
REPRESENTATION_ITEM('')
);
#270=CARTESIAN_POINT('',(28.0000000000,-9.5000000000,0.0000000000));
#271=CARTESIAN_POINT('',(28.0000000000,-10.9999999999,0.0000000000));
#272=CARTESIAN_POINT('',(26.5000000001,-11.0000000000,0.0000000000));

#273=CARTESIAN_POINT('',(26.5000000001,-11.0000000000,0.0000000000));
#274=VERTEX_POINT('',#273);
#275=EDGE_CURVE('',#268,#274,#269,.T.);
#276=ORIENTED_EDGE('',*,*,#275,.T.);
#277=(
BOUNDED_CURVE()
B_SPLINE_CURVE(1,(#278,#279),.UNSPECIFIED.,.F.,.F.)
B_SPLINE_CURVE_WITH_KNOTS((2,2),(0.000,1.000),.UNSPECIFIED.)
CURVE()
GEOMETRIC_REPRESENTATION_ITEM()
RATIONAL_B_SPLINE_CURVE((1.0000000000,1.0000000000))
REPRESENTATION_ITEM('')
);
#278=CARTESIAN_POINT('',(26.5000000000,-11.0000000000,0.0000000000));
#279=CARTESIAN_POINT('',(-26.5000000000,-11.0000000000,0.0000000000));

#280=CARTESIAN_POINT('',(-26.5000000000,-11.0000000000,0.0000000000));
#281=VERTEX_POINT('',#280);
#282=EDGE_CURVE('',#274,#281,#277,.T.);
#283=ORIENTED_EDGE('',*,*,#282,.T.);
#284=(
BOUNDED_CURVE()
B_SPLINE_CURVE(2,(#285,#286,#287),.UNSPECIFIED.,.F.,.F.)
B_SPLINE_CURVE_WITH_KNOTS((3,3),(0.000,1.000),.UNSPECIFIED.)
CURVE()
GEOMETRIC_REPRESENTATION_ITEM()
RATIONAL_B_SPLINE_CURVE((1.0000000000,0.7071067812,1.0000000000))
REPRESENTATION_ITEM('')
);
#285=CARTESIAN_POINT('',(-26.5000000000,-11.0000000000,0.0000000000));
#286=CARTESIAN_POINT('',(-27.9999999999,-11.0000000000,0.0000000000));
#287=CARTESIAN_POINT('',(-28.0000000000,-9.5000000001,0.0000000000));

#288=CARTESIAN_POINT('',(-28.0000000000,-9.5000000001,0.0000000000));
#289=VERTEX_POINT('',#288);
#290=EDGE_CURVE('',#281,#289,#284,.T.);
#291=ORIENTED_EDGE('',*,*,#290,.T.);
#292=(
BOUNDED_CURVE()
B_SPLINE_CURVE(1,(#293,#294),.UNSPECIFIED.,.F.,.F.)
B_SPLINE_CURVE_WITH_KNOTS((2,2),(0.000,1.000),.UNSPECIFIED.)
CURVE()
GEOMETRIC_REPRESENTATION_ITEM()
RATIONAL_B_SPLINE_CURVE((1.0000000000,1.0000000000))
REPRESENTATION_ITEM('')
);
#293=CARTESIAN_POINT('',(-28.0000000000,-9.5000000000,0.0000000000));
#294=CARTESIAN_POINT('',(-28.0000000000,9.5000000000,0.0000000000));

#295=CARTESIAN_POINT('',(-28.0000000000,9.5000000000,0.0000000000));
#296=VERTEX_POINT('',#295);
#297=EDGE_CURVE('',#289,#296,#292,.T.);
#298=ORIENTED_EDGE('',*,*,#297,.T.);
#299=(
BOUNDED_CURVE()
B_SPLINE_CURVE(2,(#300,#301,#302),.UNSPECIFIED.,.F.,.F.)
B_SPLINE_CURVE_WITH_KNOTS((3,3),(0.000,1.000),.UNSPECIFIED.)
CURVE()
GEOMETRIC_REPRESENTATION_ITEM()
RATIONAL_B_SPLINE_CURVE((1.0000000000,0.7071067812,1.0000000000))
REPRESENTATION_ITEM('')
);
#300=CARTESIAN_POINT('',(-28.0000000000,9.5000000000,0.0000000000));
#301=CARTESIAN_POINT('',(-28.0000000000,10.9999999999,0.0000000000));
#302=CARTESIAN_POINT('',(-26.5000000001,11.0000000000,0.0000000000));

#303=CARTESIAN_POINT('',(-26.5000000001,11.0000000000,0.0000000000));
#304=VERTEX_POINT('',#303);
#305=EDGE_CURVE('',#296,#304,#299,.T.);
#306=ORIENTED_EDGE('',*,*,#305,.T.);
#307=(
BOUNDED_CURVE()
B_SPLINE_CURVE(1,(#308,#309),.UNSPECIFIED.,.F.,.F.)
B_SPLINE_CURVE_WITH_KNOTS((2,2),(0.000,1.000),.UNSPECIFIED.)
CURVE()
GEOMETRIC_REPRESENTATION_ITEM()
RATIONAL_B_SPLINE_CURVE((1.0000000000,1.0000000000))
REPRESENTATION_ITEM('')
);
#308=CARTESIAN_POINT('',(-26.5000000000,11.0000000000,0.0000000000));
#309=CARTESIAN_POINT('',(26.5000000000,11.0000000000,0.0000000000));

#310=CARTESIAN_POINT('',(26.5000000000,11.0000000000,0.0000000000));
#311=VERTEX_POINT('',#310);
#312=EDGE_CURVE('',#304,#311,#307,.T.);
#313=ORIENTED_EDGE('',*,*,#312,.T.);
#314=(
BOUNDED_CURVE()
B_SPLINE_CURVE(2,(#315,#316,#317),.UNSPECIFIED.,.F.,.F.)
B_SPLINE_CURVE_WITH_KNOTS((3,3),(0.000,1.000),.UNSPECIFIED.)
CURVE()
GEOMETRIC_REPRESENTATION_ITEM()
RATIONAL_B_SPLINE_CURVE((1.0000000000,0.7071067812,1.0000000000))
REPRESENTATION_ITEM('')
);
#315=CARTESIAN_POINT('',(26.5000000000,11.0000000000,0.0000000000));
#316=CARTESIAN_POINT('',(27.9999999999,11.0000000000,0.0000000000));
#317=CARTESIAN_POINT('',(28.0000000000,9.5000000001,0.0000000000));

#318=CARTESIAN_POINT('',(28.0000000000,9.5000000001,0.0000000000));
#319=VERTEX_POINT('',#318);
#320=EDGE_CURVE('',#311,#319,#314,.T.);
#321=ORIENTED_EDGE('',*,*,#320,.T.);
#322=(
BOUNDED_CURVE()
B_SPLINE_CURVE(1,(#323,#324),.UNSPECIFIED.,.F.,.F.)
B_SPLINE_CURVE_WITH_KNOTS((2,2),(0.000,1.000),.UNSPECIFIED.)
CURVE()
GEOMETRIC_REPRESENTATION_ITEM()
RATIONAL_B_SPLINE_CURVE((1.0000000000,1.0000000000))
REPRESENTATION_ITEM('')
);
#323=CARTESIAN_POINT('',(28.0000000000,9.5000000000,0.0000000000));
#324=CARTESIAN_POINT('',(28.0000000000,-9.5000000000,0.0000000000));

#325=EDGE_CURVE('',#319,#268,#322,.T.);
#326=ORIENTED_EDGE('',*,*,#325,.T.);
#327=EDGE_LOOP('',(#276,#283,#291,#298,#306,#313,#321,#326));
#328=FACE_BOUND('',#327,.T.);
#329=ADVANCED_FACE('',(#266,#328),#200,.T.);
#330=COLOUR_RGB('',0.39,0.39,0.39);
#331=FILL_AREA_STYLE_COLOUR('',#330);
#332=FILL_AREA_STYLE('',(#331));
#333=SURFACE_STYLE_FILL_AREA(#332);
#334=SURFACE_STYLE_TRANSPARENT(0.00);
#335=SURFACE_STYLE_RENDERING_WITH_PROPERTIES(.NORMAL_SHADING.,#330,(#334));
#336=SURFACE_SIDE_STYLE('',(#333, #335));
#337=SURFACE_STYLE_USAGE(.BOTH.,#336);
#338=PRESENTATION_STYLE_ASSIGNMENT((#337));
#339=STYLED_ITEM('',(#338),#329);

#340=(
BOUNDED_SURFACE()
B_SPLINE_SURFACE(1,1,((#341,#342),(#343,#344)),.UNSPECIFIED.,.F.,.F.,.F.)
B_SPLINE_SURFACE_WITH_KNOTS((2,2),(2,2),(0.000,1.000),(0.000,1.000),.UNSPECIFIED.)
GEOMETRIC_REPRESENTATION_ITEM()
RATIONAL_B_SPLINE_SURFACE(((1.0000000000,1.0000000000),(1.0000000000,1.0000000000)))
REPRESENTATION_ITEM('')
SURFACE()
);
#341=CARTESIAN_POINT('',(-38.5000000000,23.5000000000,50.0000000000));
#342=CARTESIAN_POINT('',(-38.5000000000,23.5000000000,0.0000000000));
#343=CARTESIAN_POINT('',(38.5000000000,23.5000000000,50.0000000000));
#344=CARTESIAN_POINT('',(38.5000000000,23.5000000000,0.0000000000));

#345=CARTESIAN_POINT('',(-38.5000000000,23.5000000000,24.1325775953));
#346=VERTEX_POINT('',#345);
#347=(
BOUNDED_CURVE()
B_SPLINE_CURVE(1,(#348,#349),.UNSPECIFIED.,.F.,.F.)
B_SPLINE_CURVE_WITH_KNOTS((2,2),(0.000,1.000),.UNSPECIFIED.)
CURVE()
GEOMETRIC_REPRESENTATION_ITEM()
RATIONAL_B_SPLINE_CURVE((1.0000000000,1.0000000000))
REPRESENTATION_ITEM('')
);
#348=CARTESIAN_POINT('',(-38.5000000000,23.5000000000,24.1325775953));
#349=CARTESIAN_POINT('',(-38.5000000000,23.5000000000,0.0000000000));

#350=CARTESIAN_POINT('',(-38.5000000000,23.5000000000,0.0000000000));
#351=VERTEX_POINT('',#350);
#352=EDGE_CURVE('',#346,#351,#347,.T.);
#353=ORIENTED_EDGE('',*,*,#352,.T.);
#354=(
BOUNDED_CURVE()
B_SPLINE_CURVE(1,(#355,#356),.UNSPECIFIED.,.F.,.F.)
B_SPLINE_CURVE_WITH_KNOTS((2,2),(0.000,1.000),.UNSPECIFIED.)
CURVE()
GEOMETRIC_REPRESENTATION_ITEM()
RATIONAL_B_SPLINE_CURVE((1.0000000000,1.0000000000))
REPRESENTATION_ITEM('')
);
#355=CARTESIAN_POINT('',(-38.5000000000,23.5000000000,0.0000000000));
#356=CARTESIAN_POINT('',(38.5000000000,23.5000000000,0.0000000000));

#357=CARTESIAN_POINT('',(38.5000000000,23.5000000000,0.0000000000));
#358=VERTEX_POINT('',#357);
#359=EDGE_CURVE('',#351,#358,#354,.T.);
#360=ORIENTED_EDGE('',*,*,#359,.T.);
#361=(
BOUNDED_CURVE()
B_SPLINE_CURVE(1,(#362,#363),.UNSPECIFIED.,.F.,.F.)
B_SPLINE_CURVE_WITH_KNOTS((2,2),(0.000,1.000),.UNSPECIFIED.)
CURVE()
GEOMETRIC_REPRESENTATION_ITEM()
RATIONAL_B_SPLINE_CURVE((1.0000000000,1.0000000000))
REPRESENTATION_ITEM('')
);
#362=CARTESIAN_POINT('',(38.5000000000,23.5000000000,0.0000000000));
#363=CARTESIAN_POINT('',(38.5000000000,23.5000000000,24.1325775953));

#364=CARTESIAN_POINT('',(38.5000000000,23.5000000000,24.1325775953));
#365=VERTEX_POINT('',#364);
#366=EDGE_CURVE('',#358,#365,#361,.T.);
#367=ORIENTED_EDGE('',*,*,#366,.T.);
#368=(
BOUNDED_CURVE()
B_SPLINE_CURVE(1,(#369,#370),.UNSPECIFIED.,.F.,.F.)
B_SPLINE_CURVE_WITH_KNOTS((2,2),(0.000,1.000),.UNSPECIFIED.)
CURVE()
GEOMETRIC_REPRESENTATION_ITEM()
RATIONAL_B_SPLINE_CURVE((1.0000000000,1.0000000000))
REPRESENTATION_ITEM('')
);
#369=CARTESIAN_POINT('',(38.5000000000,23.5000000000,24.1325775953));
#370=CARTESIAN_POINT('',(-38.5000000000,23.5000000000,24.1325775953));

#371=EDGE_CURVE('',#365,#346,#368,.T.);
#372=ORIENTED_EDGE('',*,*,#371,.T.);
#373=EDGE_LOOP('',(#353,#360,#367,#372));
#374=FACE_OUTER_BOUND('',#373,.T.);
#375=ADVANCED_FACE('',(#374),#340,.T.);
#376=COLOUR_RGB('',0.39,0.39,0.39);
#377=FILL_AREA_STYLE_COLOUR('',#376);
#378=FILL_AREA_STYLE('',(#377));
#379=SURFACE_STYLE_FILL_AREA(#378);
#380=SURFACE_STYLE_TRANSPARENT(0.00);
#381=SURFACE_STYLE_RENDERING_WITH_PROPERTIES(.NORMAL_SHADING.,#376,(#380));
#382=SURFACE_SIDE_STYLE('',(#379, #381));
#383=SURFACE_STYLE_USAGE(.BOTH.,#382);
#384=PRESENTATION_STYLE_ASSIGNMENT((#383));
#385=STYLED_ITEM('',(#384),#375);

#386=(
BOUNDED_SURFACE()
B_SPLINE_SURFACE(2,1,((#387,#388),(#389,#390),(#391,#392)),.UNSPECIFIED.,.F.,.F.,.F.)
B_SPLINE_SURFACE_WITH_KNOTS((3,3),(2,2),(0.000,1.000),(0.000,1.000),.UNSPECIFIED.)
GEOMETRIC_REPRESENTATION_ITEM()
RATIONAL_B_SPLINE_SURFACE(((1.0000000000,1.0000000000),(0.7071067812,0.7071067812),(1.0000000000,1.0000000000)))
REPRESENTATION_ITEM('')
SURFACE()
);
#387=CARTESIAN_POINT('',(38.5000000000,23.5000000000,50.0000000000));
#388=CARTESIAN_POINT('',(38.5000000000,23.5000000000,0.0000000000));
#389=CARTESIAN_POINT('',(41.0000000000,23.5000000000,50.0000000000));
#390=CARTESIAN_POINT('',(41.0000000000,23.5000000000,0.0000000000));
#391=CARTESIAN_POINT('',(41.0000000000,21.0000000000,50.0000000000));
#392=CARTESIAN_POINT('',(41.0000000000,21.0000000000,0.0000000000));

#393=CARTESIAN_POINT('',(38.5000000000,23.5000000000,24.1325775953));
#394=VERTEX_POINT('',#393);
#395=(
BOUNDED_CURVE()
B_SPLINE_CURVE(1,(#396,#397),.UNSPECIFIED.,.F.,.F.)
B_SPLINE_CURVE_WITH_KNOTS((2,2),(0.000,1.000),.UNSPECIFIED.)
CURVE()
GEOMETRIC_REPRESENTATION_ITEM()
RATIONAL_B_SPLINE_CURVE((1.0000000000,1.0000000000))
REPRESENTATION_ITEM('')
);
#396=CARTESIAN_POINT('',(38.5000000000,23.5000000000,24.1325775953));
#397=CARTESIAN_POINT('',(38.5000000000,23.5000000000,0.0000000000));

#398=CARTESIAN_POINT('',(38.5000000000,23.5000000000,0.0000000000));
#399=VERTEX_POINT('',#398);
#400=EDGE_CURVE('',#394,#399,#395,.T.);
#401=ORIENTED_EDGE('',*,*,#400,.T.);
#402=(
BOUNDED_CURVE()
B_SPLINE_CURVE(2,(#403,#404,#405),.UNSPECIFIED.,.F.,.F.)
B_SPLINE_CURVE_WITH_KNOTS((3,3),(0.000,1.000),.UNSPECIFIED.)
CURVE()
GEOMETRIC_REPRESENTATION_ITEM()
RATIONAL_B_SPLINE_CURVE((1.0000000000,0.7071067812,1.0000000000))
REPRESENTATION_ITEM('')
);
#403=CARTESIAN_POINT('',(38.5000000000,23.5000000000,0.0000000000));
#404=CARTESIAN_POINT('',(40.9999999999,23.5000000000,0.0000000000));
#405=CARTESIAN_POINT('',(41.0000000000,21.0000000001,0.0000000000));

#406=CARTESIAN_POINT('',(41.0000000000,21.0000000001,0.0000000000));
#407=VERTEX_POINT('',#406);
#408=EDGE_CURVE('',#399,#407,#402,.T.);
#409=ORIENTED_EDGE('',*,*,#408,.T.);
#410=(
BOUNDED_CURVE()
B_SPLINE_CURVE(1,(#411,#412),.UNSPECIFIED.,.F.,.F.)
B_SPLINE_CURVE_WITH_KNOTS((2,2),(0.000,1.000),.UNSPECIFIED.)
CURVE()
GEOMETRIC_REPRESENTATION_ITEM()
RATIONAL_B_SPLINE_CURVE((1.0000000000,1.0000000000))
REPRESENTATION_ITEM('')
);
#411=CARTESIAN_POINT('',(41.0000000000,21.0000000000,0.0000000000));
#412=CARTESIAN_POINT('',(41.0000000000,21.0000000000,25.0425031810));

#413=CARTESIAN_POINT('',(41.0000000000,21.0000000000,25.0425031810));
#414=VERTEX_POINT('',#413);
#415=EDGE_CURVE('',#407,#414,#410,.T.);
#416=ORIENTED_EDGE('',*,*,#415,.T.);
#417=(
BOUNDED_CURVE()
B_SPLINE_CURVE(2,(#418,#419,#420),.UNSPECIFIED.,.F.,.F.)
B_SPLINE_CURVE_WITH_KNOTS((3,3),(0.000,1.000),.UNSPECIFIED.)
CURVE()
GEOMETRIC_REPRESENTATION_ITEM()
RATIONAL_B_SPLINE_CURVE((0.9999999985,0.7071067819,1.0000000000))
REPRESENTATION_ITEM('')
);
#418=CARTESIAN_POINT('',(41.0000000000,21.0000000089,25.0425031777));
#419=CARTESIAN_POINT('',(40.9999999911,23.5000000000,24.1325775953));
#420=CARTESIAN_POINT('',(38.5000000000,23.5000000000,24.1325775953));

#421=EDGE_CURVE('',#414,#394,#417,.T.);
#422=ORIENTED_EDGE('',*,*,#421,.T.);
#423=EDGE_LOOP('',(#401,#409,#416,#422));
#424=FACE_OUTER_BOUND('',#423,.T.);
#425=ADVANCED_FACE('',(#424),#386,.T.);
#426=COLOUR_RGB('',0.39,0.39,0.39);
#427=FILL_AREA_STYLE_COLOUR('',#426);
#428=FILL_AREA_STYLE('',(#427));
#429=SURFACE_STYLE_FILL_AREA(#428);
#430=SURFACE_STYLE_TRANSPARENT(0.00);
#431=SURFACE_STYLE_RENDERING_WITH_PROPERTIES(.NORMAL_SHADING.,#426,(#430));
#432=SURFACE_SIDE_STYLE('',(#429, #431));
#433=SURFACE_STYLE_USAGE(.BOTH.,#432);
#434=PRESENTATION_STYLE_ASSIGNMENT((#433));
#435=STYLED_ITEM('',(#434),#425);

#436=(
BOUNDED_SURFACE()
B_SPLINE_SURFACE(1,1,((#437,#438),(#439,#440)),.UNSPECIFIED.,.F.,.F.,.F.)
B_SPLINE_SURFACE_WITH_KNOTS((2,2),(2,2),(0.000,1.000),(0.000,1.000),.UNSPECIFIED.)
GEOMETRIC_REPRESENTATION_ITEM()
RATIONAL_B_SPLINE_SURFACE(((1.0000000000,1.0000000000),(1.0000000000,1.0000000000)))
REPRESENTATION_ITEM('')
SURFACE()
);
#437=CARTESIAN_POINT('',(41.0000000000,21.0000000000,50.0000000000));
#438=CARTESIAN_POINT('',(41.0000000000,21.0000000000,0.0000000000));
#439=CARTESIAN_POINT('',(41.0000000000,-21.0000000000,50.0000000000));
#440=CARTESIAN_POINT('',(41.0000000000,-21.0000000000,0.0000000000));

#441=CARTESIAN_POINT('',(41.0000000000,21.0000000000,25.0425031810));
#442=VERTEX_POINT('',#441);
#443=(
BOUNDED_CURVE()
B_SPLINE_CURVE(1,(#444,#445),.UNSPECIFIED.,.F.,.F.)
B_SPLINE_CURVE_WITH_KNOTS((2,2),(0.000,1.000),.UNSPECIFIED.)
CURVE()
GEOMETRIC_REPRESENTATION_ITEM()
RATIONAL_B_SPLINE_CURVE((1.0000000000,1.0000000000))
REPRESENTATION_ITEM('')
);
#444=CARTESIAN_POINT('',(41.0000000000,21.0000000000,25.0425031810));
#445=CARTESIAN_POINT('',(41.0000000000,21.0000000000,0.0000000000));

#446=CARTESIAN_POINT('',(41.0000000000,21.0000000000,0.0000000000));
#447=VERTEX_POINT('',#446);
#448=EDGE_CURVE('',#442,#447,#443,.T.);
#449=ORIENTED_EDGE('',*,*,#448,.T.);
#450=(
BOUNDED_CURVE()
B_SPLINE_CURVE(1,(#451,#452),.UNSPECIFIED.,.F.,.F.)
B_SPLINE_CURVE_WITH_KNOTS((2,2),(0.000,1.000),.UNSPECIFIED.)
CURVE()
GEOMETRIC_REPRESENTATION_ITEM()
RATIONAL_B_SPLINE_CURVE((1.0000000000,1.0000000000))
REPRESENTATION_ITEM('')
);
#451=CARTESIAN_POINT('',(41.0000000000,21.0000000000,0.0000000000));
#452=CARTESIAN_POINT('',(41.0000000000,-21.0000000000,0.0000000000));

#453=CARTESIAN_POINT('',(41.0000000000,-21.0000000000,0.0000000000));
#454=VERTEX_POINT('',#453);
#455=EDGE_CURVE('',#447,#454,#450,.T.);
#456=ORIENTED_EDGE('',*,*,#455,.T.);
#457=(
BOUNDED_CURVE()
B_SPLINE_CURVE(1,(#458,#459),.UNSPECIFIED.,.F.,.F.)
B_SPLINE_CURVE_WITH_KNOTS((2,2),(0.000,1.000),.UNSPECIFIED.)
CURVE()
GEOMETRIC_REPRESENTATION_ITEM()
RATIONAL_B_SPLINE_CURVE((1.0000000000,1.0000000000))
REPRESENTATION_ITEM('')
);
#458=CARTESIAN_POINT('',(41.0000000000,-21.0000000000,0.0000000000));
#459=CARTESIAN_POINT('',(41.0000000000,-21.0000000000,11.8686935486));

#460=CARTESIAN_POINT('',(41.0000000000,-21.0000000000,11.8686935486));
#461=VERTEX_POINT('',#460);
#462=EDGE_CURVE('',#454,#461,#457,.T.);
#463=ORIENTED_EDGE('',*,*,#462,.T.);
#464=(
BOUNDED_CURVE()
B_SPLINE_CURVE(1,(#465,#466),.UNSPECIFIED.,.F.,.F.)
B_SPLINE_CURVE_WITH_KNOTS((2,2),(0.000,1.000),.UNSPECIFIED.)
CURVE()
GEOMETRIC_REPRESENTATION_ITEM()
RATIONAL_B_SPLINE_CURVE((1.0000000000,1.0000000000))
REPRESENTATION_ITEM('')
);
#465=CARTESIAN_POINT('',(41.0000000000,-21.0000000000,11.8686935486));
#466=CARTESIAN_POINT('',(41.0000000000,-11.8529525035,37.0000000000));

#467=CARTESIAN_POINT('',(41.0000000000,-11.8529525035,37.0000000000));
#468=VERTEX_POINT('',#467);
#469=EDGE_CURVE('',#461,#468,#464,.T.);
#470=ORIENTED_EDGE('',*,*,#469,.T.);
#471=(
BOUNDED_CURVE()
B_SPLINE_CURVE(1,(#472,#473),.UNSPECIFIED.,.F.,.F.)
B_SPLINE_CURVE_WITH_KNOTS((2,2),(0.000,1.000),.UNSPECIFIED.)
CURVE()
GEOMETRIC_REPRESENTATION_ITEM()
RATIONAL_B_SPLINE_CURVE((1.0000000000,1.0000000000))
REPRESENTATION_ITEM('')
);
#472=CARTESIAN_POINT('',(41.0000000000,-11.8529525035,37.0000000000));
#473=CARTESIAN_POINT('',(41.0000000000,21.0000000000,25.0425031810));

#474=EDGE_CURVE('',#468,#442,#471,.T.);
#475=ORIENTED_EDGE('',*,*,#474,.T.);
#476=EDGE_LOOP('',(#449,#456,#463,#470,#475));
#477=FACE_OUTER_BOUND('',#476,.T.);
#478=ADVANCED_FACE('',(#477),#436,.T.);
#479=COLOUR_RGB('',0.39,0.39,0.39);
#480=FILL_AREA_STYLE_COLOUR('',#479);
#481=FILL_AREA_STYLE('',(#480));
#482=SURFACE_STYLE_FILL_AREA(#481);
#483=SURFACE_STYLE_TRANSPARENT(0.00);
#484=SURFACE_STYLE_RENDERING_WITH_PROPERTIES(.NORMAL_SHADING.,#479,(#483));
#485=SURFACE_SIDE_STYLE('',(#482, #484));
#486=SURFACE_STYLE_USAGE(.BOTH.,#485);
#487=PRESENTATION_STYLE_ASSIGNMENT((#486));
#488=STYLED_ITEM('',(#487),#478);

#489=(
BOUNDED_SURFACE()
B_SPLINE_SURFACE(2,1,((#490,#491),(#492,#493),(#494,#495)),.UNSPECIFIED.,.F.,.F.,.F.)
B_SPLINE_SURFACE_WITH_KNOTS((3,3),(2,2),(0.000,1.000),(0.000,1.000),.UNSPECIFIED.)
GEOMETRIC_REPRESENTATION_ITEM()
RATIONAL_B_SPLINE_SURFACE(((1.0000000000,1.0000000000),(0.7071067812,0.7071067812),(1.0000000000,1.0000000000)))
REPRESENTATION_ITEM('')
SURFACE()
);
#490=CARTESIAN_POINT('',(41.0000000000,-21.0000000000,50.0000000000));
#491=CARTESIAN_POINT('',(41.0000000000,-21.0000000000,0.0000000000));
#492=CARTESIAN_POINT('',(41.0000000000,-23.5000000000,50.0000000000));
#493=CARTESIAN_POINT('',(41.0000000000,-23.5000000000,0.0000000000));
#494=CARTESIAN_POINT('',(38.5000000000,-23.5000000000,50.0000000000));
#495=CARTESIAN_POINT('',(38.5000000000,-23.5000000000,0.0000000000));

#496=CARTESIAN_POINT('',(41.0000000000,-21.0000000000,11.8686935486));
#497=VERTEX_POINT('',#496);
#498=(
BOUNDED_CURVE()
B_SPLINE_CURVE(1,(#499,#500),.UNSPECIFIED.,.F.,.F.)
B_SPLINE_CURVE_WITH_KNOTS((2,2),(0.000,1.000),.UNSPECIFIED.)
CURVE()
GEOMETRIC_REPRESENTATION_ITEM()
RATIONAL_B_SPLINE_CURVE((1.0000000000,1.0000000000))
REPRESENTATION_ITEM('')
);
#499=CARTESIAN_POINT('',(41.0000000000,-21.0000000000,11.8686935486));
#500=CARTESIAN_POINT('',(41.0000000000,-21.0000000000,0.0000000000));

#501=CARTESIAN_POINT('',(41.0000000000,-21.0000000000,0.0000000000));
#502=VERTEX_POINT('',#501);
#503=EDGE_CURVE('',#497,#502,#498,.T.);
#504=ORIENTED_EDGE('',*,*,#503,.T.);
#505=(
BOUNDED_CURVE()
B_SPLINE_CURVE(2,(#506,#507,#508),.UNSPECIFIED.,.F.,.F.)
B_SPLINE_CURVE_WITH_KNOTS((3,3),(0.000,1.000),.UNSPECIFIED.)
CURVE()
GEOMETRIC_REPRESENTATION_ITEM()
RATIONAL_B_SPLINE_CURVE((1.0000000000,0.7071067812,1.0000000000))
REPRESENTATION_ITEM('')
);
#506=CARTESIAN_POINT('',(41.0000000000,-21.0000000000,0.0000000000));
#507=CARTESIAN_POINT('',(41.0000000000,-23.4999999999,0.0000000000));
#508=CARTESIAN_POINT('',(38.5000000001,-23.5000000000,0.0000000000));

#509=CARTESIAN_POINT('',(38.5000000001,-23.5000000000,0.0000000000));
#510=VERTEX_POINT('',#509);
#511=EDGE_CURVE('',#502,#510,#505,.T.);
#512=ORIENTED_EDGE('',*,*,#511,.T.);
#513=(
BOUNDED_CURVE()
B_SPLINE_CURVE(1,(#514,#515),.UNSPECIFIED.,.F.,.F.)
B_SPLINE_CURVE_WITH_KNOTS((2,2),(0.000,1.000),.UNSPECIFIED.)
CURVE()
GEOMETRIC_REPRESENTATION_ITEM()
RATIONAL_B_SPLINE_CURVE((1.0000000000,1.0000000000))
REPRESENTATION_ITEM('')
);
#514=CARTESIAN_POINT('',(38.5000000000,-23.5000000000,0.0000000000));
#515=CARTESIAN_POINT('',(38.5000000000,-23.5000000000,5.0000000000));

#516=CARTESIAN_POINT('',(38.5000000000,-23.5000000000,5.0000000000));
#517=VERTEX_POINT('',#516);
#518=EDGE_CURVE('',#510,#517,#513,.T.);
#519=ORIENTED_EDGE('',*,*,#518,.T.);
#520=(
BOUNDED_CURVE()
B_SPLINE_CURVE(2,(#521,#522,#523),.UNSPECIFIED.,.F.,.F.)
B_SPLINE_CURVE_WITH_KNOTS((3,3),(0.000,1.000),.UNSPECIFIED.)
CURVE()
GEOMETRIC_REPRESENTATION_ITEM()
RATIONAL_B_SPLINE_CURVE((1.0000000000,0.7071067812,1.0000000000))
REPRESENTATION_ITEM('')
);
#521=CARTESIAN_POINT('',(38.5000000000,-23.5000000000,5.0000000000));
#522=CARTESIAN_POINT('',(41.0000000000,-23.5000000000,5.0000000001));
#523=CARTESIAN_POINT('',(41.0000000000,-21.0000000000,11.8686935486));

#524=EDGE_CURVE('',#517,#497,#520,.T.);
#525=ORIENTED_EDGE('',*,*,#524,.T.);
#526=EDGE_LOOP('',(#504,#512,#519,#525));
#527=FACE_OUTER_BOUND('',#526,.T.);
#528=ADVANCED_FACE('',(#527),#489,.T.);
#529=COLOUR_RGB('',0.39,0.39,0.39);
#530=FILL_AREA_STYLE_COLOUR('',#529);
#531=FILL_AREA_STYLE('',(#530));
#532=SURFACE_STYLE_FILL_AREA(#531);
#533=SURFACE_STYLE_TRANSPARENT(0.00);
#534=SURFACE_STYLE_RENDERING_WITH_PROPERTIES(.NORMAL_SHADING.,#529,(#533));
#535=SURFACE_SIDE_STYLE('',(#532, #534));
#536=SURFACE_STYLE_USAGE(.BOTH.,#535);
#537=PRESENTATION_STYLE_ASSIGNMENT((#536));
#538=STYLED_ITEM('',(#537),#528);

#539=(
BOUNDED_SURFACE()
B_SPLINE_SURFACE(1,1,((#540,#541),(#542,#543)),.UNSPECIFIED.,.F.,.F.,.F.)
B_SPLINE_SURFACE_WITH_KNOTS((2,2),(2,2),(0.000,1.000),(0.000,1.000),.UNSPECIFIED.)
GEOMETRIC_REPRESENTATION_ITEM()
RATIONAL_B_SPLINE_SURFACE(((1.0000000000,1.0000000000),(1.0000000000,1.0000000000)))
REPRESENTATION_ITEM('')
SURFACE()
);
#540=CARTESIAN_POINT('',(38.5000000000,-23.5000000000,50.0000000000));
#541=CARTESIAN_POINT('',(38.5000000000,-23.5000000000,0.0000000000));
#542=CARTESIAN_POINT('',(-38.5000000000,-23.5000000000,50.0000000000));
#543=CARTESIAN_POINT('',(-38.5000000000,-23.5000000000,0.0000000000));

#544=CARTESIAN_POINT('',(38.5000000000,-23.5000000000,5.0000000000));
#545=VERTEX_POINT('',#544);
#546=(
BOUNDED_CURVE()
B_SPLINE_CURVE(1,(#547,#548),.UNSPECIFIED.,.F.,.F.)
B_SPLINE_CURVE_WITH_KNOTS((2,2),(0.000,1.000),.UNSPECIFIED.)
CURVE()
GEOMETRIC_REPRESENTATION_ITEM()
RATIONAL_B_SPLINE_CURVE((1.0000000000,1.0000000000))
REPRESENTATION_ITEM('')
);
#547=CARTESIAN_POINT('',(38.5000000000,-23.5000000000,5.0000000000));
#548=CARTESIAN_POINT('',(38.5000000000,-23.5000000000,0.0000000000));

#549=CARTESIAN_POINT('',(38.5000000000,-23.5000000000,0.0000000000));
#550=VERTEX_POINT('',#549);
#551=EDGE_CURVE('',#545,#550,#546,.T.);
#552=ORIENTED_EDGE('',*,*,#551,.T.);
#553=(
BOUNDED_CURVE()
B_SPLINE_CURVE(1,(#554,#555),.UNSPECIFIED.,.F.,.F.)
B_SPLINE_CURVE_WITH_KNOTS((2,2),(0.000,1.000),.UNSPECIFIED.)
CURVE()
GEOMETRIC_REPRESENTATION_ITEM()
RATIONAL_B_SPLINE_CURVE((1.0000000000,1.0000000000))
REPRESENTATION_ITEM('')
);
#554=CARTESIAN_POINT('',(38.5000000000,-23.5000000000,0.0000000000));
#555=CARTESIAN_POINT('',(-38.5000000000,-23.5000000000,0.0000000000));

#556=CARTESIAN_POINT('',(-38.5000000000,-23.5000000000,0.0000000000));
#557=VERTEX_POINT('',#556);
#558=EDGE_CURVE('',#550,#557,#553,.T.);
#559=ORIENTED_EDGE('',*,*,#558,.T.);
#560=(
BOUNDED_CURVE()
B_SPLINE_CURVE(1,(#561,#562),.UNSPECIFIED.,.F.,.F.)
B_SPLINE_CURVE_WITH_KNOTS((2,2),(0.000,1.000),.UNSPECIFIED.)
CURVE()
GEOMETRIC_REPRESENTATION_ITEM()
RATIONAL_B_SPLINE_CURVE((1.0000000000,1.0000000000))
REPRESENTATION_ITEM('')
);
#561=CARTESIAN_POINT('',(-38.5000000000,-23.5000000000,0.0000000000));
#562=CARTESIAN_POINT('',(-38.5000000000,-23.5000000000,5.0000000000));

#563=CARTESIAN_POINT('',(-38.5000000000,-23.5000000000,5.0000000000));
#564=VERTEX_POINT('',#563);
#565=EDGE_CURVE('',#557,#564,#560,.T.);
#566=ORIENTED_EDGE('',*,*,#565,.T.);
#567=(
BOUNDED_CURVE()
B_SPLINE_CURVE(1,(#568,#569),.UNSPECIFIED.,.F.,.F.)
B_SPLINE_CURVE_WITH_KNOTS((2,2),(0.000,1.000),.UNSPECIFIED.)
CURVE()
GEOMETRIC_REPRESENTATION_ITEM()
RATIONAL_B_SPLINE_CURVE((1.0000000000,1.0000000000))
REPRESENTATION_ITEM('')
);
#568=CARTESIAN_POINT('',(-38.5000000000,-23.5000000000,5.0000000000));
#569=CARTESIAN_POINT('',(38.5000000000,-23.5000000000,5.0000000000));

#570=EDGE_CURVE('',#564,#545,#567,.T.);
#571=ORIENTED_EDGE('',*,*,#570,.T.);
#572=EDGE_LOOP('',(#552,#559,#566,#571));
#573=FACE_OUTER_BOUND('',#572,.T.);
#574=ADVANCED_FACE('',(#573),#539,.T.);
#575=COLOUR_RGB('',0.39,0.39,0.39);
#576=FILL_AREA_STYLE_COLOUR('',#575);
#577=FILL_AREA_STYLE('',(#576));
#578=SURFACE_STYLE_FILL_AREA(#577);
#579=SURFACE_STYLE_TRANSPARENT(0.00);
#580=SURFACE_STYLE_RENDERING_WITH_PROPERTIES(.NORMAL_SHADING.,#575,(#579));
#581=SURFACE_SIDE_STYLE('',(#578, #580));
#582=SURFACE_STYLE_USAGE(.BOTH.,#581);
#583=PRESENTATION_STYLE_ASSIGNMENT((#582));
#584=STYLED_ITEM('',(#583),#574);

#585=(
BOUNDED_SURFACE()
B_SPLINE_SURFACE(2,1,((#586,#587),(#588,#589),(#590,#591)),.UNSPECIFIED.,.F.,.F.,.F.)
B_SPLINE_SURFACE_WITH_KNOTS((3,3),(2,2),(0.000,1.000),(0.000,1.000),.UNSPECIFIED.)
GEOMETRIC_REPRESENTATION_ITEM()
RATIONAL_B_SPLINE_SURFACE(((1.0000000000,1.0000000000),(0.7071067812,0.7071067812),(1.0000000000,1.0000000000)))
REPRESENTATION_ITEM('')
SURFACE()
);
#586=CARTESIAN_POINT('',(-38.5000000000,-23.5000000000,50.0000000000));
#587=CARTESIAN_POINT('',(-38.5000000000,-23.5000000000,0.0000000000));
#588=CARTESIAN_POINT('',(-41.0000000000,-23.5000000000,50.0000000000));
#589=CARTESIAN_POINT('',(-41.0000000000,-23.5000000000,0.0000000000));
#590=CARTESIAN_POINT('',(-41.0000000000,-21.0000000000,50.0000000000));
#591=CARTESIAN_POINT('',(-41.0000000000,-21.0000000000,0.0000000000));

#592=CARTESIAN_POINT('',(-38.5000000000,-23.5000000000,5.0000000000));
#593=VERTEX_POINT('',#592);
#594=(
BOUNDED_CURVE()
B_SPLINE_CURVE(1,(#595,#596),.UNSPECIFIED.,.F.,.F.)
B_SPLINE_CURVE_WITH_KNOTS((2,2),(0.000,1.000),.UNSPECIFIED.)
CURVE()
GEOMETRIC_REPRESENTATION_ITEM()
RATIONAL_B_SPLINE_CURVE((1.0000000000,1.0000000000))
REPRESENTATION_ITEM('')
);
#595=CARTESIAN_POINT('',(-38.5000000000,-23.5000000000,5.0000000000));
#596=CARTESIAN_POINT('',(-38.5000000000,-23.5000000000,0.0000000000));

#597=CARTESIAN_POINT('',(-38.5000000000,-23.5000000000,0.0000000000));
#598=VERTEX_POINT('',#597);
#599=EDGE_CURVE('',#593,#598,#594,.T.);
#600=ORIENTED_EDGE('',*,*,#599,.T.);
#601=(
BOUNDED_CURVE()
B_SPLINE_CURVE(2,(#602,#603,#604),.UNSPECIFIED.,.F.,.F.)
B_SPLINE_CURVE_WITH_KNOTS((3,3),(0.000,1.000),.UNSPECIFIED.)
CURVE()
GEOMETRIC_REPRESENTATION_ITEM()
RATIONAL_B_SPLINE_CURVE((1.0000000000,0.7071067812,1.0000000000))
REPRESENTATION_ITEM('')
);
#602=CARTESIAN_POINT('',(-38.5000000000,-23.5000000000,0.0000000000));
#603=CARTESIAN_POINT('',(-40.9999999999,-23.5000000000,0.0000000000));
#604=CARTESIAN_POINT('',(-41.0000000000,-21.0000000001,0.0000000000));

#605=CARTESIAN_POINT('',(-41.0000000000,-21.0000000001,0.0000000000));
#606=VERTEX_POINT('',#605);
#607=EDGE_CURVE('',#598,#606,#601,.T.);
#608=ORIENTED_EDGE('',*,*,#607,.T.);
#609=(
BOUNDED_CURVE()
B_SPLINE_CURVE(1,(#610,#611),.UNSPECIFIED.,.F.,.F.)
B_SPLINE_CURVE_WITH_KNOTS((2,2),(0.000,1.000),.UNSPECIFIED.)
CURVE()
GEOMETRIC_REPRESENTATION_ITEM()
RATIONAL_B_SPLINE_CURVE((1.0000000000,1.0000000000))
REPRESENTATION_ITEM('')
);
#610=CARTESIAN_POINT('',(-41.0000000000,-21.0000000000,0.0000000000));
#611=CARTESIAN_POINT('',(-41.0000000000,-21.0000000000,11.8686935486));

#612=CARTESIAN_POINT('',(-41.0000000000,-21.0000000000,11.8686935486));
#613=VERTEX_POINT('',#612);
#614=EDGE_CURVE('',#606,#613,#609,.T.);
#615=ORIENTED_EDGE('',*,*,#614,.T.);
#616=(
BOUNDED_CURVE()
B_SPLINE_CURVE(2,(#617,#618,#619),.UNSPECIFIED.,.F.,.F.)
B_SPLINE_CURVE_WITH_KNOTS((3,3),(0.000,1.000),.UNSPECIFIED.)
CURVE()
GEOMETRIC_REPRESENTATION_ITEM()
RATIONAL_B_SPLINE_CURVE((0.9999999998,0.7071067813,1.0000000000))
REPRESENTATION_ITEM('')
);
#617=CARTESIAN_POINT('',(-41.0000000000,-21.0000000012,11.8686935454));
#618=CARTESIAN_POINT('',(-40.9999999988,-23.5000000000,5.0000000000));
#619=CARTESIAN_POINT('',(-38.5000000000,-23.5000000000,5.0000000000));

#620=EDGE_CURVE('',#613,#593,#616,.T.);
#621=ORIENTED_EDGE('',*,*,#620,.T.);
#622=EDGE_LOOP('',(#600,#608,#615,#621));
#623=FACE_OUTER_BOUND('',#622,.T.);
#624=ADVANCED_FACE('',(#623),#585,.T.);
#625=COLOUR_RGB('',0.39,0.39,0.39);
#626=FILL_AREA_STYLE_COLOUR('',#625);
#627=FILL_AREA_STYLE('',(#626));
#628=SURFACE_STYLE_FILL_AREA(#627);
#629=SURFACE_STYLE_TRANSPARENT(0.00);
#630=SURFACE_STYLE_RENDERING_WITH_PROPERTIES(.NORMAL_SHADING.,#625,(#629));
#631=SURFACE_SIDE_STYLE('',(#628, #630));
#632=SURFACE_STYLE_USAGE(.BOTH.,#631);
#633=PRESENTATION_STYLE_ASSIGNMENT((#632));
#634=STYLED_ITEM('',(#633),#624);

#635=(
BOUNDED_SURFACE()
B_SPLINE_SURFACE(1,1,((#636,#637),(#638,#639)),.UNSPECIFIED.,.F.,.F.,.F.)
B_SPLINE_SURFACE_WITH_KNOTS((2,2),(2,2),(0.000,1.000),(0.000,1.000),.UNSPECIFIED.)
GEOMETRIC_REPRESENTATION_ITEM()
RATIONAL_B_SPLINE_SURFACE(((1.0000000000,1.0000000000),(1.0000000000,1.0000000000)))
REPRESENTATION_ITEM('')
SURFACE()
);
#636=CARTESIAN_POINT('',(-41.0000000000,-21.0000000000,50.0000000000));
#637=CARTESIAN_POINT('',(-41.0000000000,-21.0000000000,0.0000000000));
#638=CARTESIAN_POINT('',(-41.0000000000,21.0000000000,50.0000000000));
#639=CARTESIAN_POINT('',(-41.0000000000,21.0000000000,0.0000000000));

#640=CARTESIAN_POINT('',(-41.0000000000,-21.0000000000,11.8686935486));
#641=VERTEX_POINT('',#640);
#642=(
BOUNDED_CURVE()
B_SPLINE_CURVE(1,(#643,#644),.UNSPECIFIED.,.F.,.F.)
B_SPLINE_CURVE_WITH_KNOTS((2,2),(0.000,1.000),.UNSPECIFIED.)
CURVE()
GEOMETRIC_REPRESENTATION_ITEM()
RATIONAL_B_SPLINE_CURVE((1.0000000000,1.0000000000))
REPRESENTATION_ITEM('')
);
#643=CARTESIAN_POINT('',(-41.0000000000,-21.0000000000,11.8686935486));
#644=CARTESIAN_POINT('',(-41.0000000000,-21.0000000000,0.0000000000));

#645=CARTESIAN_POINT('',(-41.0000000000,-21.0000000000,0.0000000000));
#646=VERTEX_POINT('',#645);
#647=EDGE_CURVE('',#641,#646,#642,.T.);
#648=ORIENTED_EDGE('',*,*,#647,.T.);
#649=(
BOUNDED_CURVE()
B_SPLINE_CURVE(1,(#650,#651),.UNSPECIFIED.,.F.,.F.)
B_SPLINE_CURVE_WITH_KNOTS((2,2),(0.000,1.000),.UNSPECIFIED.)
CURVE()
GEOMETRIC_REPRESENTATION_ITEM()
RATIONAL_B_SPLINE_CURVE((1.0000000000,1.0000000000))
REPRESENTATION_ITEM('')
);
#650=CARTESIAN_POINT('',(-41.0000000000,-21.0000000000,0.0000000000));
#651=CARTESIAN_POINT('',(-41.0000000000,21.0000000000,0.0000000000));

#652=CARTESIAN_POINT('',(-41.0000000000,21.0000000000,0.0000000000));
#653=VERTEX_POINT('',#652);
#654=EDGE_CURVE('',#646,#653,#649,.T.);
#655=ORIENTED_EDGE('',*,*,#654,.T.);
#656=(
BOUNDED_CURVE()
B_SPLINE_CURVE(1,(#657,#658),.UNSPECIFIED.,.F.,.F.)
B_SPLINE_CURVE_WITH_KNOTS((2,2),(0.000,1.000),.UNSPECIFIED.)
CURVE()
GEOMETRIC_REPRESENTATION_ITEM()
RATIONAL_B_SPLINE_CURVE((1.0000000000,1.0000000000))
REPRESENTATION_ITEM('')
);
#657=CARTESIAN_POINT('',(-41.0000000000,21.0000000000,0.0000000000));
#658=CARTESIAN_POINT('',(-41.0000000000,21.0000000000,25.0425031810));

#659=CARTESIAN_POINT('',(-41.0000000000,21.0000000000,25.0425031810));
#660=VERTEX_POINT('',#659);
#661=EDGE_CURVE('',#653,#660,#656,.T.);
#662=ORIENTED_EDGE('',*,*,#661,.T.);
#663=(
BOUNDED_CURVE()
B_SPLINE_CURVE(1,(#664,#665),.UNSPECIFIED.,.F.,.F.)
B_SPLINE_CURVE_WITH_KNOTS((2,2),(0.000,1.000),.UNSPECIFIED.)
CURVE()
GEOMETRIC_REPRESENTATION_ITEM()
RATIONAL_B_SPLINE_CURVE((1.0000000000,1.0000000000))
REPRESENTATION_ITEM('')
);
#664=CARTESIAN_POINT('',(-41.0000000000,21.0000000000,25.0425031810));
#665=CARTESIAN_POINT('',(-41.0000000000,-11.8529525035,37.0000000000));

#666=CARTESIAN_POINT('',(-41.0000000000,-11.8529525035,37.0000000000));
#667=VERTEX_POINT('',#666);
#668=EDGE_CURVE('',#660,#667,#663,.T.);
#669=ORIENTED_EDGE('',*,*,#668,.T.);
#670=(
BOUNDED_CURVE()
B_SPLINE_CURVE(1,(#671,#672),.UNSPECIFIED.,.F.,.F.)
B_SPLINE_CURVE_WITH_KNOTS((2,2),(0.000,1.000),.UNSPECIFIED.)
CURVE()
GEOMETRIC_REPRESENTATION_ITEM()
RATIONAL_B_SPLINE_CURVE((1.0000000000,1.0000000000))
REPRESENTATION_ITEM('')
);
#671=CARTESIAN_POINT('',(-41.0000000000,-11.8529525035,37.0000000000));
#672=CARTESIAN_POINT('',(-41.0000000000,-21.0000000000,11.8686935486));

#673=EDGE_CURVE('',#667,#641,#670,.T.);
#674=ORIENTED_EDGE('',*,*,#673,.T.);
#675=EDGE_LOOP('',(#648,#655,#662,#669,#674));
#676=FACE_OUTER_BOUND('',#675,.T.);
#677=ADVANCED_FACE('',(#676),#635,.T.);
#678=COLOUR_RGB('',0.39,0.39,0.39);
#679=FILL_AREA_STYLE_COLOUR('',#678);
#680=FILL_AREA_STYLE('',(#679));
#681=SURFACE_STYLE_FILL_AREA(#680);
#682=SURFACE_STYLE_TRANSPARENT(0.00);
#683=SURFACE_STYLE_RENDERING_WITH_PROPERTIES(.NORMAL_SHADING.,#678,(#682));
#684=SURFACE_SIDE_STYLE('',(#681, #683));
#685=SURFACE_STYLE_USAGE(.BOTH.,#684);
#686=PRESENTATION_STYLE_ASSIGNMENT((#685));
#687=STYLED_ITEM('',(#686),#677);

#688=(
BOUNDED_SURFACE()
B_SPLINE_SURFACE(2,1,((#689,#690),(#691,#692),(#693,#694)),.UNSPECIFIED.,.F.,.F.,.F.)
B_SPLINE_SURFACE_WITH_KNOTS((3,3),(2,2),(0.000,1.000),(0.000,1.000),.UNSPECIFIED.)
GEOMETRIC_REPRESENTATION_ITEM()
RATIONAL_B_SPLINE_SURFACE(((1.0000000000,1.0000000000),(0.7071067812,0.7071067812),(1.0000000000,1.0000000000)))
REPRESENTATION_ITEM('')
SURFACE()
);
#689=CARTESIAN_POINT('',(-41.0000000000,21.0000000000,50.0000000000));
#690=CARTESIAN_POINT('',(-41.0000000000,21.0000000000,0.0000000000));
#691=CARTESIAN_POINT('',(-41.0000000000,23.5000000000,50.0000000000));
#692=CARTESIAN_POINT('',(-41.0000000000,23.5000000000,0.0000000000));
#693=CARTESIAN_POINT('',(-38.5000000000,23.5000000000,50.0000000000));
#694=CARTESIAN_POINT('',(-38.5000000000,23.5000000000,0.0000000000));

#695=CARTESIAN_POINT('',(-41.0000000000,21.0000000000,25.0425031810));
#696=VERTEX_POINT('',#695);
#697=(
BOUNDED_CURVE()
B_SPLINE_CURVE(1,(#698,#699),.UNSPECIFIED.,.F.,.F.)
B_SPLINE_CURVE_WITH_KNOTS((2,2),(0.000,1.000),.UNSPECIFIED.)
CURVE()
GEOMETRIC_REPRESENTATION_ITEM()
RATIONAL_B_SPLINE_CURVE((1.0000000000,1.0000000000))
REPRESENTATION_ITEM('')
);
#698=CARTESIAN_POINT('',(-41.0000000000,21.0000000000,25.0425031810));
#699=CARTESIAN_POINT('',(-41.0000000000,21.0000000000,0.0000000000));

#700=CARTESIAN_POINT('',(-41.0000000000,21.0000000000,0.0000000000));
#701=VERTEX_POINT('',#700);
#702=EDGE_CURVE('',#696,#701,#697,.T.);
#703=ORIENTED_EDGE('',*,*,#702,.T.);
#704=(
BOUNDED_CURVE()
B_SPLINE_CURVE(2,(#705,#706,#707),.UNSPECIFIED.,.F.,.F.)
B_SPLINE_CURVE_WITH_KNOTS((3,3),(0.000,1.000),.UNSPECIFIED.)
CURVE()
GEOMETRIC_REPRESENTATION_ITEM()
RATIONAL_B_SPLINE_CURVE((1.0000000000,0.7071067812,1.0000000000))
REPRESENTATION_ITEM('')
);
#705=CARTESIAN_POINT('',(-41.0000000000,21.0000000000,0.0000000000));
#706=CARTESIAN_POINT('',(-41.0000000000,23.4999999999,0.0000000000));
#707=CARTESIAN_POINT('',(-38.5000000001,23.5000000000,0.0000000000));

#708=CARTESIAN_POINT('',(-38.5000000001,23.5000000000,0.0000000000));
#709=VERTEX_POINT('',#708);
#710=EDGE_CURVE('',#701,#709,#704,.T.);
#711=ORIENTED_EDGE('',*,*,#710,.T.);
#712=(
BOUNDED_CURVE()
B_SPLINE_CURVE(1,(#713,#714),.UNSPECIFIED.,.F.,.F.)
B_SPLINE_CURVE_WITH_KNOTS((2,2),(0.000,1.000),.UNSPECIFIED.)
CURVE()
GEOMETRIC_REPRESENTATION_ITEM()
RATIONAL_B_SPLINE_CURVE((1.0000000000,1.0000000000))
REPRESENTATION_ITEM('')
);
#713=CARTESIAN_POINT('',(-38.5000000000,23.5000000000,0.0000000000));
#714=CARTESIAN_POINT('',(-38.5000000000,23.5000000000,24.1325775953));

#715=CARTESIAN_POINT('',(-38.5000000000,23.5000000000,24.1325775953));
#716=VERTEX_POINT('',#715);
#717=EDGE_CURVE('',#709,#716,#712,.T.);
#718=ORIENTED_EDGE('',*,*,#717,.T.);
#719=(
BOUNDED_CURVE()
B_SPLINE_CURVE(2,(#720,#721,#722),.UNSPECIFIED.,.F.,.F.)
B_SPLINE_CURVE_WITH_KNOTS((3,3),(0.000,1.000),.UNSPECIFIED.)
CURVE()
GEOMETRIC_REPRESENTATION_ITEM()
RATIONAL_B_SPLINE_CURVE((0.9999999983,0.7071067820,1.0000000000))
REPRESENTATION_ITEM('')
);
#720=CARTESIAN_POINT('',(-38.5000000101,23.5000000000,24.1325775953));
#721=CARTESIAN_POINT('',(-41.0000000000,23.4999999899,24.1325775990));
#722=CARTESIAN_POINT('',(-41.0000000000,21.0000000000,25.0425031810));

#723=EDGE_CURVE('',#716,#696,#719,.T.);
#724=ORIENTED_EDGE('',*,*,#723,.T.);
#725=EDGE_LOOP('',(#703,#711,#718,#724));
#726=FACE_OUTER_BOUND('',#725,.T.);
#727=ADVANCED_FACE('',(#726),#688,.T.);
#728=COLOUR_RGB('',0.39,0.39,0.39);
#729=FILL_AREA_STYLE_COLOUR('',#728);
#730=FILL_AREA_STYLE('',(#729));
#731=SURFACE_STYLE_FILL_AREA(#730);
#732=SURFACE_STYLE_TRANSPARENT(0.00);
#733=SURFACE_STYLE_RENDERING_WITH_PROPERTIES(.NORMAL_SHADING.,#728,(#732));
#734=SURFACE_SIDE_STYLE('',(#731, #733));
#735=SURFACE_STYLE_USAGE(.BOTH.,#734);
#736=PRESENTATION_STYLE_ASSIGNMENT((#735));
#737=STYLED_ITEM('',(#736),#727);

#738=(
BOUNDED_SURFACE()
B_SPLINE_SURFACE(1,1,((#739,#740),(#741,#742)),.UNSPECIFIED.,.F.,.F.,.F.)
B_SPLINE_SURFACE_WITH_KNOTS((2,2),(2,2),(0.000,1.000),(0.000,1.000),.UNSPECIFIED.)
GEOMETRIC_REPRESENTATION_ITEM()
RATIONAL_B_SPLINE_SURFACE(((1.0000000000,1.0000000000),(1.0000000000,1.0000000000)))
REPRESENTATION_ITEM('')
SURFACE()
);
#739=CARTESIAN_POINT('',(38.0000000000,-20.5000000000,10.0000000000));
#740=CARTESIAN_POINT('',(-38.0000000000,-20.5000000000,10.0000000000));
#741=CARTESIAN_POINT('',(38.0000000000,20.5000000000,10.0000000000));
#742=CARTESIAN_POINT('',(-38.0000000000,20.5000000000,10.0000000000));

#743=CARTESIAN_POINT('',(-38.0000000000,-20.5000000000,10.0000000000));
#744=VERTEX_POINT('',#743);
#745=(
BOUNDED_CURVE()
B_SPLINE_CURVE(1,(#746,#747),.UNSPECIFIED.,.F.,.F.)
B_SPLINE_CURVE_WITH_KNOTS((2,2),(0.000,1.000),.UNSPECIFIED.)
CURVE()
GEOMETRIC_REPRESENTATION_ITEM()
RATIONAL_B_SPLINE_CURVE((1.0000000000,1.0000000000))
REPRESENTATION_ITEM('')
);
#746=CARTESIAN_POINT('',(-38.0000000000,-20.5000000000,10.0000000000));
#747=CARTESIAN_POINT('',(-38.0000000000,20.5000000000,10.0000000000));

#748=CARTESIAN_POINT('',(-38.0000000000,20.5000000000,10.0000000000));
#749=VERTEX_POINT('',#748);
#750=EDGE_CURVE('',#744,#749,#745,.T.);
#751=ORIENTED_EDGE('',*,*,#750,.T.);
#752=(
BOUNDED_CURVE()
B_SPLINE_CURVE(1,(#753,#754),.UNSPECIFIED.,.F.,.F.)
B_SPLINE_CURVE_WITH_KNOTS((2,2),(0.000,1.000),.UNSPECIFIED.)
CURVE()
GEOMETRIC_REPRESENTATION_ITEM()
RATIONAL_B_SPLINE_CURVE((1.0000000000,1.0000000000))
REPRESENTATION_ITEM('')
);
#753=CARTESIAN_POINT('',(-38.0000000000,20.5000000000,10.0000000000));
#754=CARTESIAN_POINT('',(38.0000000000,20.5000000000,10.0000000000));

#755=CARTESIAN_POINT('',(38.0000000000,20.5000000000,10.0000000000));
#756=VERTEX_POINT('',#755);
#757=EDGE_CURVE('',#749,#756,#752,.T.);
#758=ORIENTED_EDGE('',*,*,#757,.T.);
#759=(
BOUNDED_CURVE()
B_SPLINE_CURVE(1,(#760,#761),.UNSPECIFIED.,.F.,.F.)
B_SPLINE_CURVE_WITH_KNOTS((2,2),(0.000,1.000),.UNSPECIFIED.)
CURVE()
GEOMETRIC_REPRESENTATION_ITEM()
RATIONAL_B_SPLINE_CURVE((1.0000000000,1.0000000000))
REPRESENTATION_ITEM('')
);
#760=CARTESIAN_POINT('',(38.0000000000,20.5000000000,10.0000000000));
#761=CARTESIAN_POINT('',(38.0000000000,6.0000000000,10.0000000000));

#762=CARTESIAN_POINT('',(38.0000000000,6.0000000000,10.0000000000));
#763=VERTEX_POINT('',#762);
#764=EDGE_CURVE('',#756,#763,#759,.T.);
#765=ORIENTED_EDGE('',*,*,#764,.T.);
#766=(
BOUNDED_CURVE()
B_SPLINE_CURVE(1,(#767,#768),.UNSPECIFIED.,.F.,.F.)
B_SPLINE_CURVE_WITH_KNOTS((2,2),(0.000,1.000),.UNSPECIFIED.)
CURVE()
GEOMETRIC_REPRESENTATION_ITEM()
RATIONAL_B_SPLINE_CURVE((1.0000000000,1.0000000000))
REPRESENTATION_ITEM('')
);
#767=CARTESIAN_POINT('',(38.0000000000,6.0000000000,10.0000000000));
#768=CARTESIAN_POINT('',(31.5000000000,6.0000000000,10.0000000000));

#769=CARTESIAN_POINT('',(31.5000000000,6.0000000000,10.0000000000));
#770=VERTEX_POINT('',#769);
#771=EDGE_CURVE('',#763,#770,#766,.T.);
#772=ORIENTED_EDGE('',*,*,#771,.T.);
#773=(
BOUNDED_CURVE()
B_SPLINE_CURVE(1,(#774,#775),.UNSPECIFIED.,.F.,.F.)
B_SPLINE_CURVE_WITH_KNOTS((2,2),(0.000,1.000),.UNSPECIFIED.)
CURVE()
GEOMETRIC_REPRESENTATION_ITEM()
RATIONAL_B_SPLINE_CURVE((1.0000000000,1.0000000000))
REPRESENTATION_ITEM('')
);
#774=CARTESIAN_POINT('',(31.5000000000,6.0000000000,10.0000000000));
#775=CARTESIAN_POINT('',(31.5000000000,13.5000000000,10.0000000000));

#776=CARTESIAN_POINT('',(31.5000000000,13.5000000000,10.0000000000));
#777=VERTEX_POINT('',#776);
#778=EDGE_CURVE('',#770,#777,#773,.T.);
#779=ORIENTED_EDGE('',*,*,#778,.T.);
#780=(
BOUNDED_CURVE()
B_SPLINE_CURVE(1,(#781,#782),.UNSPECIFIED.,.F.,.F.)
B_SPLINE_CURVE_WITH_KNOTS((2,2),(0.000,1.000),.UNSPECIFIED.)
CURVE()
GEOMETRIC_REPRESENTATION_ITEM()
RATIONAL_B_SPLINE_CURVE((1.0000000000,1.0000000000))
REPRESENTATION_ITEM('')
);
#781=CARTESIAN_POINT('',(31.5000000000,13.5000000000,10.0000000000));
#782=CARTESIAN_POINT('',(22.5000000000,13.5000000000,10.0000000000));

#783=CARTESIAN_POINT('',(22.5000000000,13.5000000000,10.0000000000));
#784=VERTEX_POINT('',#783);
#785=EDGE_CURVE('',#777,#784,#780,.T.);
#786=ORIENTED_EDGE('',*,*,#785,.T.);
#787=(
BOUNDED_CURVE()
B_SPLINE_CURVE(1,(#788,#789),.UNSPECIFIED.,.F.,.F.)
B_SPLINE_CURVE_WITH_KNOTS((2,2),(0.000,1.000),.UNSPECIFIED.)
CURVE()
GEOMETRIC_REPRESENTATION_ITEM()
RATIONAL_B_SPLINE_CURVE((1.0000000000,1.0000000000))
REPRESENTATION_ITEM('')
);
#788=CARTESIAN_POINT('',(22.5000000000,13.5000000000,10.0000000000));
#789=CARTESIAN_POINT('',(22.5000000000,17.5000000000,10.0000000000));

#790=CARTESIAN_POINT('',(22.5000000000,17.5000000000,10.0000000000));
#791=VERTEX_POINT('',#790);
#792=EDGE_CURVE('',#784,#791,#787,.T.);
#793=ORIENTED_EDGE('',*,*,#792,.T.);
#794=(
BOUNDED_CURVE()
B_SPLINE_CURVE(1,(#795,#796),.UNSPECIFIED.,.F.,.F.)
B_SPLINE_CURVE_WITH_KNOTS((2,2),(0.000,1.000),.UNSPECIFIED.)
CURVE()
GEOMETRIC_REPRESENTATION_ITEM()
RATIONAL_B_SPLINE_CURVE((1.0000000000,1.0000000000))
REPRESENTATION_ITEM('')
);
#795=CARTESIAN_POINT('',(22.5000000000,17.5000000000,10.0000000000));
#796=CARTESIAN_POINT('',(-22.5000000000,17.5000000000,10.0000000000));

#797=CARTESIAN_POINT('',(-22.5000000000,17.5000000000,10.0000000000));
#798=VERTEX_POINT('',#797);
#799=EDGE_CURVE('',#791,#798,#794,.T.);
#800=ORIENTED_EDGE('',*,*,#799,.T.);
#801=(
BOUNDED_CURVE()
B_SPLINE_CURVE(1,(#802,#803),.UNSPECIFIED.,.F.,.F.)
B_SPLINE_CURVE_WITH_KNOTS((2,2),(0.000,1.000),.UNSPECIFIED.)
CURVE()
GEOMETRIC_REPRESENTATION_ITEM()
RATIONAL_B_SPLINE_CURVE((1.0000000000,1.0000000000))
REPRESENTATION_ITEM('')
);
#802=CARTESIAN_POINT('',(-22.5000000000,17.5000000000,10.0000000000));
#803=CARTESIAN_POINT('',(-22.5000000000,13.5000000000,10.0000000000));

#804=CARTESIAN_POINT('',(-22.5000000000,13.5000000000,10.0000000000));
#805=VERTEX_POINT('',#804);
#806=EDGE_CURVE('',#798,#805,#801,.T.);
#807=ORIENTED_EDGE('',*,*,#806,.T.);
#808=(
BOUNDED_CURVE()
B_SPLINE_CURVE(1,(#809,#810),.UNSPECIFIED.,.F.,.F.)
B_SPLINE_CURVE_WITH_KNOTS((2,2),(0.000,1.000),.UNSPECIFIED.)
CURVE()
GEOMETRIC_REPRESENTATION_ITEM()
RATIONAL_B_SPLINE_CURVE((1.0000000000,1.0000000000))
REPRESENTATION_ITEM('')
);
#809=CARTESIAN_POINT('',(-22.5000000000,13.5000000000,10.0000000000));
#810=CARTESIAN_POINT('',(-31.5000000000,13.5000000000,10.0000000000));

#811=CARTESIAN_POINT('',(-31.5000000000,13.5000000000,10.0000000000));
#812=VERTEX_POINT('',#811);
#813=EDGE_CURVE('',#805,#812,#808,.T.);
#814=ORIENTED_EDGE('',*,*,#813,.T.);
#815=(
BOUNDED_CURVE()
B_SPLINE_CURVE(1,(#816,#817),.UNSPECIFIED.,.F.,.F.)
B_SPLINE_CURVE_WITH_KNOTS((2,2),(0.000,1.000),.UNSPECIFIED.)
CURVE()
GEOMETRIC_REPRESENTATION_ITEM()
RATIONAL_B_SPLINE_CURVE((1.0000000000,1.0000000000))
REPRESENTATION_ITEM('')
);
#816=CARTESIAN_POINT('',(-31.5000000000,13.5000000000,10.0000000000));
#817=CARTESIAN_POINT('',(-31.5000000000,12.0000000000,10.0000000000));

#818=CARTESIAN_POINT('',(-31.5000000000,12.0000000000,10.0000000000));
#819=VERTEX_POINT('',#818);
#820=EDGE_CURVE('',#812,#819,#815,.T.);
#821=ORIENTED_EDGE('',*,*,#820,.T.);
#822=(
BOUNDED_CURVE()
B_SPLINE_CURVE(1,(#823,#824),.UNSPECIFIED.,.F.,.F.)
B_SPLINE_CURVE_WITH_KNOTS((2,2),(0.000,1.000),.UNSPECIFIED.)
CURVE()
GEOMETRIC_REPRESENTATION_ITEM()
RATIONAL_B_SPLINE_CURVE((1.0000000000,1.0000000000))
REPRESENTATION_ITEM('')
);
#823=CARTESIAN_POINT('',(-31.5000000000,12.0000000000,10.0000000000));
#824=CARTESIAN_POINT('',(-34.0000000000,12.0000000000,10.0000000000));

#825=CARTESIAN_POINT('',(-34.0000000000,12.0000000000,10.0000000000));
#826=VERTEX_POINT('',#825);
#827=EDGE_CURVE('',#819,#826,#822,.T.);
#828=ORIENTED_EDGE('',*,*,#827,.T.);
#829=(
BOUNDED_CURVE()
B_SPLINE_CURVE(1,(#830,#831),.UNSPECIFIED.,.F.,.F.)
B_SPLINE_CURVE_WITH_KNOTS((2,2),(0.000,1.000),.UNSPECIFIED.)
CURVE()
GEOMETRIC_REPRESENTATION_ITEM()
RATIONAL_B_SPLINE_CURVE((1.0000000000,1.0000000000))
REPRESENTATION_ITEM('')
);
#830=CARTESIAN_POINT('',(-34.0000000000,12.0000000000,10.0000000000));
#831=CARTESIAN_POINT('',(-34.0000000000,-12.0000000000,10.0000000000));

#832=CARTESIAN_POINT('',(-34.0000000000,-12.0000000000,10.0000000000));
#833=VERTEX_POINT('',#832);
#834=EDGE_CURVE('',#826,#833,#829,.T.);
#835=ORIENTED_EDGE('',*,*,#834,.T.);
#836=(
BOUNDED_CURVE()
B_SPLINE_CURVE(1,(#837,#838),.UNSPECIFIED.,.F.,.F.)
B_SPLINE_CURVE_WITH_KNOTS((2,2),(0.000,1.000),.UNSPECIFIED.)
CURVE()
GEOMETRIC_REPRESENTATION_ITEM()
RATIONAL_B_SPLINE_CURVE((1.0000000000,1.0000000000))
REPRESENTATION_ITEM('')
);
#837=CARTESIAN_POINT('',(-34.0000000000,-12.0000000000,10.0000000000));
#838=CARTESIAN_POINT('',(-31.5000000000,-12.0000000000,10.0000000000));

#839=CARTESIAN_POINT('',(-31.5000000000,-12.0000000000,10.0000000000));
#840=VERTEX_POINT('',#839);
#841=EDGE_CURVE('',#833,#840,#836,.T.);
#842=ORIENTED_EDGE('',*,*,#841,.T.);
#843=(
BOUNDED_CURVE()
B_SPLINE_CURVE(1,(#844,#845),.UNSPECIFIED.,.F.,.F.)
B_SPLINE_CURVE_WITH_KNOTS((2,2),(0.000,1.000),.UNSPECIFIED.)
CURVE()
GEOMETRIC_REPRESENTATION_ITEM()
RATIONAL_B_SPLINE_CURVE((1.0000000000,1.0000000000))
REPRESENTATION_ITEM('')
);
#844=CARTESIAN_POINT('',(-31.5000000000,-12.0000000000,10.0000000000));
#845=CARTESIAN_POINT('',(-31.5000000000,-13.5000000000,10.0000000000));

#846=CARTESIAN_POINT('',(-31.5000000000,-13.5000000000,10.0000000000));
#847=VERTEX_POINT('',#846);
#848=EDGE_CURVE('',#840,#847,#843,.T.);
#849=ORIENTED_EDGE('',*,*,#848,.T.);
#850=(
BOUNDED_CURVE()
B_SPLINE_CURVE(1,(#851,#852),.UNSPECIFIED.,.F.,.F.)
B_SPLINE_CURVE_WITH_KNOTS((2,2),(0.000,1.000),.UNSPECIFIED.)
CURVE()
GEOMETRIC_REPRESENTATION_ITEM()
RATIONAL_B_SPLINE_CURVE((1.0000000000,1.0000000000))
REPRESENTATION_ITEM('')
);
#851=CARTESIAN_POINT('',(-31.5000000000,-13.5000000000,10.0000000000));
#852=CARTESIAN_POINT('',(-22.5000000000,-13.5000000000,10.0000000000));

#853=CARTESIAN_POINT('',(-22.5000000000,-13.5000000000,10.0000000000));
#854=VERTEX_POINT('',#853);
#855=EDGE_CURVE('',#847,#854,#850,.T.);
#856=ORIENTED_EDGE('',*,*,#855,.T.);
#857=(
BOUNDED_CURVE()
B_SPLINE_CURVE(1,(#858,#859),.UNSPECIFIED.,.F.,.F.)
B_SPLINE_CURVE_WITH_KNOTS((2,2),(0.000,1.000),.UNSPECIFIED.)
CURVE()
GEOMETRIC_REPRESENTATION_ITEM()
RATIONAL_B_SPLINE_CURVE((1.0000000000,1.0000000000))
REPRESENTATION_ITEM('')
);
#858=CARTESIAN_POINT('',(-22.5000000000,-13.5000000000,10.0000000000));
#859=CARTESIAN_POINT('',(-22.5000000000,-17.5000000000,10.0000000000));

#860=CARTESIAN_POINT('',(-22.5000000000,-17.5000000000,10.0000000000));
#861=VERTEX_POINT('',#860);
#862=EDGE_CURVE('',#854,#861,#857,.T.);
#863=ORIENTED_EDGE('',*,*,#862,.T.);
#864=(
BOUNDED_CURVE()
B_SPLINE_CURVE(1,(#865,#866),.UNSPECIFIED.,.F.,.F.)
B_SPLINE_CURVE_WITH_KNOTS((2,2),(0.000,1.000),.UNSPECIFIED.)
CURVE()
GEOMETRIC_REPRESENTATION_ITEM()
RATIONAL_B_SPLINE_CURVE((1.0000000000,1.0000000000))
REPRESENTATION_ITEM('')
);
#865=CARTESIAN_POINT('',(-22.5000000000,-17.5000000000,10.0000000000));
#866=CARTESIAN_POINT('',(22.5000000000,-17.5000000000,10.0000000000));

#867=CARTESIAN_POINT('',(22.5000000000,-17.5000000000,10.0000000000));
#868=VERTEX_POINT('',#867);
#869=EDGE_CURVE('',#861,#868,#864,.T.);
#870=ORIENTED_EDGE('',*,*,#869,.T.);
#871=(
BOUNDED_CURVE()
B_SPLINE_CURVE(1,(#872,#873),.UNSPECIFIED.,.F.,.F.)
B_SPLINE_CURVE_WITH_KNOTS((2,2),(0.000,1.000),.UNSPECIFIED.)
CURVE()
GEOMETRIC_REPRESENTATION_ITEM()
RATIONAL_B_SPLINE_CURVE((1.0000000000,1.0000000000))
REPRESENTATION_ITEM('')
);
#872=CARTESIAN_POINT('',(22.5000000000,-17.5000000000,10.0000000000));
#873=CARTESIAN_POINT('',(22.5000000000,-13.5000000000,10.0000000000));

#874=CARTESIAN_POINT('',(22.5000000000,-13.5000000000,10.0000000000));
#875=VERTEX_POINT('',#874);
#876=EDGE_CURVE('',#868,#875,#871,.T.);
#877=ORIENTED_EDGE('',*,*,#876,.T.);
#878=(
BOUNDED_CURVE()
B_SPLINE_CURVE(1,(#879,#880),.UNSPECIFIED.,.F.,.F.)
B_SPLINE_CURVE_WITH_KNOTS((2,2),(0.000,1.000),.UNSPECIFIED.)
CURVE()
GEOMETRIC_REPRESENTATION_ITEM()
RATIONAL_B_SPLINE_CURVE((1.0000000000,1.0000000000))
REPRESENTATION_ITEM('')
);
#879=CARTESIAN_POINT('',(22.5000000000,-13.5000000000,10.0000000000));
#880=CARTESIAN_POINT('',(31.5000000000,-13.5000000000,10.0000000000));

#881=CARTESIAN_POINT('',(31.5000000000,-13.5000000000,10.0000000000));
#882=VERTEX_POINT('',#881);
#883=EDGE_CURVE('',#875,#882,#878,.T.);
#884=ORIENTED_EDGE('',*,*,#883,.T.);
#885=(
BOUNDED_CURVE()
B_SPLINE_CURVE(1,(#886,#887),.UNSPECIFIED.,.F.,.F.)
B_SPLINE_CURVE_WITH_KNOTS((2,2),(0.000,1.000),.UNSPECIFIED.)
CURVE()
GEOMETRIC_REPRESENTATION_ITEM()
RATIONAL_B_SPLINE_CURVE((1.0000000000,1.0000000000))
REPRESENTATION_ITEM('')
);
#886=CARTESIAN_POINT('',(31.5000000000,-13.5000000000,10.0000000000));
#887=CARTESIAN_POINT('',(31.5000000000,-6.0000000000,10.0000000000));

#888=CARTESIAN_POINT('',(31.5000000000,-6.0000000000,10.0000000000));
#889=VERTEX_POINT('',#888);
#890=EDGE_CURVE('',#882,#889,#885,.T.);
#891=ORIENTED_EDGE('',*,*,#890,.T.);
#892=(
BOUNDED_CURVE()
B_SPLINE_CURVE(1,(#893,#894),.UNSPECIFIED.,.F.,.F.)
B_SPLINE_CURVE_WITH_KNOTS((2,2),(0.000,1.000),.UNSPECIFIED.)
CURVE()
GEOMETRIC_REPRESENTATION_ITEM()
RATIONAL_B_SPLINE_CURVE((1.0000000000,1.0000000000))
REPRESENTATION_ITEM('')
);
#893=CARTESIAN_POINT('',(31.5000000000,-6.0000000000,10.0000000000));
#894=CARTESIAN_POINT('',(38.0000000000,-6.0000000000,10.0000000000));

#895=CARTESIAN_POINT('',(38.0000000000,-6.0000000000,10.0000000000));
#896=VERTEX_POINT('',#895);
#897=EDGE_CURVE('',#889,#896,#892,.T.);
#898=ORIENTED_EDGE('',*,*,#897,.T.);
#899=(
BOUNDED_CURVE()
B_SPLINE_CURVE(1,(#900,#901),.UNSPECIFIED.,.F.,.F.)
B_SPLINE_CURVE_WITH_KNOTS((2,2),(0.000,1.000),.UNSPECIFIED.)
CURVE()
GEOMETRIC_REPRESENTATION_ITEM()
RATIONAL_B_SPLINE_CURVE((1.0000000000,1.0000000000))
REPRESENTATION_ITEM('')
);
#900=CARTESIAN_POINT('',(38.0000000000,-6.0000000000,10.0000000000));
#901=CARTESIAN_POINT('',(38.0000000000,-20.5000000000,10.0000000000));

#902=CARTESIAN_POINT('',(38.0000000000,-20.5000000000,10.0000000000));
#903=VERTEX_POINT('',#902);
#904=EDGE_CURVE('',#896,#903,#899,.T.);
#905=ORIENTED_EDGE('',*,*,#904,.T.);
#906=(
BOUNDED_CURVE()
B_SPLINE_CURVE(1,(#907,#908),.UNSPECIFIED.,.F.,.F.)
B_SPLINE_CURVE_WITH_KNOTS((2,2),(0.000,1.000),.UNSPECIFIED.)
CURVE()
GEOMETRIC_REPRESENTATION_ITEM()
RATIONAL_B_SPLINE_CURVE((1.0000000000,1.0000000000))
REPRESENTATION_ITEM('')
);
#907=CARTESIAN_POINT('',(38.0000000000,-20.5000000000,10.0000000000));
#908=CARTESIAN_POINT('',(-38.0000000000,-20.5000000000,10.0000000000));

#909=EDGE_CURVE('',#903,#744,#906,.T.);
#910=ORIENTED_EDGE('',*,*,#909,.T.);
#911=EDGE_LOOP('',(#751,#758,#765,#772,#779,#786,#793,#800,#807,#814,#821,#828,#835,#842,#849,#856,#863,#870,#877,#884,#891,#898,#905,#910));
#912=FACE_OUTER_BOUND('',#911,.T.);
#913=CARTESIAN_POINT('',(-32.5000000000,14.0000000000,10.0000000000));
#914=VERTEX_POINT('',#913);
#915=(
BOUNDED_CURVE()
B_SPLINE_CURVE(2,(#916,#917,#918),.UNSPECIFIED.,.F.,.F.)
B_SPLINE_CURVE_WITH_KNOTS((3,3),(0.000,1.000),.UNSPECIFIED.)
CURVE()
GEOMETRIC_REPRESENTATION_ITEM()
RATIONAL_B_SPLINE_CURVE((1.0000000000,0.7071067812,1.0000000000))
REPRESENTATION_ITEM('')
);
#916=CARTESIAN_POINT('',(-32.5000000000,14.0000000000,10.0000000000));
#917=CARTESIAN_POINT('',(-31.5000000000,14.0000000000,10.0000000000));
#918=CARTESIAN_POINT('',(-31.5000000000,15.0000000000,10.0000000000));

#919=CARTESIAN_POINT('',(-31.5000000000,15.0000000000,10.0000000000));
#920=VERTEX_POINT('',#919);
#921=EDGE_CURVE('',#914,#920,#915,.T.);
#922=ORIENTED_EDGE('',*,*,#921,.T.);
#923=(
BOUNDED_CURVE()
B_SPLINE_CURVE(2,(#924,#925,#926),.UNSPECIFIED.,.F.,.F.)
B_SPLINE_CURVE_WITH_KNOTS((3,3),(0.000,1.000),.UNSPECIFIED.)
CURVE()
GEOMETRIC_REPRESENTATION_ITEM()
RATIONAL_B_SPLINE_CURVE((1.0000000000,0.7071067812,1.0000000000))
REPRESENTATION_ITEM('')
);
#924=CARTESIAN_POINT('',(-31.5000000000,15.0000000000,10.0000000000));
#925=CARTESIAN_POINT('',(-31.5000000000,16.0000000000,10.0000000000));
#926=CARTESIAN_POINT('',(-32.5000000000,16.0000000000,10.0000000000));

#927=CARTESIAN_POINT('',(-32.5000000000,16.0000000000,10.0000000000));
#928=VERTEX_POINT('',#927);
#929=EDGE_CURVE('',#920,#928,#923,.T.);
#930=ORIENTED_EDGE('',*,*,#929,.T.);
#931=(
BOUNDED_CURVE()
B_SPLINE_CURVE(2,(#932,#933,#934),.UNSPECIFIED.,.F.,.F.)
B_SPLINE_CURVE_WITH_KNOTS((3,3),(0.000,1.000),.UNSPECIFIED.)
CURVE()
GEOMETRIC_REPRESENTATION_ITEM()
RATIONAL_B_SPLINE_CURVE((1.0000000000,0.7071067812,1.0000000000))
REPRESENTATION_ITEM('')
);
#932=CARTESIAN_POINT('',(-32.5000000000,16.0000000000,10.0000000000));
#933=CARTESIAN_POINT('',(-33.5000000000,16.0000000000,10.0000000000));
#934=CARTESIAN_POINT('',(-33.5000000000,15.0000000000,10.0000000000));

#935=CARTESIAN_POINT('',(-33.5000000000,15.0000000000,10.0000000000));
#936=VERTEX_POINT('',#935);
#937=EDGE_CURVE('',#928,#936,#931,.T.);
#938=ORIENTED_EDGE('',*,*,#937,.T.);
#939=(
BOUNDED_CURVE()
B_SPLINE_CURVE(2,(#940,#941,#942),.UNSPECIFIED.,.F.,.F.)
B_SPLINE_CURVE_WITH_KNOTS((3,3),(0.000,1.000),.UNSPECIFIED.)
CURVE()
GEOMETRIC_REPRESENTATION_ITEM()
RATIONAL_B_SPLINE_CURVE((1.0000000000,0.7071067812,1.0000000000))
REPRESENTATION_ITEM('')
);
#940=CARTESIAN_POINT('',(-33.5000000000,15.0000000000,10.0000000000));
#941=CARTESIAN_POINT('',(-33.5000000000,14.0000000000,10.0000000000));
#942=CARTESIAN_POINT('',(-32.5000000000,14.0000000000,10.0000000000));

#943=EDGE_CURVE('',#936,#914,#939,.T.);
#944=ORIENTED_EDGE('',*,*,#943,.T.);
#945=EDGE_LOOP('',(#922,#930,#938,#944));
#946=FACE_BOUND('',#945,.T.);
#947=CARTESIAN_POINT('',(32.5000000000,14.0000000000,10.0000000000));
#948=VERTEX_POINT('',#947);
#949=(
BOUNDED_CURVE()
B_SPLINE_CURVE(2,(#950,#951,#952),.UNSPECIFIED.,.F.,.F.)
B_SPLINE_CURVE_WITH_KNOTS((3,3),(0.000,1.000),.UNSPECIFIED.)
CURVE()
GEOMETRIC_REPRESENTATION_ITEM()
RATIONAL_B_SPLINE_CURVE((1.0000000000,0.7071067812,1.0000000000))
REPRESENTATION_ITEM('')
);
#950=CARTESIAN_POINT('',(32.5000000000,14.0000000000,10.0000000000));
#951=CARTESIAN_POINT('',(33.5000000000,14.0000000000,10.0000000000));
#952=CARTESIAN_POINT('',(33.5000000000,15.0000000000,10.0000000000));

#953=CARTESIAN_POINT('',(33.5000000000,15.0000000000,10.0000000000));
#954=VERTEX_POINT('',#953);
#955=EDGE_CURVE('',#948,#954,#949,.T.);
#956=ORIENTED_EDGE('',*,*,#955,.T.);
#957=(
BOUNDED_CURVE()
B_SPLINE_CURVE(2,(#958,#959,#960),.UNSPECIFIED.,.F.,.F.)
B_SPLINE_CURVE_WITH_KNOTS((3,3),(0.000,1.000),.UNSPECIFIED.)
CURVE()
GEOMETRIC_REPRESENTATION_ITEM()
RATIONAL_B_SPLINE_CURVE((1.0000000000,0.7071067812,1.0000000000))
REPRESENTATION_ITEM('')
);
#958=CARTESIAN_POINT('',(33.5000000000,15.0000000000,10.0000000000));
#959=CARTESIAN_POINT('',(33.5000000000,16.0000000000,10.0000000000));
#960=CARTESIAN_POINT('',(32.5000000000,16.0000000000,10.0000000000));

#961=CARTESIAN_POINT('',(32.5000000000,16.0000000000,10.0000000000));
#962=VERTEX_POINT('',#961);
#963=EDGE_CURVE('',#954,#962,#957,.T.);
#964=ORIENTED_EDGE('',*,*,#963,.T.);
#965=(
BOUNDED_CURVE()
B_SPLINE_CURVE(2,(#966,#967,#968),.UNSPECIFIED.,.F.,.F.)
B_SPLINE_CURVE_WITH_KNOTS((3,3),(0.000,1.000),.UNSPECIFIED.)
CURVE()
GEOMETRIC_REPRESENTATION_ITEM()
RATIONAL_B_SPLINE_CURVE((1.0000000000,0.7071067812,1.0000000000))
REPRESENTATION_ITEM('')
);
#966=CARTESIAN_POINT('',(32.5000000000,16.0000000000,10.0000000000));
#967=CARTESIAN_POINT('',(31.5000000000,16.0000000000,10.0000000000));
#968=CARTESIAN_POINT('',(31.5000000000,15.0000000000,10.0000000000));

#969=CARTESIAN_POINT('',(31.5000000000,15.0000000000,10.0000000000));
#970=VERTEX_POINT('',#969);
#971=EDGE_CURVE('',#962,#970,#965,.T.);
#972=ORIENTED_EDGE('',*,*,#971,.T.);
#973=(
BOUNDED_CURVE()
B_SPLINE_CURVE(2,(#974,#975,#976),.UNSPECIFIED.,.F.,.F.)
B_SPLINE_CURVE_WITH_KNOTS((3,3),(0.000,1.000),.UNSPECIFIED.)
CURVE()
GEOMETRIC_REPRESENTATION_ITEM()
RATIONAL_B_SPLINE_CURVE((1.0000000000,0.7071067812,1.0000000000))
REPRESENTATION_ITEM('')
);
#974=CARTESIAN_POINT('',(31.5000000000,15.0000000000,10.0000000000));
#975=CARTESIAN_POINT('',(31.5000000000,14.0000000000,10.0000000000));
#976=CARTESIAN_POINT('',(32.5000000000,14.0000000000,10.0000000000));

#977=EDGE_CURVE('',#970,#948,#973,.T.);
#978=ORIENTED_EDGE('',*,*,#977,.T.);
#979=EDGE_LOOP('',(#956,#964,#972,#978));
#980=FACE_BOUND('',#979,.T.);
#981=CARTESIAN_POINT('',(-32.5000000000,-16.0000000000,10.0000000000));
#982=VERTEX_POINT('',#981);
#983=(
BOUNDED_CURVE()
B_SPLINE_CURVE(2,(#984,#985,#986),.UNSPECIFIED.,.F.,.F.)
B_SPLINE_CURVE_WITH_KNOTS((3,3),(0.000,1.000),.UNSPECIFIED.)
CURVE()
GEOMETRIC_REPRESENTATION_ITEM()
RATIONAL_B_SPLINE_CURVE((1.0000000000,0.7071067812,1.0000000000))
REPRESENTATION_ITEM('')
);
#984=CARTESIAN_POINT('',(-32.5000000000,-16.0000000000,10.0000000000));
#985=CARTESIAN_POINT('',(-31.5000000000,-16.0000000000,10.0000000000));
#986=CARTESIAN_POINT('',(-31.5000000000,-15.0000000000,10.0000000000));

#987=CARTESIAN_POINT('',(-31.5000000000,-15.0000000000,10.0000000000));
#988=VERTEX_POINT('',#987);
#989=EDGE_CURVE('',#982,#988,#983,.T.);
#990=ORIENTED_EDGE('',*,*,#989,.T.);
#991=(
BOUNDED_CURVE()
B_SPLINE_CURVE(2,(#992,#993,#994),.UNSPECIFIED.,.F.,.F.)
B_SPLINE_CURVE_WITH_KNOTS((3,3),(0.000,1.000),.UNSPECIFIED.)
CURVE()
GEOMETRIC_REPRESENTATION_ITEM()
RATIONAL_B_SPLINE_CURVE((1.0000000000,0.7071067812,1.0000000000))
REPRESENTATION_ITEM('')
);
#992=CARTESIAN_POINT('',(-31.5000000000,-15.0000000000,10.0000000000));
#993=CARTESIAN_POINT('',(-31.5000000000,-14.0000000000,10.0000000000));
#994=CARTESIAN_POINT('',(-32.5000000000,-14.0000000000,10.0000000000));

#995=CARTESIAN_POINT('',(-32.5000000000,-14.0000000000,10.0000000000));
#996=VERTEX_POINT('',#995);
#997=EDGE_CURVE('',#988,#996,#991,.T.);
#998=ORIENTED_EDGE('',*,*,#997,.T.);
#999=(
BOUNDED_CURVE()
B_SPLINE_CURVE(2,(#1000,#1001,#1002),.UNSPECIFIED.,.F.,.F.)
B_SPLINE_CURVE_WITH_KNOTS((3,3),(0.000,1.000),.UNSPECIFIED.)
CURVE()
GEOMETRIC_REPRESENTATION_ITEM()
RATIONAL_B_SPLINE_CURVE((1.0000000000,0.7071067812,1.0000000000))
REPRESENTATION_ITEM('')
);
#1000=CARTESIAN_POINT('',(-32.5000000000,-14.0000000000,10.0000000000));
#1001=CARTESIAN_POINT('',(-33.5000000000,-14.0000000000,10.0000000000));
#1002=CARTESIAN_POINT('',(-33.5000000000,-15.0000000000,10.0000000000));

#1003=CARTESIAN_POINT('',(-33.5000000000,-15.0000000000,10.0000000000));
#1004=VERTEX_POINT('',#1003);
#1005=EDGE_CURVE('',#996,#1004,#999,.T.);
#1006=ORIENTED_EDGE('',*,*,#1005,.T.);
#1007=(
BOUNDED_CURVE()
B_SPLINE_CURVE(2,(#1008,#1009,#1010),.UNSPECIFIED.,.F.,.F.)
B_SPLINE_CURVE_WITH_KNOTS((3,3),(0.000,1.000),.UNSPECIFIED.)
CURVE()
GEOMETRIC_REPRESENTATION_ITEM()
RATIONAL_B_SPLINE_CURVE((1.0000000000,0.7071067812,1.0000000000))
REPRESENTATION_ITEM('')
);
#1008=CARTESIAN_POINT('',(-33.5000000000,-15.0000000000,10.0000000000));
#1009=CARTESIAN_POINT('',(-33.5000000000,-16.0000000000,10.0000000000));
#1010=CARTESIAN_POINT('',(-32.5000000000,-16.0000000000,10.0000000000));

#1011=EDGE_CURVE('',#1004,#982,#1007,.T.);
#1012=ORIENTED_EDGE('',*,*,#1011,.T.);
#1013=EDGE_LOOP('',(#990,#998,#1006,#1012));
#1014=FACE_BOUND('',#1013,.T.);
#1015=CARTESIAN_POINT('',(32.5000000000,-16.0000000000,10.0000000000));
#1016=VERTEX_POINT('',#1015);
#1017=(
BOUNDED_CURVE()
B_SPLINE_CURVE(2,(#1018,#1019,#1020),.UNSPECIFIED.,.F.,.F.)
B_SPLINE_CURVE_WITH_KNOTS((3,3),(0.000,1.000),.UNSPECIFIED.)
CURVE()
GEOMETRIC_REPRESENTATION_ITEM()
RATIONAL_B_SPLINE_CURVE((1.0000000000,0.7071067812,1.0000000000))
REPRESENTATION_ITEM('')
);
#1018=CARTESIAN_POINT('',(32.5000000000,-16.0000000000,10.0000000000));
#1019=CARTESIAN_POINT('',(33.5000000000,-16.0000000000,10.0000000000));
#1020=CARTESIAN_POINT('',(33.5000000000,-15.0000000000,10.0000000000));

#1021=CARTESIAN_POINT('',(33.5000000000,-15.0000000000,10.0000000000));
#1022=VERTEX_POINT('',#1021);
#1023=EDGE_CURVE('',#1016,#1022,#1017,.T.);
#1024=ORIENTED_EDGE('',*,*,#1023,.T.);
#1025=(
BOUNDED_CURVE()
B_SPLINE_CURVE(2,(#1026,#1027,#1028),.UNSPECIFIED.,.F.,.F.)
B_SPLINE_CURVE_WITH_KNOTS((3,3),(0.000,1.000),.UNSPECIFIED.)
CURVE()
GEOMETRIC_REPRESENTATION_ITEM()
RATIONAL_B_SPLINE_CURVE((1.0000000000,0.7071067812,1.0000000000))
REPRESENTATION_ITEM('')
);
#1026=CARTESIAN_POINT('',(33.5000000000,-15.0000000000,10.0000000000));
#1027=CARTESIAN_POINT('',(33.5000000000,-14.0000000000,10.0000000000));
#1028=CARTESIAN_POINT('',(32.5000000000,-14.0000000000,10.0000000000));

#1029=CARTESIAN_POINT('',(32.5000000000,-14.0000000000,10.0000000000));
#1030=VERTEX_POINT('',#1029);
#1031=EDGE_CURVE('',#1022,#1030,#1025,.T.);
#1032=ORIENTED_EDGE('',*,*,#1031,.T.);
#1033=(
BOUNDED_CURVE()
B_SPLINE_CURVE(2,(#1034,#1035,#1036),.UNSPECIFIED.,.F.,.F.)
B_SPLINE_CURVE_WITH_KNOTS((3,3),(0.000,1.000),.UNSPECIFIED.)
CURVE()
GEOMETRIC_REPRESENTATION_ITEM()
RATIONAL_B_SPLINE_CURVE((1.0000000000,0.7071067812,1.0000000000))
REPRESENTATION_ITEM('')
);
#1034=CARTESIAN_POINT('',(32.5000000000,-14.0000000000,10.0000000000));
#1035=CARTESIAN_POINT('',(31.5000000000,-14.0000000000,10.0000000000));
#1036=CARTESIAN_POINT('',(31.5000000000,-15.0000000000,10.0000000000));

#1037=CARTESIAN_POINT('',(31.5000000000,-15.0000000000,10.0000000000));
#1038=VERTEX_POINT('',#1037);
#1039=EDGE_CURVE('',#1030,#1038,#1033,.T.);
#1040=ORIENTED_EDGE('',*,*,#1039,.T.);
#1041=(
BOUNDED_CURVE()
B_SPLINE_CURVE(2,(#1042,#1043,#1044),.UNSPECIFIED.,.F.,.F.)
B_SPLINE_CURVE_WITH_KNOTS((3,3),(0.000,1.000),.UNSPECIFIED.)
CURVE()
GEOMETRIC_REPRESENTATION_ITEM()
RATIONAL_B_SPLINE_CURVE((1.0000000000,0.7071067812,1.0000000000))
REPRESENTATION_ITEM('')
);
#1042=CARTESIAN_POINT('',(31.5000000000,-15.0000000000,10.0000000000));
#1043=CARTESIAN_POINT('',(31.5000000000,-16.0000000000,10.0000000000));
#1044=CARTESIAN_POINT('',(32.5000000000,-16.0000000000,10.0000000000));

#1045=EDGE_CURVE('',#1038,#1016,#1041,.T.);
#1046=ORIENTED_EDGE('',*,*,#1045,.T.);
#1047=EDGE_LOOP('',(#1024,#1032,#1040,#1046));
#1048=FACE_BOUND('',#1047,.T.);
#1049=ADVANCED_FACE('',(#912,#946,#980,#1014,#1048),#738,.T.);
#1050=COLOUR_RGB('',0.39,0.39,0.39);
#1051=FILL_AREA_STYLE_COLOUR('',#1050);
#1052=FILL_AREA_STYLE('',(#1051));
#1053=SURFACE_STYLE_FILL_AREA(#1052);
#1054=SURFACE_STYLE_TRANSPARENT(0.00);
#1055=SURFACE_STYLE_RENDERING_WITH_PROPERTIES(.NORMAL_SHADING.,#1050,(#1054));
#1056=SURFACE_SIDE_STYLE('',(#1053, #1055));
#1057=SURFACE_STYLE_USAGE(.BOTH.,#1056);
#1058=PRESENTATION_STYLE_ASSIGNMENT((#1057));
#1059=STYLED_ITEM('',(#1058),#1049);

#1060=(
BOUNDED_SURFACE()
B_SPLINE_SURFACE(1,1,((#1061,#1062),(#1063,#1064)),.UNSPECIFIED.,.F.,.F.,.F.)
B_SPLINE_SURFACE_WITH_KNOTS((2,2),(2,2),(0.000,1.000),(0.000,1.000),.UNSPECIFIED.)
GEOMETRIC_REPRESENTATION_ITEM()
RATIONAL_B_SPLINE_SURFACE(((1.0000000000,1.0000000000),(1.0000000000,1.0000000000)))
REPRESENTATION_ITEM('')
SURFACE()
);
#1061=CARTESIAN_POINT('',(-38.0000000000,-20.5000000000,50.0000000000));
#1062=CARTESIAN_POINT('',(-38.0000000000,-20.5000000000,10.0000000000));
#1063=CARTESIAN_POINT('',(38.0000000000,-20.5000000000,50.0000000000));
#1064=CARTESIAN_POINT('',(38.0000000000,-20.5000000000,10.0000000000));

#1065=CARTESIAN_POINT('',(-38.0000000000,-20.5000000000,13.2424322584));
#1066=VERTEX_POINT('',#1065);
#1067=(
BOUNDED_CURVE()
B_SPLINE_CURVE(1,(#1068,#1069),.UNSPECIFIED.,.F.,.F.)
B_SPLINE_CURVE_WITH_KNOTS((2,2),(0.000,1.000),.UNSPECIFIED.)
CURVE()
GEOMETRIC_REPRESENTATION_ITEM()
RATIONAL_B_SPLINE_CURVE((1.0000000000,1.0000000000))
REPRESENTATION_ITEM('')
);
#1068=CARTESIAN_POINT('',(-38.0000000000,-20.5000000000,13.2424322584));
#1069=CARTESIAN_POINT('',(-38.0000000000,-20.5000000000,10.0000000000));

#1070=CARTESIAN_POINT('',(-38.0000000000,-20.5000000000,10.0000000000));
#1071=VERTEX_POINT('',#1070);
#1072=EDGE_CURVE('',#1066,#1071,#1067,.T.);
#1073=ORIENTED_EDGE('',*,*,#1072,.T.);
#1074=(
BOUNDED_CURVE()
B_SPLINE_CURVE(1,(#1075,#1076),.UNSPECIFIED.,.F.,.F.)
B_SPLINE_CURVE_WITH_KNOTS((2,2),(0.000,1.000),.UNSPECIFIED.)
CURVE()
GEOMETRIC_REPRESENTATION_ITEM()
RATIONAL_B_SPLINE_CURVE((1.0000000000,1.0000000000))
REPRESENTATION_ITEM('')
);
#1075=CARTESIAN_POINT('',(-38.0000000000,-20.5000000000,10.0000000000));
#1076=CARTESIAN_POINT('',(38.0000000000,-20.5000000000,10.0000000000));

#1077=CARTESIAN_POINT('',(38.0000000000,-20.5000000000,10.0000000000));
#1078=VERTEX_POINT('',#1077);
#1079=EDGE_CURVE('',#1071,#1078,#1074,.T.);
#1080=ORIENTED_EDGE('',*,*,#1079,.T.);
#1081=(
BOUNDED_CURVE()
B_SPLINE_CURVE(1,(#1082,#1083),.UNSPECIFIED.,.F.,.F.)
B_SPLINE_CURVE_WITH_KNOTS((2,2),(0.000,1.000),.UNSPECIFIED.)
CURVE()
GEOMETRIC_REPRESENTATION_ITEM()
RATIONAL_B_SPLINE_CURVE((1.0000000000,1.0000000000))
REPRESENTATION_ITEM('')
);
#1082=CARTESIAN_POINT('',(38.0000000000,-20.5000000000,10.0000000000));
#1083=CARTESIAN_POINT('',(38.0000000000,-20.5000000000,13.2424322584));

#1084=CARTESIAN_POINT('',(38.0000000000,-20.5000000000,13.2424322584));
#1085=VERTEX_POINT('',#1084);
#1086=EDGE_CURVE('',#1078,#1085,#1081,.T.);
#1087=ORIENTED_EDGE('',*,*,#1086,.T.);
#1088=(
BOUNDED_CURVE()
B_SPLINE_CURVE(1,(#1089,#1090),.UNSPECIFIED.,.F.,.F.)
B_SPLINE_CURVE_WITH_KNOTS((2,2),(0.000,1.000),.UNSPECIFIED.)
CURVE()
GEOMETRIC_REPRESENTATION_ITEM()
RATIONAL_B_SPLINE_CURVE((1.0000000000,1.0000000000))
REPRESENTATION_ITEM('')
);
#1089=CARTESIAN_POINT('',(38.0000000000,-20.5000000000,13.2424322584));
#1090=CARTESIAN_POINT('',(-38.0000000000,-20.5000000000,13.2424322584));

#1091=EDGE_CURVE('',#1085,#1066,#1088,.T.);
#1092=ORIENTED_EDGE('',*,*,#1091,.T.);
#1093=EDGE_LOOP('',(#1073,#1080,#1087,#1092));
#1094=FACE_OUTER_BOUND('',#1093,.T.);
#1095=ADVANCED_FACE('',(#1094),#1060,.T.);
#1096=COLOUR_RGB('',0.39,0.39,0.39);
#1097=FILL_AREA_STYLE_COLOUR('',#1096);
#1098=FILL_AREA_STYLE('',(#1097));
#1099=SURFACE_STYLE_FILL_AREA(#1098);
#1100=SURFACE_STYLE_TRANSPARENT(0.00);
#1101=SURFACE_STYLE_RENDERING_WITH_PROPERTIES(.NORMAL_SHADING.,#1096,(#1100));
#1102=SURFACE_SIDE_STYLE('',(#1099, #1101));
#1103=SURFACE_STYLE_USAGE(.BOTH.,#1102);
#1104=PRESENTATION_STYLE_ASSIGNMENT((#1103));
#1105=STYLED_ITEM('',(#1104),#1095);

#1106=(
BOUNDED_SURFACE()
B_SPLINE_SURFACE(1,1,((#1107,#1108),(#1109,#1110)),.UNSPECIFIED.,.F.,.F.,.F.)
B_SPLINE_SURFACE_WITH_KNOTS((2,2),(2,2),(0.000,1.000),(0.000,1.000),.UNSPECIFIED.)
GEOMETRIC_REPRESENTATION_ITEM()
RATIONAL_B_SPLINE_SURFACE(((1.0000000000,1.0000000000),(1.0000000000,1.0000000000)))
REPRESENTATION_ITEM('')
SURFACE()
);
#1107=CARTESIAN_POINT('',(-38.0000000000,20.5000000000,50.0000000000));
#1108=CARTESIAN_POINT('',(-38.0000000000,20.5000000000,10.0000000000));
#1109=CARTESIAN_POINT('',(-38.0000000000,-20.5000000000,50.0000000000));
#1110=CARTESIAN_POINT('',(-38.0000000000,-20.5000000000,10.0000000000));

#1111=CARTESIAN_POINT('',(-38.0000000000,20.5000000000,25.2244882981));
#1112=VERTEX_POINT('',#1111);
#1113=(
BOUNDED_CURVE()
B_SPLINE_CURVE(1,(#1114,#1115),.UNSPECIFIED.,.F.,.F.)
B_SPLINE_CURVE_WITH_KNOTS((2,2),(0.000,1.000),.UNSPECIFIED.)
CURVE()
GEOMETRIC_REPRESENTATION_ITEM()
RATIONAL_B_SPLINE_CURVE((1.0000000000,1.0000000000))
REPRESENTATION_ITEM('')
);
#1114=CARTESIAN_POINT('',(-38.0000000000,20.5000000000,25.2244882981));
#1115=CARTESIAN_POINT('',(-38.0000000000,20.5000000000,10.0000000000));

#1116=CARTESIAN_POINT('',(-38.0000000000,20.5000000000,10.0000000000));
#1117=VERTEX_POINT('',#1116);
#1118=EDGE_CURVE('',#1112,#1117,#1113,.T.);
#1119=ORIENTED_EDGE('',*,*,#1118,.T.);
#1120=(
BOUNDED_CURVE()
B_SPLINE_CURVE(1,(#1121,#1122),.UNSPECIFIED.,.F.,.F.)
B_SPLINE_CURVE_WITH_KNOTS((2,2),(0.000,1.000),.UNSPECIFIED.)
CURVE()
GEOMETRIC_REPRESENTATION_ITEM()
RATIONAL_B_SPLINE_CURVE((1.0000000000,1.0000000000))
REPRESENTATION_ITEM('')
);
#1121=CARTESIAN_POINT('',(-38.0000000000,20.5000000000,10.0000000000));
#1122=CARTESIAN_POINT('',(-38.0000000000,-20.5000000000,10.0000000000));

#1123=CARTESIAN_POINT('',(-38.0000000000,-20.5000000000,10.0000000000));
#1124=VERTEX_POINT('',#1123);
#1125=EDGE_CURVE('',#1117,#1124,#1120,.T.);
#1126=ORIENTED_EDGE('',*,*,#1125,.T.);
#1127=(
BOUNDED_CURVE()
B_SPLINE_CURVE(1,(#1128,#1129),.UNSPECIFIED.,.F.,.F.)
B_SPLINE_CURVE_WITH_KNOTS((2,2),(0.000,1.000),.UNSPECIFIED.)
CURVE()
GEOMETRIC_REPRESENTATION_ITEM()
RATIONAL_B_SPLINE_CURVE((1.0000000000,1.0000000000))
REPRESENTATION_ITEM('')
);
#1128=CARTESIAN_POINT('',(-38.0000000000,-20.5000000000,10.0000000000));
#1129=CARTESIAN_POINT('',(-38.0000000000,-20.5000000000,13.2424322584));

#1130=CARTESIAN_POINT('',(-38.0000000000,-20.5000000000,13.2424322584));
#1131=VERTEX_POINT('',#1130);
#1132=EDGE_CURVE('',#1124,#1131,#1127,.T.);
#1133=ORIENTED_EDGE('',*,*,#1132,.T.);
#1134=(
BOUNDED_CURVE()
B_SPLINE_CURVE(1,(#1135,#1136),.UNSPECIFIED.,.F.,.F.)
B_SPLINE_CURVE_WITH_KNOTS((2,2),(0.000,1.000),.UNSPECIFIED.)
CURVE()
GEOMETRIC_REPRESENTATION_ITEM()
RATIONAL_B_SPLINE_CURVE((1.0000000000,1.0000000000))
REPRESENTATION_ITEM('')
);
#1135=CARTESIAN_POINT('',(-38.0000000000,-20.5000000000,13.2424322584));
#1136=CARTESIAN_POINT('',(-38.0000000000,-11.8529525035,37.0000000000));

#1137=CARTESIAN_POINT('',(-38.0000000000,-11.8529525035,37.0000000000));
#1138=VERTEX_POINT('',#1137);
#1139=EDGE_CURVE('',#1131,#1138,#1134,.T.);
#1140=ORIENTED_EDGE('',*,*,#1139,.T.);
#1141=(
BOUNDED_CURVE()
B_SPLINE_CURVE(1,(#1142,#1143),.UNSPECIFIED.,.F.,.F.)
B_SPLINE_CURVE_WITH_KNOTS((2,2),(0.000,1.000),.UNSPECIFIED.)
CURVE()
GEOMETRIC_REPRESENTATION_ITEM()
RATIONAL_B_SPLINE_CURVE((1.0000000000,1.0000000000))
REPRESENTATION_ITEM('')
);
#1142=CARTESIAN_POINT('',(-38.0000000000,-11.8529525035,37.0000000000));
#1143=CARTESIAN_POINT('',(-38.0000000000,20.5000000000,25.2244882981));

#1144=EDGE_CURVE('',#1138,#1112,#1141,.T.);
#1145=ORIENTED_EDGE('',*,*,#1144,.T.);
#1146=EDGE_LOOP('',(#1119,#1126,#1133,#1140,#1145));
#1147=FACE_OUTER_BOUND('',#1146,.T.);
#1148=ADVANCED_FACE('',(#1147),#1106,.T.);
#1149=COLOUR_RGB('',0.39,0.39,0.39);
#1150=FILL_AREA_STYLE_COLOUR('',#1149);
#1151=FILL_AREA_STYLE('',(#1150));
#1152=SURFACE_STYLE_FILL_AREA(#1151);
#1153=SURFACE_STYLE_TRANSPARENT(0.00);
#1154=SURFACE_STYLE_RENDERING_WITH_PROPERTIES(.NORMAL_SHADING.,#1149,(#1153));
#1155=SURFACE_SIDE_STYLE('',(#1152, #1154));
#1156=SURFACE_STYLE_USAGE(.BOTH.,#1155);
#1157=PRESENTATION_STYLE_ASSIGNMENT((#1156));
#1158=STYLED_ITEM('',(#1157),#1148);

#1159=(
BOUNDED_SURFACE()
B_SPLINE_SURFACE(1,1,((#1160,#1161),(#1162,#1163)),.UNSPECIFIED.,.F.,.F.,.F.)
B_SPLINE_SURFACE_WITH_KNOTS((2,2),(2,2),(0.000,1.000),(0.000,1.000),.UNSPECIFIED.)
GEOMETRIC_REPRESENTATION_ITEM()
RATIONAL_B_SPLINE_SURFACE(((1.0000000000,1.0000000000),(1.0000000000,1.0000000000)))
REPRESENTATION_ITEM('')
SURFACE()
);
#1160=CARTESIAN_POINT('',(38.0000000000,20.5000000000,50.0000000000));
#1161=CARTESIAN_POINT('',(38.0000000000,20.5000000000,10.0000000000));
#1162=CARTESIAN_POINT('',(-38.0000000000,20.5000000000,50.0000000000));
#1163=CARTESIAN_POINT('',(-38.0000000000,20.5000000000,10.0000000000));

#1164=CARTESIAN_POINT('',(38.0000000000,20.5000000000,25.2244882981));
#1165=VERTEX_POINT('',#1164);
#1166=(
BOUNDED_CURVE()
B_SPLINE_CURVE(1,(#1167,#1168),.UNSPECIFIED.,.F.,.F.)
B_SPLINE_CURVE_WITH_KNOTS((2,2),(0.000,1.000),.UNSPECIFIED.)
CURVE()
GEOMETRIC_REPRESENTATION_ITEM()
RATIONAL_B_SPLINE_CURVE((1.0000000000,1.0000000000))
REPRESENTATION_ITEM('')
);
#1167=CARTESIAN_POINT('',(38.0000000000,20.5000000000,25.2244882981));
#1168=CARTESIAN_POINT('',(38.0000000000,20.5000000000,10.0000000000));

#1169=CARTESIAN_POINT('',(38.0000000000,20.5000000000,10.0000000000));
#1170=VERTEX_POINT('',#1169);
#1171=EDGE_CURVE('',#1165,#1170,#1166,.T.);
#1172=ORIENTED_EDGE('',*,*,#1171,.T.);
#1173=(
BOUNDED_CURVE()
B_SPLINE_CURVE(1,(#1174,#1175),.UNSPECIFIED.,.F.,.F.)
B_SPLINE_CURVE_WITH_KNOTS((2,2),(0.000,1.000),.UNSPECIFIED.)
CURVE()
GEOMETRIC_REPRESENTATION_ITEM()
RATIONAL_B_SPLINE_CURVE((1.0000000000,1.0000000000))
REPRESENTATION_ITEM('')
);
#1174=CARTESIAN_POINT('',(38.0000000000,20.5000000000,10.0000000000));
#1175=CARTESIAN_POINT('',(-38.0000000000,20.5000000000,10.0000000000));

#1176=CARTESIAN_POINT('',(-38.0000000000,20.5000000000,10.0000000000));
#1177=VERTEX_POINT('',#1176);
#1178=EDGE_CURVE('',#1170,#1177,#1173,.T.);
#1179=ORIENTED_EDGE('',*,*,#1178,.T.);
#1180=(
BOUNDED_CURVE()
B_SPLINE_CURVE(1,(#1181,#1182),.UNSPECIFIED.,.F.,.F.)
B_SPLINE_CURVE_WITH_KNOTS((2,2),(0.000,1.000),.UNSPECIFIED.)
CURVE()
GEOMETRIC_REPRESENTATION_ITEM()
RATIONAL_B_SPLINE_CURVE((1.0000000000,1.0000000000))
REPRESENTATION_ITEM('')
);
#1181=CARTESIAN_POINT('',(-38.0000000000,20.5000000000,10.0000000000));
#1182=CARTESIAN_POINT('',(-38.0000000000,20.5000000000,25.2244882981));

#1183=CARTESIAN_POINT('',(-38.0000000000,20.5000000000,25.2244882981));
#1184=VERTEX_POINT('',#1183);
#1185=EDGE_CURVE('',#1177,#1184,#1180,.T.);
#1186=ORIENTED_EDGE('',*,*,#1185,.T.);
#1187=(
BOUNDED_CURVE()
B_SPLINE_CURVE(1,(#1188,#1189),.UNSPECIFIED.,.F.,.F.)
B_SPLINE_CURVE_WITH_KNOTS((2,2),(0.000,1.000),.UNSPECIFIED.)
CURVE()
GEOMETRIC_REPRESENTATION_ITEM()
RATIONAL_B_SPLINE_CURVE((1.0000000000,1.0000000000))
REPRESENTATION_ITEM('')
);
#1188=CARTESIAN_POINT('',(-38.0000000000,20.5000000000,25.2244882981));
#1189=CARTESIAN_POINT('',(38.0000000000,20.5000000000,25.2244882981));

#1190=EDGE_CURVE('',#1184,#1165,#1187,.T.);
#1191=ORIENTED_EDGE('',*,*,#1190,.T.);
#1192=EDGE_LOOP('',(#1172,#1179,#1186,#1191));
#1193=FACE_OUTER_BOUND('',#1192,.T.);
#1194=ADVANCED_FACE('',(#1193),#1159,.T.);
#1195=COLOUR_RGB('',0.39,0.39,0.39);
#1196=FILL_AREA_STYLE_COLOUR('',#1195);
#1197=FILL_AREA_STYLE('',(#1196));
#1198=SURFACE_STYLE_FILL_AREA(#1197);
#1199=SURFACE_STYLE_TRANSPARENT(0.00);
#1200=SURFACE_STYLE_RENDERING_WITH_PROPERTIES(.NORMAL_SHADING.,#1195,(#1199));
#1201=SURFACE_SIDE_STYLE('',(#1198, #1200));
#1202=SURFACE_STYLE_USAGE(.BOTH.,#1201);
#1203=PRESENTATION_STYLE_ASSIGNMENT((#1202));
#1204=STYLED_ITEM('',(#1203),#1194);

#1205=(
BOUNDED_SURFACE()
B_SPLINE_SURFACE(1,1,((#1206,#1207),(#1208,#1209)),.UNSPECIFIED.,.F.,.F.,.F.)
B_SPLINE_SURFACE_WITH_KNOTS((2,2),(2,2),(0.000,1.000),(0.000,1.000),.UNSPECIFIED.)
GEOMETRIC_REPRESENTATION_ITEM()
RATIONAL_B_SPLINE_SURFACE(((1.0000000000,1.0000000000),(1.0000000000,1.0000000000)))
REPRESENTATION_ITEM('')
SURFACE()
);
#1206=CARTESIAN_POINT('',(38.0000000000,-21.7260000037,51.2260000037));
#1207=CARTESIAN_POINT('',(38.0000000000,-21.7260000037,-0.2260000037));
#1208=CARTESIAN_POINT('',(38.0000000000,21.7260000037,51.2260000037));
#1209=CARTESIAN_POINT('',(38.0000000000,21.7260000037,-0.2260000037));

#1210=CARTESIAN_POINT('',(38.0000000000,-20.5000000000,13.2424322584));
#1211=VERTEX_POINT('',#1210);
#1212=(
BOUNDED_CURVE()
B_SPLINE_CURVE(1,(#1213,#1214),.UNSPECIFIED.,.F.,.F.)
B_SPLINE_CURVE_WITH_KNOTS((2,2),(0.000,1.000),.UNSPECIFIED.)
CURVE()
GEOMETRIC_REPRESENTATION_ITEM()
RATIONAL_B_SPLINE_CURVE((1.0000000000,1.0000000000))
REPRESENTATION_ITEM('')
);
#1213=CARTESIAN_POINT('',(38.0000000000,-20.5000000000,13.2424322584));
#1214=CARTESIAN_POINT('',(38.0000000000,-20.5000000000,10.0000000000));

#1215=CARTESIAN_POINT('',(38.0000000000,-20.5000000000,10.0000000000));
#1216=VERTEX_POINT('',#1215);
#1217=EDGE_CURVE('',#1211,#1216,#1212,.T.);
#1218=ORIENTED_EDGE('',*,*,#1217,.T.);
#1219=(
BOUNDED_CURVE()
B_SPLINE_CURVE(1,(#1220,#1221),.UNSPECIFIED.,.F.,.F.)
B_SPLINE_CURVE_WITH_KNOTS((2,2),(0.000,1.000),.UNSPECIFIED.)
CURVE()
GEOMETRIC_REPRESENTATION_ITEM()
RATIONAL_B_SPLINE_CURVE((1.0000000000,1.0000000000))
REPRESENTATION_ITEM('')
);
#1220=CARTESIAN_POINT('',(38.0000000000,-20.5000000000,10.0000000000));
#1221=CARTESIAN_POINT('',(38.0000000000,-6.0000000000,10.0000000000));

#1222=CARTESIAN_POINT('',(38.0000000000,-6.0000000000,10.0000000000));
#1223=VERTEX_POINT('',#1222);
#1224=EDGE_CURVE('',#1216,#1223,#1219,.T.);
#1225=ORIENTED_EDGE('',*,*,#1224,.T.);
#1226=(
BOUNDED_CURVE()
B_SPLINE_CURVE(1,(#1227,#1228),.UNSPECIFIED.,.F.,.F.)
B_SPLINE_CURVE_WITH_KNOTS((2,2),(0.000,1.000),.UNSPECIFIED.)
CURVE()
GEOMETRIC_REPRESENTATION_ITEM()
RATIONAL_B_SPLINE_CURVE((1.0000000000,1.0000000000))
REPRESENTATION_ITEM('')
);
#1227=CARTESIAN_POINT('',(38.0000000000,-6.0000000000,10.0000000000));
#1228=CARTESIAN_POINT('',(38.0000000000,-6.0000000000,1.0000000000));

#1229=CARTESIAN_POINT('',(38.0000000000,-6.0000000000,1.0000000000));
#1230=VERTEX_POINT('',#1229);
#1231=EDGE_CURVE('',#1223,#1230,#1226,.T.);
#1232=ORIENTED_EDGE('',*,*,#1231,.T.);
#1233=(
BOUNDED_CURVE()
B_SPLINE_CURVE(1,(#1234,#1235),.UNSPECIFIED.,.F.,.F.)
B_SPLINE_CURVE_WITH_KNOTS((2,2),(0.000,1.000),.UNSPECIFIED.)
CURVE()
GEOMETRIC_REPRESENTATION_ITEM()
RATIONAL_B_SPLINE_CURVE((1.0000000000,1.0000000000))
REPRESENTATION_ITEM('')
);
#1234=CARTESIAN_POINT('',(38.0000000000,-6.0000000000,1.0000000000));
#1235=CARTESIAN_POINT('',(38.0000000000,6.0000000000,1.0000000000));

#1236=CARTESIAN_POINT('',(38.0000000000,6.0000000000,1.0000000000));
#1237=VERTEX_POINT('',#1236);
#1238=EDGE_CURVE('',#1230,#1237,#1233,.T.);
#1239=ORIENTED_EDGE('',*,*,#1238,.T.);
#1240=(
BOUNDED_CURVE()
B_SPLINE_CURVE(1,(#1241,#1242),.UNSPECIFIED.,.F.,.F.)
B_SPLINE_CURVE_WITH_KNOTS((2,2),(0.000,1.000),.UNSPECIFIED.)
CURVE()
GEOMETRIC_REPRESENTATION_ITEM()
RATIONAL_B_SPLINE_CURVE((1.0000000000,1.0000000000))
REPRESENTATION_ITEM('')
);
#1241=CARTESIAN_POINT('',(38.0000000000,6.0000000000,1.0000000000));
#1242=CARTESIAN_POINT('',(38.0000000000,6.0000000000,10.0000000000));

#1243=CARTESIAN_POINT('',(38.0000000000,6.0000000000,10.0000000000));
#1244=VERTEX_POINT('',#1243);
#1245=EDGE_CURVE('',#1237,#1244,#1240,.T.);
#1246=ORIENTED_EDGE('',*,*,#1245,.T.);
#1247=(
BOUNDED_CURVE()
B_SPLINE_CURVE(1,(#1248,#1249),.UNSPECIFIED.,.F.,.F.)
B_SPLINE_CURVE_WITH_KNOTS((2,2),(0.000,1.000),.UNSPECIFIED.)
CURVE()
GEOMETRIC_REPRESENTATION_ITEM()
RATIONAL_B_SPLINE_CURVE((1.0000000000,1.0000000000))
REPRESENTATION_ITEM('')
);
#1248=CARTESIAN_POINT('',(38.0000000000,6.0000000000,10.0000000000));
#1249=CARTESIAN_POINT('',(38.0000000000,20.5000000000,10.0000000000));

#1250=CARTESIAN_POINT('',(38.0000000000,20.5000000000,10.0000000000));
#1251=VERTEX_POINT('',#1250);
#1252=EDGE_CURVE('',#1244,#1251,#1247,.T.);
#1253=ORIENTED_EDGE('',*,*,#1252,.T.);
#1254=(
BOUNDED_CURVE()
B_SPLINE_CURVE(1,(#1255,#1256),.UNSPECIFIED.,.F.,.F.)
B_SPLINE_CURVE_WITH_KNOTS((2,2),(0.000,1.000),.UNSPECIFIED.)
CURVE()
GEOMETRIC_REPRESENTATION_ITEM()
RATIONAL_B_SPLINE_CURVE((1.0000000000,1.0000000000))
REPRESENTATION_ITEM('')
);
#1255=CARTESIAN_POINT('',(38.0000000000,20.5000000000,10.0000000000));
#1256=CARTESIAN_POINT('',(38.0000000000,20.5000000000,25.2244882981));

#1257=CARTESIAN_POINT('',(38.0000000000,20.5000000000,25.2244882981));
#1258=VERTEX_POINT('',#1257);
#1259=EDGE_CURVE('',#1251,#1258,#1254,.T.);
#1260=ORIENTED_EDGE('',*,*,#1259,.T.);
#1261=(
BOUNDED_CURVE()
B_SPLINE_CURVE(1,(#1262,#1263),.UNSPECIFIED.,.F.,.F.)
B_SPLINE_CURVE_WITH_KNOTS((2,2),(0.000,1.000),.UNSPECIFIED.)
CURVE()
GEOMETRIC_REPRESENTATION_ITEM()
RATIONAL_B_SPLINE_CURVE((1.0000000000,1.0000000000))
REPRESENTATION_ITEM('')
);
#1262=CARTESIAN_POINT('',(38.0000000000,20.5000000000,25.2244882981));
#1263=CARTESIAN_POINT('',(38.0000000000,-11.8529525035,37.0000000000));

#1264=CARTESIAN_POINT('',(38.0000000000,-11.8529525035,37.0000000000));
#1265=VERTEX_POINT('',#1264);
#1266=EDGE_CURVE('',#1258,#1265,#1261,.T.);
#1267=ORIENTED_EDGE('',*,*,#1266,.T.);
#1268=(
BOUNDED_CURVE()
B_SPLINE_CURVE(1,(#1269,#1270),.UNSPECIFIED.,.F.,.F.)
B_SPLINE_CURVE_WITH_KNOTS((2,2),(0.000,1.000),.UNSPECIFIED.)
CURVE()
GEOMETRIC_REPRESENTATION_ITEM()
RATIONAL_B_SPLINE_CURVE((1.0000000000,1.0000000000))
REPRESENTATION_ITEM('')
);
#1269=CARTESIAN_POINT('',(38.0000000000,-11.8529525035,37.0000000000));
#1270=CARTESIAN_POINT('',(38.0000000000,-20.5000000000,13.2424322584));

#1271=EDGE_CURVE('',#1265,#1211,#1268,.T.);
#1272=ORIENTED_EDGE('',*,*,#1271,.T.);
#1273=EDGE_LOOP('',(#1218,#1225,#1232,#1239,#1246,#1253,#1260,#1267,#1272));
#1274=FACE_OUTER_BOUND('',#1273,.T.);
#1275=ADVANCED_FACE('',(#1274),#1205,.T.);
#1276=COLOUR_RGB('',0.39,0.39,0.39);
#1277=FILL_AREA_STYLE_COLOUR('',#1276);
#1278=FILL_AREA_STYLE('',(#1277));
#1279=SURFACE_STYLE_FILL_AREA(#1278);
#1280=SURFACE_STYLE_TRANSPARENT(0.00);
#1281=SURFACE_STYLE_RENDERING_WITH_PROPERTIES(.NORMAL_SHADING.,#1276,(#1280));
#1282=SURFACE_SIDE_STYLE('',(#1279, #1281));
#1283=SURFACE_STYLE_USAGE(.BOTH.,#1282);
#1284=PRESENTATION_STYLE_ASSIGNMENT((#1283));
#1285=STYLED_ITEM('',(#1284),#1275);

#1286=(
BOUNDED_SURFACE()
B_SPLINE_SURFACE(1,1,((#1287,#1288),(#1289,#1290)),.UNSPECIFIED.,.F.,.F.,.F.)
B_SPLINE_SURFACE_WITH_KNOTS((2,2),(2,2),(0.000,1.000),(0.000,1.000),.UNSPECIFIED.)
GEOMETRIC_REPRESENTATION_ITEM()
RATIONAL_B_SPLINE_SURFACE(((1.0000000000,1.0000000000),(1.0000000000,1.0000000000)))
REPRESENTATION_ITEM('')
SURFACE()
);
#1287=CARTESIAN_POINT('',(-33.5000000000,16.0000000000,2.0000000000));
#1288=CARTESIAN_POINT('',(-31.5000000000,16.0000000000,2.0000000000));
#1289=CARTESIAN_POINT('',(-33.5000000000,14.0000000000,2.0000000000));
#1290=CARTESIAN_POINT('',(-31.5000000000,14.0000000000,2.0000000000));

#1291=CARTESIAN_POINT('',(-32.5000000000,16.0000000000,2.0000000000));
#1292=VERTEX_POINT('',#1291);
#1293=(
BOUNDED_CURVE()
B_SPLINE_CURVE(2,(#1294,#1295,#1296),.UNSPECIFIED.,.F.,.F.)
B_SPLINE_CURVE_WITH_KNOTS((3,3),(0.000,1.000),.UNSPECIFIED.)
CURVE()
GEOMETRIC_REPRESENTATION_ITEM()
RATIONAL_B_SPLINE_CURVE((1.0000000000,0.7071067812,1.0000000000))
REPRESENTATION_ITEM('')
);
#1294=CARTESIAN_POINT('',(-32.5000000000,16.0000000000,2.0000000000));
#1295=CARTESIAN_POINT('',(-31.5000000000,16.0000000000,2.0000000000));
#1296=CARTESIAN_POINT('',(-31.5000000000,15.0000000000,2.0000000000));

#1297=CARTESIAN_POINT('',(-31.5000000000,15.0000000000,2.0000000000));
#1298=VERTEX_POINT('',#1297);
#1299=EDGE_CURVE('',#1292,#1298,#1293,.T.);
#1300=ORIENTED_EDGE('',*,*,#1299,.T.);
#1301=(
BOUNDED_CURVE()
B_SPLINE_CURVE(2,(#1302,#1303,#1304),.UNSPECIFIED.,.F.,.F.)
B_SPLINE_CURVE_WITH_KNOTS((3,3),(0.000,1.000),.UNSPECIFIED.)
CURVE()
GEOMETRIC_REPRESENTATION_ITEM()
RATIONAL_B_SPLINE_CURVE((1.0000000000,0.7071067812,1.0000000000))
REPRESENTATION_ITEM('')
);
#1302=CARTESIAN_POINT('',(-31.5000000000,15.0000000000,2.0000000000));
#1303=CARTESIAN_POINT('',(-31.5000000000,14.0000000000,2.0000000000));
#1304=CARTESIAN_POINT('',(-32.5000000000,14.0000000000,2.0000000000));

#1305=CARTESIAN_POINT('',(-32.5000000000,14.0000000000,2.0000000000));
#1306=VERTEX_POINT('',#1305);
#1307=EDGE_CURVE('',#1298,#1306,#1301,.T.);
#1308=ORIENTED_EDGE('',*,*,#1307,.T.);
#1309=(
BOUNDED_CURVE()
B_SPLINE_CURVE(2,(#1310,#1311,#1312),.UNSPECIFIED.,.F.,.F.)
B_SPLINE_CURVE_WITH_KNOTS((3,3),(0.000,1.000),.UNSPECIFIED.)
CURVE()
GEOMETRIC_REPRESENTATION_ITEM()
RATIONAL_B_SPLINE_CURVE((1.0000000000,0.7071067812,1.0000000000))
REPRESENTATION_ITEM('')
);
#1310=CARTESIAN_POINT('',(-32.5000000000,14.0000000000,2.0000000000));
#1311=CARTESIAN_POINT('',(-33.5000000000,14.0000000000,2.0000000000));
#1312=CARTESIAN_POINT('',(-33.5000000000,15.0000000000,2.0000000000));

#1313=CARTESIAN_POINT('',(-33.5000000000,15.0000000000,2.0000000000));
#1314=VERTEX_POINT('',#1313);
#1315=EDGE_CURVE('',#1306,#1314,#1309,.T.);
#1316=ORIENTED_EDGE('',*,*,#1315,.T.);
#1317=(
BOUNDED_CURVE()
B_SPLINE_CURVE(2,(#1318,#1319,#1320),.UNSPECIFIED.,.F.,.F.)
B_SPLINE_CURVE_WITH_KNOTS((3,3),(0.000,1.000),.UNSPECIFIED.)
CURVE()
GEOMETRIC_REPRESENTATION_ITEM()
RATIONAL_B_SPLINE_CURVE((1.0000000000,0.7071067812,1.0000000000))
REPRESENTATION_ITEM('')
);
#1318=CARTESIAN_POINT('',(-33.5000000000,15.0000000000,2.0000000000));
#1319=CARTESIAN_POINT('',(-33.5000000000,16.0000000000,2.0000000000));
#1320=CARTESIAN_POINT('',(-32.5000000000,16.0000000000,2.0000000000));

#1321=EDGE_CURVE('',#1314,#1292,#1317,.T.);
#1322=ORIENTED_EDGE('',*,*,#1321,.T.);
#1323=EDGE_LOOP('',(#1300,#1308,#1316,#1322));
#1324=FACE_OUTER_BOUND('',#1323,.T.);
#1325=ADVANCED_FACE('',(#1324),#1286,.T.);
#1326=COLOUR_RGB('',0.39,0.39,0.39);
#1327=FILL_AREA_STYLE_COLOUR('',#1326);
#1328=FILL_AREA_STYLE('',(#1327));
#1329=SURFACE_STYLE_FILL_AREA(#1328);
#1330=SURFACE_STYLE_TRANSPARENT(0.00);
#1331=SURFACE_STYLE_RENDERING_WITH_PROPERTIES(.NORMAL_SHADING.,#1326,(#1330));
#1332=SURFACE_SIDE_STYLE('',(#1329, #1331));
#1333=SURFACE_STYLE_USAGE(.BOTH.,#1332);
#1334=PRESENTATION_STYLE_ASSIGNMENT((#1333));
#1335=STYLED_ITEM('',(#1334),#1325);

#1336=(
BOUNDED_SURFACE()
B_SPLINE_SURFACE(2,1,((#1337,#1338),(#1339,#1340),(#1341,#1342)),.UNSPECIFIED.,.F.,.F.,.F.)
B_SPLINE_SURFACE_WITH_KNOTS((3,3),(2,2),(0.000,1.000),(0.000,1.000),.UNSPECIFIED.)
GEOMETRIC_REPRESENTATION_ITEM()
RATIONAL_B_SPLINE_SURFACE(((1.0000000000,1.0000000000),(0.7071067812,0.7071067812),(1.0000000000,1.0000000000)))
REPRESENTATION_ITEM('')
SURFACE()
);
#1337=CARTESIAN_POINT('',(-32.5000000000,16.0000000000,2.0000000000));
#1338=CARTESIAN_POINT('',(-32.5000000000,16.0000000000,10.0000000000));
#1339=CARTESIAN_POINT('',(-31.5000000000,16.0000000000,2.0000000000));
#1340=CARTESIAN_POINT('',(-31.5000000000,16.0000000000,10.0000000000));
#1341=CARTESIAN_POINT('',(-31.5000000000,15.0000000000,2.0000000000));
#1342=CARTESIAN_POINT('',(-31.5000000000,15.0000000000,10.0000000000));

#1343=CARTESIAN_POINT('',(-31.5000000000,15.0000000000,2.0000000000));
#1344=VERTEX_POINT('',#1343);
#1345=(
BOUNDED_CURVE()
B_SPLINE_CURVE(2,(#1346,#1347,#1348),.UNSPECIFIED.,.F.,.F.)
B_SPLINE_CURVE_WITH_KNOTS((3,3),(0.000,1.000),.UNSPECIFIED.)
CURVE()
GEOMETRIC_REPRESENTATION_ITEM()
RATIONAL_B_SPLINE_CURVE((1.0000000000,0.7071067812,1.0000000000))
REPRESENTATION_ITEM('')
);
#1346=CARTESIAN_POINT('',(-31.5000000000,15.0000000000,2.0000000000));
#1347=CARTESIAN_POINT('',(-31.5000000000,16.0000000000,2.0000000000));
#1348=CARTESIAN_POINT('',(-32.5000000000,16.0000000000,2.0000000000));

#1349=CARTESIAN_POINT('',(-32.5000000000,16.0000000000,2.0000000000));
#1350=VERTEX_POINT('',#1349);
#1351=EDGE_CURVE('',#1344,#1350,#1345,.T.);
#1352=ORIENTED_EDGE('',*,*,#1351,.T.);
#1353=(
BOUNDED_CURVE()
B_SPLINE_CURVE(1,(#1354,#1355),.UNSPECIFIED.,.F.,.F.)
B_SPLINE_CURVE_WITH_KNOTS((2,2),(0.000,1.000),.UNSPECIFIED.)
CURVE()
GEOMETRIC_REPRESENTATION_ITEM()
RATIONAL_B_SPLINE_CURVE((1.0000000000,1.0000000000))
REPRESENTATION_ITEM('')
);
#1354=CARTESIAN_POINT('',(-32.5000000000,16.0000000000,2.0000000000));
#1355=CARTESIAN_POINT('',(-32.5000000000,16.0000000000,10.0000000000));

#1356=CARTESIAN_POINT('',(-32.5000000000,16.0000000000,10.0000000000));
#1357=VERTEX_POINT('',#1356);
#1358=EDGE_CURVE('',#1350,#1357,#1353,.T.);
#1359=ORIENTED_EDGE('',*,*,#1358,.T.);
#1360=(
BOUNDED_CURVE()
B_SPLINE_CURVE(2,(#1361,#1362,#1363),.UNSPECIFIED.,.F.,.F.)
B_SPLINE_CURVE_WITH_KNOTS((3,3),(0.000,1.000),.UNSPECIFIED.)
CURVE()
GEOMETRIC_REPRESENTATION_ITEM()
RATIONAL_B_SPLINE_CURVE((1.0000000000,0.7071067812,1.0000000000))
REPRESENTATION_ITEM('')
);
#1361=CARTESIAN_POINT('',(-32.5000000000,16.0000000000,10.0000000000));
#1362=CARTESIAN_POINT('',(-31.5000000000,16.0000000000,10.0000000000));
#1363=CARTESIAN_POINT('',(-31.5000000000,15.0000000000,10.0000000000));

#1364=CARTESIAN_POINT('',(-31.5000000000,15.0000000000,10.0000000000));
#1365=VERTEX_POINT('',#1364);
#1366=EDGE_CURVE('',#1357,#1365,#1360,.T.);
#1367=ORIENTED_EDGE('',*,*,#1366,.T.);
#1368=(
BOUNDED_CURVE()
B_SPLINE_CURVE(1,(#1369,#1370),.UNSPECIFIED.,.F.,.F.)
B_SPLINE_CURVE_WITH_KNOTS((2,2),(0.000,1.000),.UNSPECIFIED.)
CURVE()
GEOMETRIC_REPRESENTATION_ITEM()
RATIONAL_B_SPLINE_CURVE((1.0000000000,1.0000000000))
REPRESENTATION_ITEM('')
);
#1369=CARTESIAN_POINT('',(-31.5000000000,15.0000000000,10.0000000000));
#1370=CARTESIAN_POINT('',(-31.5000000000,15.0000000000,2.0000000000));

#1371=EDGE_CURVE('',#1365,#1344,#1368,.T.);
#1372=ORIENTED_EDGE('',*,*,#1371,.T.);
#1373=EDGE_LOOP('',(#1352,#1359,#1367,#1372));
#1374=FACE_OUTER_BOUND('',#1373,.T.);
#1375=ADVANCED_FACE('',(#1374),#1336,.T.);
#1376=COLOUR_RGB('',0.39,0.39,0.39);
#1377=FILL_AREA_STYLE_COLOUR('',#1376);
#1378=FILL_AREA_STYLE('',(#1377));
#1379=SURFACE_STYLE_FILL_AREA(#1378);
#1380=SURFACE_STYLE_TRANSPARENT(0.00);
#1381=SURFACE_STYLE_RENDERING_WITH_PROPERTIES(.NORMAL_SHADING.,#1376,(#1380));
#1382=SURFACE_SIDE_STYLE('',(#1379, #1381));
#1383=SURFACE_STYLE_USAGE(.BOTH.,#1382);
#1384=PRESENTATION_STYLE_ASSIGNMENT((#1383));
#1385=STYLED_ITEM('',(#1384),#1375);

#1386=(
BOUNDED_SURFACE()
B_SPLINE_SURFACE(2,1,((#1387,#1388),(#1389,#1390),(#1391,#1392)),.UNSPECIFIED.,.F.,.F.,.F.)
B_SPLINE_SURFACE_WITH_KNOTS((3,3),(2,2),(0.000,1.000),(0.000,1.000),.UNSPECIFIED.)
GEOMETRIC_REPRESENTATION_ITEM()
RATIONAL_B_SPLINE_SURFACE(((1.0000000000,1.0000000000),(0.7071067812,0.7071067812),(1.0000000000,1.0000000000)))
REPRESENTATION_ITEM('')
SURFACE()
);
#1387=CARTESIAN_POINT('',(-33.5000000000,15.0000000000,2.0000000000));
#1388=CARTESIAN_POINT('',(-33.5000000000,15.0000000000,10.0000000000));
#1389=CARTESIAN_POINT('',(-33.5000000000,16.0000000000,2.0000000000));
#1390=CARTESIAN_POINT('',(-33.5000000000,16.0000000000,10.0000000000));
#1391=CARTESIAN_POINT('',(-32.5000000000,16.0000000000,2.0000000000));
#1392=CARTESIAN_POINT('',(-32.5000000000,16.0000000000,10.0000000000));

#1393=CARTESIAN_POINT('',(-32.5000000000,16.0000000000,2.0000000000));
#1394=VERTEX_POINT('',#1393);
#1395=(
BOUNDED_CURVE()
B_SPLINE_CURVE(2,(#1396,#1397,#1398),.UNSPECIFIED.,.F.,.F.)
B_SPLINE_CURVE_WITH_KNOTS((3,3),(0.000,1.000),.UNSPECIFIED.)
CURVE()
GEOMETRIC_REPRESENTATION_ITEM()
RATIONAL_B_SPLINE_CURVE((1.0000000000,0.7071067812,1.0000000000))
REPRESENTATION_ITEM('')
);
#1396=CARTESIAN_POINT('',(-32.5000000000,16.0000000000,2.0000000000));
#1397=CARTESIAN_POINT('',(-33.5000000000,16.0000000000,2.0000000000));
#1398=CARTESIAN_POINT('',(-33.5000000000,15.0000000000,2.0000000000));

#1399=CARTESIAN_POINT('',(-33.5000000000,15.0000000000,2.0000000000));
#1400=VERTEX_POINT('',#1399);
#1401=EDGE_CURVE('',#1394,#1400,#1395,.T.);
#1402=ORIENTED_EDGE('',*,*,#1401,.T.);
#1403=(
BOUNDED_CURVE()
B_SPLINE_CURVE(1,(#1404,#1405),.UNSPECIFIED.,.F.,.F.)
B_SPLINE_CURVE_WITH_KNOTS((2,2),(0.000,1.000),.UNSPECIFIED.)
CURVE()
GEOMETRIC_REPRESENTATION_ITEM()
RATIONAL_B_SPLINE_CURVE((1.0000000000,1.0000000000))
REPRESENTATION_ITEM('')
);
#1404=CARTESIAN_POINT('',(-33.5000000000,15.0000000000,2.0000000000));
#1405=CARTESIAN_POINT('',(-33.5000000000,15.0000000000,10.0000000000));

#1406=CARTESIAN_POINT('',(-33.5000000000,15.0000000000,10.0000000000));
#1407=VERTEX_POINT('',#1406);
#1408=EDGE_CURVE('',#1400,#1407,#1403,.T.);
#1409=ORIENTED_EDGE('',*,*,#1408,.T.);
#1410=(
BOUNDED_CURVE()
B_SPLINE_CURVE(2,(#1411,#1412,#1413),.UNSPECIFIED.,.F.,.F.)
B_SPLINE_CURVE_WITH_KNOTS((3,3),(0.000,1.000),.UNSPECIFIED.)
CURVE()
GEOMETRIC_REPRESENTATION_ITEM()
RATIONAL_B_SPLINE_CURVE((1.0000000000,0.7071067812,1.0000000000))
REPRESENTATION_ITEM('')
);
#1411=CARTESIAN_POINT('',(-33.5000000000,15.0000000000,10.0000000000));
#1412=CARTESIAN_POINT('',(-33.5000000000,16.0000000000,10.0000000000));
#1413=CARTESIAN_POINT('',(-32.5000000000,16.0000000000,10.0000000000));

#1414=CARTESIAN_POINT('',(-32.5000000000,16.0000000000,10.0000000000));
#1415=VERTEX_POINT('',#1414);
#1416=EDGE_CURVE('',#1407,#1415,#1410,.T.);
#1417=ORIENTED_EDGE('',*,*,#1416,.T.);
#1418=(
BOUNDED_CURVE()
B_SPLINE_CURVE(1,(#1419,#1420),.UNSPECIFIED.,.F.,.F.)
B_SPLINE_CURVE_WITH_KNOTS((2,2),(0.000,1.000),.UNSPECIFIED.)
CURVE()
GEOMETRIC_REPRESENTATION_ITEM()
RATIONAL_B_SPLINE_CURVE((1.0000000000,1.0000000000))
REPRESENTATION_ITEM('')
);
#1419=CARTESIAN_POINT('',(-32.5000000000,16.0000000000,10.0000000000));
#1420=CARTESIAN_POINT('',(-32.5000000000,16.0000000000,2.0000000000));

#1421=EDGE_CURVE('',#1415,#1394,#1418,.T.);
#1422=ORIENTED_EDGE('',*,*,#1421,.T.);
#1423=EDGE_LOOP('',(#1402,#1409,#1417,#1422));
#1424=FACE_OUTER_BOUND('',#1423,.T.);
#1425=ADVANCED_FACE('',(#1424),#1386,.T.);
#1426=COLOUR_RGB('',0.39,0.39,0.39);
#1427=FILL_AREA_STYLE_COLOUR('',#1426);
#1428=FILL_AREA_STYLE('',(#1427));
#1429=SURFACE_STYLE_FILL_AREA(#1428);
#1430=SURFACE_STYLE_TRANSPARENT(0.00);
#1431=SURFACE_STYLE_RENDERING_WITH_PROPERTIES(.NORMAL_SHADING.,#1426,(#1430));
#1432=SURFACE_SIDE_STYLE('',(#1429, #1431));
#1433=SURFACE_STYLE_USAGE(.BOTH.,#1432);
#1434=PRESENTATION_STYLE_ASSIGNMENT((#1433));
#1435=STYLED_ITEM('',(#1434),#1425);

#1436=(
BOUNDED_SURFACE()
B_SPLINE_SURFACE(2,1,((#1437,#1438),(#1439,#1440),(#1441,#1442)),.UNSPECIFIED.,.F.,.F.,.F.)
B_SPLINE_SURFACE_WITH_KNOTS((3,3),(2,2),(0.000,1.000),(0.000,1.000),.UNSPECIFIED.)
GEOMETRIC_REPRESENTATION_ITEM()
RATIONAL_B_SPLINE_SURFACE(((1.0000000000,1.0000000000),(0.7071067812,0.7071067812),(1.0000000000,1.0000000000)))
REPRESENTATION_ITEM('')
SURFACE()
);
#1437=CARTESIAN_POINT('',(-32.5000000000,14.0000000000,2.0000000000));
#1438=CARTESIAN_POINT('',(-32.5000000000,14.0000000000,10.0000000000));
#1439=CARTESIAN_POINT('',(-33.5000000000,14.0000000000,2.0000000000));
#1440=CARTESIAN_POINT('',(-33.5000000000,14.0000000000,10.0000000000));
#1441=CARTESIAN_POINT('',(-33.5000000000,15.0000000000,2.0000000000));
#1442=CARTESIAN_POINT('',(-33.5000000000,15.0000000000,10.0000000000));

#1443=CARTESIAN_POINT('',(-33.5000000000,15.0000000000,2.0000000000));
#1444=VERTEX_POINT('',#1443);
#1445=(
BOUNDED_CURVE()
B_SPLINE_CURVE(2,(#1446,#1447,#1448),.UNSPECIFIED.,.F.,.F.)
B_SPLINE_CURVE_WITH_KNOTS((3,3),(0.000,1.000),.UNSPECIFIED.)
CURVE()
GEOMETRIC_REPRESENTATION_ITEM()
RATIONAL_B_SPLINE_CURVE((1.0000000000,0.7071067812,1.0000000000))
REPRESENTATION_ITEM('')
);
#1446=CARTESIAN_POINT('',(-33.5000000000,15.0000000000,2.0000000000));
#1447=CARTESIAN_POINT('',(-33.5000000000,14.0000000000,2.0000000000));
#1448=CARTESIAN_POINT('',(-32.5000000000,14.0000000000,2.0000000000));

#1449=CARTESIAN_POINT('',(-32.5000000000,14.0000000000,2.0000000000));
#1450=VERTEX_POINT('',#1449);
#1451=EDGE_CURVE('',#1444,#1450,#1445,.T.);
#1452=ORIENTED_EDGE('',*,*,#1451,.T.);
#1453=(
BOUNDED_CURVE()
B_SPLINE_CURVE(1,(#1454,#1455),.UNSPECIFIED.,.F.,.F.)
B_SPLINE_CURVE_WITH_KNOTS((2,2),(0.000,1.000),.UNSPECIFIED.)
CURVE()
GEOMETRIC_REPRESENTATION_ITEM()
RATIONAL_B_SPLINE_CURVE((1.0000000000,1.0000000000))
REPRESENTATION_ITEM('')
);
#1454=CARTESIAN_POINT('',(-32.5000000000,14.0000000000,2.0000000000));
#1455=CARTESIAN_POINT('',(-32.5000000000,14.0000000000,10.0000000000));

#1456=CARTESIAN_POINT('',(-32.5000000000,14.0000000000,10.0000000000));
#1457=VERTEX_POINT('',#1456);
#1458=EDGE_CURVE('',#1450,#1457,#1453,.T.);
#1459=ORIENTED_EDGE('',*,*,#1458,.T.);
#1460=(
BOUNDED_CURVE()
B_SPLINE_CURVE(2,(#1461,#1462,#1463),.UNSPECIFIED.,.F.,.F.)
B_SPLINE_CURVE_WITH_KNOTS((3,3),(0.000,1.000),.UNSPECIFIED.)
CURVE()
GEOMETRIC_REPRESENTATION_ITEM()
RATIONAL_B_SPLINE_CURVE((1.0000000000,0.7071067812,1.0000000000))
REPRESENTATION_ITEM('')
);
#1461=CARTESIAN_POINT('',(-32.5000000000,14.0000000000,10.0000000000));
#1462=CARTESIAN_POINT('',(-33.5000000000,14.0000000000,10.0000000000));
#1463=CARTESIAN_POINT('',(-33.5000000000,15.0000000000,10.0000000000));

#1464=CARTESIAN_POINT('',(-33.5000000000,15.0000000000,10.0000000000));
#1465=VERTEX_POINT('',#1464);
#1466=EDGE_CURVE('',#1457,#1465,#1460,.T.);
#1467=ORIENTED_EDGE('',*,*,#1466,.T.);
#1468=(
BOUNDED_CURVE()
B_SPLINE_CURVE(1,(#1469,#1470),.UNSPECIFIED.,.F.,.F.)
B_SPLINE_CURVE_WITH_KNOTS((2,2),(0.000,1.000),.UNSPECIFIED.)
CURVE()
GEOMETRIC_REPRESENTATION_ITEM()
RATIONAL_B_SPLINE_CURVE((1.0000000000,1.0000000000))
REPRESENTATION_ITEM('')
);
#1469=CARTESIAN_POINT('',(-33.5000000000,15.0000000000,10.0000000000));
#1470=CARTESIAN_POINT('',(-33.5000000000,15.0000000000,2.0000000000));

#1471=EDGE_CURVE('',#1465,#1444,#1468,.T.);
#1472=ORIENTED_EDGE('',*,*,#1471,.T.);
#1473=EDGE_LOOP('',(#1452,#1459,#1467,#1472));
#1474=FACE_OUTER_BOUND('',#1473,.T.);
#1475=ADVANCED_FACE('',(#1474),#1436,.T.);
#1476=COLOUR_RGB('',0.39,0.39,0.39);
#1477=FILL_AREA_STYLE_COLOUR('',#1476);
#1478=FILL_AREA_STYLE('',(#1477));
#1479=SURFACE_STYLE_FILL_AREA(#1478);
#1480=SURFACE_STYLE_TRANSPARENT(0.00);
#1481=SURFACE_STYLE_RENDERING_WITH_PROPERTIES(.NORMAL_SHADING.,#1476,(#1480));
#1482=SURFACE_SIDE_STYLE('',(#1479, #1481));
#1483=SURFACE_STYLE_USAGE(.BOTH.,#1482);
#1484=PRESENTATION_STYLE_ASSIGNMENT((#1483));
#1485=STYLED_ITEM('',(#1484),#1475);

#1486=(
BOUNDED_SURFACE()
B_SPLINE_SURFACE(2,1,((#1487,#1488),(#1489,#1490),(#1491,#1492)),.UNSPECIFIED.,.F.,.F.,.F.)
B_SPLINE_SURFACE_WITH_KNOTS((3,3),(2,2),(0.000,1.000),(0.000,1.000),.UNSPECIFIED.)
GEOMETRIC_REPRESENTATION_ITEM()
RATIONAL_B_SPLINE_SURFACE(((1.0000000000,1.0000000000),(0.7071067812,0.7071067812),(1.0000000000,1.0000000000)))
REPRESENTATION_ITEM('')
SURFACE()
);
#1487=CARTESIAN_POINT('',(-31.5000000000,15.0000000000,2.0000000000));
#1488=CARTESIAN_POINT('',(-31.5000000000,15.0000000000,10.0000000000));
#1489=CARTESIAN_POINT('',(-31.5000000000,14.0000000000,2.0000000000));
#1490=CARTESIAN_POINT('',(-31.5000000000,14.0000000000,10.0000000000));
#1491=CARTESIAN_POINT('',(-32.5000000000,14.0000000000,2.0000000000));
#1492=CARTESIAN_POINT('',(-32.5000000000,14.0000000000,10.0000000000));

#1493=CARTESIAN_POINT('',(-32.5000000000,14.0000000000,2.0000000000));
#1494=VERTEX_POINT('',#1493);
#1495=(
BOUNDED_CURVE()
B_SPLINE_CURVE(2,(#1496,#1497,#1498),.UNSPECIFIED.,.F.,.F.)
B_SPLINE_CURVE_WITH_KNOTS((3,3),(0.000,1.000),.UNSPECIFIED.)
CURVE()
GEOMETRIC_REPRESENTATION_ITEM()
RATIONAL_B_SPLINE_CURVE((1.0000000000,0.7071067812,1.0000000000))
REPRESENTATION_ITEM('')
);
#1496=CARTESIAN_POINT('',(-32.5000000000,14.0000000000,2.0000000000));
#1497=CARTESIAN_POINT('',(-31.5000000000,14.0000000000,2.0000000000));
#1498=CARTESIAN_POINT('',(-31.5000000000,15.0000000000,2.0000000000));

#1499=CARTESIAN_POINT('',(-31.5000000000,15.0000000000,2.0000000000));
#1500=VERTEX_POINT('',#1499);
#1501=EDGE_CURVE('',#1494,#1500,#1495,.T.);
#1502=ORIENTED_EDGE('',*,*,#1501,.T.);
#1503=(
BOUNDED_CURVE()
B_SPLINE_CURVE(1,(#1504,#1505),.UNSPECIFIED.,.F.,.F.)
B_SPLINE_CURVE_WITH_KNOTS((2,2),(0.000,1.000),.UNSPECIFIED.)
CURVE()
GEOMETRIC_REPRESENTATION_ITEM()
RATIONAL_B_SPLINE_CURVE((1.0000000000,1.0000000000))
REPRESENTATION_ITEM('')
);
#1504=CARTESIAN_POINT('',(-31.5000000000,15.0000000000,2.0000000000));
#1505=CARTESIAN_POINT('',(-31.5000000000,15.0000000000,10.0000000000));

#1506=CARTESIAN_POINT('',(-31.5000000000,15.0000000000,10.0000000000));
#1507=VERTEX_POINT('',#1506);
#1508=EDGE_CURVE('',#1500,#1507,#1503,.T.);
#1509=ORIENTED_EDGE('',*,*,#1508,.T.);
#1510=(
BOUNDED_CURVE()
B_SPLINE_CURVE(2,(#1511,#1512,#1513),.UNSPECIFIED.,.F.,.F.)
B_SPLINE_CURVE_WITH_KNOTS((3,3),(0.000,1.000),.UNSPECIFIED.)
CURVE()
GEOMETRIC_REPRESENTATION_ITEM()
RATIONAL_B_SPLINE_CURVE((1.0000000000,0.7071067812,1.0000000000))
REPRESENTATION_ITEM('')
);
#1511=CARTESIAN_POINT('',(-31.5000000000,15.0000000000,10.0000000000));
#1512=CARTESIAN_POINT('',(-31.5000000000,14.0000000000,10.0000000000));
#1513=CARTESIAN_POINT('',(-32.5000000000,14.0000000000,10.0000000000));

#1514=CARTESIAN_POINT('',(-32.5000000000,14.0000000000,10.0000000000));
#1515=VERTEX_POINT('',#1514);
#1516=EDGE_CURVE('',#1507,#1515,#1510,.T.);
#1517=ORIENTED_EDGE('',*,*,#1516,.T.);
#1518=(
BOUNDED_CURVE()
B_SPLINE_CURVE(1,(#1519,#1520),.UNSPECIFIED.,.F.,.F.)
B_SPLINE_CURVE_WITH_KNOTS((2,2),(0.000,1.000),.UNSPECIFIED.)
CURVE()
GEOMETRIC_REPRESENTATION_ITEM()
RATIONAL_B_SPLINE_CURVE((1.0000000000,1.0000000000))
REPRESENTATION_ITEM('')
);
#1519=CARTESIAN_POINT('',(-32.5000000000,14.0000000000,10.0000000000));
#1520=CARTESIAN_POINT('',(-32.5000000000,14.0000000000,2.0000000000));

#1521=EDGE_CURVE('',#1515,#1494,#1518,.T.);
#1522=ORIENTED_EDGE('',*,*,#1521,.T.);
#1523=EDGE_LOOP('',(#1502,#1509,#1517,#1522));
#1524=FACE_OUTER_BOUND('',#1523,.T.);
#1525=ADVANCED_FACE('',(#1524),#1486,.T.);
#1526=COLOUR_RGB('',0.39,0.39,0.39);
#1527=FILL_AREA_STYLE_COLOUR('',#1526);
#1528=FILL_AREA_STYLE('',(#1527));
#1529=SURFACE_STYLE_FILL_AREA(#1528);
#1530=SURFACE_STYLE_TRANSPARENT(0.00);
#1531=SURFACE_STYLE_RENDERING_WITH_PROPERTIES(.NORMAL_SHADING.,#1526,(#1530));
#1532=SURFACE_SIDE_STYLE('',(#1529, #1531));
#1533=SURFACE_STYLE_USAGE(.BOTH.,#1532);
#1534=PRESENTATION_STYLE_ASSIGNMENT((#1533));
#1535=STYLED_ITEM('',(#1534),#1525);

#1536=(
BOUNDED_SURFACE()
B_SPLINE_SURFACE(1,1,((#1537,#1538),(#1539,#1540)),.UNSPECIFIED.,.F.,.F.,.F.)
B_SPLINE_SURFACE_WITH_KNOTS((2,2),(2,2),(0.000,1.000),(0.000,1.000),.UNSPECIFIED.)
GEOMETRIC_REPRESENTATION_ITEM()
RATIONAL_B_SPLINE_SURFACE(((1.0000000000,1.0000000000),(1.0000000000,1.0000000000)))
REPRESENTATION_ITEM('')
SURFACE()
);
#1537=CARTESIAN_POINT('',(31.5000000000,16.0000000000,2.0000000000));
#1538=CARTESIAN_POINT('',(33.5000000000,16.0000000000,2.0000000000));
#1539=CARTESIAN_POINT('',(31.5000000000,14.0000000000,2.0000000000));
#1540=CARTESIAN_POINT('',(33.5000000000,14.0000000000,2.0000000000));

#1541=CARTESIAN_POINT('',(32.5000000000,16.0000000000,2.0000000000));
#1542=VERTEX_POINT('',#1541);
#1543=(
BOUNDED_CURVE()
B_SPLINE_CURVE(2,(#1544,#1545,#1546),.UNSPECIFIED.,.F.,.F.)
B_SPLINE_CURVE_WITH_KNOTS((3,3),(0.000,1.000),.UNSPECIFIED.)
CURVE()
GEOMETRIC_REPRESENTATION_ITEM()
RATIONAL_B_SPLINE_CURVE((1.0000000000,0.7071067812,1.0000000000))
REPRESENTATION_ITEM('')
);
#1544=CARTESIAN_POINT('',(32.5000000000,16.0000000000,2.0000000000));
#1545=CARTESIAN_POINT('',(33.5000000000,16.0000000000,2.0000000000));
#1546=CARTESIAN_POINT('',(33.5000000000,15.0000000000,2.0000000000));

#1547=CARTESIAN_POINT('',(33.5000000000,15.0000000000,2.0000000000));
#1548=VERTEX_POINT('',#1547);
#1549=EDGE_CURVE('',#1542,#1548,#1543,.T.);
#1550=ORIENTED_EDGE('',*,*,#1549,.T.);
#1551=(
BOUNDED_CURVE()
B_SPLINE_CURVE(2,(#1552,#1553,#1554),.UNSPECIFIED.,.F.,.F.)
B_SPLINE_CURVE_WITH_KNOTS((3,3),(0.000,1.000),.UNSPECIFIED.)
CURVE()
GEOMETRIC_REPRESENTATION_ITEM()
RATIONAL_B_SPLINE_CURVE((1.0000000000,0.7071067812,1.0000000000))
REPRESENTATION_ITEM('')
);
#1552=CARTESIAN_POINT('',(33.5000000000,15.0000000000,2.0000000000));
#1553=CARTESIAN_POINT('',(33.5000000000,14.0000000000,2.0000000000));
#1554=CARTESIAN_POINT('',(32.5000000000,14.0000000000,2.0000000000));

#1555=CARTESIAN_POINT('',(32.5000000000,14.0000000000,2.0000000000));
#1556=VERTEX_POINT('',#1555);
#1557=EDGE_CURVE('',#1548,#1556,#1551,.T.);
#1558=ORIENTED_EDGE('',*,*,#1557,.T.);
#1559=(
BOUNDED_CURVE()
B_SPLINE_CURVE(2,(#1560,#1561,#1562),.UNSPECIFIED.,.F.,.F.)
B_SPLINE_CURVE_WITH_KNOTS((3,3),(0.000,1.000),.UNSPECIFIED.)
CURVE()
GEOMETRIC_REPRESENTATION_ITEM()
RATIONAL_B_SPLINE_CURVE((1.0000000000,0.7071067812,1.0000000000))
REPRESENTATION_ITEM('')
);
#1560=CARTESIAN_POINT('',(32.5000000000,14.0000000000,2.0000000000));
#1561=CARTESIAN_POINT('',(31.5000000000,14.0000000000,2.0000000000));
#1562=CARTESIAN_POINT('',(31.5000000000,15.0000000000,2.0000000000));

#1563=CARTESIAN_POINT('',(31.5000000000,15.0000000000,2.0000000000));
#1564=VERTEX_POINT('',#1563);
#1565=EDGE_CURVE('',#1556,#1564,#1559,.T.);
#1566=ORIENTED_EDGE('',*,*,#1565,.T.);
#1567=(
BOUNDED_CURVE()
B_SPLINE_CURVE(2,(#1568,#1569,#1570),.UNSPECIFIED.,.F.,.F.)
B_SPLINE_CURVE_WITH_KNOTS((3,3),(0.000,1.000),.UNSPECIFIED.)
CURVE()
GEOMETRIC_REPRESENTATION_ITEM()
RATIONAL_B_SPLINE_CURVE((1.0000000000,0.7071067812,1.0000000000))
REPRESENTATION_ITEM('')
);
#1568=CARTESIAN_POINT('',(31.5000000000,15.0000000000,2.0000000000));
#1569=CARTESIAN_POINT('',(31.5000000000,16.0000000000,2.0000000000));
#1570=CARTESIAN_POINT('',(32.5000000000,16.0000000000,2.0000000000));

#1571=EDGE_CURVE('',#1564,#1542,#1567,.T.);
#1572=ORIENTED_EDGE('',*,*,#1571,.T.);
#1573=EDGE_LOOP('',(#1550,#1558,#1566,#1572));
#1574=FACE_OUTER_BOUND('',#1573,.T.);
#1575=ADVANCED_FACE('',(#1574),#1536,.T.);
#1576=COLOUR_RGB('',0.39,0.39,0.39);
#1577=FILL_AREA_STYLE_COLOUR('',#1576);
#1578=FILL_AREA_STYLE('',(#1577));
#1579=SURFACE_STYLE_FILL_AREA(#1578);
#1580=SURFACE_STYLE_TRANSPARENT(0.00);
#1581=SURFACE_STYLE_RENDERING_WITH_PROPERTIES(.NORMAL_SHADING.,#1576,(#1580));
#1582=SURFACE_SIDE_STYLE('',(#1579, #1581));
#1583=SURFACE_STYLE_USAGE(.BOTH.,#1582);
#1584=PRESENTATION_STYLE_ASSIGNMENT((#1583));
#1585=STYLED_ITEM('',(#1584),#1575);

#1586=(
BOUNDED_SURFACE()
B_SPLINE_SURFACE(2,1,((#1587,#1588),(#1589,#1590),(#1591,#1592)),.UNSPECIFIED.,.F.,.F.,.F.)
B_SPLINE_SURFACE_WITH_KNOTS((3,3),(2,2),(0.000,1.000),(0.000,1.000),.UNSPECIFIED.)
GEOMETRIC_REPRESENTATION_ITEM()
RATIONAL_B_SPLINE_SURFACE(((1.0000000000,1.0000000000),(0.7071067812,0.7071067812),(1.0000000000,1.0000000000)))
REPRESENTATION_ITEM('')
SURFACE()
);
#1587=CARTESIAN_POINT('',(32.5000000000,16.0000000000,2.0000000000));
#1588=CARTESIAN_POINT('',(32.5000000000,16.0000000000,10.0000000000));
#1589=CARTESIAN_POINT('',(33.5000000000,16.0000000000,2.0000000000));
#1590=CARTESIAN_POINT('',(33.5000000000,16.0000000000,10.0000000000));
#1591=CARTESIAN_POINT('',(33.5000000000,15.0000000000,2.0000000000));
#1592=CARTESIAN_POINT('',(33.5000000000,15.0000000000,10.0000000000));

#1593=CARTESIAN_POINT('',(33.5000000000,15.0000000000,2.0000000000));
#1594=VERTEX_POINT('',#1593);
#1595=(
BOUNDED_CURVE()
B_SPLINE_CURVE(2,(#1596,#1597,#1598),.UNSPECIFIED.,.F.,.F.)
B_SPLINE_CURVE_WITH_KNOTS((3,3),(0.000,1.000),.UNSPECIFIED.)
CURVE()
GEOMETRIC_REPRESENTATION_ITEM()
RATIONAL_B_SPLINE_CURVE((1.0000000000,0.7071067812,1.0000000000))
REPRESENTATION_ITEM('')
);
#1596=CARTESIAN_POINT('',(33.5000000000,15.0000000000,2.0000000000));
#1597=CARTESIAN_POINT('',(33.5000000000,16.0000000000,2.0000000000));
#1598=CARTESIAN_POINT('',(32.5000000000,16.0000000000,2.0000000000));

#1599=CARTESIAN_POINT('',(32.5000000000,16.0000000000,2.0000000000));
#1600=VERTEX_POINT('',#1599);
#1601=EDGE_CURVE('',#1594,#1600,#1595,.T.);
#1602=ORIENTED_EDGE('',*,*,#1601,.T.);
#1603=(
BOUNDED_CURVE()
B_SPLINE_CURVE(1,(#1604,#1605),.UNSPECIFIED.,.F.,.F.)
B_SPLINE_CURVE_WITH_KNOTS((2,2),(0.000,1.000),.UNSPECIFIED.)
CURVE()
GEOMETRIC_REPRESENTATION_ITEM()
RATIONAL_B_SPLINE_CURVE((1.0000000000,1.0000000000))
REPRESENTATION_ITEM('')
);
#1604=CARTESIAN_POINT('',(32.5000000000,16.0000000000,2.0000000000));
#1605=CARTESIAN_POINT('',(32.5000000000,16.0000000000,10.0000000000));

#1606=CARTESIAN_POINT('',(32.5000000000,16.0000000000,10.0000000000));
#1607=VERTEX_POINT('',#1606);
#1608=EDGE_CURVE('',#1600,#1607,#1603,.T.);
#1609=ORIENTED_EDGE('',*,*,#1608,.T.);
#1610=(
BOUNDED_CURVE()
B_SPLINE_CURVE(2,(#1611,#1612,#1613),.UNSPECIFIED.,.F.,.F.)
B_SPLINE_CURVE_WITH_KNOTS((3,3),(0.000,1.000),.UNSPECIFIED.)
CURVE()
GEOMETRIC_REPRESENTATION_ITEM()
RATIONAL_B_SPLINE_CURVE((1.0000000000,0.7071067812,1.0000000000))
REPRESENTATION_ITEM('')
);
#1611=CARTESIAN_POINT('',(32.5000000000,16.0000000000,10.0000000000));
#1612=CARTESIAN_POINT('',(33.5000000000,16.0000000000,10.0000000000));
#1613=CARTESIAN_POINT('',(33.5000000000,15.0000000000,10.0000000000));

#1614=CARTESIAN_POINT('',(33.5000000000,15.0000000000,10.0000000000));
#1615=VERTEX_POINT('',#1614);
#1616=EDGE_CURVE('',#1607,#1615,#1610,.T.);
#1617=ORIENTED_EDGE('',*,*,#1616,.T.);
#1618=(
BOUNDED_CURVE()
B_SPLINE_CURVE(1,(#1619,#1620),.UNSPECIFIED.,.F.,.F.)
B_SPLINE_CURVE_WITH_KNOTS((2,2),(0.000,1.000),.UNSPECIFIED.)
CURVE()
GEOMETRIC_REPRESENTATION_ITEM()
RATIONAL_B_SPLINE_CURVE((1.0000000000,1.0000000000))
REPRESENTATION_ITEM('')
);
#1619=CARTESIAN_POINT('',(33.5000000000,15.0000000000,10.0000000000));
#1620=CARTESIAN_POINT('',(33.5000000000,15.0000000000,2.0000000000));

#1621=EDGE_CURVE('',#1615,#1594,#1618,.T.);
#1622=ORIENTED_EDGE('',*,*,#1621,.T.);
#1623=EDGE_LOOP('',(#1602,#1609,#1617,#1622));
#1624=FACE_OUTER_BOUND('',#1623,.T.);
#1625=ADVANCED_FACE('',(#1624),#1586,.T.);
#1626=COLOUR_RGB('',0.39,0.39,0.39);
#1627=FILL_AREA_STYLE_COLOUR('',#1626);
#1628=FILL_AREA_STYLE('',(#1627));
#1629=SURFACE_STYLE_FILL_AREA(#1628);
#1630=SURFACE_STYLE_TRANSPARENT(0.00);
#1631=SURFACE_STYLE_RENDERING_WITH_PROPERTIES(.NORMAL_SHADING.,#1626,(#1630));
#1632=SURFACE_SIDE_STYLE('',(#1629, #1631));
#1633=SURFACE_STYLE_USAGE(.BOTH.,#1632);
#1634=PRESENTATION_STYLE_ASSIGNMENT((#1633));
#1635=STYLED_ITEM('',(#1634),#1625);

#1636=(
BOUNDED_SURFACE()
B_SPLINE_SURFACE(2,1,((#1637,#1638),(#1639,#1640),(#1641,#1642)),.UNSPECIFIED.,.F.,.F.,.F.)
B_SPLINE_SURFACE_WITH_KNOTS((3,3),(2,2),(0.000,1.000),(0.000,1.000),.UNSPECIFIED.)
GEOMETRIC_REPRESENTATION_ITEM()
RATIONAL_B_SPLINE_SURFACE(((1.0000000000,1.0000000000),(0.7071067812,0.7071067812),(1.0000000000,1.0000000000)))
REPRESENTATION_ITEM('')
SURFACE()
);
#1637=CARTESIAN_POINT('',(31.5000000000,15.0000000000,2.0000000000));
#1638=CARTESIAN_POINT('',(31.5000000000,15.0000000000,10.0000000000));
#1639=CARTESIAN_POINT('',(31.5000000000,16.0000000000,2.0000000000));
#1640=CARTESIAN_POINT('',(31.5000000000,16.0000000000,10.0000000000));
#1641=CARTESIAN_POINT('',(32.5000000000,16.0000000000,2.0000000000));
#1642=CARTESIAN_POINT('',(32.5000000000,16.0000000000,10.0000000000));

#1643=CARTESIAN_POINT('',(32.5000000000,16.0000000000,2.0000000000));
#1644=VERTEX_POINT('',#1643);
#1645=(
BOUNDED_CURVE()
B_SPLINE_CURVE(2,(#1646,#1647,#1648),.UNSPECIFIED.,.F.,.F.)
B_SPLINE_CURVE_WITH_KNOTS((3,3),(0.000,1.000),.UNSPECIFIED.)
CURVE()
GEOMETRIC_REPRESENTATION_ITEM()
RATIONAL_B_SPLINE_CURVE((1.0000000000,0.7071067812,1.0000000000))
REPRESENTATION_ITEM('')
);
#1646=CARTESIAN_POINT('',(32.5000000000,16.0000000000,2.0000000000));
#1647=CARTESIAN_POINT('',(31.5000000000,16.0000000000,2.0000000000));
#1648=CARTESIAN_POINT('',(31.5000000000,15.0000000000,2.0000000000));

#1649=CARTESIAN_POINT('',(31.5000000000,15.0000000000,2.0000000000));
#1650=VERTEX_POINT('',#1649);
#1651=EDGE_CURVE('',#1644,#1650,#1645,.T.);
#1652=ORIENTED_EDGE('',*,*,#1651,.T.);
#1653=(
BOUNDED_CURVE()
B_SPLINE_CURVE(1,(#1654,#1655),.UNSPECIFIED.,.F.,.F.)
B_SPLINE_CURVE_WITH_KNOTS((2,2),(0.000,1.000),.UNSPECIFIED.)
CURVE()
GEOMETRIC_REPRESENTATION_ITEM()
RATIONAL_B_SPLINE_CURVE((1.0000000000,1.0000000000))
REPRESENTATION_ITEM('')
);
#1654=CARTESIAN_POINT('',(31.5000000000,15.0000000000,2.0000000000));
#1655=CARTESIAN_POINT('',(31.5000000000,15.0000000000,10.0000000000));

#1656=CARTESIAN_POINT('',(31.5000000000,15.0000000000,10.0000000000));
#1657=VERTEX_POINT('',#1656);
#1658=EDGE_CURVE('',#1650,#1657,#1653,.T.);
#1659=ORIENTED_EDGE('',*,*,#1658,.T.);
#1660=(
BOUNDED_CURVE()
B_SPLINE_CURVE(2,(#1661,#1662,#1663),.UNSPECIFIED.,.F.,.F.)
B_SPLINE_CURVE_WITH_KNOTS((3,3),(0.000,1.000),.UNSPECIFIED.)
CURVE()
GEOMETRIC_REPRESENTATION_ITEM()
RATIONAL_B_SPLINE_CURVE((1.0000000000,0.7071067812,1.0000000000))
REPRESENTATION_ITEM('')
);
#1661=CARTESIAN_POINT('',(31.5000000000,15.0000000000,10.0000000000));
#1662=CARTESIAN_POINT('',(31.5000000000,16.0000000000,10.0000000000));
#1663=CARTESIAN_POINT('',(32.5000000000,16.0000000000,10.0000000000));

#1664=CARTESIAN_POINT('',(32.5000000000,16.0000000000,10.0000000000));
#1665=VERTEX_POINT('',#1664);
#1666=EDGE_CURVE('',#1657,#1665,#1660,.T.);
#1667=ORIENTED_EDGE('',*,*,#1666,.T.);
#1668=(
BOUNDED_CURVE()
B_SPLINE_CURVE(1,(#1669,#1670),.UNSPECIFIED.,.F.,.F.)
B_SPLINE_CURVE_WITH_KNOTS((2,2),(0.000,1.000),.UNSPECIFIED.)
CURVE()
GEOMETRIC_REPRESENTATION_ITEM()
RATIONAL_B_SPLINE_CURVE((1.0000000000,1.0000000000))
REPRESENTATION_ITEM('')
);
#1669=CARTESIAN_POINT('',(32.5000000000,16.0000000000,10.0000000000));
#1670=CARTESIAN_POINT('',(32.5000000000,16.0000000000,2.0000000000));

#1671=EDGE_CURVE('',#1665,#1644,#1668,.T.);
#1672=ORIENTED_EDGE('',*,*,#1671,.T.);
#1673=EDGE_LOOP('',(#1652,#1659,#1667,#1672));
#1674=FACE_OUTER_BOUND('',#1673,.T.);
#1675=ADVANCED_FACE('',(#1674),#1636,.T.);
#1676=COLOUR_RGB('',0.39,0.39,0.39);
#1677=FILL_AREA_STYLE_COLOUR('',#1676);
#1678=FILL_AREA_STYLE('',(#1677));
#1679=SURFACE_STYLE_FILL_AREA(#1678);
#1680=SURFACE_STYLE_TRANSPARENT(0.00);
#1681=SURFACE_STYLE_RENDERING_WITH_PROPERTIES(.NORMAL_SHADING.,#1676,(#1680));
#1682=SURFACE_SIDE_STYLE('',(#1679, #1681));
#1683=SURFACE_STYLE_USAGE(.BOTH.,#1682);
#1684=PRESENTATION_STYLE_ASSIGNMENT((#1683));
#1685=STYLED_ITEM('',(#1684),#1675);

#1686=(
BOUNDED_SURFACE()
B_SPLINE_SURFACE(2,1,((#1687,#1688),(#1689,#1690),(#1691,#1692)),.UNSPECIFIED.,.F.,.F.,.F.)
B_SPLINE_SURFACE_WITH_KNOTS((3,3),(2,2),(0.000,1.000),(0.000,1.000),.UNSPECIFIED.)
GEOMETRIC_REPRESENTATION_ITEM()
RATIONAL_B_SPLINE_SURFACE(((1.0000000000,1.0000000000),(0.7071067812,0.7071067812),(1.0000000000,1.0000000000)))
REPRESENTATION_ITEM('')
SURFACE()
);
#1687=CARTESIAN_POINT('',(32.5000000000,14.0000000000,2.0000000000));
#1688=CARTESIAN_POINT('',(32.5000000000,14.0000000000,10.0000000000));
#1689=CARTESIAN_POINT('',(31.5000000000,14.0000000000,2.0000000000));
#1690=CARTESIAN_POINT('',(31.5000000000,14.0000000000,10.0000000000));
#1691=CARTESIAN_POINT('',(31.5000000000,15.0000000000,2.0000000000));
#1692=CARTESIAN_POINT('',(31.5000000000,15.0000000000,10.0000000000));

#1693=CARTESIAN_POINT('',(31.5000000000,15.0000000000,2.0000000000));
#1694=VERTEX_POINT('',#1693);
#1695=(
BOUNDED_CURVE()
B_SPLINE_CURVE(2,(#1696,#1697,#1698),.UNSPECIFIED.,.F.,.F.)
B_SPLINE_CURVE_WITH_KNOTS((3,3),(0.000,1.000),.UNSPECIFIED.)
CURVE()
GEOMETRIC_REPRESENTATION_ITEM()
RATIONAL_B_SPLINE_CURVE((1.0000000000,0.7071067812,1.0000000000))
REPRESENTATION_ITEM('')
);
#1696=CARTESIAN_POINT('',(31.5000000000,15.0000000000,2.0000000000));
#1697=CARTESIAN_POINT('',(31.5000000000,14.0000000000,2.0000000000));
#1698=CARTESIAN_POINT('',(32.5000000000,14.0000000000,2.0000000000));

#1699=CARTESIAN_POINT('',(32.5000000000,14.0000000000,2.0000000000));
#1700=VERTEX_POINT('',#1699);
#1701=EDGE_CURVE('',#1694,#1700,#1695,.T.);
#1702=ORIENTED_EDGE('',*,*,#1701,.T.);
#1703=(
BOUNDED_CURVE()
B_SPLINE_CURVE(1,(#1704,#1705),.UNSPECIFIED.,.F.,.F.)
B_SPLINE_CURVE_WITH_KNOTS((2,2),(0.000,1.000),.UNSPECIFIED.)
CURVE()
GEOMETRIC_REPRESENTATION_ITEM()
RATIONAL_B_SPLINE_CURVE((1.0000000000,1.0000000000))
REPRESENTATION_ITEM('')
);
#1704=CARTESIAN_POINT('',(32.5000000000,14.0000000000,2.0000000000));
#1705=CARTESIAN_POINT('',(32.5000000000,14.0000000000,10.0000000000));

#1706=CARTESIAN_POINT('',(32.5000000000,14.0000000000,10.0000000000));
#1707=VERTEX_POINT('',#1706);
#1708=EDGE_CURVE('',#1700,#1707,#1703,.T.);
#1709=ORIENTED_EDGE('',*,*,#1708,.T.);
#1710=(
BOUNDED_CURVE()
B_SPLINE_CURVE(2,(#1711,#1712,#1713),.UNSPECIFIED.,.F.,.F.)
B_SPLINE_CURVE_WITH_KNOTS((3,3),(0.000,1.000),.UNSPECIFIED.)
CURVE()
GEOMETRIC_REPRESENTATION_ITEM()
RATIONAL_B_SPLINE_CURVE((1.0000000000,0.7071067812,1.0000000000))
REPRESENTATION_ITEM('')
);
#1711=CARTESIAN_POINT('',(32.5000000000,14.0000000000,10.0000000000));
#1712=CARTESIAN_POINT('',(31.5000000000,14.0000000000,10.0000000000));
#1713=CARTESIAN_POINT('',(31.5000000000,15.0000000000,10.0000000000));

#1714=CARTESIAN_POINT('',(31.5000000000,15.0000000000,10.0000000000));
#1715=VERTEX_POINT('',#1714);
#1716=EDGE_CURVE('',#1707,#1715,#1710,.T.);
#1717=ORIENTED_EDGE('',*,*,#1716,.T.);
#1718=(
BOUNDED_CURVE()
B_SPLINE_CURVE(1,(#1719,#1720),.UNSPECIFIED.,.F.,.F.)
B_SPLINE_CURVE_WITH_KNOTS((2,2),(0.000,1.000),.UNSPECIFIED.)
CURVE()
GEOMETRIC_REPRESENTATION_ITEM()
RATIONAL_B_SPLINE_CURVE((1.0000000000,1.0000000000))
REPRESENTATION_ITEM('')
);
#1719=CARTESIAN_POINT('',(31.5000000000,15.0000000000,10.0000000000));
#1720=CARTESIAN_POINT('',(31.5000000000,15.0000000000,2.0000000000));

#1721=EDGE_CURVE('',#1715,#1694,#1718,.T.);
#1722=ORIENTED_EDGE('',*,*,#1721,.T.);
#1723=EDGE_LOOP('',(#1702,#1709,#1717,#1722));
#1724=FACE_OUTER_BOUND('',#1723,.T.);
#1725=ADVANCED_FACE('',(#1724),#1686,.T.);
#1726=COLOUR_RGB('',0.39,0.39,0.39);
#1727=FILL_AREA_STYLE_COLOUR('',#1726);
#1728=FILL_AREA_STYLE('',(#1727));
#1729=SURFACE_STYLE_FILL_AREA(#1728);
#1730=SURFACE_STYLE_TRANSPARENT(0.00);
#1731=SURFACE_STYLE_RENDERING_WITH_PROPERTIES(.NORMAL_SHADING.,#1726,(#1730));
#1732=SURFACE_SIDE_STYLE('',(#1729, #1731));
#1733=SURFACE_STYLE_USAGE(.BOTH.,#1732);
#1734=PRESENTATION_STYLE_ASSIGNMENT((#1733));
#1735=STYLED_ITEM('',(#1734),#1725);

#1736=(
BOUNDED_SURFACE()
B_SPLINE_SURFACE(2,1,((#1737,#1738),(#1739,#1740),(#1741,#1742)),.UNSPECIFIED.,.F.,.F.,.F.)
B_SPLINE_SURFACE_WITH_KNOTS((3,3),(2,2),(0.000,1.000),(0.000,1.000),.UNSPECIFIED.)
GEOMETRIC_REPRESENTATION_ITEM()
RATIONAL_B_SPLINE_SURFACE(((1.0000000000,1.0000000000),(0.7071067812,0.7071067812),(1.0000000000,1.0000000000)))
REPRESENTATION_ITEM('')
SURFACE()
);
#1737=CARTESIAN_POINT('',(33.5000000000,15.0000000000,2.0000000000));
#1738=CARTESIAN_POINT('',(33.5000000000,15.0000000000,10.0000000000));
#1739=CARTESIAN_POINT('',(33.5000000000,14.0000000000,2.0000000000));
#1740=CARTESIAN_POINT('',(33.5000000000,14.0000000000,10.0000000000));
#1741=CARTESIAN_POINT('',(32.5000000000,14.0000000000,2.0000000000));
#1742=CARTESIAN_POINT('',(32.5000000000,14.0000000000,10.0000000000));

#1743=CARTESIAN_POINT('',(32.5000000000,14.0000000000,2.0000000000));
#1744=VERTEX_POINT('',#1743);
#1745=(
BOUNDED_CURVE()
B_SPLINE_CURVE(2,(#1746,#1747,#1748),.UNSPECIFIED.,.F.,.F.)
B_SPLINE_CURVE_WITH_KNOTS((3,3),(0.000,1.000),.UNSPECIFIED.)
CURVE()
GEOMETRIC_REPRESENTATION_ITEM()
RATIONAL_B_SPLINE_CURVE((1.0000000000,0.7071067812,1.0000000000))
REPRESENTATION_ITEM('')
);
#1746=CARTESIAN_POINT('',(32.5000000000,14.0000000000,2.0000000000));
#1747=CARTESIAN_POINT('',(33.5000000000,14.0000000000,2.0000000000));
#1748=CARTESIAN_POINT('',(33.5000000000,15.0000000000,2.0000000000));

#1749=CARTESIAN_POINT('',(33.5000000000,15.0000000000,2.0000000000));
#1750=VERTEX_POINT('',#1749);
#1751=EDGE_CURVE('',#1744,#1750,#1745,.T.);
#1752=ORIENTED_EDGE('',*,*,#1751,.T.);
#1753=(
BOUNDED_CURVE()
B_SPLINE_CURVE(1,(#1754,#1755),.UNSPECIFIED.,.F.,.F.)
B_SPLINE_CURVE_WITH_KNOTS((2,2),(0.000,1.000),.UNSPECIFIED.)
CURVE()
GEOMETRIC_REPRESENTATION_ITEM()
RATIONAL_B_SPLINE_CURVE((1.0000000000,1.0000000000))
REPRESENTATION_ITEM('')
);
#1754=CARTESIAN_POINT('',(33.5000000000,15.0000000000,2.0000000000));
#1755=CARTESIAN_POINT('',(33.5000000000,15.0000000000,10.0000000000));

#1756=CARTESIAN_POINT('',(33.5000000000,15.0000000000,10.0000000000));
#1757=VERTEX_POINT('',#1756);
#1758=EDGE_CURVE('',#1750,#1757,#1753,.T.);
#1759=ORIENTED_EDGE('',*,*,#1758,.T.);
#1760=(
BOUNDED_CURVE()
B_SPLINE_CURVE(2,(#1761,#1762,#1763),.UNSPECIFIED.,.F.,.F.)
B_SPLINE_CURVE_WITH_KNOTS((3,3),(0.000,1.000),.UNSPECIFIED.)
CURVE()
GEOMETRIC_REPRESENTATION_ITEM()
RATIONAL_B_SPLINE_CURVE((1.0000000000,0.7071067812,1.0000000000))
REPRESENTATION_ITEM('')
);
#1761=CARTESIAN_POINT('',(33.5000000000,15.0000000000,10.0000000000));
#1762=CARTESIAN_POINT('',(33.5000000000,14.0000000000,10.0000000000));
#1763=CARTESIAN_POINT('',(32.5000000000,14.0000000000,10.0000000000));

#1764=CARTESIAN_POINT('',(32.5000000000,14.0000000000,10.0000000000));
#1765=VERTEX_POINT('',#1764);
#1766=EDGE_CURVE('',#1757,#1765,#1760,.T.);
#1767=ORIENTED_EDGE('',*,*,#1766,.T.);
#1768=(
BOUNDED_CURVE()
B_SPLINE_CURVE(1,(#1769,#1770),.UNSPECIFIED.,.F.,.F.)
B_SPLINE_CURVE_WITH_KNOTS((2,2),(0.000,1.000),.UNSPECIFIED.)
CURVE()
GEOMETRIC_REPRESENTATION_ITEM()
RATIONAL_B_SPLINE_CURVE((1.0000000000,1.0000000000))
REPRESENTATION_ITEM('')
);
#1769=CARTESIAN_POINT('',(32.5000000000,14.0000000000,10.0000000000));
#1770=CARTESIAN_POINT('',(32.5000000000,14.0000000000,2.0000000000));

#1771=EDGE_CURVE('',#1765,#1744,#1768,.T.);
#1772=ORIENTED_EDGE('',*,*,#1771,.T.);
#1773=EDGE_LOOP('',(#1752,#1759,#1767,#1772));
#1774=FACE_OUTER_BOUND('',#1773,.T.);
#1775=ADVANCED_FACE('',(#1774),#1736,.T.);
#1776=COLOUR_RGB('',0.39,0.39,0.39);
#1777=FILL_AREA_STYLE_COLOUR('',#1776);
#1778=FILL_AREA_STYLE('',(#1777));
#1779=SURFACE_STYLE_FILL_AREA(#1778);
#1780=SURFACE_STYLE_TRANSPARENT(0.00);
#1781=SURFACE_STYLE_RENDERING_WITH_PROPERTIES(.NORMAL_SHADING.,#1776,(#1780));
#1782=SURFACE_SIDE_STYLE('',(#1779, #1781));
#1783=SURFACE_STYLE_USAGE(.BOTH.,#1782);
#1784=PRESENTATION_STYLE_ASSIGNMENT((#1783));
#1785=STYLED_ITEM('',(#1784),#1775);

#1786=(
BOUNDED_SURFACE()
B_SPLINE_SURFACE(1,1,((#1787,#1788),(#1789,#1790)),.UNSPECIFIED.,.F.,.F.,.F.)
B_SPLINE_SURFACE_WITH_KNOTS((2,2),(2,2),(0.000,1.000),(0.000,1.000),.UNSPECIFIED.)
GEOMETRIC_REPRESENTATION_ITEM()
RATIONAL_B_SPLINE_SURFACE(((1.0000000000,1.0000000000),(1.0000000000,1.0000000000)))
REPRESENTATION_ITEM('')
SURFACE()
);
#1787=CARTESIAN_POINT('',(-33.5000000000,-14.0000000000,2.0000000000));
#1788=CARTESIAN_POINT('',(-31.5000000000,-14.0000000000,2.0000000000));
#1789=CARTESIAN_POINT('',(-33.5000000000,-16.0000000000,2.0000000000));
#1790=CARTESIAN_POINT('',(-31.5000000000,-16.0000000000,2.0000000000));

#1791=CARTESIAN_POINT('',(-32.5000000000,-14.0000000000,2.0000000000));
#1792=VERTEX_POINT('',#1791);
#1793=(
BOUNDED_CURVE()
B_SPLINE_CURVE(2,(#1794,#1795,#1796),.UNSPECIFIED.,.F.,.F.)
B_SPLINE_CURVE_WITH_KNOTS((3,3),(0.000,1.000),.UNSPECIFIED.)
CURVE()
GEOMETRIC_REPRESENTATION_ITEM()
RATIONAL_B_SPLINE_CURVE((1.0000000000,0.7071067812,1.0000000000))
REPRESENTATION_ITEM('')
);
#1794=CARTESIAN_POINT('',(-32.5000000000,-14.0000000000,2.0000000000));
#1795=CARTESIAN_POINT('',(-31.5000000000,-14.0000000000,2.0000000000));
#1796=CARTESIAN_POINT('',(-31.5000000000,-15.0000000000,2.0000000000));

#1797=CARTESIAN_POINT('',(-31.5000000000,-15.0000000000,2.0000000000));
#1798=VERTEX_POINT('',#1797);
#1799=EDGE_CURVE('',#1792,#1798,#1793,.T.);
#1800=ORIENTED_EDGE('',*,*,#1799,.T.);
#1801=(
BOUNDED_CURVE()
B_SPLINE_CURVE(2,(#1802,#1803,#1804),.UNSPECIFIED.,.F.,.F.)
B_SPLINE_CURVE_WITH_KNOTS((3,3),(0.000,1.000),.UNSPECIFIED.)
CURVE()
GEOMETRIC_REPRESENTATION_ITEM()
RATIONAL_B_SPLINE_CURVE((1.0000000000,0.7071067812,1.0000000000))
REPRESENTATION_ITEM('')
);
#1802=CARTESIAN_POINT('',(-31.5000000000,-15.0000000000,2.0000000000));
#1803=CARTESIAN_POINT('',(-31.5000000000,-16.0000000000,2.0000000000));
#1804=CARTESIAN_POINT('',(-32.5000000000,-16.0000000000,2.0000000000));

#1805=CARTESIAN_POINT('',(-32.5000000000,-16.0000000000,2.0000000000));
#1806=VERTEX_POINT('',#1805);
#1807=EDGE_CURVE('',#1798,#1806,#1801,.T.);
#1808=ORIENTED_EDGE('',*,*,#1807,.T.);
#1809=(
BOUNDED_CURVE()
B_SPLINE_CURVE(2,(#1810,#1811,#1812),.UNSPECIFIED.,.F.,.F.)
B_SPLINE_CURVE_WITH_KNOTS((3,3),(0.000,1.000),.UNSPECIFIED.)
CURVE()
GEOMETRIC_REPRESENTATION_ITEM()
RATIONAL_B_SPLINE_CURVE((1.0000000000,0.7071067812,1.0000000000))
REPRESENTATION_ITEM('')
);
#1810=CARTESIAN_POINT('',(-32.5000000000,-16.0000000000,2.0000000000));
#1811=CARTESIAN_POINT('',(-33.5000000000,-16.0000000000,2.0000000000));
#1812=CARTESIAN_POINT('',(-33.5000000000,-15.0000000000,2.0000000000));

#1813=CARTESIAN_POINT('',(-33.5000000000,-15.0000000000,2.0000000000));
#1814=VERTEX_POINT('',#1813);
#1815=EDGE_CURVE('',#1806,#1814,#1809,.T.);
#1816=ORIENTED_EDGE('',*,*,#1815,.T.);
#1817=(
BOUNDED_CURVE()
B_SPLINE_CURVE(2,(#1818,#1819,#1820),.UNSPECIFIED.,.F.,.F.)
B_SPLINE_CURVE_WITH_KNOTS((3,3),(0.000,1.000),.UNSPECIFIED.)
CURVE()
GEOMETRIC_REPRESENTATION_ITEM()
RATIONAL_B_SPLINE_CURVE((1.0000000000,0.7071067812,1.0000000000))
REPRESENTATION_ITEM('')
);
#1818=CARTESIAN_POINT('',(-33.5000000000,-15.0000000000,2.0000000000));
#1819=CARTESIAN_POINT('',(-33.5000000000,-14.0000000000,2.0000000000));
#1820=CARTESIAN_POINT('',(-32.5000000000,-14.0000000000,2.0000000000));

#1821=EDGE_CURVE('',#1814,#1792,#1817,.T.);
#1822=ORIENTED_EDGE('',*,*,#1821,.T.);
#1823=EDGE_LOOP('',(#1800,#1808,#1816,#1822));
#1824=FACE_OUTER_BOUND('',#1823,.T.);
#1825=ADVANCED_FACE('',(#1824),#1786,.T.);
#1826=COLOUR_RGB('',0.39,0.39,0.39);
#1827=FILL_AREA_STYLE_COLOUR('',#1826);
#1828=FILL_AREA_STYLE('',(#1827));
#1829=SURFACE_STYLE_FILL_AREA(#1828);
#1830=SURFACE_STYLE_TRANSPARENT(0.00);
#1831=SURFACE_STYLE_RENDERING_WITH_PROPERTIES(.NORMAL_SHADING.,#1826,(#1830));
#1832=SURFACE_SIDE_STYLE('',(#1829, #1831));
#1833=SURFACE_STYLE_USAGE(.BOTH.,#1832);
#1834=PRESENTATION_STYLE_ASSIGNMENT((#1833));
#1835=STYLED_ITEM('',(#1834),#1825);

#1836=(
BOUNDED_SURFACE()
B_SPLINE_SURFACE(2,1,((#1837,#1838),(#1839,#1840),(#1841,#1842)),.UNSPECIFIED.,.F.,.F.,.F.)
B_SPLINE_SURFACE_WITH_KNOTS((3,3),(2,2),(0.000,1.000),(0.000,1.000),.UNSPECIFIED.)
GEOMETRIC_REPRESENTATION_ITEM()
RATIONAL_B_SPLINE_SURFACE(((1.0000000000,1.0000000000),(0.7071067812,0.7071067812),(1.0000000000,1.0000000000)))
REPRESENTATION_ITEM('')
SURFACE()
);
#1837=CARTESIAN_POINT('',(-32.5000000000,-14.0000000000,2.0000000000));
#1838=CARTESIAN_POINT('',(-32.5000000000,-14.0000000000,10.0000000000));
#1839=CARTESIAN_POINT('',(-31.5000000000,-14.0000000000,2.0000000000));
#1840=CARTESIAN_POINT('',(-31.5000000000,-14.0000000000,10.0000000000));
#1841=CARTESIAN_POINT('',(-31.5000000000,-15.0000000000,2.0000000000));
#1842=CARTESIAN_POINT('',(-31.5000000000,-15.0000000000,10.0000000000));

#1843=CARTESIAN_POINT('',(-31.5000000000,-15.0000000000,10.0000000000));
#1844=VERTEX_POINT('',#1843);
#1845=(
BOUNDED_CURVE()
B_SPLINE_CURVE(1,(#1846,#1847),.UNSPECIFIED.,.F.,.F.)
B_SPLINE_CURVE_WITH_KNOTS((2,2),(0.000,1.000),.UNSPECIFIED.)
CURVE()
GEOMETRIC_REPRESENTATION_ITEM()
RATIONAL_B_SPLINE_CURVE((1.0000000000,1.0000000000))
REPRESENTATION_ITEM('')
);
#1846=CARTESIAN_POINT('',(-31.5000000000,-15.0000000000,10.0000000000));
#1847=CARTESIAN_POINT('',(-31.5000000000,-15.0000000000,2.0000000000));

#1848=CARTESIAN_POINT('',(-31.5000000000,-15.0000000000,2.0000000000));
#1849=VERTEX_POINT('',#1848);
#1850=EDGE_CURVE('',#1844,#1849,#1845,.T.);
#1851=ORIENTED_EDGE('',*,*,#1850,.T.);
#1852=(
BOUNDED_CURVE()
B_SPLINE_CURVE(2,(#1853,#1854,#1855),.UNSPECIFIED.,.F.,.F.)
B_SPLINE_CURVE_WITH_KNOTS((3,3),(0.000,1.000),.UNSPECIFIED.)
CURVE()
GEOMETRIC_REPRESENTATION_ITEM()
RATIONAL_B_SPLINE_CURVE((1.0000000000,0.7071067812,1.0000000000))
REPRESENTATION_ITEM('')
);
#1853=CARTESIAN_POINT('',(-31.5000000000,-15.0000000000,2.0000000000));
#1854=CARTESIAN_POINT('',(-31.5000000000,-14.0000000000,2.0000000000));
#1855=CARTESIAN_POINT('',(-32.5000000000,-14.0000000000,2.0000000000));

#1856=CARTESIAN_POINT('',(-32.5000000000,-14.0000000000,2.0000000000));
#1857=VERTEX_POINT('',#1856);
#1858=EDGE_CURVE('',#1849,#1857,#1852,.T.);
#1859=ORIENTED_EDGE('',*,*,#1858,.T.);
#1860=(
BOUNDED_CURVE()
B_SPLINE_CURVE(1,(#1861,#1862),.UNSPECIFIED.,.F.,.F.)
B_SPLINE_CURVE_WITH_KNOTS((2,2),(0.000,1.000),.UNSPECIFIED.)
CURVE()
GEOMETRIC_REPRESENTATION_ITEM()
RATIONAL_B_SPLINE_CURVE((1.0000000000,1.0000000000))
REPRESENTATION_ITEM('')
);
#1861=CARTESIAN_POINT('',(-32.5000000000,-14.0000000000,2.0000000000));
#1862=CARTESIAN_POINT('',(-32.5000000000,-14.0000000000,10.0000000000));

#1863=CARTESIAN_POINT('',(-32.5000000000,-14.0000000000,10.0000000000));
#1864=VERTEX_POINT('',#1863);
#1865=EDGE_CURVE('',#1857,#1864,#1860,.T.);
#1866=ORIENTED_EDGE('',*,*,#1865,.T.);
#1867=(
BOUNDED_CURVE()
B_SPLINE_CURVE(2,(#1868,#1869,#1870),.UNSPECIFIED.,.F.,.F.)
B_SPLINE_CURVE_WITH_KNOTS((3,3),(0.000,1.000),.UNSPECIFIED.)
CURVE()
GEOMETRIC_REPRESENTATION_ITEM()
RATIONAL_B_SPLINE_CURVE((1.0000000000,0.7071067812,1.0000000000))
REPRESENTATION_ITEM('')
);
#1868=CARTESIAN_POINT('',(-32.5000000000,-14.0000000000,10.0000000000));
#1869=CARTESIAN_POINT('',(-31.5000000000,-14.0000000000,10.0000000000));
#1870=CARTESIAN_POINT('',(-31.5000000000,-15.0000000000,10.0000000000));

#1871=EDGE_CURVE('',#1864,#1844,#1867,.T.);
#1872=ORIENTED_EDGE('',*,*,#1871,.T.);
#1873=EDGE_LOOP('',(#1851,#1859,#1866,#1872));
#1874=FACE_OUTER_BOUND('',#1873,.T.);
#1875=ADVANCED_FACE('',(#1874),#1836,.T.);
#1876=COLOUR_RGB('',0.39,0.39,0.39);
#1877=FILL_AREA_STYLE_COLOUR('',#1876);
#1878=FILL_AREA_STYLE('',(#1877));
#1879=SURFACE_STYLE_FILL_AREA(#1878);
#1880=SURFACE_STYLE_TRANSPARENT(0.00);
#1881=SURFACE_STYLE_RENDERING_WITH_PROPERTIES(.NORMAL_SHADING.,#1876,(#1880));
#1882=SURFACE_SIDE_STYLE('',(#1879, #1881));
#1883=SURFACE_STYLE_USAGE(.BOTH.,#1882);
#1884=PRESENTATION_STYLE_ASSIGNMENT((#1883));
#1885=STYLED_ITEM('',(#1884),#1875);

#1886=(
BOUNDED_SURFACE()
B_SPLINE_SURFACE(2,1,((#1887,#1888),(#1889,#1890),(#1891,#1892)),.UNSPECIFIED.,.F.,.F.,.F.)
B_SPLINE_SURFACE_WITH_KNOTS((3,3),(2,2),(0.000,1.000),(0.000,1.000),.UNSPECIFIED.)
GEOMETRIC_REPRESENTATION_ITEM()
RATIONAL_B_SPLINE_SURFACE(((1.0000000000,1.0000000000),(0.7071067812,0.7071067812),(1.0000000000,1.0000000000)))
REPRESENTATION_ITEM('')
SURFACE()
);
#1887=CARTESIAN_POINT('',(-33.5000000000,-15.0000000000,2.0000000000));
#1888=CARTESIAN_POINT('',(-33.5000000000,-15.0000000000,10.0000000000));
#1889=CARTESIAN_POINT('',(-33.5000000000,-14.0000000000,2.0000000000));
#1890=CARTESIAN_POINT('',(-33.5000000000,-14.0000000000,10.0000000000));
#1891=CARTESIAN_POINT('',(-32.5000000000,-14.0000000000,2.0000000000));
#1892=CARTESIAN_POINT('',(-32.5000000000,-14.0000000000,10.0000000000));

#1893=CARTESIAN_POINT('',(-32.5000000000,-14.0000000000,10.0000000000));
#1894=VERTEX_POINT('',#1893);
#1895=(
BOUNDED_CURVE()
B_SPLINE_CURVE(1,(#1896,#1897),.UNSPECIFIED.,.F.,.F.)
B_SPLINE_CURVE_WITH_KNOTS((2,2),(0.000,1.000),.UNSPECIFIED.)
CURVE()
GEOMETRIC_REPRESENTATION_ITEM()
RATIONAL_B_SPLINE_CURVE((1.0000000000,1.0000000000))
REPRESENTATION_ITEM('')
);
#1896=CARTESIAN_POINT('',(-32.5000000000,-14.0000000000,10.0000000000));
#1897=CARTESIAN_POINT('',(-32.5000000000,-14.0000000000,2.0000000000));

#1898=CARTESIAN_POINT('',(-32.5000000000,-14.0000000000,2.0000000000));
#1899=VERTEX_POINT('',#1898);
#1900=EDGE_CURVE('',#1894,#1899,#1895,.T.);
#1901=ORIENTED_EDGE('',*,*,#1900,.T.);
#1902=(
BOUNDED_CURVE()
B_SPLINE_CURVE(2,(#1903,#1904,#1905),.UNSPECIFIED.,.F.,.F.)
B_SPLINE_CURVE_WITH_KNOTS((3,3),(0.000,1.000),.UNSPECIFIED.)
CURVE()
GEOMETRIC_REPRESENTATION_ITEM()
RATIONAL_B_SPLINE_CURVE((1.0000000000,0.7071067812,1.0000000000))
REPRESENTATION_ITEM('')
);
#1903=CARTESIAN_POINT('',(-32.5000000000,-14.0000000000,2.0000000000));
#1904=CARTESIAN_POINT('',(-33.5000000000,-14.0000000000,2.0000000000));
#1905=CARTESIAN_POINT('',(-33.5000000000,-15.0000000000,2.0000000000));

#1906=CARTESIAN_POINT('',(-33.5000000000,-15.0000000000,2.0000000000));
#1907=VERTEX_POINT('',#1906);
#1908=EDGE_CURVE('',#1899,#1907,#1902,.T.);
#1909=ORIENTED_EDGE('',*,*,#1908,.T.);
#1910=(
BOUNDED_CURVE()
B_SPLINE_CURVE(1,(#1911,#1912),.UNSPECIFIED.,.F.,.F.)
B_SPLINE_CURVE_WITH_KNOTS((2,2),(0.000,1.000),.UNSPECIFIED.)
CURVE()
GEOMETRIC_REPRESENTATION_ITEM()
RATIONAL_B_SPLINE_CURVE((1.0000000000,1.0000000000))
REPRESENTATION_ITEM('')
);
#1911=CARTESIAN_POINT('',(-33.5000000000,-15.0000000000,2.0000000000));
#1912=CARTESIAN_POINT('',(-33.5000000000,-15.0000000000,10.0000000000));

#1913=CARTESIAN_POINT('',(-33.5000000000,-15.0000000000,10.0000000000));
#1914=VERTEX_POINT('',#1913);
#1915=EDGE_CURVE('',#1907,#1914,#1910,.T.);
#1916=ORIENTED_EDGE('',*,*,#1915,.T.);
#1917=(
BOUNDED_CURVE()
B_SPLINE_CURVE(2,(#1918,#1919,#1920),.UNSPECIFIED.,.F.,.F.)
B_SPLINE_CURVE_WITH_KNOTS((3,3),(0.000,1.000),.UNSPECIFIED.)
CURVE()
GEOMETRIC_REPRESENTATION_ITEM()
RATIONAL_B_SPLINE_CURVE((1.0000000000,0.7071067812,1.0000000000))
REPRESENTATION_ITEM('')
);
#1918=CARTESIAN_POINT('',(-33.5000000000,-15.0000000000,10.0000000000));
#1919=CARTESIAN_POINT('',(-33.5000000000,-14.0000000000,10.0000000000));
#1920=CARTESIAN_POINT('',(-32.5000000000,-14.0000000000,10.0000000000));

#1921=EDGE_CURVE('',#1914,#1894,#1917,.T.);
#1922=ORIENTED_EDGE('',*,*,#1921,.T.);
#1923=EDGE_LOOP('',(#1901,#1909,#1916,#1922));
#1924=FACE_OUTER_BOUND('',#1923,.T.);
#1925=ADVANCED_FACE('',(#1924),#1886,.T.);
#1926=COLOUR_RGB('',0.39,0.39,0.39);
#1927=FILL_AREA_STYLE_COLOUR('',#1926);
#1928=FILL_AREA_STYLE('',(#1927));
#1929=SURFACE_STYLE_FILL_AREA(#1928);
#1930=SURFACE_STYLE_TRANSPARENT(0.00);
#1931=SURFACE_STYLE_RENDERING_WITH_PROPERTIES(.NORMAL_SHADING.,#1926,(#1930));
#1932=SURFACE_SIDE_STYLE('',(#1929, #1931));
#1933=SURFACE_STYLE_USAGE(.BOTH.,#1932);
#1934=PRESENTATION_STYLE_ASSIGNMENT((#1933));
#1935=STYLED_ITEM('',(#1934),#1925);

#1936=(
BOUNDED_SURFACE()
B_SPLINE_SURFACE(2,1,((#1937,#1938),(#1939,#1940),(#1941,#1942)),.UNSPECIFIED.,.F.,.F.,.F.)
B_SPLINE_SURFACE_WITH_KNOTS((3,3),(2,2),(0.000,1.000),(0.000,1.000),.UNSPECIFIED.)
GEOMETRIC_REPRESENTATION_ITEM()
RATIONAL_B_SPLINE_SURFACE(((1.0000000000,1.0000000000),(0.7071067812,0.7071067812),(1.0000000000,1.0000000000)))
REPRESENTATION_ITEM('')
SURFACE()
);
#1937=CARTESIAN_POINT('',(-32.5000000000,-16.0000000000,2.0000000000));
#1938=CARTESIAN_POINT('',(-32.5000000000,-16.0000000000,10.0000000000));
#1939=CARTESIAN_POINT('',(-33.5000000000,-16.0000000000,2.0000000000));
#1940=CARTESIAN_POINT('',(-33.5000000000,-16.0000000000,10.0000000000));
#1941=CARTESIAN_POINT('',(-33.5000000000,-15.0000000000,2.0000000000));
#1942=CARTESIAN_POINT('',(-33.5000000000,-15.0000000000,10.0000000000));

#1943=CARTESIAN_POINT('',(-33.5000000000,-15.0000000000,10.0000000000));
#1944=VERTEX_POINT('',#1943);
#1945=(
BOUNDED_CURVE()
B_SPLINE_CURVE(1,(#1946,#1947),.UNSPECIFIED.,.F.,.F.)
B_SPLINE_CURVE_WITH_KNOTS((2,2),(0.000,1.000),.UNSPECIFIED.)
CURVE()
GEOMETRIC_REPRESENTATION_ITEM()
RATIONAL_B_SPLINE_CURVE((1.0000000000,1.0000000000))
REPRESENTATION_ITEM('')
);
#1946=CARTESIAN_POINT('',(-33.5000000000,-15.0000000000,10.0000000000));
#1947=CARTESIAN_POINT('',(-33.5000000000,-15.0000000000,2.0000000000));

#1948=CARTESIAN_POINT('',(-33.5000000000,-15.0000000000,2.0000000000));
#1949=VERTEX_POINT('',#1948);
#1950=EDGE_CURVE('',#1944,#1949,#1945,.T.);
#1951=ORIENTED_EDGE('',*,*,#1950,.T.);
#1952=(
BOUNDED_CURVE()
B_SPLINE_CURVE(2,(#1953,#1954,#1955),.UNSPECIFIED.,.F.,.F.)
B_SPLINE_CURVE_WITH_KNOTS((3,3),(0.000,1.000),.UNSPECIFIED.)
CURVE()
GEOMETRIC_REPRESENTATION_ITEM()
RATIONAL_B_SPLINE_CURVE((1.0000000000,0.7071067812,1.0000000000))
REPRESENTATION_ITEM('')
);
#1953=CARTESIAN_POINT('',(-33.5000000000,-15.0000000000,2.0000000000));
#1954=CARTESIAN_POINT('',(-33.5000000000,-16.0000000000,2.0000000000));
#1955=CARTESIAN_POINT('',(-32.5000000000,-16.0000000000,2.0000000000));

#1956=CARTESIAN_POINT('',(-32.5000000000,-16.0000000000,2.0000000000));
#1957=VERTEX_POINT('',#1956);
#1958=EDGE_CURVE('',#1949,#1957,#1952,.T.);
#1959=ORIENTED_EDGE('',*,*,#1958,.T.);
#1960=(
BOUNDED_CURVE()
B_SPLINE_CURVE(1,(#1961,#1962),.UNSPECIFIED.,.F.,.F.)
B_SPLINE_CURVE_WITH_KNOTS((2,2),(0.000,1.000),.UNSPECIFIED.)
CURVE()
GEOMETRIC_REPRESENTATION_ITEM()
RATIONAL_B_SPLINE_CURVE((1.0000000000,1.0000000000))
REPRESENTATION_ITEM('')
);
#1961=CARTESIAN_POINT('',(-32.5000000000,-16.0000000000,2.0000000000));
#1962=CARTESIAN_POINT('',(-32.5000000000,-16.0000000000,10.0000000000));

#1963=CARTESIAN_POINT('',(-32.5000000000,-16.0000000000,10.0000000000));
#1964=VERTEX_POINT('',#1963);
#1965=EDGE_CURVE('',#1957,#1964,#1960,.T.);
#1966=ORIENTED_EDGE('',*,*,#1965,.T.);
#1967=(
BOUNDED_CURVE()
B_SPLINE_CURVE(2,(#1968,#1969,#1970),.UNSPECIFIED.,.F.,.F.)
B_SPLINE_CURVE_WITH_KNOTS((3,3),(0.000,1.000),.UNSPECIFIED.)
CURVE()
GEOMETRIC_REPRESENTATION_ITEM()
RATIONAL_B_SPLINE_CURVE((1.0000000000,0.7071067812,1.0000000000))
REPRESENTATION_ITEM('')
);
#1968=CARTESIAN_POINT('',(-32.5000000000,-16.0000000000,10.0000000000));
#1969=CARTESIAN_POINT('',(-33.5000000000,-16.0000000000,10.0000000000));
#1970=CARTESIAN_POINT('',(-33.5000000000,-15.0000000000,10.0000000000));

#1971=EDGE_CURVE('',#1964,#1944,#1967,.T.);
#1972=ORIENTED_EDGE('',*,*,#1971,.T.);
#1973=EDGE_LOOP('',(#1951,#1959,#1966,#1972));
#1974=FACE_OUTER_BOUND('',#1973,.T.);
#1975=ADVANCED_FACE('',(#1974),#1936,.T.);
#1976=COLOUR_RGB('',0.39,0.39,0.39);
#1977=FILL_AREA_STYLE_COLOUR('',#1976);
#1978=FILL_AREA_STYLE('',(#1977));
#1979=SURFACE_STYLE_FILL_AREA(#1978);
#1980=SURFACE_STYLE_TRANSPARENT(0.00);
#1981=SURFACE_STYLE_RENDERING_WITH_PROPERTIES(.NORMAL_SHADING.,#1976,(#1980));
#1982=SURFACE_SIDE_STYLE('',(#1979, #1981));
#1983=SURFACE_STYLE_USAGE(.BOTH.,#1982);
#1984=PRESENTATION_STYLE_ASSIGNMENT((#1983));
#1985=STYLED_ITEM('',(#1984),#1975);

#1986=(
BOUNDED_SURFACE()
B_SPLINE_SURFACE(2,1,((#1987,#1988),(#1989,#1990),(#1991,#1992)),.UNSPECIFIED.,.F.,.F.,.F.)
B_SPLINE_SURFACE_WITH_KNOTS((3,3),(2,2),(0.000,1.000),(0.000,1.000),.UNSPECIFIED.)
GEOMETRIC_REPRESENTATION_ITEM()
RATIONAL_B_SPLINE_SURFACE(((1.0000000000,1.0000000000),(0.7071067812,0.7071067812),(1.0000000000,1.0000000000)))
REPRESENTATION_ITEM('')
SURFACE()
);
#1987=CARTESIAN_POINT('',(-31.5000000000,-15.0000000000,2.0000000000));
#1988=CARTESIAN_POINT('',(-31.5000000000,-15.0000000000,10.0000000000));
#1989=CARTESIAN_POINT('',(-31.5000000000,-16.0000000000,2.0000000000));
#1990=CARTESIAN_POINT('',(-31.5000000000,-16.0000000000,10.0000000000));
#1991=CARTESIAN_POINT('',(-32.5000000000,-16.0000000000,2.0000000000));
#1992=CARTESIAN_POINT('',(-32.5000000000,-16.0000000000,10.0000000000));

#1993=CARTESIAN_POINT('',(-32.5000000000,-16.0000000000,10.0000000000));
#1994=VERTEX_POINT('',#1993);
#1995=(
BOUNDED_CURVE()
B_SPLINE_CURVE(1,(#1996,#1997),.UNSPECIFIED.,.F.,.F.)
B_SPLINE_CURVE_WITH_KNOTS((2,2),(0.000,1.000),.UNSPECIFIED.)
CURVE()
GEOMETRIC_REPRESENTATION_ITEM()
RATIONAL_B_SPLINE_CURVE((1.0000000000,1.0000000000))
REPRESENTATION_ITEM('')
);
#1996=CARTESIAN_POINT('',(-32.5000000000,-16.0000000000,10.0000000000));
#1997=CARTESIAN_POINT('',(-32.5000000000,-16.0000000000,2.0000000000));

#1998=CARTESIAN_POINT('',(-32.5000000000,-16.0000000000,2.0000000000));
#1999=VERTEX_POINT('',#1998);
#2000=EDGE_CURVE('',#1994,#1999,#1995,.T.);
#2001=ORIENTED_EDGE('',*,*,#2000,.T.);
#2002=(
BOUNDED_CURVE()
B_SPLINE_CURVE(2,(#2003,#2004,#2005),.UNSPECIFIED.,.F.,.F.)
B_SPLINE_CURVE_WITH_KNOTS((3,3),(0.000,1.000),.UNSPECIFIED.)
CURVE()
GEOMETRIC_REPRESENTATION_ITEM()
RATIONAL_B_SPLINE_CURVE((1.0000000000,0.7071067812,1.0000000000))
REPRESENTATION_ITEM('')
);
#2003=CARTESIAN_POINT('',(-32.5000000000,-16.0000000000,2.0000000000));
#2004=CARTESIAN_POINT('',(-31.5000000000,-16.0000000000,2.0000000000));
#2005=CARTESIAN_POINT('',(-31.5000000000,-15.0000000000,2.0000000000));

#2006=CARTESIAN_POINT('',(-31.5000000000,-15.0000000000,2.0000000000));
#2007=VERTEX_POINT('',#2006);
#2008=EDGE_CURVE('',#1999,#2007,#2002,.T.);
#2009=ORIENTED_EDGE('',*,*,#2008,.T.);
#2010=(
BOUNDED_CURVE()
B_SPLINE_CURVE(1,(#2011,#2012),.UNSPECIFIED.,.F.,.F.)
B_SPLINE_CURVE_WITH_KNOTS((2,2),(0.000,1.000),.UNSPECIFIED.)
CURVE()
GEOMETRIC_REPRESENTATION_ITEM()
RATIONAL_B_SPLINE_CURVE((1.0000000000,1.0000000000))
REPRESENTATION_ITEM('')
);
#2011=CARTESIAN_POINT('',(-31.5000000000,-15.0000000000,2.0000000000));
#2012=CARTESIAN_POINT('',(-31.5000000000,-15.0000000000,10.0000000000));

#2013=CARTESIAN_POINT('',(-31.5000000000,-15.0000000000,10.0000000000));
#2014=VERTEX_POINT('',#2013);
#2015=EDGE_CURVE('',#2007,#2014,#2010,.T.);
#2016=ORIENTED_EDGE('',*,*,#2015,.T.);
#2017=(
BOUNDED_CURVE()
B_SPLINE_CURVE(2,(#2018,#2019,#2020),.UNSPECIFIED.,.F.,.F.)
B_SPLINE_CURVE_WITH_KNOTS((3,3),(0.000,1.000),.UNSPECIFIED.)
CURVE()
GEOMETRIC_REPRESENTATION_ITEM()
RATIONAL_B_SPLINE_CURVE((1.0000000000,0.7071067812,1.0000000000))
REPRESENTATION_ITEM('')
);
#2018=CARTESIAN_POINT('',(-31.5000000000,-15.0000000000,10.0000000000));
#2019=CARTESIAN_POINT('',(-31.5000000000,-16.0000000000,10.0000000000));
#2020=CARTESIAN_POINT('',(-32.5000000000,-16.0000000000,10.0000000000));

#2021=EDGE_CURVE('',#2014,#1994,#2017,.T.);
#2022=ORIENTED_EDGE('',*,*,#2021,.T.);
#2023=EDGE_LOOP('',(#2001,#2009,#2016,#2022));
#2024=FACE_OUTER_BOUND('',#2023,.T.);
#2025=ADVANCED_FACE('',(#2024),#1986,.T.);
#2026=COLOUR_RGB('',0.39,0.39,0.39);
#2027=FILL_AREA_STYLE_COLOUR('',#2026);
#2028=FILL_AREA_STYLE('',(#2027));
#2029=SURFACE_STYLE_FILL_AREA(#2028);
#2030=SURFACE_STYLE_TRANSPARENT(0.00);
#2031=SURFACE_STYLE_RENDERING_WITH_PROPERTIES(.NORMAL_SHADING.,#2026,(#2030));
#2032=SURFACE_SIDE_STYLE('',(#2029, #2031));
#2033=SURFACE_STYLE_USAGE(.BOTH.,#2032);
#2034=PRESENTATION_STYLE_ASSIGNMENT((#2033));
#2035=STYLED_ITEM('',(#2034),#2025);

#2036=(
BOUNDED_SURFACE()
B_SPLINE_SURFACE(1,1,((#2037,#2038),(#2039,#2040)),.UNSPECIFIED.,.F.,.F.,.F.)
B_SPLINE_SURFACE_WITH_KNOTS((2,2),(2,2),(0.000,1.000),(0.000,1.000),.UNSPECIFIED.)
GEOMETRIC_REPRESENTATION_ITEM()
RATIONAL_B_SPLINE_SURFACE(((1.0000000000,1.0000000000),(1.0000000000,1.0000000000)))
REPRESENTATION_ITEM('')
SURFACE()
);
#2037=CARTESIAN_POINT('',(31.5000000000,-14.0000000000,2.0000000000));
#2038=CARTESIAN_POINT('',(33.5000000000,-14.0000000000,2.0000000000));
#2039=CARTESIAN_POINT('',(31.5000000000,-16.0000000000,2.0000000000));
#2040=CARTESIAN_POINT('',(33.5000000000,-16.0000000000,2.0000000000));

#2041=CARTESIAN_POINT('',(32.5000000000,-14.0000000000,2.0000000000));
#2042=VERTEX_POINT('',#2041);
#2043=(
BOUNDED_CURVE()
B_SPLINE_CURVE(2,(#2044,#2045,#2046),.UNSPECIFIED.,.F.,.F.)
B_SPLINE_CURVE_WITH_KNOTS((3,3),(0.000,1.000),.UNSPECIFIED.)
CURVE()
GEOMETRIC_REPRESENTATION_ITEM()
RATIONAL_B_SPLINE_CURVE((1.0000000000,0.7071067812,1.0000000000))
REPRESENTATION_ITEM('')
);
#2044=CARTESIAN_POINT('',(32.5000000000,-14.0000000000,2.0000000000));
#2045=CARTESIAN_POINT('',(33.5000000000,-14.0000000000,2.0000000000));
#2046=CARTESIAN_POINT('',(33.5000000000,-15.0000000000,2.0000000000));

#2047=CARTESIAN_POINT('',(33.5000000000,-15.0000000000,2.0000000000));
#2048=VERTEX_POINT('',#2047);
#2049=EDGE_CURVE('',#2042,#2048,#2043,.T.);
#2050=ORIENTED_EDGE('',*,*,#2049,.T.);
#2051=(
BOUNDED_CURVE()
B_SPLINE_CURVE(2,(#2052,#2053,#2054),.UNSPECIFIED.,.F.,.F.)
B_SPLINE_CURVE_WITH_KNOTS((3,3),(0.000,1.000),.UNSPECIFIED.)
CURVE()
GEOMETRIC_REPRESENTATION_ITEM()
RATIONAL_B_SPLINE_CURVE((1.0000000000,0.7071067812,1.0000000000))
REPRESENTATION_ITEM('')
);
#2052=CARTESIAN_POINT('',(33.5000000000,-15.0000000000,2.0000000000));
#2053=CARTESIAN_POINT('',(33.5000000000,-16.0000000000,2.0000000000));
#2054=CARTESIAN_POINT('',(32.5000000000,-16.0000000000,2.0000000000));

#2055=CARTESIAN_POINT('',(32.5000000000,-16.0000000000,2.0000000000));
#2056=VERTEX_POINT('',#2055);
#2057=EDGE_CURVE('',#2048,#2056,#2051,.T.);
#2058=ORIENTED_EDGE('',*,*,#2057,.T.);
#2059=(
BOUNDED_CURVE()
B_SPLINE_CURVE(2,(#2060,#2061,#2062),.UNSPECIFIED.,.F.,.F.)
B_SPLINE_CURVE_WITH_KNOTS((3,3),(0.000,1.000),.UNSPECIFIED.)
CURVE()
GEOMETRIC_REPRESENTATION_ITEM()
RATIONAL_B_SPLINE_CURVE((1.0000000000,0.7071067812,1.0000000000))
REPRESENTATION_ITEM('')
);
#2060=CARTESIAN_POINT('',(32.5000000000,-16.0000000000,2.0000000000));
#2061=CARTESIAN_POINT('',(31.5000000000,-16.0000000000,2.0000000000));
#2062=CARTESIAN_POINT('',(31.5000000000,-15.0000000000,2.0000000000));

#2063=CARTESIAN_POINT('',(31.5000000000,-15.0000000000,2.0000000000));
#2064=VERTEX_POINT('',#2063);
#2065=EDGE_CURVE('',#2056,#2064,#2059,.T.);
#2066=ORIENTED_EDGE('',*,*,#2065,.T.);
#2067=(
BOUNDED_CURVE()
B_SPLINE_CURVE(2,(#2068,#2069,#2070),.UNSPECIFIED.,.F.,.F.)
B_SPLINE_CURVE_WITH_KNOTS((3,3),(0.000,1.000),.UNSPECIFIED.)
CURVE()
GEOMETRIC_REPRESENTATION_ITEM()
RATIONAL_B_SPLINE_CURVE((1.0000000000,0.7071067812,1.0000000000))
REPRESENTATION_ITEM('')
);
#2068=CARTESIAN_POINT('',(31.5000000000,-15.0000000000,2.0000000000));
#2069=CARTESIAN_POINT('',(31.5000000000,-14.0000000000,2.0000000000));
#2070=CARTESIAN_POINT('',(32.5000000000,-14.0000000000,2.0000000000));

#2071=EDGE_CURVE('',#2064,#2042,#2067,.T.);
#2072=ORIENTED_EDGE('',*,*,#2071,.T.);
#2073=EDGE_LOOP('',(#2050,#2058,#2066,#2072));
#2074=FACE_OUTER_BOUND('',#2073,.T.);
#2075=ADVANCED_FACE('',(#2074),#2036,.T.);
#2076=COLOUR_RGB('',0.39,0.39,0.39);
#2077=FILL_AREA_STYLE_COLOUR('',#2076);
#2078=FILL_AREA_STYLE('',(#2077));
#2079=SURFACE_STYLE_FILL_AREA(#2078);
#2080=SURFACE_STYLE_TRANSPARENT(0.00);
#2081=SURFACE_STYLE_RENDERING_WITH_PROPERTIES(.NORMAL_SHADING.,#2076,(#2080));
#2082=SURFACE_SIDE_STYLE('',(#2079, #2081));
#2083=SURFACE_STYLE_USAGE(.BOTH.,#2082);
#2084=PRESENTATION_STYLE_ASSIGNMENT((#2083));
#2085=STYLED_ITEM('',(#2084),#2075);

#2086=(
BOUNDED_SURFACE()
B_SPLINE_SURFACE(2,1,((#2087,#2088),(#2089,#2090),(#2091,#2092)),.UNSPECIFIED.,.F.,.F.,.F.)
B_SPLINE_SURFACE_WITH_KNOTS((3,3),(2,2),(0.000,1.000),(0.000,1.000),.UNSPECIFIED.)
GEOMETRIC_REPRESENTATION_ITEM()
RATIONAL_B_SPLINE_SURFACE(((1.0000000000,1.0000000000),(0.7071067812,0.7071067812),(1.0000000000,1.0000000000)))
REPRESENTATION_ITEM('')
SURFACE()
);
#2087=CARTESIAN_POINT('',(32.5000000000,-14.0000000000,2.0000000000));
#2088=CARTESIAN_POINT('',(32.5000000000,-14.0000000000,10.0000000000));
#2089=CARTESIAN_POINT('',(33.5000000000,-14.0000000000,2.0000000000));
#2090=CARTESIAN_POINT('',(33.5000000000,-14.0000000000,10.0000000000));
#2091=CARTESIAN_POINT('',(33.5000000000,-15.0000000000,2.0000000000));
#2092=CARTESIAN_POINT('',(33.5000000000,-15.0000000000,10.0000000000));

#2093=CARTESIAN_POINT('',(33.5000000000,-15.0000000000,10.0000000000));
#2094=VERTEX_POINT('',#2093);
#2095=(
BOUNDED_CURVE()
B_SPLINE_CURVE(1,(#2096,#2097),.UNSPECIFIED.,.F.,.F.)
B_SPLINE_CURVE_WITH_KNOTS((2,2),(0.000,1.000),.UNSPECIFIED.)
CURVE()
GEOMETRIC_REPRESENTATION_ITEM()
RATIONAL_B_SPLINE_CURVE((1.0000000000,1.0000000000))
REPRESENTATION_ITEM('')
);
#2096=CARTESIAN_POINT('',(33.5000000000,-15.0000000000,10.0000000000));
#2097=CARTESIAN_POINT('',(33.5000000000,-15.0000000000,2.0000000000));

#2098=CARTESIAN_POINT('',(33.5000000000,-15.0000000000,2.0000000000));
#2099=VERTEX_POINT('',#2098);
#2100=EDGE_CURVE('',#2094,#2099,#2095,.T.);
#2101=ORIENTED_EDGE('',*,*,#2100,.T.);
#2102=(
BOUNDED_CURVE()
B_SPLINE_CURVE(2,(#2103,#2104,#2105),.UNSPECIFIED.,.F.,.F.)
B_SPLINE_CURVE_WITH_KNOTS((3,3),(0.000,1.000),.UNSPECIFIED.)
CURVE()
GEOMETRIC_REPRESENTATION_ITEM()
RATIONAL_B_SPLINE_CURVE((1.0000000000,0.7071067812,1.0000000000))
REPRESENTATION_ITEM('')
);
#2103=CARTESIAN_POINT('',(33.5000000000,-15.0000000000,2.0000000000));
#2104=CARTESIAN_POINT('',(33.5000000000,-14.0000000000,2.0000000000));
#2105=CARTESIAN_POINT('',(32.5000000000,-14.0000000000,2.0000000000));

#2106=CARTESIAN_POINT('',(32.5000000000,-14.0000000000,2.0000000000));
#2107=VERTEX_POINT('',#2106);
#2108=EDGE_CURVE('',#2099,#2107,#2102,.T.);
#2109=ORIENTED_EDGE('',*,*,#2108,.T.);
#2110=(
BOUNDED_CURVE()
B_SPLINE_CURVE(1,(#2111,#2112),.UNSPECIFIED.,.F.,.F.)
B_SPLINE_CURVE_WITH_KNOTS((2,2),(0.000,1.000),.UNSPECIFIED.)
CURVE()
GEOMETRIC_REPRESENTATION_ITEM()
RATIONAL_B_SPLINE_CURVE((1.0000000000,1.0000000000))
REPRESENTATION_ITEM('')
);
#2111=CARTESIAN_POINT('',(32.5000000000,-14.0000000000,2.0000000000));
#2112=CARTESIAN_POINT('',(32.5000000000,-14.0000000000,10.0000000000));

#2113=CARTESIAN_POINT('',(32.5000000000,-14.0000000000,10.0000000000));
#2114=VERTEX_POINT('',#2113);
#2115=EDGE_CURVE('',#2107,#2114,#2110,.T.);
#2116=ORIENTED_EDGE('',*,*,#2115,.T.);
#2117=(
BOUNDED_CURVE()
B_SPLINE_CURVE(2,(#2118,#2119,#2120),.UNSPECIFIED.,.F.,.F.)
B_SPLINE_CURVE_WITH_KNOTS((3,3),(0.000,1.000),.UNSPECIFIED.)
CURVE()
GEOMETRIC_REPRESENTATION_ITEM()
RATIONAL_B_SPLINE_CURVE((1.0000000000,0.7071067812,1.0000000000))
REPRESENTATION_ITEM('')
);
#2118=CARTESIAN_POINT('',(32.5000000000,-14.0000000000,10.0000000000));
#2119=CARTESIAN_POINT('',(33.5000000000,-14.0000000000,10.0000000000));
#2120=CARTESIAN_POINT('',(33.5000000000,-15.0000000000,10.0000000000));

#2121=EDGE_CURVE('',#2114,#2094,#2117,.T.);
#2122=ORIENTED_EDGE('',*,*,#2121,.T.);
#2123=EDGE_LOOP('',(#2101,#2109,#2116,#2122));
#2124=FACE_OUTER_BOUND('',#2123,.T.);
#2125=ADVANCED_FACE('',(#2124),#2086,.T.);
#2126=COLOUR_RGB('',0.39,0.39,0.39);
#2127=FILL_AREA_STYLE_COLOUR('',#2126);
#2128=FILL_AREA_STYLE('',(#2127));
#2129=SURFACE_STYLE_FILL_AREA(#2128);
#2130=SURFACE_STYLE_TRANSPARENT(0.00);
#2131=SURFACE_STYLE_RENDERING_WITH_PROPERTIES(.NORMAL_SHADING.,#2126,(#2130));
#2132=SURFACE_SIDE_STYLE('',(#2129, #2131));
#2133=SURFACE_STYLE_USAGE(.BOTH.,#2132);
#2134=PRESENTATION_STYLE_ASSIGNMENT((#2133));
#2135=STYLED_ITEM('',(#2134),#2125);

#2136=(
BOUNDED_SURFACE()
B_SPLINE_SURFACE(2,1,((#2137,#2138),(#2139,#2140),(#2141,#2142)),.UNSPECIFIED.,.F.,.F.,.F.)
B_SPLINE_SURFACE_WITH_KNOTS((3,3),(2,2),(0.000,1.000),(0.000,1.000),.UNSPECIFIED.)
GEOMETRIC_REPRESENTATION_ITEM()
RATIONAL_B_SPLINE_SURFACE(((1.0000000000,1.0000000000),(0.7071067812,0.7071067812),(1.0000000000,1.0000000000)))
REPRESENTATION_ITEM('')
SURFACE()
);
#2137=CARTESIAN_POINT('',(31.5000000000,-15.0000000000,2.0000000000));
#2138=CARTESIAN_POINT('',(31.5000000000,-15.0000000000,10.0000000000));
#2139=CARTESIAN_POINT('',(31.5000000000,-14.0000000000,2.0000000000));
#2140=CARTESIAN_POINT('',(31.5000000000,-14.0000000000,10.0000000000));
#2141=CARTESIAN_POINT('',(32.5000000000,-14.0000000000,2.0000000000));
#2142=CARTESIAN_POINT('',(32.5000000000,-14.0000000000,10.0000000000));

#2143=CARTESIAN_POINT('',(32.5000000000,-14.0000000000,10.0000000000));
#2144=VERTEX_POINT('',#2143);
#2145=(
BOUNDED_CURVE()
B_SPLINE_CURVE(1,(#2146,#2147),.UNSPECIFIED.,.F.,.F.)
B_SPLINE_CURVE_WITH_KNOTS((2,2),(0.000,1.000),.UNSPECIFIED.)
CURVE()
GEOMETRIC_REPRESENTATION_ITEM()
RATIONAL_B_SPLINE_CURVE((1.0000000000,1.0000000000))
REPRESENTATION_ITEM('')
);
#2146=CARTESIAN_POINT('',(32.5000000000,-14.0000000000,10.0000000000));
#2147=CARTESIAN_POINT('',(32.5000000000,-14.0000000000,2.0000000000));

#2148=CARTESIAN_POINT('',(32.5000000000,-14.0000000000,2.0000000000));
#2149=VERTEX_POINT('',#2148);
#2150=EDGE_CURVE('',#2144,#2149,#2145,.T.);
#2151=ORIENTED_EDGE('',*,*,#2150,.T.);
#2152=(
BOUNDED_CURVE()
B_SPLINE_CURVE(2,(#2153,#2154,#2155),.UNSPECIFIED.,.F.,.F.)
B_SPLINE_CURVE_WITH_KNOTS((3,3),(0.000,1.000),.UNSPECIFIED.)
CURVE()
GEOMETRIC_REPRESENTATION_ITEM()
RATIONAL_B_SPLINE_CURVE((1.0000000000,0.7071067812,1.0000000000))
REPRESENTATION_ITEM('')
);
#2153=CARTESIAN_POINT('',(32.5000000000,-14.0000000000,2.0000000000));
#2154=CARTESIAN_POINT('',(31.5000000000,-14.0000000000,2.0000000000));
#2155=CARTESIAN_POINT('',(31.5000000000,-15.0000000000,2.0000000000));

#2156=CARTESIAN_POINT('',(31.5000000000,-15.0000000000,2.0000000000));
#2157=VERTEX_POINT('',#2156);
#2158=EDGE_CURVE('',#2149,#2157,#2152,.T.);
#2159=ORIENTED_EDGE('',*,*,#2158,.T.);
#2160=(
BOUNDED_CURVE()
B_SPLINE_CURVE(1,(#2161,#2162),.UNSPECIFIED.,.F.,.F.)
B_SPLINE_CURVE_WITH_KNOTS((2,2),(0.000,1.000),.UNSPECIFIED.)
CURVE()
GEOMETRIC_REPRESENTATION_ITEM()
RATIONAL_B_SPLINE_CURVE((1.0000000000,1.0000000000))
REPRESENTATION_ITEM('')
);
#2161=CARTESIAN_POINT('',(31.5000000000,-15.0000000000,2.0000000000));
#2162=CARTESIAN_POINT('',(31.5000000000,-15.0000000000,10.0000000000));

#2163=CARTESIAN_POINT('',(31.5000000000,-15.0000000000,10.0000000000));
#2164=VERTEX_POINT('',#2163);
#2165=EDGE_CURVE('',#2157,#2164,#2160,.T.);
#2166=ORIENTED_EDGE('',*,*,#2165,.T.);
#2167=(
BOUNDED_CURVE()
B_SPLINE_CURVE(2,(#2168,#2169,#2170),.UNSPECIFIED.,.F.,.F.)
B_SPLINE_CURVE_WITH_KNOTS((3,3),(0.000,1.000),.UNSPECIFIED.)
CURVE()
GEOMETRIC_REPRESENTATION_ITEM()
RATIONAL_B_SPLINE_CURVE((1.0000000000,0.7071067812,1.0000000000))
REPRESENTATION_ITEM('')
);
#2168=CARTESIAN_POINT('',(31.5000000000,-15.0000000000,10.0000000000));
#2169=CARTESIAN_POINT('',(31.5000000000,-14.0000000000,10.0000000000));
#2170=CARTESIAN_POINT('',(32.5000000000,-14.0000000000,10.0000000000));

#2171=EDGE_CURVE('',#2164,#2144,#2167,.T.);
#2172=ORIENTED_EDGE('',*,*,#2171,.T.);
#2173=EDGE_LOOP('',(#2151,#2159,#2166,#2172));
#2174=FACE_OUTER_BOUND('',#2173,.T.);
#2175=ADVANCED_FACE('',(#2174),#2136,.T.);
#2176=COLOUR_RGB('',0.39,0.39,0.39);
#2177=FILL_AREA_STYLE_COLOUR('',#2176);
#2178=FILL_AREA_STYLE('',(#2177));
#2179=SURFACE_STYLE_FILL_AREA(#2178);
#2180=SURFACE_STYLE_TRANSPARENT(0.00);
#2181=SURFACE_STYLE_RENDERING_WITH_PROPERTIES(.NORMAL_SHADING.,#2176,(#2180));
#2182=SURFACE_SIDE_STYLE('',(#2179, #2181));
#2183=SURFACE_STYLE_USAGE(.BOTH.,#2182);
#2184=PRESENTATION_STYLE_ASSIGNMENT((#2183));
#2185=STYLED_ITEM('',(#2184),#2175);

#2186=(
BOUNDED_SURFACE()
B_SPLINE_SURFACE(2,1,((#2187,#2188),(#2189,#2190),(#2191,#2192)),.UNSPECIFIED.,.F.,.F.,.F.)
B_SPLINE_SURFACE_WITH_KNOTS((3,3),(2,2),(0.000,1.000),(0.000,1.000),.UNSPECIFIED.)
GEOMETRIC_REPRESENTATION_ITEM()
RATIONAL_B_SPLINE_SURFACE(((1.0000000000,1.0000000000),(0.7071067812,0.7071067812),(1.0000000000,1.0000000000)))
REPRESENTATION_ITEM('')
SURFACE()
);
#2187=CARTESIAN_POINT('',(32.5000000000,-16.0000000000,2.0000000000));
#2188=CARTESIAN_POINT('',(32.5000000000,-16.0000000000,10.0000000000));
#2189=CARTESIAN_POINT('',(31.5000000000,-16.0000000000,2.0000000000));
#2190=CARTESIAN_POINT('',(31.5000000000,-16.0000000000,10.0000000000));
#2191=CARTESIAN_POINT('',(31.5000000000,-15.0000000000,2.0000000000));
#2192=CARTESIAN_POINT('',(31.5000000000,-15.0000000000,10.0000000000));

#2193=CARTESIAN_POINT('',(31.5000000000,-15.0000000000,10.0000000000));
#2194=VERTEX_POINT('',#2193);
#2195=(
BOUNDED_CURVE()
B_SPLINE_CURVE(1,(#2196,#2197),.UNSPECIFIED.,.F.,.F.)
B_SPLINE_CURVE_WITH_KNOTS((2,2),(0.000,1.000),.UNSPECIFIED.)
CURVE()
GEOMETRIC_REPRESENTATION_ITEM()
RATIONAL_B_SPLINE_CURVE((1.0000000000,1.0000000000))
REPRESENTATION_ITEM('')
);
#2196=CARTESIAN_POINT('',(31.5000000000,-15.0000000000,10.0000000000));
#2197=CARTESIAN_POINT('',(31.5000000000,-15.0000000000,2.0000000000));

#2198=CARTESIAN_POINT('',(31.5000000000,-15.0000000000,2.0000000000));
#2199=VERTEX_POINT('',#2198);
#2200=EDGE_CURVE('',#2194,#2199,#2195,.T.);
#2201=ORIENTED_EDGE('',*,*,#2200,.T.);
#2202=(
BOUNDED_CURVE()
B_SPLINE_CURVE(2,(#2203,#2204,#2205),.UNSPECIFIED.,.F.,.F.)
B_SPLINE_CURVE_WITH_KNOTS((3,3),(0.000,1.000),.UNSPECIFIED.)
CURVE()
GEOMETRIC_REPRESENTATION_ITEM()
RATIONAL_B_SPLINE_CURVE((1.0000000000,0.7071067812,1.0000000000))
REPRESENTATION_ITEM('')
);
#2203=CARTESIAN_POINT('',(31.5000000000,-15.0000000000,2.0000000000));
#2204=CARTESIAN_POINT('',(31.5000000000,-16.0000000000,2.0000000000));
#2205=CARTESIAN_POINT('',(32.5000000000,-16.0000000000,2.0000000000));

#2206=CARTESIAN_POINT('',(32.5000000000,-16.0000000000,2.0000000000));
#2207=VERTEX_POINT('',#2206);
#2208=EDGE_CURVE('',#2199,#2207,#2202,.T.);
#2209=ORIENTED_EDGE('',*,*,#2208,.T.);
#2210=(
BOUNDED_CURVE()
B_SPLINE_CURVE(1,(#2211,#2212),.UNSPECIFIED.,.F.,.F.)
B_SPLINE_CURVE_WITH_KNOTS((2,2),(0.000,1.000),.UNSPECIFIED.)
CURVE()
GEOMETRIC_REPRESENTATION_ITEM()
RATIONAL_B_SPLINE_CURVE((1.0000000000,1.0000000000))
REPRESENTATION_ITEM('')
);
#2211=CARTESIAN_POINT('',(32.5000000000,-16.0000000000,2.0000000000));
#2212=CARTESIAN_POINT('',(32.5000000000,-16.0000000000,10.0000000000));

#2213=CARTESIAN_POINT('',(32.5000000000,-16.0000000000,10.0000000000));
#2214=VERTEX_POINT('',#2213);
#2215=EDGE_CURVE('',#2207,#2214,#2210,.T.);
#2216=ORIENTED_EDGE('',*,*,#2215,.T.);
#2217=(
BOUNDED_CURVE()
B_SPLINE_CURVE(2,(#2218,#2219,#2220),.UNSPECIFIED.,.F.,.F.)
B_SPLINE_CURVE_WITH_KNOTS((3,3),(0.000,1.000),.UNSPECIFIED.)
CURVE()
GEOMETRIC_REPRESENTATION_ITEM()
RATIONAL_B_SPLINE_CURVE((1.0000000000,0.7071067812,1.0000000000))
REPRESENTATION_ITEM('')
);
#2218=CARTESIAN_POINT('',(32.5000000000,-16.0000000000,10.0000000000));
#2219=CARTESIAN_POINT('',(31.5000000000,-16.0000000000,10.0000000000));
#2220=CARTESIAN_POINT('',(31.5000000000,-15.0000000000,10.0000000000));

#2221=EDGE_CURVE('',#2214,#2194,#2217,.T.);
#2222=ORIENTED_EDGE('',*,*,#2221,.T.);
#2223=EDGE_LOOP('',(#2201,#2209,#2216,#2222));
#2224=FACE_OUTER_BOUND('',#2223,.T.);
#2225=ADVANCED_FACE('',(#2224),#2186,.T.);
#2226=COLOUR_RGB('',0.39,0.39,0.39);
#2227=FILL_AREA_STYLE_COLOUR('',#2226);
#2228=FILL_AREA_STYLE('',(#2227));
#2229=SURFACE_STYLE_FILL_AREA(#2228);
#2230=SURFACE_STYLE_TRANSPARENT(0.00);
#2231=SURFACE_STYLE_RENDERING_WITH_PROPERTIES(.NORMAL_SHADING.,#2226,(#2230));
#2232=SURFACE_SIDE_STYLE('',(#2229, #2231));
#2233=SURFACE_STYLE_USAGE(.BOTH.,#2232);
#2234=PRESENTATION_STYLE_ASSIGNMENT((#2233));
#2235=STYLED_ITEM('',(#2234),#2225);

#2236=(
BOUNDED_SURFACE()
B_SPLINE_SURFACE(2,1,((#2237,#2238),(#2239,#2240),(#2241,#2242)),.UNSPECIFIED.,.F.,.F.,.F.)
B_SPLINE_SURFACE_WITH_KNOTS((3,3),(2,2),(0.000,1.000),(0.000,1.000),.UNSPECIFIED.)
GEOMETRIC_REPRESENTATION_ITEM()
RATIONAL_B_SPLINE_SURFACE(((1.0000000000,1.0000000000),(0.7071067812,0.7071067812),(1.0000000000,1.0000000000)))
REPRESENTATION_ITEM('')
SURFACE()
);
#2237=CARTESIAN_POINT('',(33.5000000000,-15.0000000000,2.0000000000));
#2238=CARTESIAN_POINT('',(33.5000000000,-15.0000000000,10.0000000000));
#2239=CARTESIAN_POINT('',(33.5000000000,-16.0000000000,2.0000000000));
#2240=CARTESIAN_POINT('',(33.5000000000,-16.0000000000,10.0000000000));
#2241=CARTESIAN_POINT('',(32.5000000000,-16.0000000000,2.0000000000));
#2242=CARTESIAN_POINT('',(32.5000000000,-16.0000000000,10.0000000000));

#2243=CARTESIAN_POINT('',(32.5000000000,-16.0000000000,10.0000000000));
#2244=VERTEX_POINT('',#2243);
#2245=(
BOUNDED_CURVE()
B_SPLINE_CURVE(1,(#2246,#2247),.UNSPECIFIED.,.F.,.F.)
B_SPLINE_CURVE_WITH_KNOTS((2,2),(0.000,1.000),.UNSPECIFIED.)
CURVE()
GEOMETRIC_REPRESENTATION_ITEM()
RATIONAL_B_SPLINE_CURVE((1.0000000000,1.0000000000))
REPRESENTATION_ITEM('')
);
#2246=CARTESIAN_POINT('',(32.5000000000,-16.0000000000,10.0000000000));
#2247=CARTESIAN_POINT('',(32.5000000000,-16.0000000000,2.0000000000));

#2248=CARTESIAN_POINT('',(32.5000000000,-16.0000000000,2.0000000000));
#2249=VERTEX_POINT('',#2248);
#2250=EDGE_CURVE('',#2244,#2249,#2245,.T.);
#2251=ORIENTED_EDGE('',*,*,#2250,.T.);
#2252=(
BOUNDED_CURVE()
B_SPLINE_CURVE(2,(#2253,#2254,#2255),.UNSPECIFIED.,.F.,.F.)
B_SPLINE_CURVE_WITH_KNOTS((3,3),(0.000,1.000),.UNSPECIFIED.)
CURVE()
GEOMETRIC_REPRESENTATION_ITEM()
RATIONAL_B_SPLINE_CURVE((1.0000000000,0.7071067812,1.0000000000))
REPRESENTATION_ITEM('')
);
#2253=CARTESIAN_POINT('',(32.5000000000,-16.0000000000,2.0000000000));
#2254=CARTESIAN_POINT('',(33.5000000000,-16.0000000000,2.0000000000));
#2255=CARTESIAN_POINT('',(33.5000000000,-15.0000000000,2.0000000000));

#2256=CARTESIAN_POINT('',(33.5000000000,-15.0000000000,2.0000000000));
#2257=VERTEX_POINT('',#2256);
#2258=EDGE_CURVE('',#2249,#2257,#2252,.T.);
#2259=ORIENTED_EDGE('',*,*,#2258,.T.);
#2260=(
BOUNDED_CURVE()
B_SPLINE_CURVE(1,(#2261,#2262),.UNSPECIFIED.,.F.,.F.)
B_SPLINE_CURVE_WITH_KNOTS((2,2),(0.000,1.000),.UNSPECIFIED.)
CURVE()
GEOMETRIC_REPRESENTATION_ITEM()
RATIONAL_B_SPLINE_CURVE((1.0000000000,1.0000000000))
REPRESENTATION_ITEM('')
);
#2261=CARTESIAN_POINT('',(33.5000000000,-15.0000000000,2.0000000000));
#2262=CARTESIAN_POINT('',(33.5000000000,-15.0000000000,10.0000000000));

#2263=CARTESIAN_POINT('',(33.5000000000,-15.0000000000,10.0000000000));
#2264=VERTEX_POINT('',#2263);
#2265=EDGE_CURVE('',#2257,#2264,#2260,.T.);
#2266=ORIENTED_EDGE('',*,*,#2265,.T.);
#2267=(
BOUNDED_CURVE()
B_SPLINE_CURVE(2,(#2268,#2269,#2270),.UNSPECIFIED.,.F.,.F.)
B_SPLINE_CURVE_WITH_KNOTS((3,3),(0.000,1.000),.UNSPECIFIED.)
CURVE()
GEOMETRIC_REPRESENTATION_ITEM()
RATIONAL_B_SPLINE_CURVE((1.0000000000,0.7071067812,1.0000000000))
REPRESENTATION_ITEM('')
);
#2268=CARTESIAN_POINT('',(33.5000000000,-15.0000000000,10.0000000000));
#2269=CARTESIAN_POINT('',(33.5000000000,-16.0000000000,10.0000000000));
#2270=CARTESIAN_POINT('',(32.5000000000,-16.0000000000,10.0000000000));

#2271=EDGE_CURVE('',#2264,#2244,#2267,.T.);
#2272=ORIENTED_EDGE('',*,*,#2271,.T.);
#2273=EDGE_LOOP('',(#2251,#2259,#2266,#2272));
#2274=FACE_OUTER_BOUND('',#2273,.T.);
#2275=ADVANCED_FACE('',(#2274),#2236,.T.);
#2276=COLOUR_RGB('',0.39,0.39,0.39);
#2277=FILL_AREA_STYLE_COLOUR('',#2276);
#2278=FILL_AREA_STYLE('',(#2277));
#2279=SURFACE_STYLE_FILL_AREA(#2278);
#2280=SURFACE_STYLE_TRANSPARENT(0.00);
#2281=SURFACE_STYLE_RENDERING_WITH_PROPERTIES(.NORMAL_SHADING.,#2276,(#2280));
#2282=SURFACE_SIDE_STYLE('',(#2279, #2281));
#2283=SURFACE_STYLE_USAGE(.BOTH.,#2282);
#2284=PRESENTATION_STYLE_ASSIGNMENT((#2283));
#2285=STYLED_ITEM('',(#2284),#2275);

#2286=(
BOUNDED_SURFACE()
B_SPLINE_SURFACE(1,1,((#2287,#2288),(#2289,#2290)),.UNSPECIFIED.,.F.,.F.,.F.)
B_SPLINE_SURFACE_WITH_KNOTS((2,2),(2,2),(0.000,1.000),(0.000,1.000),.UNSPECIFIED.)
GEOMETRIC_REPRESENTATION_ITEM()
RATIONAL_B_SPLINE_SURFACE(((1.0000000000,1.0000000000),(1.0000000000,1.0000000000)))
REPRESENTATION_ITEM('')
SURFACE()
);
#2287=CARTESIAN_POINT('',(-31.0000000000,-12.0000000000,6.0000000000));
#2288=CARTESIAN_POINT('',(-34.0000000000,-12.0000000000,6.0000000000));
#2289=CARTESIAN_POINT('',(-31.0000000000,12.0000000000,6.0000000000));
#2290=CARTESIAN_POINT('',(-34.0000000000,12.0000000000,6.0000000000));

#2291=CARTESIAN_POINT('',(-31.5000000000,12.0000000000,6.0000000000));
#2292=VERTEX_POINT('',#2291);
#2293=(
BOUNDED_CURVE()
B_SPLINE_CURVE(1,(#2294,#2295),.UNSPECIFIED.,.F.,.F.)
B_SPLINE_CURVE_WITH_KNOTS((2,2),(0.000,1.000),.UNSPECIFIED.)
CURVE()
GEOMETRIC_REPRESENTATION_ITEM()
RATIONAL_B_SPLINE_CURVE((1.0000000000,1.0000000000))
REPRESENTATION_ITEM('')
);
#2294=CARTESIAN_POINT('',(-31.5000000000,12.0000000000,6.0000000000));
#2295=CARTESIAN_POINT('',(-31.5000000000,-12.0000000000,6.0000000000));

#2296=CARTESIAN_POINT('',(-31.5000000000,-12.0000000000,6.0000000000));
#2297=VERTEX_POINT('',#2296);
#2298=EDGE_CURVE('',#2292,#2297,#2293,.T.);
#2299=ORIENTED_EDGE('',*,*,#2298,.T.);
#2300=(
BOUNDED_CURVE()
B_SPLINE_CURVE(1,(#2301,#2302),.UNSPECIFIED.,.F.,.F.)
B_SPLINE_CURVE_WITH_KNOTS((2,2),(0.000,1.000),.UNSPECIFIED.)
CURVE()
GEOMETRIC_REPRESENTATION_ITEM()
RATIONAL_B_SPLINE_CURVE((1.0000000000,1.0000000000))
REPRESENTATION_ITEM('')
);
#2301=CARTESIAN_POINT('',(-31.5000000000,-12.0000000000,6.0000000000));
#2302=CARTESIAN_POINT('',(-34.0000000000,-12.0000000000,6.0000000000));

#2303=CARTESIAN_POINT('',(-34.0000000000,-12.0000000000,6.0000000000));
#2304=VERTEX_POINT('',#2303);
#2305=EDGE_CURVE('',#2297,#2304,#2300,.T.);
#2306=ORIENTED_EDGE('',*,*,#2305,.T.);
#2307=(
BOUNDED_CURVE()
B_SPLINE_CURVE(1,(#2308,#2309),.UNSPECIFIED.,.F.,.F.)
B_SPLINE_CURVE_WITH_KNOTS((2,2),(0.000,1.000),.UNSPECIFIED.)
CURVE()
GEOMETRIC_REPRESENTATION_ITEM()
RATIONAL_B_SPLINE_CURVE((1.0000000000,1.0000000000))
REPRESENTATION_ITEM('')
);
#2308=CARTESIAN_POINT('',(-34.0000000000,-12.0000000000,6.0000000000));
#2309=CARTESIAN_POINT('',(-34.0000000000,12.0000000000,6.0000000000));

#2310=CARTESIAN_POINT('',(-34.0000000000,12.0000000000,6.0000000000));
#2311=VERTEX_POINT('',#2310);
#2312=EDGE_CURVE('',#2304,#2311,#2307,.T.);
#2313=ORIENTED_EDGE('',*,*,#2312,.T.);
#2314=(
BOUNDED_CURVE()
B_SPLINE_CURVE(1,(#2315,#2316),.UNSPECIFIED.,.F.,.F.)
B_SPLINE_CURVE_WITH_KNOTS((2,2),(0.000,1.000),.UNSPECIFIED.)
CURVE()
GEOMETRIC_REPRESENTATION_ITEM()
RATIONAL_B_SPLINE_CURVE((1.0000000000,1.0000000000))
REPRESENTATION_ITEM('')
);
#2315=CARTESIAN_POINT('',(-34.0000000000,12.0000000000,6.0000000000));
#2316=CARTESIAN_POINT('',(-31.5000000000,12.0000000000,6.0000000000));

#2317=EDGE_CURVE('',#2311,#2292,#2314,.T.);
#2318=ORIENTED_EDGE('',*,*,#2317,.T.);
#2319=EDGE_LOOP('',(#2299,#2306,#2313,#2318));
#2320=FACE_OUTER_BOUND('',#2319,.T.);
#2321=ADVANCED_FACE('',(#2320),#2286,.T.);
#2322=COLOUR_RGB('',0.39,0.39,0.39);
#2323=FILL_AREA_STYLE_COLOUR('',#2322);
#2324=FILL_AREA_STYLE('',(#2323));
#2325=SURFACE_STYLE_FILL_AREA(#2324);
#2326=SURFACE_STYLE_TRANSPARENT(0.00);
#2327=SURFACE_STYLE_RENDERING_WITH_PROPERTIES(.NORMAL_SHADING.,#2322,(#2326));
#2328=SURFACE_SIDE_STYLE('',(#2325, #2327));
#2329=SURFACE_STYLE_USAGE(.BOTH.,#2328);
#2330=PRESENTATION_STYLE_ASSIGNMENT((#2329));
#2331=STYLED_ITEM('',(#2330),#2321);

#2332=(
BOUNDED_SURFACE()
B_SPLINE_SURFACE(1,1,((#2333,#2334),(#2335,#2336)),.UNSPECIFIED.,.F.,.F.,.F.)
B_SPLINE_SURFACE_WITH_KNOTS((2,2),(2,2),(0.000,1.000),(0.000,1.000),.UNSPECIFIED.)
GEOMETRIC_REPRESENTATION_ITEM()
RATIONAL_B_SPLINE_SURFACE(((1.0000000000,1.0000000000),(1.0000000000,1.0000000000)))
REPRESENTATION_ITEM('')
SURFACE()
);
#2333=CARTESIAN_POINT('',(-34.0000000000,-12.0000000000,10.0000000000));
#2334=CARTESIAN_POINT('',(-34.0000000000,-12.0000000000,6.0000000000));
#2335=CARTESIAN_POINT('',(-31.0000000000,-12.0000000000,10.0000000000));
#2336=CARTESIAN_POINT('',(-31.0000000000,-12.0000000000,6.0000000000));

#2337=CARTESIAN_POINT('',(-31.5000000000,-12.0000000000,6.0000000000));
#2338=VERTEX_POINT('',#2337);
#2339=(
BOUNDED_CURVE()
B_SPLINE_CURVE(1,(#2340,#2341),.UNSPECIFIED.,.F.,.F.)
B_SPLINE_CURVE_WITH_KNOTS((2,2),(0.000,1.000),.UNSPECIFIED.)
CURVE()
GEOMETRIC_REPRESENTATION_ITEM()
RATIONAL_B_SPLINE_CURVE((1.0000000000,1.0000000000))
REPRESENTATION_ITEM('')
);
#2340=CARTESIAN_POINT('',(-31.5000000000,-12.0000000000,6.0000000000));
#2341=CARTESIAN_POINT('',(-31.5000000000,-12.0000000000,10.0000000000));

#2342=CARTESIAN_POINT('',(-31.5000000000,-12.0000000000,10.0000000000));
#2343=VERTEX_POINT('',#2342);
#2344=EDGE_CURVE('',#2338,#2343,#2339,.T.);
#2345=ORIENTED_EDGE('',*,*,#2344,.T.);
#2346=(
BOUNDED_CURVE()
B_SPLINE_CURVE(1,(#2347,#2348),.UNSPECIFIED.,.F.,.F.)
B_SPLINE_CURVE_WITH_KNOTS((2,2),(0.000,1.000),.UNSPECIFIED.)
CURVE()
GEOMETRIC_REPRESENTATION_ITEM()
RATIONAL_B_SPLINE_CURVE((1.0000000000,1.0000000000))
REPRESENTATION_ITEM('')
);
#2347=CARTESIAN_POINT('',(-31.5000000000,-12.0000000000,10.0000000000));
#2348=CARTESIAN_POINT('',(-34.0000000000,-12.0000000000,10.0000000000));

#2349=CARTESIAN_POINT('',(-34.0000000000,-12.0000000000,10.0000000000));
#2350=VERTEX_POINT('',#2349);
#2351=EDGE_CURVE('',#2343,#2350,#2346,.T.);
#2352=ORIENTED_EDGE('',*,*,#2351,.T.);
#2353=(
BOUNDED_CURVE()
B_SPLINE_CURVE(1,(#2354,#2355),.UNSPECIFIED.,.F.,.F.)
B_SPLINE_CURVE_WITH_KNOTS((2,2),(0.000,1.000),.UNSPECIFIED.)
CURVE()
GEOMETRIC_REPRESENTATION_ITEM()
RATIONAL_B_SPLINE_CURVE((1.0000000000,1.0000000000))
REPRESENTATION_ITEM('')
);
#2354=CARTESIAN_POINT('',(-34.0000000000,-12.0000000000,10.0000000000));
#2355=CARTESIAN_POINT('',(-34.0000000000,-12.0000000000,6.0000000000));

#2356=CARTESIAN_POINT('',(-34.0000000000,-12.0000000000,6.0000000000));
#2357=VERTEX_POINT('',#2356);
#2358=EDGE_CURVE('',#2350,#2357,#2353,.T.);
#2359=ORIENTED_EDGE('',*,*,#2358,.T.);
#2360=(
BOUNDED_CURVE()
B_SPLINE_CURVE(1,(#2361,#2362),.UNSPECIFIED.,.F.,.F.)
B_SPLINE_CURVE_WITH_KNOTS((2,2),(0.000,1.000),.UNSPECIFIED.)
CURVE()
GEOMETRIC_REPRESENTATION_ITEM()
RATIONAL_B_SPLINE_CURVE((1.0000000000,1.0000000000))
REPRESENTATION_ITEM('')
);
#2361=CARTESIAN_POINT('',(-34.0000000000,-12.0000000000,6.0000000000));
#2362=CARTESIAN_POINT('',(-31.5000000000,-12.0000000000,6.0000000000));

#2363=EDGE_CURVE('',#2357,#2338,#2360,.T.);
#2364=ORIENTED_EDGE('',*,*,#2363,.T.);
#2365=EDGE_LOOP('',(#2345,#2352,#2359,#2364));
#2366=FACE_OUTER_BOUND('',#2365,.T.);
#2367=ADVANCED_FACE('',(#2366),#2332,.T.);
#2368=COLOUR_RGB('',0.39,0.39,0.39);
#2369=FILL_AREA_STYLE_COLOUR('',#2368);
#2370=FILL_AREA_STYLE('',(#2369));
#2371=SURFACE_STYLE_FILL_AREA(#2370);
#2372=SURFACE_STYLE_TRANSPARENT(0.00);
#2373=SURFACE_STYLE_RENDERING_WITH_PROPERTIES(.NORMAL_SHADING.,#2368,(#2372));
#2374=SURFACE_SIDE_STYLE('',(#2371, #2373));
#2375=SURFACE_STYLE_USAGE(.BOTH.,#2374);
#2376=PRESENTATION_STYLE_ASSIGNMENT((#2375));
#2377=STYLED_ITEM('',(#2376),#2367);

#2378=(
BOUNDED_SURFACE()
B_SPLINE_SURFACE(1,1,((#2379,#2380),(#2381,#2382)),.UNSPECIFIED.,.F.,.F.,.F.)
B_SPLINE_SURFACE_WITH_KNOTS((2,2),(2,2),(0.000,1.000),(0.000,1.000),.UNSPECIFIED.)
GEOMETRIC_REPRESENTATION_ITEM()
RATIONAL_B_SPLINE_SURFACE(((1.0000000000,1.0000000000),(1.0000000000,1.0000000000)))
REPRESENTATION_ITEM('')
SURFACE()
);
#2379=CARTESIAN_POINT('',(-34.0000000000,12.0000000000,10.0000000000));
#2380=CARTESIAN_POINT('',(-34.0000000000,12.0000000000,6.0000000000));
#2381=CARTESIAN_POINT('',(-34.0000000000,-12.0000000000,10.0000000000));
#2382=CARTESIAN_POINT('',(-34.0000000000,-12.0000000000,6.0000000000));

#2383=CARTESIAN_POINT('',(-34.0000000000,-12.0000000000,10.0000000000));
#2384=VERTEX_POINT('',#2383);
#2385=(
BOUNDED_CURVE()
B_SPLINE_CURVE(1,(#2386,#2387),.UNSPECIFIED.,.F.,.F.)
B_SPLINE_CURVE_WITH_KNOTS((2,2),(0.000,1.000),.UNSPECIFIED.)
CURVE()
GEOMETRIC_REPRESENTATION_ITEM()
RATIONAL_B_SPLINE_CURVE((1.0000000000,1.0000000000))
REPRESENTATION_ITEM('')
);
#2386=CARTESIAN_POINT('',(-34.0000000000,-12.0000000000,10.0000000000));
#2387=CARTESIAN_POINT('',(-34.0000000000,12.0000000000,10.0000000000));

#2388=CARTESIAN_POINT('',(-34.0000000000,12.0000000000,10.0000000000));
#2389=VERTEX_POINT('',#2388);
#2390=EDGE_CURVE('',#2384,#2389,#2385,.T.);
#2391=ORIENTED_EDGE('',*,*,#2390,.T.);
#2392=(
BOUNDED_CURVE()
B_SPLINE_CURVE(1,(#2393,#2394),.UNSPECIFIED.,.F.,.F.)
B_SPLINE_CURVE_WITH_KNOTS((2,2),(0.000,1.000),.UNSPECIFIED.)
CURVE()
GEOMETRIC_REPRESENTATION_ITEM()
RATIONAL_B_SPLINE_CURVE((1.0000000000,1.0000000000))
REPRESENTATION_ITEM('')
);
#2393=CARTESIAN_POINT('',(-34.0000000000,12.0000000000,10.0000000000));
#2394=CARTESIAN_POINT('',(-34.0000000000,12.0000000000,6.0000000000));

#2395=CARTESIAN_POINT('',(-34.0000000000,12.0000000000,6.0000000000));
#2396=VERTEX_POINT('',#2395);
#2397=EDGE_CURVE('',#2389,#2396,#2392,.T.);
#2398=ORIENTED_EDGE('',*,*,#2397,.T.);
#2399=(
BOUNDED_CURVE()
B_SPLINE_CURVE(1,(#2400,#2401),.UNSPECIFIED.,.F.,.F.)
B_SPLINE_CURVE_WITH_KNOTS((2,2),(0.000,1.000),.UNSPECIFIED.)
CURVE()
GEOMETRIC_REPRESENTATION_ITEM()
RATIONAL_B_SPLINE_CURVE((1.0000000000,1.0000000000))
REPRESENTATION_ITEM('')
);
#2400=CARTESIAN_POINT('',(-34.0000000000,12.0000000000,6.0000000000));
#2401=CARTESIAN_POINT('',(-34.0000000000,-12.0000000000,6.0000000000));

#2402=CARTESIAN_POINT('',(-34.0000000000,-12.0000000000,6.0000000000));
#2403=VERTEX_POINT('',#2402);
#2404=EDGE_CURVE('',#2396,#2403,#2399,.T.);
#2405=ORIENTED_EDGE('',*,*,#2404,.T.);
#2406=(
BOUNDED_CURVE()
B_SPLINE_CURVE(1,(#2407,#2408),.UNSPECIFIED.,.F.,.F.)
B_SPLINE_CURVE_WITH_KNOTS((2,2),(0.000,1.000),.UNSPECIFIED.)
CURVE()
GEOMETRIC_REPRESENTATION_ITEM()
RATIONAL_B_SPLINE_CURVE((1.0000000000,1.0000000000))
REPRESENTATION_ITEM('')
);
#2407=CARTESIAN_POINT('',(-34.0000000000,-12.0000000000,6.0000000000));
#2408=CARTESIAN_POINT('',(-34.0000000000,-12.0000000000,10.0000000000));

#2409=EDGE_CURVE('',#2403,#2384,#2406,.T.);
#2410=ORIENTED_EDGE('',*,*,#2409,.T.);
#2411=EDGE_LOOP('',(#2391,#2398,#2405,#2410));
#2412=FACE_OUTER_BOUND('',#2411,.T.);
#2413=ADVANCED_FACE('',(#2412),#2378,.T.);
#2414=COLOUR_RGB('',0.39,0.39,0.39);
#2415=FILL_AREA_STYLE_COLOUR('',#2414);
#2416=FILL_AREA_STYLE('',(#2415));
#2417=SURFACE_STYLE_FILL_AREA(#2416);
#2418=SURFACE_STYLE_TRANSPARENT(0.00);
#2419=SURFACE_STYLE_RENDERING_WITH_PROPERTIES(.NORMAL_SHADING.,#2414,(#2418));
#2420=SURFACE_SIDE_STYLE('',(#2417, #2419));
#2421=SURFACE_STYLE_USAGE(.BOTH.,#2420);
#2422=PRESENTATION_STYLE_ASSIGNMENT((#2421));
#2423=STYLED_ITEM('',(#2422),#2413);

#2424=(
BOUNDED_SURFACE()
B_SPLINE_SURFACE(1,1,((#2425,#2426),(#2427,#2428)),.UNSPECIFIED.,.F.,.F.,.F.)
B_SPLINE_SURFACE_WITH_KNOTS((2,2),(2,2),(0.000,1.000),(0.000,1.000),.UNSPECIFIED.)
GEOMETRIC_REPRESENTATION_ITEM()
RATIONAL_B_SPLINE_SURFACE(((1.0000000000,1.0000000000),(1.0000000000,1.0000000000)))
REPRESENTATION_ITEM('')
SURFACE()
);
#2425=CARTESIAN_POINT('',(-31.0000000000,12.0000000000,10.0000000000));
#2426=CARTESIAN_POINT('',(-31.0000000000,12.0000000000,6.0000000000));
#2427=CARTESIAN_POINT('',(-34.0000000000,12.0000000000,10.0000000000));
#2428=CARTESIAN_POINT('',(-34.0000000000,12.0000000000,6.0000000000));

#2429=CARTESIAN_POINT('',(-31.5000000000,12.0000000000,10.0000000000));
#2430=VERTEX_POINT('',#2429);
#2431=(
BOUNDED_CURVE()
B_SPLINE_CURVE(1,(#2432,#2433),.UNSPECIFIED.,.F.,.F.)
B_SPLINE_CURVE_WITH_KNOTS((2,2),(0.000,1.000),.UNSPECIFIED.)
CURVE()
GEOMETRIC_REPRESENTATION_ITEM()
RATIONAL_B_SPLINE_CURVE((1.0000000000,1.0000000000))
REPRESENTATION_ITEM('')
);
#2432=CARTESIAN_POINT('',(-31.5000000000,12.0000000000,10.0000000000));
#2433=CARTESIAN_POINT('',(-31.5000000000,12.0000000000,6.0000000000));

#2434=CARTESIAN_POINT('',(-31.5000000000,12.0000000000,6.0000000000));
#2435=VERTEX_POINT('',#2434);
#2436=EDGE_CURVE('',#2430,#2435,#2431,.T.);
#2437=ORIENTED_EDGE('',*,*,#2436,.T.);
#2438=(
BOUNDED_CURVE()
B_SPLINE_CURVE(1,(#2439,#2440),.UNSPECIFIED.,.F.,.F.)
B_SPLINE_CURVE_WITH_KNOTS((2,2),(0.000,1.000),.UNSPECIFIED.)
CURVE()
GEOMETRIC_REPRESENTATION_ITEM()
RATIONAL_B_SPLINE_CURVE((1.0000000000,1.0000000000))
REPRESENTATION_ITEM('')
);
#2439=CARTESIAN_POINT('',(-31.5000000000,12.0000000000,6.0000000000));
#2440=CARTESIAN_POINT('',(-34.0000000000,12.0000000000,6.0000000000));

#2441=CARTESIAN_POINT('',(-34.0000000000,12.0000000000,6.0000000000));
#2442=VERTEX_POINT('',#2441);
#2443=EDGE_CURVE('',#2435,#2442,#2438,.T.);
#2444=ORIENTED_EDGE('',*,*,#2443,.T.);
#2445=(
BOUNDED_CURVE()
B_SPLINE_CURVE(1,(#2446,#2447),.UNSPECIFIED.,.F.,.F.)
B_SPLINE_CURVE_WITH_KNOTS((2,2),(0.000,1.000),.UNSPECIFIED.)
CURVE()
GEOMETRIC_REPRESENTATION_ITEM()
RATIONAL_B_SPLINE_CURVE((1.0000000000,1.0000000000))
REPRESENTATION_ITEM('')
);
#2446=CARTESIAN_POINT('',(-34.0000000000,12.0000000000,6.0000000000));
#2447=CARTESIAN_POINT('',(-34.0000000000,12.0000000000,10.0000000000));

#2448=CARTESIAN_POINT('',(-34.0000000000,12.0000000000,10.0000000000));
#2449=VERTEX_POINT('',#2448);
#2450=EDGE_CURVE('',#2442,#2449,#2445,.T.);
#2451=ORIENTED_EDGE('',*,*,#2450,.T.);
#2452=(
BOUNDED_CURVE()
B_SPLINE_CURVE(1,(#2453,#2454),.UNSPECIFIED.,.F.,.F.)
B_SPLINE_CURVE_WITH_KNOTS((2,2),(0.000,1.000),.UNSPECIFIED.)
CURVE()
GEOMETRIC_REPRESENTATION_ITEM()
RATIONAL_B_SPLINE_CURVE((1.0000000000,1.0000000000))
REPRESENTATION_ITEM('')
);
#2453=CARTESIAN_POINT('',(-34.0000000000,12.0000000000,10.0000000000));
#2454=CARTESIAN_POINT('',(-31.5000000000,12.0000000000,10.0000000000));

#2455=EDGE_CURVE('',#2449,#2430,#2452,.T.);
#2456=ORIENTED_EDGE('',*,*,#2455,.T.);
#2457=EDGE_LOOP('',(#2437,#2444,#2451,#2456));
#2458=FACE_OUTER_BOUND('',#2457,.T.);
#2459=ADVANCED_FACE('',(#2458),#2424,.T.);
#2460=COLOUR_RGB('',0.39,0.39,0.39);
#2461=FILL_AREA_STYLE_COLOUR('',#2460);
#2462=FILL_AREA_STYLE('',(#2461));
#2463=SURFACE_STYLE_FILL_AREA(#2462);
#2464=SURFACE_STYLE_TRANSPARENT(0.00);
#2465=SURFACE_STYLE_RENDERING_WITH_PROPERTIES(.NORMAL_SHADING.,#2460,(#2464));
#2466=SURFACE_SIDE_STYLE('',(#2463, #2465));
#2467=SURFACE_STYLE_USAGE(.BOTH.,#2466);
#2468=PRESENTATION_STYLE_ASSIGNMENT((#2467));
#2469=STYLED_ITEM('',(#2468),#2459);

#2470=(
BOUNDED_SURFACE()
B_SPLINE_SURFACE(1,1,((#2471,#2472),(#2473,#2474)),.UNSPECIFIED.,.F.,.F.,.F.)
B_SPLINE_SURFACE_WITH_KNOTS((2,2),(2,2),(0.000,1.000),(0.000,1.000),.UNSPECIFIED.)
GEOMETRIC_REPRESENTATION_ITEM()
RATIONAL_B_SPLINE_SURFACE(((1.0000000000,1.0000000000),(1.0000000000,1.0000000000)))
REPRESENTATION_ITEM('')
SURFACE()
);
#2471=CARTESIAN_POINT('',(26.5000000000,11.0000000000,10.0000000000));
#2472=CARTESIAN_POINT('',(26.5000000000,11.0000000000,0.0000000000));
#2473=CARTESIAN_POINT('',(-26.5000000000,11.0000000000,10.0000000000));
#2474=CARTESIAN_POINT('',(-26.5000000000,11.0000000000,0.0000000000));

#2475=CARTESIAN_POINT('',(-26.5000000000,11.0000000000,1.0000000000));
#2476=VERTEX_POINT('',#2475);
#2477=(
BOUNDED_CURVE()
B_SPLINE_CURVE(1,(#2478,#2479),.UNSPECIFIED.,.F.,.F.)
B_SPLINE_CURVE_WITH_KNOTS((2,2),(0.000,1.000),.UNSPECIFIED.)
CURVE()
GEOMETRIC_REPRESENTATION_ITEM()
RATIONAL_B_SPLINE_CURVE((1.0000000000,1.0000000000))
REPRESENTATION_ITEM('')
);
#2478=CARTESIAN_POINT('',(-26.5000000000,11.0000000000,1.0000000000));
#2479=CARTESIAN_POINT('',(26.5000000000,11.0000000000,1.0000000000));

#2480=CARTESIAN_POINT('',(26.5000000000,11.0000000000,1.0000000000));
#2481=VERTEX_POINT('',#2480);
#2482=EDGE_CURVE('',#2476,#2481,#2477,.T.);
#2483=ORIENTED_EDGE('',*,*,#2482,.T.);
#2484=(
BOUNDED_CURVE()
B_SPLINE_CURVE(1,(#2485,#2486),.UNSPECIFIED.,.F.,.F.)
B_SPLINE_CURVE_WITH_KNOTS((2,2),(0.000,1.000),.UNSPECIFIED.)
CURVE()
GEOMETRIC_REPRESENTATION_ITEM()
RATIONAL_B_SPLINE_CURVE((1.0000000000,1.0000000000))
REPRESENTATION_ITEM('')
);
#2485=CARTESIAN_POINT('',(26.5000000000,11.0000000000,1.0000000000));
#2486=CARTESIAN_POINT('',(26.5000000000,11.0000000000,0.0000000000));

#2487=CARTESIAN_POINT('',(26.5000000000,11.0000000000,0.0000000000));
#2488=VERTEX_POINT('',#2487);
#2489=EDGE_CURVE('',#2481,#2488,#2484,.T.);
#2490=ORIENTED_EDGE('',*,*,#2489,.T.);
#2491=(
BOUNDED_CURVE()
B_SPLINE_CURVE(1,(#2492,#2493),.UNSPECIFIED.,.F.,.F.)
B_SPLINE_CURVE_WITH_KNOTS((2,2),(0.000,1.000),.UNSPECIFIED.)
CURVE()
GEOMETRIC_REPRESENTATION_ITEM()
RATIONAL_B_SPLINE_CURVE((1.0000000000,1.0000000000))
REPRESENTATION_ITEM('')
);
#2492=CARTESIAN_POINT('',(26.5000000000,11.0000000000,0.0000000000));
#2493=CARTESIAN_POINT('',(-26.5000000000,11.0000000000,0.0000000000));

#2494=CARTESIAN_POINT('',(-26.5000000000,11.0000000000,0.0000000000));
#2495=VERTEX_POINT('',#2494);
#2496=EDGE_CURVE('',#2488,#2495,#2491,.T.);
#2497=ORIENTED_EDGE('',*,*,#2496,.T.);
#2498=(
BOUNDED_CURVE()
B_SPLINE_CURVE(1,(#2499,#2500),.UNSPECIFIED.,.F.,.F.)
B_SPLINE_CURVE_WITH_KNOTS((2,2),(0.000,1.000),.UNSPECIFIED.)
CURVE()
GEOMETRIC_REPRESENTATION_ITEM()
RATIONAL_B_SPLINE_CURVE((1.0000000000,1.0000000000))
REPRESENTATION_ITEM('')
);
#2499=CARTESIAN_POINT('',(-26.5000000000,11.0000000000,0.0000000000));
#2500=CARTESIAN_POINT('',(-26.5000000000,11.0000000000,1.0000000000));

#2501=EDGE_CURVE('',#2495,#2476,#2498,.T.);
#2502=ORIENTED_EDGE('',*,*,#2501,.T.);
#2503=EDGE_LOOP('',(#2483,#2490,#2497,#2502));
#2504=FACE_OUTER_BOUND('',#2503,.T.);
#2505=ADVANCED_FACE('',(#2504),#2470,.T.);
#2506=COLOUR_RGB('',0.39,0.39,0.39);
#2507=FILL_AREA_STYLE_COLOUR('',#2506);
#2508=FILL_AREA_STYLE('',(#2507));
#2509=SURFACE_STYLE_FILL_AREA(#2508);
#2510=SURFACE_STYLE_TRANSPARENT(0.00);
#2511=SURFACE_STYLE_RENDERING_WITH_PROPERTIES(.NORMAL_SHADING.,#2506,(#2510));
#2512=SURFACE_SIDE_STYLE('',(#2509, #2511));
#2513=SURFACE_STYLE_USAGE(.BOTH.,#2512);
#2514=PRESENTATION_STYLE_ASSIGNMENT((#2513));
#2515=STYLED_ITEM('',(#2514),#2505);

#2516=(
BOUNDED_SURFACE()
B_SPLINE_SURFACE(2,1,((#2517,#2518),(#2519,#2520),(#2521,#2522)),.UNSPECIFIED.,.F.,.F.,.F.)
B_SPLINE_SURFACE_WITH_KNOTS((3,3),(2,2),(0.000,1.000),(0.000,1.000),.UNSPECIFIED.)
GEOMETRIC_REPRESENTATION_ITEM()
RATIONAL_B_SPLINE_SURFACE(((1.0000000000,1.0000000000),(0.7071067812,0.7071067812),(1.0000000000,1.0000000000)))
REPRESENTATION_ITEM('')
SURFACE()
);
#2517=CARTESIAN_POINT('',(28.0000000000,9.5000000000,10.0000000000));
#2518=CARTESIAN_POINT('',(28.0000000000,9.5000000000,0.0000000000));
#2519=CARTESIAN_POINT('',(28.0000000000,11.0000000000,10.0000000000));
#2520=CARTESIAN_POINT('',(28.0000000000,11.0000000000,0.0000000000));
#2521=CARTESIAN_POINT('',(26.5000000000,11.0000000000,10.0000000000));
#2522=CARTESIAN_POINT('',(26.5000000000,11.0000000000,0.0000000000));

#2523=CARTESIAN_POINT('',(28.0000000000,9.5000000000,1.0000000000));
#2524=VERTEX_POINT('',#2523);
#2525=(
BOUNDED_CURVE()
B_SPLINE_CURVE(1,(#2526,#2527),.UNSPECIFIED.,.F.,.F.)
B_SPLINE_CURVE_WITH_KNOTS((2,2),(0.000,1.000),.UNSPECIFIED.)
CURVE()
GEOMETRIC_REPRESENTATION_ITEM()
RATIONAL_B_SPLINE_CURVE((1.0000000000,1.0000000000))
REPRESENTATION_ITEM('')
);
#2526=CARTESIAN_POINT('',(28.0000000000,9.5000000000,1.0000000000));
#2527=CARTESIAN_POINT('',(28.0000000000,9.5000000000,0.0000000000));

#2528=CARTESIAN_POINT('',(28.0000000000,9.5000000000,0.0000000000));
#2529=VERTEX_POINT('',#2528);
#2530=EDGE_CURVE('',#2524,#2529,#2525,.T.);
#2531=ORIENTED_EDGE('',*,*,#2530,.T.);
#2532=(
BOUNDED_CURVE()
B_SPLINE_CURVE(2,(#2533,#2534,#2535),.UNSPECIFIED.,.F.,.F.)
B_SPLINE_CURVE_WITH_KNOTS((3,3),(0.000,1.000),.UNSPECIFIED.)
CURVE()
GEOMETRIC_REPRESENTATION_ITEM()
RATIONAL_B_SPLINE_CURVE((1.0000000000,0.7071067812,1.0000000000))
REPRESENTATION_ITEM('')
);
#2533=CARTESIAN_POINT('',(28.0000000000,9.5000000001,0.0000000000));
#2534=CARTESIAN_POINT('',(27.9999999999,11.0000000000,0.0000000000));
#2535=CARTESIAN_POINT('',(26.5000000000,11.0000000000,0.0000000000));

#2536=CARTESIAN_POINT('',(26.5000000000,11.0000000000,0.0000000000));
#2537=VERTEX_POINT('',#2536);
#2538=EDGE_CURVE('',#2529,#2537,#2532,.T.);
#2539=ORIENTED_EDGE('',*,*,#2538,.T.);
#2540=(
BOUNDED_CURVE()
B_SPLINE_CURVE(1,(#2541,#2542),.UNSPECIFIED.,.F.,.F.)
B_SPLINE_CURVE_WITH_KNOTS((2,2),(0.000,1.000),.UNSPECIFIED.)
CURVE()
GEOMETRIC_REPRESENTATION_ITEM()
RATIONAL_B_SPLINE_CURVE((1.0000000000,1.0000000000))
REPRESENTATION_ITEM('')
);
#2541=CARTESIAN_POINT('',(26.5000000000,11.0000000000,0.0000000000));
#2542=CARTESIAN_POINT('',(26.5000000000,11.0000000000,1.0000000000));

#2543=CARTESIAN_POINT('',(26.5000000000,11.0000000000,1.0000000000));
#2544=VERTEX_POINT('',#2543);
#2545=EDGE_CURVE('',#2537,#2544,#2540,.T.);
#2546=ORIENTED_EDGE('',*,*,#2545,.T.);
#2547=(
BOUNDED_CURVE()
B_SPLINE_CURVE(2,(#2548,#2549,#2550),.UNSPECIFIED.,.F.,.F.)
B_SPLINE_CURVE_WITH_KNOTS((3,3),(0.000,1.000),.UNSPECIFIED.)
CURVE()
GEOMETRIC_REPRESENTATION_ITEM()
RATIONAL_B_SPLINE_CURVE((0.9999999983,0.7071067820,1.0000000000))
REPRESENTATION_ITEM('')
);
#2548=CARTESIAN_POINT('',(26.5000000061,11.0000000000,1.0000000000));
#2549=CARTESIAN_POINT('',(28.0000000000,10.9999999939,1.0000000000));
#2550=CARTESIAN_POINT('',(28.0000000000,9.5000000000,1.0000000000));

#2551=EDGE_CURVE('',#2544,#2524,#2547,.T.);
#2552=ORIENTED_EDGE('',*,*,#2551,.T.);
#2553=EDGE_LOOP('',(#2531,#2539,#2546,#2552));
#2554=FACE_OUTER_BOUND('',#2553,.T.);
#2555=ADVANCED_FACE('',(#2554),#2516,.T.);
#2556=COLOUR_RGB('',0.39,0.39,0.39);
#2557=FILL_AREA_STYLE_COLOUR('',#2556);
#2558=FILL_AREA_STYLE('',(#2557));
#2559=SURFACE_STYLE_FILL_AREA(#2558);
#2560=SURFACE_STYLE_TRANSPARENT(0.00);
#2561=SURFACE_STYLE_RENDERING_WITH_PROPERTIES(.NORMAL_SHADING.,#2556,(#2560));
#2562=SURFACE_SIDE_STYLE('',(#2559, #2561));
#2563=SURFACE_STYLE_USAGE(.BOTH.,#2562);
#2564=PRESENTATION_STYLE_ASSIGNMENT((#2563));
#2565=STYLED_ITEM('',(#2564),#2555);

#2566=(
BOUNDED_SURFACE()
B_SPLINE_SURFACE(1,1,((#2567,#2568),(#2569,#2570)),.UNSPECIFIED.,.F.,.F.,.F.)
B_SPLINE_SURFACE_WITH_KNOTS((2,2),(2,2),(0.000,1.000),(0.000,1.000),.UNSPECIFIED.)
GEOMETRIC_REPRESENTATION_ITEM()
RATIONAL_B_SPLINE_SURFACE(((1.0000000000,1.0000000000),(1.0000000000,1.0000000000)))
REPRESENTATION_ITEM('')
SURFACE()
);
#2567=CARTESIAN_POINT('',(28.0000000000,-9.5000000000,10.0000000000));
#2568=CARTESIAN_POINT('',(28.0000000000,-9.5000000000,0.0000000000));
#2569=CARTESIAN_POINT('',(28.0000000000,9.5000000000,10.0000000000));
#2570=CARTESIAN_POINT('',(28.0000000000,9.5000000000,0.0000000000));

#2571=CARTESIAN_POINT('',(28.0000000000,9.5000000000,1.0000000000));
#2572=VERTEX_POINT('',#2571);
#2573=(
BOUNDED_CURVE()
B_SPLINE_CURVE(1,(#2574,#2575),.UNSPECIFIED.,.F.,.F.)
B_SPLINE_CURVE_WITH_KNOTS((2,2),(0.000,1.000),.UNSPECIFIED.)
CURVE()
GEOMETRIC_REPRESENTATION_ITEM()
RATIONAL_B_SPLINE_CURVE((1.0000000000,1.0000000000))
REPRESENTATION_ITEM('')
);
#2574=CARTESIAN_POINT('',(28.0000000000,9.5000000000,1.0000000000));
#2575=CARTESIAN_POINT('',(28.0000000000,-9.5000000000,1.0000000000));

#2576=CARTESIAN_POINT('',(28.0000000000,-9.5000000000,1.0000000000));
#2577=VERTEX_POINT('',#2576);
#2578=EDGE_CURVE('',#2572,#2577,#2573,.T.);
#2579=ORIENTED_EDGE('',*,*,#2578,.T.);
#2580=(
BOUNDED_CURVE()
B_SPLINE_CURVE(1,(#2581,#2582),.UNSPECIFIED.,.F.,.F.)
B_SPLINE_CURVE_WITH_KNOTS((2,2),(0.000,1.000),.UNSPECIFIED.)
CURVE()
GEOMETRIC_REPRESENTATION_ITEM()
RATIONAL_B_SPLINE_CURVE((1.0000000000,1.0000000000))
REPRESENTATION_ITEM('')
);
#2581=CARTESIAN_POINT('',(28.0000000000,-9.5000000000,1.0000000000));
#2582=CARTESIAN_POINT('',(28.0000000000,-9.5000000000,0.0000000000));

#2583=CARTESIAN_POINT('',(28.0000000000,-9.5000000000,0.0000000000));
#2584=VERTEX_POINT('',#2583);
#2585=EDGE_CURVE('',#2577,#2584,#2580,.T.);
#2586=ORIENTED_EDGE('',*,*,#2585,.T.);
#2587=(
BOUNDED_CURVE()
B_SPLINE_CURVE(1,(#2588,#2589),.UNSPECIFIED.,.F.,.F.)
B_SPLINE_CURVE_WITH_KNOTS((2,2),(0.000,1.000),.UNSPECIFIED.)
CURVE()
GEOMETRIC_REPRESENTATION_ITEM()
RATIONAL_B_SPLINE_CURVE((1.0000000000,1.0000000000))
REPRESENTATION_ITEM('')
);
#2588=CARTESIAN_POINT('',(28.0000000000,-9.5000000000,0.0000000000));
#2589=CARTESIAN_POINT('',(28.0000000000,9.5000000000,0.0000000000));

#2590=CARTESIAN_POINT('',(28.0000000000,9.5000000000,0.0000000000));
#2591=VERTEX_POINT('',#2590);
#2592=EDGE_CURVE('',#2584,#2591,#2587,.T.);
#2593=ORIENTED_EDGE('',*,*,#2592,.T.);
#2594=(
BOUNDED_CURVE()
B_SPLINE_CURVE(1,(#2595,#2596),.UNSPECIFIED.,.F.,.F.)
B_SPLINE_CURVE_WITH_KNOTS((2,2),(0.000,1.000),.UNSPECIFIED.)
CURVE()
GEOMETRIC_REPRESENTATION_ITEM()
RATIONAL_B_SPLINE_CURVE((1.0000000000,1.0000000000))
REPRESENTATION_ITEM('')
);
#2595=CARTESIAN_POINT('',(28.0000000000,9.5000000000,0.0000000000));
#2596=CARTESIAN_POINT('',(28.0000000000,9.5000000000,1.0000000000));

#2597=EDGE_CURVE('',#2591,#2572,#2594,.T.);
#2598=ORIENTED_EDGE('',*,*,#2597,.T.);
#2599=EDGE_LOOP('',(#2579,#2586,#2593,#2598));
#2600=FACE_OUTER_BOUND('',#2599,.T.);
#2601=ADVANCED_FACE('',(#2600),#2566,.T.);
#2602=COLOUR_RGB('',0.39,0.39,0.39);
#2603=FILL_AREA_STYLE_COLOUR('',#2602);
#2604=FILL_AREA_STYLE('',(#2603));
#2605=SURFACE_STYLE_FILL_AREA(#2604);
#2606=SURFACE_STYLE_TRANSPARENT(0.00);
#2607=SURFACE_STYLE_RENDERING_WITH_PROPERTIES(.NORMAL_SHADING.,#2602,(#2606));
#2608=SURFACE_SIDE_STYLE('',(#2605, #2607));
#2609=SURFACE_STYLE_USAGE(.BOTH.,#2608);
#2610=PRESENTATION_STYLE_ASSIGNMENT((#2609));
#2611=STYLED_ITEM('',(#2610),#2601);

#2612=(
BOUNDED_SURFACE()
B_SPLINE_SURFACE(2,1,((#2613,#2614),(#2615,#2616),(#2617,#2618)),.UNSPECIFIED.,.F.,.F.,.F.)
B_SPLINE_SURFACE_WITH_KNOTS((3,3),(2,2),(0.000,1.000),(0.000,1.000),.UNSPECIFIED.)
GEOMETRIC_REPRESENTATION_ITEM()
RATIONAL_B_SPLINE_SURFACE(((1.0000000000,1.0000000000),(0.7071067812,0.7071067812),(1.0000000000,1.0000000000)))
REPRESENTATION_ITEM('')
SURFACE()
);
#2613=CARTESIAN_POINT('',(26.5000000000,-11.0000000000,10.0000000000));
#2614=CARTESIAN_POINT('',(26.5000000000,-11.0000000000,0.0000000000));
#2615=CARTESIAN_POINT('',(28.0000000000,-11.0000000000,10.0000000000));
#2616=CARTESIAN_POINT('',(28.0000000000,-11.0000000000,0.0000000000));
#2617=CARTESIAN_POINT('',(28.0000000000,-9.5000000000,10.0000000000));
#2618=CARTESIAN_POINT('',(28.0000000000,-9.5000000000,0.0000000000));

#2619=CARTESIAN_POINT('',(26.5000000000,-11.0000000000,1.0000000000));
#2620=VERTEX_POINT('',#2619);
#2621=(
BOUNDED_CURVE()
B_SPLINE_CURVE(1,(#2622,#2623),.UNSPECIFIED.,.F.,.F.)
B_SPLINE_CURVE_WITH_KNOTS((2,2),(0.000,1.000),.UNSPECIFIED.)
CURVE()
GEOMETRIC_REPRESENTATION_ITEM()
RATIONAL_B_SPLINE_CURVE((1.0000000000,1.0000000000))
REPRESENTATION_ITEM('')
);
#2622=CARTESIAN_POINT('',(26.5000000000,-11.0000000000,1.0000000000));
#2623=CARTESIAN_POINT('',(26.5000000000,-11.0000000000,0.0000000000));

#2624=CARTESIAN_POINT('',(26.5000000000,-11.0000000000,0.0000000000));
#2625=VERTEX_POINT('',#2624);
#2626=EDGE_CURVE('',#2620,#2625,#2621,.T.);
#2627=ORIENTED_EDGE('',*,*,#2626,.T.);
#2628=(
BOUNDED_CURVE()
B_SPLINE_CURVE(2,(#2629,#2630,#2631),.UNSPECIFIED.,.F.,.F.)
B_SPLINE_CURVE_WITH_KNOTS((3,3),(0.000,1.000),.UNSPECIFIED.)
CURVE()
GEOMETRIC_REPRESENTATION_ITEM()
RATIONAL_B_SPLINE_CURVE((1.0000000000,0.7071067812,1.0000000000))
REPRESENTATION_ITEM('')
);
#2629=CARTESIAN_POINT('',(26.5000000001,-11.0000000000,0.0000000000));
#2630=CARTESIAN_POINT('',(28.0000000000,-10.9999999999,0.0000000000));
#2631=CARTESIAN_POINT('',(28.0000000000,-9.5000000000,0.0000000000));

#2632=CARTESIAN_POINT('',(28.0000000000,-9.5000000000,0.0000000000));
#2633=VERTEX_POINT('',#2632);
#2634=EDGE_CURVE('',#2625,#2633,#2628,.T.);
#2635=ORIENTED_EDGE('',*,*,#2634,.T.);
#2636=(
BOUNDED_CURVE()
B_SPLINE_CURVE(1,(#2637,#2638),.UNSPECIFIED.,.F.,.F.)
B_SPLINE_CURVE_WITH_KNOTS((2,2),(0.000,1.000),.UNSPECIFIED.)
CURVE()
GEOMETRIC_REPRESENTATION_ITEM()
RATIONAL_B_SPLINE_CURVE((1.0000000000,1.0000000000))
REPRESENTATION_ITEM('')
);
#2637=CARTESIAN_POINT('',(28.0000000000,-9.5000000000,0.0000000000));
#2638=CARTESIAN_POINT('',(28.0000000000,-9.5000000000,1.0000000000));

#2639=CARTESIAN_POINT('',(28.0000000000,-9.5000000000,1.0000000000));
#2640=VERTEX_POINT('',#2639);
#2641=EDGE_CURVE('',#2633,#2640,#2636,.T.);
#2642=ORIENTED_EDGE('',*,*,#2641,.T.);
#2643=(
BOUNDED_CURVE()
B_SPLINE_CURVE(2,(#2644,#2645,#2646),.UNSPECIFIED.,.F.,.F.)
B_SPLINE_CURVE_WITH_KNOTS((3,3),(0.000,1.000),.UNSPECIFIED.)
CURVE()
GEOMETRIC_REPRESENTATION_ITEM()
RATIONAL_B_SPLINE_CURVE((0.9999999983,0.7071067820,1.0000000000))
REPRESENTATION_ITEM('')
);
#2644=CARTESIAN_POINT('',(28.0000000000,-9.5000000061,1.0000000000));
#2645=CARTESIAN_POINT('',(27.9999999939,-11.0000000000,1.0000000000));
#2646=CARTESIAN_POINT('',(26.5000000000,-11.0000000000,1.0000000000));

#2647=EDGE_CURVE('',#2640,#2620,#2643,.T.);
#2648=ORIENTED_EDGE('',*,*,#2647,.T.);
#2649=EDGE_LOOP('',(#2627,#2635,#2642,#2648));
#2650=FACE_OUTER_BOUND('',#2649,.T.);
#2651=ADVANCED_FACE('',(#2650),#2612,.T.);
#2652=COLOUR_RGB('',0.39,0.39,0.39);
#2653=FILL_AREA_STYLE_COLOUR('',#2652);
#2654=FILL_AREA_STYLE('',(#2653));
#2655=SURFACE_STYLE_FILL_AREA(#2654);
#2656=SURFACE_STYLE_TRANSPARENT(0.00);
#2657=SURFACE_STYLE_RENDERING_WITH_PROPERTIES(.NORMAL_SHADING.,#2652,(#2656));
#2658=SURFACE_SIDE_STYLE('',(#2655, #2657));
#2659=SURFACE_STYLE_USAGE(.BOTH.,#2658);
#2660=PRESENTATION_STYLE_ASSIGNMENT((#2659));
#2661=STYLED_ITEM('',(#2660),#2651);

#2662=(
BOUNDED_SURFACE()
B_SPLINE_SURFACE(1,1,((#2663,#2664),(#2665,#2666)),.UNSPECIFIED.,.F.,.F.,.F.)
B_SPLINE_SURFACE_WITH_KNOTS((2,2),(2,2),(0.000,1.000),(0.000,1.000),.UNSPECIFIED.)
GEOMETRIC_REPRESENTATION_ITEM()
RATIONAL_B_SPLINE_SURFACE(((1.0000000000,1.0000000000),(1.0000000000,1.0000000000)))
REPRESENTATION_ITEM('')
SURFACE()
);
#2663=CARTESIAN_POINT('',(-26.5000000000,-11.0000000000,10.0000000000));
#2664=CARTESIAN_POINT('',(-26.5000000000,-11.0000000000,0.0000000000));
#2665=CARTESIAN_POINT('',(26.5000000000,-11.0000000000,10.0000000000));
#2666=CARTESIAN_POINT('',(26.5000000000,-11.0000000000,0.0000000000));

#2667=CARTESIAN_POINT('',(26.5000000000,-11.0000000000,1.0000000000));
#2668=VERTEX_POINT('',#2667);
#2669=(
BOUNDED_CURVE()
B_SPLINE_CURVE(1,(#2670,#2671),.UNSPECIFIED.,.F.,.F.)
B_SPLINE_CURVE_WITH_KNOTS((2,2),(0.000,1.000),.UNSPECIFIED.)
CURVE()
GEOMETRIC_REPRESENTATION_ITEM()
RATIONAL_B_SPLINE_CURVE((1.0000000000,1.0000000000))
REPRESENTATION_ITEM('')
);
#2670=CARTESIAN_POINT('',(26.5000000000,-11.0000000000,1.0000000000));
#2671=CARTESIAN_POINT('',(-26.5000000000,-11.0000000000,1.0000000000));

#2672=CARTESIAN_POINT('',(-26.5000000000,-11.0000000000,1.0000000000));
#2673=VERTEX_POINT('',#2672);
#2674=EDGE_CURVE('',#2668,#2673,#2669,.T.);
#2675=ORIENTED_EDGE('',*,*,#2674,.T.);
#2676=(
BOUNDED_CURVE()
B_SPLINE_CURVE(1,(#2677,#2678),.UNSPECIFIED.,.F.,.F.)
B_SPLINE_CURVE_WITH_KNOTS((2,2),(0.000,1.000),.UNSPECIFIED.)
CURVE()
GEOMETRIC_REPRESENTATION_ITEM()
RATIONAL_B_SPLINE_CURVE((1.0000000000,1.0000000000))
REPRESENTATION_ITEM('')
);
#2677=CARTESIAN_POINT('',(-26.5000000000,-11.0000000000,1.0000000000));
#2678=CARTESIAN_POINT('',(-26.5000000000,-11.0000000000,0.0000000000));

#2679=CARTESIAN_POINT('',(-26.5000000000,-11.0000000000,0.0000000000));
#2680=VERTEX_POINT('',#2679);
#2681=EDGE_CURVE('',#2673,#2680,#2676,.T.);
#2682=ORIENTED_EDGE('',*,*,#2681,.T.);
#2683=(
BOUNDED_CURVE()
B_SPLINE_CURVE(1,(#2684,#2685),.UNSPECIFIED.,.F.,.F.)
B_SPLINE_CURVE_WITH_KNOTS((2,2),(0.000,1.000),.UNSPECIFIED.)
CURVE()
GEOMETRIC_REPRESENTATION_ITEM()
RATIONAL_B_SPLINE_CURVE((1.0000000000,1.0000000000))
REPRESENTATION_ITEM('')
);
#2684=CARTESIAN_POINT('',(-26.5000000000,-11.0000000000,0.0000000000));
#2685=CARTESIAN_POINT('',(26.5000000000,-11.0000000000,0.0000000000));

#2686=CARTESIAN_POINT('',(26.5000000000,-11.0000000000,0.0000000000));
#2687=VERTEX_POINT('',#2686);
#2688=EDGE_CURVE('',#2680,#2687,#2683,.T.);
#2689=ORIENTED_EDGE('',*,*,#2688,.T.);
#2690=(
BOUNDED_CURVE()
B_SPLINE_CURVE(1,(#2691,#2692),.UNSPECIFIED.,.F.,.F.)
B_SPLINE_CURVE_WITH_KNOTS((2,2),(0.000,1.000),.UNSPECIFIED.)
CURVE()
GEOMETRIC_REPRESENTATION_ITEM()
RATIONAL_B_SPLINE_CURVE((1.0000000000,1.0000000000))
REPRESENTATION_ITEM('')
);
#2691=CARTESIAN_POINT('',(26.5000000000,-11.0000000000,0.0000000000));
#2692=CARTESIAN_POINT('',(26.5000000000,-11.0000000000,1.0000000000));

#2693=EDGE_CURVE('',#2687,#2668,#2690,.T.);
#2694=ORIENTED_EDGE('',*,*,#2693,.T.);
#2695=EDGE_LOOP('',(#2675,#2682,#2689,#2694));
#2696=FACE_OUTER_BOUND('',#2695,.T.);
#2697=ADVANCED_FACE('',(#2696),#2662,.T.);
#2698=COLOUR_RGB('',0.39,0.39,0.39);
#2699=FILL_AREA_STYLE_COLOUR('',#2698);
#2700=FILL_AREA_STYLE('',(#2699));
#2701=SURFACE_STYLE_FILL_AREA(#2700);
#2702=SURFACE_STYLE_TRANSPARENT(0.00);
#2703=SURFACE_STYLE_RENDERING_WITH_PROPERTIES(.NORMAL_SHADING.,#2698,(#2702));
#2704=SURFACE_SIDE_STYLE('',(#2701, #2703));
#2705=SURFACE_STYLE_USAGE(.BOTH.,#2704);
#2706=PRESENTATION_STYLE_ASSIGNMENT((#2705));
#2707=STYLED_ITEM('',(#2706),#2697);

#2708=(
BOUNDED_SURFACE()
B_SPLINE_SURFACE(2,1,((#2709,#2710),(#2711,#2712),(#2713,#2714)),.UNSPECIFIED.,.F.,.F.,.F.)
B_SPLINE_SURFACE_WITH_KNOTS((3,3),(2,2),(0.000,1.000),(0.000,1.000),.UNSPECIFIED.)
GEOMETRIC_REPRESENTATION_ITEM()
RATIONAL_B_SPLINE_SURFACE(((1.0000000000,1.0000000000),(0.7071067812,0.7071067812),(1.0000000000,1.0000000000)))
REPRESENTATION_ITEM('')
SURFACE()
);
#2709=CARTESIAN_POINT('',(-28.0000000000,-9.5000000000,10.0000000000));
#2710=CARTESIAN_POINT('',(-28.0000000000,-9.5000000000,0.0000000000));
#2711=CARTESIAN_POINT('',(-28.0000000000,-11.0000000000,10.0000000000));
#2712=CARTESIAN_POINT('',(-28.0000000000,-11.0000000000,0.0000000000));
#2713=CARTESIAN_POINT('',(-26.5000000000,-11.0000000000,10.0000000000));
#2714=CARTESIAN_POINT('',(-26.5000000000,-11.0000000000,0.0000000000));

#2715=CARTESIAN_POINT('',(-28.0000000000,-9.5000000000,1.0000000000));
#2716=VERTEX_POINT('',#2715);
#2717=(
BOUNDED_CURVE()
B_SPLINE_CURVE(1,(#2718,#2719),.UNSPECIFIED.,.F.,.F.)
B_SPLINE_CURVE_WITH_KNOTS((2,2),(0.000,1.000),.UNSPECIFIED.)
CURVE()
GEOMETRIC_REPRESENTATION_ITEM()
RATIONAL_B_SPLINE_CURVE((1.0000000000,1.0000000000))
REPRESENTATION_ITEM('')
);
#2718=CARTESIAN_POINT('',(-28.0000000000,-9.5000000000,1.0000000000));
#2719=CARTESIAN_POINT('',(-28.0000000000,-9.5000000000,0.0000000000));

#2720=CARTESIAN_POINT('',(-28.0000000000,-9.5000000000,0.0000000000));
#2721=VERTEX_POINT('',#2720);
#2722=EDGE_CURVE('',#2716,#2721,#2717,.T.);
#2723=ORIENTED_EDGE('',*,*,#2722,.T.);
#2724=(
BOUNDED_CURVE()
B_SPLINE_CURVE(2,(#2725,#2726,#2727),.UNSPECIFIED.,.F.,.F.)
B_SPLINE_CURVE_WITH_KNOTS((3,3),(0.000,1.000),.UNSPECIFIED.)
CURVE()
GEOMETRIC_REPRESENTATION_ITEM()
RATIONAL_B_SPLINE_CURVE((1.0000000000,0.7071067812,1.0000000000))
REPRESENTATION_ITEM('')
);
#2725=CARTESIAN_POINT('',(-28.0000000000,-9.5000000001,0.0000000000));
#2726=CARTESIAN_POINT('',(-27.9999999999,-11.0000000000,0.0000000000));
#2727=CARTESIAN_POINT('',(-26.5000000000,-11.0000000000,0.0000000000));

#2728=CARTESIAN_POINT('',(-26.5000000000,-11.0000000000,0.0000000000));
#2729=VERTEX_POINT('',#2728);
#2730=EDGE_CURVE('',#2721,#2729,#2724,.T.);
#2731=ORIENTED_EDGE('',*,*,#2730,.T.);
#2732=(
BOUNDED_CURVE()
B_SPLINE_CURVE(1,(#2733,#2734),.UNSPECIFIED.,.F.,.F.)
B_SPLINE_CURVE_WITH_KNOTS((2,2),(0.000,1.000),.UNSPECIFIED.)
CURVE()
GEOMETRIC_REPRESENTATION_ITEM()
RATIONAL_B_SPLINE_CURVE((1.0000000000,1.0000000000))
REPRESENTATION_ITEM('')
);
#2733=CARTESIAN_POINT('',(-26.5000000000,-11.0000000000,0.0000000000));
#2734=CARTESIAN_POINT('',(-26.5000000000,-11.0000000000,1.0000000000));

#2735=CARTESIAN_POINT('',(-26.5000000000,-11.0000000000,1.0000000000));
#2736=VERTEX_POINT('',#2735);
#2737=EDGE_CURVE('',#2729,#2736,#2732,.T.);
#2738=ORIENTED_EDGE('',*,*,#2737,.T.);
#2739=(
BOUNDED_CURVE()
B_SPLINE_CURVE(2,(#2740,#2741,#2742),.UNSPECIFIED.,.F.,.F.)
B_SPLINE_CURVE_WITH_KNOTS((3,3),(0.000,1.000),.UNSPECIFIED.)
CURVE()
GEOMETRIC_REPRESENTATION_ITEM()
RATIONAL_B_SPLINE_CURVE((0.9999999983,0.7071067820,1.0000000000))
REPRESENTATION_ITEM('')
);
#2740=CARTESIAN_POINT('',(-26.5000000061,-11.0000000000,1.0000000000));
#2741=CARTESIAN_POINT('',(-28.0000000000,-10.9999999939,1.0000000000));
#2742=CARTESIAN_POINT('',(-28.0000000000,-9.5000000000,1.0000000000));

#2743=EDGE_CURVE('',#2736,#2716,#2739,.T.);
#2744=ORIENTED_EDGE('',*,*,#2743,.T.);
#2745=EDGE_LOOP('',(#2723,#2731,#2738,#2744));
#2746=FACE_OUTER_BOUND('',#2745,.T.);
#2747=ADVANCED_FACE('',(#2746),#2708,.T.);
#2748=COLOUR_RGB('',0.39,0.39,0.39);
#2749=FILL_AREA_STYLE_COLOUR('',#2748);
#2750=FILL_AREA_STYLE('',(#2749));
#2751=SURFACE_STYLE_FILL_AREA(#2750);
#2752=SURFACE_STYLE_TRANSPARENT(0.00);
#2753=SURFACE_STYLE_RENDERING_WITH_PROPERTIES(.NORMAL_SHADING.,#2748,(#2752));
#2754=SURFACE_SIDE_STYLE('',(#2751, #2753));
#2755=SURFACE_STYLE_USAGE(.BOTH.,#2754);
#2756=PRESENTATION_STYLE_ASSIGNMENT((#2755));
#2757=STYLED_ITEM('',(#2756),#2747);

#2758=(
BOUNDED_SURFACE()
B_SPLINE_SURFACE(1,1,((#2759,#2760),(#2761,#2762)),.UNSPECIFIED.,.F.,.F.,.F.)
B_SPLINE_SURFACE_WITH_KNOTS((2,2),(2,2),(0.000,1.000),(0.000,1.000),.UNSPECIFIED.)
GEOMETRIC_REPRESENTATION_ITEM()
RATIONAL_B_SPLINE_SURFACE(((1.0000000000,1.0000000000),(1.0000000000,1.0000000000)))
REPRESENTATION_ITEM('')
SURFACE()
);
#2759=CARTESIAN_POINT('',(-28.0000000000,9.5000000000,10.0000000000));
#2760=CARTESIAN_POINT('',(-28.0000000000,9.5000000000,0.0000000000));
#2761=CARTESIAN_POINT('',(-28.0000000000,-9.5000000000,10.0000000000));
#2762=CARTESIAN_POINT('',(-28.0000000000,-9.5000000000,0.0000000000));

#2763=CARTESIAN_POINT('',(-28.0000000000,-9.5000000000,1.0000000000));
#2764=VERTEX_POINT('',#2763);
#2765=(
BOUNDED_CURVE()
B_SPLINE_CURVE(1,(#2766,#2767),.UNSPECIFIED.,.F.,.F.)
B_SPLINE_CURVE_WITH_KNOTS((2,2),(0.000,1.000),.UNSPECIFIED.)
CURVE()
GEOMETRIC_REPRESENTATION_ITEM()
RATIONAL_B_SPLINE_CURVE((1.0000000000,1.0000000000))
REPRESENTATION_ITEM('')
);
#2766=CARTESIAN_POINT('',(-28.0000000000,-9.5000000000,1.0000000000));
#2767=CARTESIAN_POINT('',(-28.0000000000,9.5000000000,1.0000000000));

#2768=CARTESIAN_POINT('',(-28.0000000000,9.5000000000,1.0000000000));
#2769=VERTEX_POINT('',#2768);
#2770=EDGE_CURVE('',#2764,#2769,#2765,.T.);
#2771=ORIENTED_EDGE('',*,*,#2770,.T.);
#2772=(
BOUNDED_CURVE()
B_SPLINE_CURVE(1,(#2773,#2774),.UNSPECIFIED.,.F.,.F.)
B_SPLINE_CURVE_WITH_KNOTS((2,2),(0.000,1.000),.UNSPECIFIED.)
CURVE()
GEOMETRIC_REPRESENTATION_ITEM()
RATIONAL_B_SPLINE_CURVE((1.0000000000,1.0000000000))
REPRESENTATION_ITEM('')
);
#2773=CARTESIAN_POINT('',(-28.0000000000,9.5000000000,1.0000000000));
#2774=CARTESIAN_POINT('',(-28.0000000000,9.5000000000,0.0000000000));

#2775=CARTESIAN_POINT('',(-28.0000000000,9.5000000000,0.0000000000));
#2776=VERTEX_POINT('',#2775);
#2777=EDGE_CURVE('',#2769,#2776,#2772,.T.);
#2778=ORIENTED_EDGE('',*,*,#2777,.T.);
#2779=(
BOUNDED_CURVE()
B_SPLINE_CURVE(1,(#2780,#2781),.UNSPECIFIED.,.F.,.F.)
B_SPLINE_CURVE_WITH_KNOTS((2,2),(0.000,1.000),.UNSPECIFIED.)
CURVE()
GEOMETRIC_REPRESENTATION_ITEM()
RATIONAL_B_SPLINE_CURVE((1.0000000000,1.0000000000))
REPRESENTATION_ITEM('')
);
#2780=CARTESIAN_POINT('',(-28.0000000000,9.5000000000,0.0000000000));
#2781=CARTESIAN_POINT('',(-28.0000000000,-9.5000000000,0.0000000000));

#2782=CARTESIAN_POINT('',(-28.0000000000,-9.5000000000,0.0000000000));
#2783=VERTEX_POINT('',#2782);
#2784=EDGE_CURVE('',#2776,#2783,#2779,.T.);
#2785=ORIENTED_EDGE('',*,*,#2784,.T.);
#2786=(
BOUNDED_CURVE()
B_SPLINE_CURVE(1,(#2787,#2788),.UNSPECIFIED.,.F.,.F.)
B_SPLINE_CURVE_WITH_KNOTS((2,2),(0.000,1.000),.UNSPECIFIED.)
CURVE()
GEOMETRIC_REPRESENTATION_ITEM()
RATIONAL_B_SPLINE_CURVE((1.0000000000,1.0000000000))
REPRESENTATION_ITEM('')
);
#2787=CARTESIAN_POINT('',(-28.0000000000,-9.5000000000,0.0000000000));
#2788=CARTESIAN_POINT('',(-28.0000000000,-9.5000000000,1.0000000000));

#2789=EDGE_CURVE('',#2783,#2764,#2786,.T.);
#2790=ORIENTED_EDGE('',*,*,#2789,.T.);
#2791=EDGE_LOOP('',(#2771,#2778,#2785,#2790));
#2792=FACE_OUTER_BOUND('',#2791,.T.);
#2793=ADVANCED_FACE('',(#2792),#2758,.T.);
#2794=COLOUR_RGB('',0.39,0.39,0.39);
#2795=FILL_AREA_STYLE_COLOUR('',#2794);
#2796=FILL_AREA_STYLE('',(#2795));
#2797=SURFACE_STYLE_FILL_AREA(#2796);
#2798=SURFACE_STYLE_TRANSPARENT(0.00);
#2799=SURFACE_STYLE_RENDERING_WITH_PROPERTIES(.NORMAL_SHADING.,#2794,(#2798));
#2800=SURFACE_SIDE_STYLE('',(#2797, #2799));
#2801=SURFACE_STYLE_USAGE(.BOTH.,#2800);
#2802=PRESENTATION_STYLE_ASSIGNMENT((#2801));
#2803=STYLED_ITEM('',(#2802),#2793);

#2804=(
BOUNDED_SURFACE()
B_SPLINE_SURFACE(2,1,((#2805,#2806),(#2807,#2808),(#2809,#2810)),.UNSPECIFIED.,.F.,.F.,.F.)
B_SPLINE_SURFACE_WITH_KNOTS((3,3),(2,2),(0.000,1.000),(0.000,1.000),.UNSPECIFIED.)
GEOMETRIC_REPRESENTATION_ITEM()
RATIONAL_B_SPLINE_SURFACE(((1.0000000000,1.0000000000),(0.7071067812,0.7071067812),(1.0000000000,1.0000000000)))
REPRESENTATION_ITEM('')
SURFACE()
);
#2805=CARTESIAN_POINT('',(-26.5000000000,11.0000000000,10.0000000000));
#2806=CARTESIAN_POINT('',(-26.5000000000,11.0000000000,0.0000000000));
#2807=CARTESIAN_POINT('',(-28.0000000000,11.0000000000,10.0000000000));
#2808=CARTESIAN_POINT('',(-28.0000000000,11.0000000000,0.0000000000));
#2809=CARTESIAN_POINT('',(-28.0000000000,9.5000000000,10.0000000000));
#2810=CARTESIAN_POINT('',(-28.0000000000,9.5000000000,0.0000000000));

#2811=CARTESIAN_POINT('',(-26.5000000000,11.0000000000,1.0000000000));
#2812=VERTEX_POINT('',#2811);
#2813=(
BOUNDED_CURVE()
B_SPLINE_CURVE(1,(#2814,#2815),.UNSPECIFIED.,.F.,.F.)
B_SPLINE_CURVE_WITH_KNOTS((2,2),(0.000,1.000),.UNSPECIFIED.)
CURVE()
GEOMETRIC_REPRESENTATION_ITEM()
RATIONAL_B_SPLINE_CURVE((1.0000000000,1.0000000000))
REPRESENTATION_ITEM('')
);
#2814=CARTESIAN_POINT('',(-26.5000000000,11.0000000000,1.0000000000));
#2815=CARTESIAN_POINT('',(-26.5000000000,11.0000000000,0.0000000000));

#2816=CARTESIAN_POINT('',(-26.5000000000,11.0000000000,0.0000000000));
#2817=VERTEX_POINT('',#2816);
#2818=EDGE_CURVE('',#2812,#2817,#2813,.T.);
#2819=ORIENTED_EDGE('',*,*,#2818,.T.);
#2820=(
BOUNDED_CURVE()
B_SPLINE_CURVE(2,(#2821,#2822,#2823),.UNSPECIFIED.,.F.,.F.)
B_SPLINE_CURVE_WITH_KNOTS((3,3),(0.000,1.000),.UNSPECIFIED.)
CURVE()
GEOMETRIC_REPRESENTATION_ITEM()
RATIONAL_B_SPLINE_CURVE((1.0000000000,0.7071067812,1.0000000000))
REPRESENTATION_ITEM('')
);
#2821=CARTESIAN_POINT('',(-26.5000000001,11.0000000000,0.0000000000));
#2822=CARTESIAN_POINT('',(-28.0000000000,10.9999999999,0.0000000000));
#2823=CARTESIAN_POINT('',(-28.0000000000,9.5000000000,0.0000000000));

#2824=CARTESIAN_POINT('',(-28.0000000000,9.5000000000,0.0000000000));
#2825=VERTEX_POINT('',#2824);
#2826=EDGE_CURVE('',#2817,#2825,#2820,.T.);
#2827=ORIENTED_EDGE('',*,*,#2826,.T.);
#2828=(
BOUNDED_CURVE()
B_SPLINE_CURVE(1,(#2829,#2830),.UNSPECIFIED.,.F.,.F.)
B_SPLINE_CURVE_WITH_KNOTS((2,2),(0.000,1.000),.UNSPECIFIED.)
CURVE()
GEOMETRIC_REPRESENTATION_ITEM()
RATIONAL_B_SPLINE_CURVE((1.0000000000,1.0000000000))
REPRESENTATION_ITEM('')
);
#2829=CARTESIAN_POINT('',(-28.0000000000,9.5000000000,0.0000000000));
#2830=CARTESIAN_POINT('',(-28.0000000000,9.5000000000,1.0000000000));

#2831=CARTESIAN_POINT('',(-28.0000000000,9.5000000000,1.0000000000));
#2832=VERTEX_POINT('',#2831);
#2833=EDGE_CURVE('',#2825,#2832,#2828,.T.);
#2834=ORIENTED_EDGE('',*,*,#2833,.T.);
#2835=(
BOUNDED_CURVE()
B_SPLINE_CURVE(2,(#2836,#2837,#2838),.UNSPECIFIED.,.F.,.F.)
B_SPLINE_CURVE_WITH_KNOTS((3,3),(0.000,1.000),.UNSPECIFIED.)
CURVE()
GEOMETRIC_REPRESENTATION_ITEM()
RATIONAL_B_SPLINE_CURVE((0.9999999983,0.7071067820,1.0000000000))
REPRESENTATION_ITEM('')
);
#2836=CARTESIAN_POINT('',(-28.0000000000,9.5000000061,1.0000000000));
#2837=CARTESIAN_POINT('',(-27.9999999939,11.0000000000,1.0000000000));
#2838=CARTESIAN_POINT('',(-26.5000000000,11.0000000000,1.0000000000));

#2839=EDGE_CURVE('',#2832,#2812,#2835,.T.);
#2840=ORIENTED_EDGE('',*,*,#2839,.T.);
#2841=EDGE_LOOP('',(#2819,#2827,#2834,#2840));
#2842=FACE_OUTER_BOUND('',#2841,.T.);
#2843=ADVANCED_FACE('',(#2842),#2804,.T.);
#2844=COLOUR_RGB('',0.39,0.39,0.39);
#2845=FILL_AREA_STYLE_COLOUR('',#2844);
#2846=FILL_AREA_STYLE('',(#2845));
#2847=SURFACE_STYLE_FILL_AREA(#2846);
#2848=SURFACE_STYLE_TRANSPARENT(0.00);
#2849=SURFACE_STYLE_RENDERING_WITH_PROPERTIES(.NORMAL_SHADING.,#2844,(#2848));
#2850=SURFACE_SIDE_STYLE('',(#2847, #2849));
#2851=SURFACE_STYLE_USAGE(.BOTH.,#2850);
#2852=PRESENTATION_STYLE_ASSIGNMENT((#2851));
#2853=STYLED_ITEM('',(#2852),#2843);

#2854=(
BOUNDED_SURFACE()
B_SPLINE_SURFACE(1,1,((#2855,#2856),(#2857,#2858)),.UNSPECIFIED.,.F.,.F.,.F.)
B_SPLINE_SURFACE_WITH_KNOTS((2,2),(2,2),(0.000,1.000),(0.000,1.000),.UNSPECIFIED.)
GEOMETRIC_REPRESENTATION_ITEM()
RATIONAL_B_SPLINE_SURFACE(((1.0000000000,1.0000000000),(1.0000000000,1.0000000000)))
REPRESENTATION_ITEM('')
SURFACE()
);
#2855=CARTESIAN_POINT('',(38.0000000000,-17.5000000000,1.0000000000));
#2856=CARTESIAN_POINT('',(-31.5000000000,-17.5000000000,1.0000000000));
#2857=CARTESIAN_POINT('',(38.0000000000,17.5000000000,1.0000000000));
#2858=CARTESIAN_POINT('',(-31.5000000000,17.5000000000,1.0000000000));

#2859=CARTESIAN_POINT('',(-22.5000000000,-17.5000000000,1.0000000000));
#2860=VERTEX_POINT('',#2859);
#2861=(
BOUNDED_CURVE()
B_SPLINE_CURVE(1,(#2862,#2863),.UNSPECIFIED.,.F.,.F.)
B_SPLINE_CURVE_WITH_KNOTS((2,2),(0.000,1.000),.UNSPECIFIED.)
CURVE()
GEOMETRIC_REPRESENTATION_ITEM()
RATIONAL_B_SPLINE_CURVE((1.0000000000,1.0000000000))
REPRESENTATION_ITEM('')
);
#2862=CARTESIAN_POINT('',(-22.5000000000,-17.5000000000,1.0000000000));
#2863=CARTESIAN_POINT('',(-22.5000000000,-13.5000000000,1.0000000000));

#2864=CARTESIAN_POINT('',(-22.5000000000,-13.5000000000,1.0000000000));
#2865=VERTEX_POINT('',#2864);
#2866=EDGE_CURVE('',#2860,#2865,#2861,.T.);
#2867=ORIENTED_EDGE('',*,*,#2866,.T.);
#2868=(
BOUNDED_CURVE()
B_SPLINE_CURVE(1,(#2869,#2870),.UNSPECIFIED.,.F.,.F.)
B_SPLINE_CURVE_WITH_KNOTS((2,2),(0.000,1.000),.UNSPECIFIED.)
CURVE()
GEOMETRIC_REPRESENTATION_ITEM()
RATIONAL_B_SPLINE_CURVE((1.0000000000,1.0000000000))
REPRESENTATION_ITEM('')
);
#2869=CARTESIAN_POINT('',(-22.5000000000,-13.5000000000,1.0000000000));
#2870=CARTESIAN_POINT('',(-31.5000000000,-13.5000000000,1.0000000000));

#2871=CARTESIAN_POINT('',(-31.5000000000,-13.5000000000,1.0000000000));
#2872=VERTEX_POINT('',#2871);
#2873=EDGE_CURVE('',#2865,#2872,#2868,.T.);
#2874=ORIENTED_EDGE('',*,*,#2873,.T.);
#2875=(
BOUNDED_CURVE()
B_SPLINE_CURVE(1,(#2876,#2877),.UNSPECIFIED.,.F.,.F.)
B_SPLINE_CURVE_WITH_KNOTS((2,2),(0.000,1.000),.UNSPECIFIED.)
CURVE()
GEOMETRIC_REPRESENTATION_ITEM()
RATIONAL_B_SPLINE_CURVE((1.0000000000,1.0000000000))
REPRESENTATION_ITEM('')
);
#2876=CARTESIAN_POINT('',(-31.5000000000,-13.5000000000,1.0000000000));
#2877=CARTESIAN_POINT('',(-31.5000000000,13.5000000000,1.0000000000));

#2878=CARTESIAN_POINT('',(-31.5000000000,13.5000000000,1.0000000000));
#2879=VERTEX_POINT('',#2878);
#2880=EDGE_CURVE('',#2872,#2879,#2875,.T.);
#2881=ORIENTED_EDGE('',*,*,#2880,.T.);
#2882=(
BOUNDED_CURVE()
B_SPLINE_CURVE(1,(#2883,#2884),.UNSPECIFIED.,.F.,.F.)
B_SPLINE_CURVE_WITH_KNOTS((2,2),(0.000,1.000),.UNSPECIFIED.)
CURVE()
GEOMETRIC_REPRESENTATION_ITEM()
RATIONAL_B_SPLINE_CURVE((1.0000000000,1.0000000000))
REPRESENTATION_ITEM('')
);
#2883=CARTESIAN_POINT('',(-31.5000000000,13.5000000000,1.0000000000));
#2884=CARTESIAN_POINT('',(-22.5000000000,13.5000000000,1.0000000000));

#2885=CARTESIAN_POINT('',(-22.5000000000,13.5000000000,1.0000000000));
#2886=VERTEX_POINT('',#2885);
#2887=EDGE_CURVE('',#2879,#2886,#2882,.T.);
#2888=ORIENTED_EDGE('',*,*,#2887,.T.);
#2889=(
BOUNDED_CURVE()
B_SPLINE_CURVE(1,(#2890,#2891),.UNSPECIFIED.,.F.,.F.)
B_SPLINE_CURVE_WITH_KNOTS((2,2),(0.000,1.000),.UNSPECIFIED.)
CURVE()
GEOMETRIC_REPRESENTATION_ITEM()
RATIONAL_B_SPLINE_CURVE((1.0000000000,1.0000000000))
REPRESENTATION_ITEM('')
);
#2890=CARTESIAN_POINT('',(-22.5000000000,13.5000000000,1.0000000000));
#2891=CARTESIAN_POINT('',(-22.5000000000,17.5000000000,1.0000000000));

#2892=CARTESIAN_POINT('',(-22.5000000000,17.5000000000,1.0000000000));
#2893=VERTEX_POINT('',#2892);
#2894=EDGE_CURVE('',#2886,#2893,#2889,.T.);
#2895=ORIENTED_EDGE('',*,*,#2894,.T.);
#2896=(
BOUNDED_CURVE()
B_SPLINE_CURVE(1,(#2897,#2898),.UNSPECIFIED.,.F.,.F.)
B_SPLINE_CURVE_WITH_KNOTS((2,2),(0.000,1.000),.UNSPECIFIED.)
CURVE()
GEOMETRIC_REPRESENTATION_ITEM()
RATIONAL_B_SPLINE_CURVE((1.0000000000,1.0000000000))
REPRESENTATION_ITEM('')
);
#2897=CARTESIAN_POINT('',(-22.5000000000,17.5000000000,1.0000000000));
#2898=CARTESIAN_POINT('',(22.5000000000,17.5000000000,1.0000000000));

#2899=CARTESIAN_POINT('',(22.5000000000,17.5000000000,1.0000000000));
#2900=VERTEX_POINT('',#2899);
#2901=EDGE_CURVE('',#2893,#2900,#2896,.T.);
#2902=ORIENTED_EDGE('',*,*,#2901,.T.);
#2903=(
BOUNDED_CURVE()
B_SPLINE_CURVE(1,(#2904,#2905),.UNSPECIFIED.,.F.,.F.)
B_SPLINE_CURVE_WITH_KNOTS((2,2),(0.000,1.000),.UNSPECIFIED.)
CURVE()
GEOMETRIC_REPRESENTATION_ITEM()
RATIONAL_B_SPLINE_CURVE((1.0000000000,1.0000000000))
REPRESENTATION_ITEM('')
);
#2904=CARTESIAN_POINT('',(22.5000000000,17.5000000000,1.0000000000));
#2905=CARTESIAN_POINT('',(22.5000000000,13.5000000000,1.0000000000));

#2906=CARTESIAN_POINT('',(22.5000000000,13.5000000000,1.0000000000));
#2907=VERTEX_POINT('',#2906);
#2908=EDGE_CURVE('',#2900,#2907,#2903,.T.);
#2909=ORIENTED_EDGE('',*,*,#2908,.T.);
#2910=(
BOUNDED_CURVE()
B_SPLINE_CURVE(1,(#2911,#2912),.UNSPECIFIED.,.F.,.F.)
B_SPLINE_CURVE_WITH_KNOTS((2,2),(0.000,1.000),.UNSPECIFIED.)
CURVE()
GEOMETRIC_REPRESENTATION_ITEM()
RATIONAL_B_SPLINE_CURVE((1.0000000000,1.0000000000))
REPRESENTATION_ITEM('')
);
#2911=CARTESIAN_POINT('',(22.5000000000,13.5000000000,1.0000000000));
#2912=CARTESIAN_POINT('',(31.5000000000,13.5000000000,1.0000000000));

#2913=CARTESIAN_POINT('',(31.5000000000,13.5000000000,1.0000000000));
#2914=VERTEX_POINT('',#2913);
#2915=EDGE_CURVE('',#2907,#2914,#2910,.T.);
#2916=ORIENTED_EDGE('',*,*,#2915,.T.);
#2917=(
BOUNDED_CURVE()
B_SPLINE_CURVE(1,(#2918,#2919),.UNSPECIFIED.,.F.,.F.)
B_SPLINE_CURVE_WITH_KNOTS((2,2),(0.000,1.000),.UNSPECIFIED.)
CURVE()
GEOMETRIC_REPRESENTATION_ITEM()
RATIONAL_B_SPLINE_CURVE((1.0000000000,1.0000000000))
REPRESENTATION_ITEM('')
);
#2918=CARTESIAN_POINT('',(31.5000000000,13.5000000000,1.0000000000));
#2919=CARTESIAN_POINT('',(31.5000000000,6.0000000000,1.0000000000));

#2920=CARTESIAN_POINT('',(31.5000000000,6.0000000000,1.0000000000));
#2921=VERTEX_POINT('',#2920);
#2922=EDGE_CURVE('',#2914,#2921,#2917,.T.);
#2923=ORIENTED_EDGE('',*,*,#2922,.T.);
#2924=(
BOUNDED_CURVE()
B_SPLINE_CURVE(1,(#2925,#2926),.UNSPECIFIED.,.F.,.F.)
B_SPLINE_CURVE_WITH_KNOTS((2,2),(0.000,1.000),.UNSPECIFIED.)
CURVE()
GEOMETRIC_REPRESENTATION_ITEM()
RATIONAL_B_SPLINE_CURVE((1.0000000000,1.0000000000))
REPRESENTATION_ITEM('')
);
#2925=CARTESIAN_POINT('',(31.5000000000,6.0000000000,1.0000000000));
#2926=CARTESIAN_POINT('',(38.0000000000,6.0000000000,1.0000000000));

#2927=CARTESIAN_POINT('',(38.0000000000,6.0000000000,1.0000000000));
#2928=VERTEX_POINT('',#2927);
#2929=EDGE_CURVE('',#2921,#2928,#2924,.T.);
#2930=ORIENTED_EDGE('',*,*,#2929,.T.);
#2931=(
BOUNDED_CURVE()
B_SPLINE_CURVE(1,(#2932,#2933),.UNSPECIFIED.,.F.,.F.)
B_SPLINE_CURVE_WITH_KNOTS((2,2),(0.000,1.000),.UNSPECIFIED.)
CURVE()
GEOMETRIC_REPRESENTATION_ITEM()
RATIONAL_B_SPLINE_CURVE((1.0000000000,1.0000000000))
REPRESENTATION_ITEM('')
);
#2932=CARTESIAN_POINT('',(38.0000000000,6.0000000000,1.0000000000));
#2933=CARTESIAN_POINT('',(38.0000000000,-6.0000000000,1.0000000000));

#2934=CARTESIAN_POINT('',(38.0000000000,-6.0000000000,1.0000000000));
#2935=VERTEX_POINT('',#2934);
#2936=EDGE_CURVE('',#2928,#2935,#2931,.T.);
#2937=ORIENTED_EDGE('',*,*,#2936,.T.);
#2938=(
BOUNDED_CURVE()
B_SPLINE_CURVE(1,(#2939,#2940),.UNSPECIFIED.,.F.,.F.)
B_SPLINE_CURVE_WITH_KNOTS((2,2),(0.000,1.000),.UNSPECIFIED.)
CURVE()
GEOMETRIC_REPRESENTATION_ITEM()
RATIONAL_B_SPLINE_CURVE((1.0000000000,1.0000000000))
REPRESENTATION_ITEM('')
);
#2939=CARTESIAN_POINT('',(38.0000000000,-6.0000000000,1.0000000000));
#2940=CARTESIAN_POINT('',(31.5000000000,-6.0000000000,1.0000000000));

#2941=CARTESIAN_POINT('',(31.5000000000,-6.0000000000,1.0000000000));
#2942=VERTEX_POINT('',#2941);
#2943=EDGE_CURVE('',#2935,#2942,#2938,.T.);
#2944=ORIENTED_EDGE('',*,*,#2943,.T.);
#2945=(
BOUNDED_CURVE()
B_SPLINE_CURVE(1,(#2946,#2947),.UNSPECIFIED.,.F.,.F.)
B_SPLINE_CURVE_WITH_KNOTS((2,2),(0.000,1.000),.UNSPECIFIED.)
CURVE()
GEOMETRIC_REPRESENTATION_ITEM()
RATIONAL_B_SPLINE_CURVE((1.0000000000,1.0000000000))
REPRESENTATION_ITEM('')
);
#2946=CARTESIAN_POINT('',(31.5000000000,-6.0000000000,1.0000000000));
#2947=CARTESIAN_POINT('',(31.5000000000,-13.5000000000,1.0000000000));

#2948=CARTESIAN_POINT('',(31.5000000000,-13.5000000000,1.0000000000));
#2949=VERTEX_POINT('',#2948);
#2950=EDGE_CURVE('',#2942,#2949,#2945,.T.);
#2951=ORIENTED_EDGE('',*,*,#2950,.T.);
#2952=(
BOUNDED_CURVE()
B_SPLINE_CURVE(1,(#2953,#2954),.UNSPECIFIED.,.F.,.F.)
B_SPLINE_CURVE_WITH_KNOTS((2,2),(0.000,1.000),.UNSPECIFIED.)
CURVE()
GEOMETRIC_REPRESENTATION_ITEM()
RATIONAL_B_SPLINE_CURVE((1.0000000000,1.0000000000))
REPRESENTATION_ITEM('')
);
#2953=CARTESIAN_POINT('',(31.5000000000,-13.5000000000,1.0000000000));
#2954=CARTESIAN_POINT('',(22.5000000000,-13.5000000000,1.0000000000));

#2955=CARTESIAN_POINT('',(22.5000000000,-13.5000000000,1.0000000000));
#2956=VERTEX_POINT('',#2955);
#2957=EDGE_CURVE('',#2949,#2956,#2952,.T.);
#2958=ORIENTED_EDGE('',*,*,#2957,.T.);
#2959=(
BOUNDED_CURVE()
B_SPLINE_CURVE(1,(#2960,#2961),.UNSPECIFIED.,.F.,.F.)
B_SPLINE_CURVE_WITH_KNOTS((2,2),(0.000,1.000),.UNSPECIFIED.)
CURVE()
GEOMETRIC_REPRESENTATION_ITEM()
RATIONAL_B_SPLINE_CURVE((1.0000000000,1.0000000000))
REPRESENTATION_ITEM('')
);
#2960=CARTESIAN_POINT('',(22.5000000000,-13.5000000000,1.0000000000));
#2961=CARTESIAN_POINT('',(22.5000000000,-17.5000000000,1.0000000000));

#2962=CARTESIAN_POINT('',(22.5000000000,-17.5000000000,1.0000000000));
#2963=VERTEX_POINT('',#2962);
#2964=EDGE_CURVE('',#2956,#2963,#2959,.T.);
#2965=ORIENTED_EDGE('',*,*,#2964,.T.);
#2966=(
BOUNDED_CURVE()
B_SPLINE_CURVE(1,(#2967,#2968),.UNSPECIFIED.,.F.,.F.)
B_SPLINE_CURVE_WITH_KNOTS((2,2),(0.000,1.000),.UNSPECIFIED.)
CURVE()
GEOMETRIC_REPRESENTATION_ITEM()
RATIONAL_B_SPLINE_CURVE((1.0000000000,1.0000000000))
REPRESENTATION_ITEM('')
);
#2967=CARTESIAN_POINT('',(22.5000000000,-17.5000000000,1.0000000000));
#2968=CARTESIAN_POINT('',(-22.5000000000,-17.5000000000,1.0000000000));

#2969=EDGE_CURVE('',#2963,#2860,#2966,.T.);
#2970=ORIENTED_EDGE('',*,*,#2969,.T.);
#2971=EDGE_LOOP('',(#2867,#2874,#2881,#2888,#2895,#2902,#2909,#2916,#2923,#2930,#2937,#2944,#2951,#2958,#2965,#2970));
#2972=FACE_OUTER_BOUND('',#2971,.T.);
#2973=CARTESIAN_POINT('',(28.0000000000,9.5000000000,1.0000000000));
#2974=VERTEX_POINT('',#2973);
#2975=(
BOUNDED_CURVE()
B_SPLINE_CURVE(2,(#2976,#2977,#2978),.UNSPECIFIED.,.F.,.F.)
B_SPLINE_CURVE_WITH_KNOTS((3,3),(0.000,1.000),.UNSPECIFIED.)
CURVE()
GEOMETRIC_REPRESENTATION_ITEM()
RATIONAL_B_SPLINE_CURVE((1.0000000000,0.7071067812,1.0000000000))
REPRESENTATION_ITEM('')
);
#2976=CARTESIAN_POINT('',(28.0000000000,9.5000000000,1.0000000000));
#2977=CARTESIAN_POINT('',(28.0000000000,10.9999999999,1.0000000000));
#2978=CARTESIAN_POINT('',(26.5000000001,11.0000000000,1.0000000000));

#2979=CARTESIAN_POINT('',(26.5000000001,11.0000000000,1.0000000000));
#2980=VERTEX_POINT('',#2979);
#2981=EDGE_CURVE('',#2974,#2980,#2975,.T.);
#2982=ORIENTED_EDGE('',*,*,#2981,.T.);
#2983=(
BOUNDED_CURVE()
B_SPLINE_CURVE(1,(#2984,#2985),.UNSPECIFIED.,.F.,.F.)
B_SPLINE_CURVE_WITH_KNOTS((2,2),(0.000,1.000),.UNSPECIFIED.)
CURVE()
GEOMETRIC_REPRESENTATION_ITEM()
RATIONAL_B_SPLINE_CURVE((1.0000000000,1.0000000000))
REPRESENTATION_ITEM('')
);
#2984=CARTESIAN_POINT('',(26.5000000000,11.0000000000,1.0000000000));
#2985=CARTESIAN_POINT('',(-26.5000000000,11.0000000000,1.0000000000));

#2986=CARTESIAN_POINT('',(-26.5000000000,11.0000000000,1.0000000000));
#2987=VERTEX_POINT('',#2986);
#2988=EDGE_CURVE('',#2980,#2987,#2983,.T.);
#2989=ORIENTED_EDGE('',*,*,#2988,.T.);
#2990=(
BOUNDED_CURVE()
B_SPLINE_CURVE(2,(#2991,#2992,#2993),.UNSPECIFIED.,.F.,.F.)
B_SPLINE_CURVE_WITH_KNOTS((3,3),(0.000,1.000),.UNSPECIFIED.)
CURVE()
GEOMETRIC_REPRESENTATION_ITEM()
RATIONAL_B_SPLINE_CURVE((1.0000000000,0.7071067812,1.0000000000))
REPRESENTATION_ITEM('')
);
#2991=CARTESIAN_POINT('',(-26.5000000000,11.0000000000,1.0000000000));
#2992=CARTESIAN_POINT('',(-27.9999999999,11.0000000000,1.0000000000));
#2993=CARTESIAN_POINT('',(-28.0000000000,9.5000000001,1.0000000000));

#2994=CARTESIAN_POINT('',(-28.0000000000,9.5000000001,1.0000000000));
#2995=VERTEX_POINT('',#2994);
#2996=EDGE_CURVE('',#2987,#2995,#2990,.T.);
#2997=ORIENTED_EDGE('',*,*,#2996,.T.);
#2998=(
BOUNDED_CURVE()
B_SPLINE_CURVE(1,(#2999,#3000),.UNSPECIFIED.,.F.,.F.)
B_SPLINE_CURVE_WITH_KNOTS((2,2),(0.000,1.000),.UNSPECIFIED.)
CURVE()
GEOMETRIC_REPRESENTATION_ITEM()
RATIONAL_B_SPLINE_CURVE((1.0000000000,1.0000000000))
REPRESENTATION_ITEM('')
);
#2999=CARTESIAN_POINT('',(-28.0000000000,9.5000000000,1.0000000000));
#3000=CARTESIAN_POINT('',(-28.0000000000,-9.5000000000,1.0000000000));

#3001=CARTESIAN_POINT('',(-28.0000000000,-9.5000000000,1.0000000000));
#3002=VERTEX_POINT('',#3001);
#3003=EDGE_CURVE('',#2995,#3002,#2998,.T.);
#3004=ORIENTED_EDGE('',*,*,#3003,.T.);
#3005=(
BOUNDED_CURVE()
B_SPLINE_CURVE(2,(#3006,#3007,#3008),.UNSPECIFIED.,.F.,.F.)
B_SPLINE_CURVE_WITH_KNOTS((3,3),(0.000,1.000),.UNSPECIFIED.)
CURVE()
GEOMETRIC_REPRESENTATION_ITEM()
RATIONAL_B_SPLINE_CURVE((1.0000000000,0.7071067812,1.0000000000))
REPRESENTATION_ITEM('')
);
#3006=CARTESIAN_POINT('',(-28.0000000000,-9.5000000000,1.0000000000));
#3007=CARTESIAN_POINT('',(-28.0000000000,-10.9999999999,1.0000000000));
#3008=CARTESIAN_POINT('',(-26.5000000001,-11.0000000000,1.0000000000));

#3009=CARTESIAN_POINT('',(-26.5000000001,-11.0000000000,1.0000000000));
#3010=VERTEX_POINT('',#3009);
#3011=EDGE_CURVE('',#3002,#3010,#3005,.T.);
#3012=ORIENTED_EDGE('',*,*,#3011,.T.);
#3013=(
BOUNDED_CURVE()
B_SPLINE_CURVE(1,(#3014,#3015),.UNSPECIFIED.,.F.,.F.)
B_SPLINE_CURVE_WITH_KNOTS((2,2),(0.000,1.000),.UNSPECIFIED.)
CURVE()
GEOMETRIC_REPRESENTATION_ITEM()
RATIONAL_B_SPLINE_CURVE((1.0000000000,1.0000000000))
REPRESENTATION_ITEM('')
);
#3014=CARTESIAN_POINT('',(-26.5000000000,-11.0000000000,1.0000000000));
#3015=CARTESIAN_POINT('',(26.5000000000,-11.0000000000,1.0000000000));

#3016=CARTESIAN_POINT('',(26.5000000000,-11.0000000000,1.0000000000));
#3017=VERTEX_POINT('',#3016);
#3018=EDGE_CURVE('',#3010,#3017,#3013,.T.);
#3019=ORIENTED_EDGE('',*,*,#3018,.T.);
#3020=(
BOUNDED_CURVE()
B_SPLINE_CURVE(2,(#3021,#3022,#3023),.UNSPECIFIED.,.F.,.F.)
B_SPLINE_CURVE_WITH_KNOTS((3,3),(0.000,1.000),.UNSPECIFIED.)
CURVE()
GEOMETRIC_REPRESENTATION_ITEM()
RATIONAL_B_SPLINE_CURVE((1.0000000000,0.7071067812,1.0000000000))
REPRESENTATION_ITEM('')
);
#3021=CARTESIAN_POINT('',(26.5000000000,-11.0000000000,1.0000000000));
#3022=CARTESIAN_POINT('',(27.9999999999,-11.0000000000,1.0000000000));
#3023=CARTESIAN_POINT('',(28.0000000000,-9.5000000001,1.0000000000));

#3024=CARTESIAN_POINT('',(28.0000000000,-9.5000000001,1.0000000000));
#3025=VERTEX_POINT('',#3024);
#3026=EDGE_CURVE('',#3017,#3025,#3020,.T.);
#3027=ORIENTED_EDGE('',*,*,#3026,.T.);
#3028=(
BOUNDED_CURVE()
B_SPLINE_CURVE(1,(#3029,#3030),.UNSPECIFIED.,.F.,.F.)
B_SPLINE_CURVE_WITH_KNOTS((2,2),(0.000,1.000),.UNSPECIFIED.)
CURVE()
GEOMETRIC_REPRESENTATION_ITEM()
RATIONAL_B_SPLINE_CURVE((1.0000000000,1.0000000000))
REPRESENTATION_ITEM('')
);
#3029=CARTESIAN_POINT('',(28.0000000000,-9.5000000000,1.0000000000));
#3030=CARTESIAN_POINT('',(28.0000000000,9.5000000000,1.0000000000));

#3031=EDGE_CURVE('',#3025,#2974,#3028,.T.);
#3032=ORIENTED_EDGE('',*,*,#3031,.T.);
#3033=EDGE_LOOP('',(#2982,#2989,#2997,#3004,#3012,#3019,#3027,#3032));
#3034=FACE_BOUND('',#3033,.T.);
#3035=ADVANCED_FACE('',(#2972,#3034),#2854,.T.);
#3036=COLOUR_RGB('',0.39,0.39,0.39);
#3037=FILL_AREA_STYLE_COLOUR('',#3036);
#3038=FILL_AREA_STYLE('',(#3037));
#3039=SURFACE_STYLE_FILL_AREA(#3038);
#3040=SURFACE_STYLE_TRANSPARENT(0.00);
#3041=SURFACE_STYLE_RENDERING_WITH_PROPERTIES(.NORMAL_SHADING.,#3036,(#3040));
#3042=SURFACE_SIDE_STYLE('',(#3039, #3041));
#3043=SURFACE_STYLE_USAGE(.BOTH.,#3042);
#3044=PRESENTATION_STYLE_ASSIGNMENT((#3043));
#3045=STYLED_ITEM('',(#3044),#3035);

#3046=(
BOUNDED_SURFACE()
B_SPLINE_SURFACE(1,1,((#3047,#3048),(#3049,#3050)),.UNSPECIFIED.,.F.,.F.,.F.)
B_SPLINE_SURFACE_WITH_KNOTS((2,2),(2,2),(0.000,1.000),(0.000,1.000),.UNSPECIFIED.)
GEOMETRIC_REPRESENTATION_ITEM()
RATIONAL_B_SPLINE_SURFACE(((1.0000000000,1.0000000000),(1.0000000000,1.0000000000)))
REPRESENTATION_ITEM('')
SURFACE()
);
#3047=CARTESIAN_POINT('',(-22.5000000000,13.5000000000,10.0000000000));
#3048=CARTESIAN_POINT('',(-22.5000000000,13.5000000000,1.0000000000));
#3049=CARTESIAN_POINT('',(-31.5000000000,13.5000000000,10.0000000000));
#3050=CARTESIAN_POINT('',(-31.5000000000,13.5000000000,1.0000000000));

#3051=CARTESIAN_POINT('',(-31.5000000000,13.5000000000,10.0000000000));
#3052=VERTEX_POINT('',#3051);
#3053=(
BOUNDED_CURVE()
B_SPLINE_CURVE(1,(#3054,#3055),.UNSPECIFIED.,.F.,.F.)
B_SPLINE_CURVE_WITH_KNOTS((2,2),(0.000,1.000),.UNSPECIFIED.)
CURVE()
GEOMETRIC_REPRESENTATION_ITEM()
RATIONAL_B_SPLINE_CURVE((1.0000000000,1.0000000000))
REPRESENTATION_ITEM('')
);
#3054=CARTESIAN_POINT('',(-31.5000000000,13.5000000000,10.0000000000));
#3055=CARTESIAN_POINT('',(-22.5000000000,13.5000000000,10.0000000000));

#3056=CARTESIAN_POINT('',(-22.5000000000,13.5000000000,10.0000000000));
#3057=VERTEX_POINT('',#3056);
#3058=EDGE_CURVE('',#3052,#3057,#3053,.T.);
#3059=ORIENTED_EDGE('',*,*,#3058,.T.);
#3060=(
BOUNDED_CURVE()
B_SPLINE_CURVE(1,(#3061,#3062),.UNSPECIFIED.,.F.,.F.)
B_SPLINE_CURVE_WITH_KNOTS((2,2),(0.000,1.000),.UNSPECIFIED.)
CURVE()
GEOMETRIC_REPRESENTATION_ITEM()
RATIONAL_B_SPLINE_CURVE((1.0000000000,1.0000000000))
REPRESENTATION_ITEM('')
);
#3061=CARTESIAN_POINT('',(-22.5000000000,13.5000000000,10.0000000000));
#3062=CARTESIAN_POINT('',(-22.5000000000,13.5000000000,1.0000000000));

#3063=CARTESIAN_POINT('',(-22.5000000000,13.5000000000,1.0000000000));
#3064=VERTEX_POINT('',#3063);
#3065=EDGE_CURVE('',#3057,#3064,#3060,.T.);
#3066=ORIENTED_EDGE('',*,*,#3065,.T.);
#3067=(
BOUNDED_CURVE()
B_SPLINE_CURVE(1,(#3068,#3069),.UNSPECIFIED.,.F.,.F.)
B_SPLINE_CURVE_WITH_KNOTS((2,2),(0.000,1.000),.UNSPECIFIED.)
CURVE()
GEOMETRIC_REPRESENTATION_ITEM()
RATIONAL_B_SPLINE_CURVE((1.0000000000,1.0000000000))
REPRESENTATION_ITEM('')
);
#3068=CARTESIAN_POINT('',(-22.5000000000,13.5000000000,1.0000000000));
#3069=CARTESIAN_POINT('',(-31.5000000000,13.5000000000,1.0000000000));

#3070=CARTESIAN_POINT('',(-31.5000000000,13.5000000000,1.0000000000));
#3071=VERTEX_POINT('',#3070);
#3072=EDGE_CURVE('',#3064,#3071,#3067,.T.);
#3073=ORIENTED_EDGE('',*,*,#3072,.T.);
#3074=(
BOUNDED_CURVE()
B_SPLINE_CURVE(1,(#3075,#3076),.UNSPECIFIED.,.F.,.F.)
B_SPLINE_CURVE_WITH_KNOTS((2,2),(0.000,1.000),.UNSPECIFIED.)
CURVE()
GEOMETRIC_REPRESENTATION_ITEM()
RATIONAL_B_SPLINE_CURVE((1.0000000000,1.0000000000))
REPRESENTATION_ITEM('')
);
#3075=CARTESIAN_POINT('',(-31.5000000000,13.5000000000,1.0000000000));
#3076=CARTESIAN_POINT('',(-31.5000000000,13.5000000000,10.0000000000));

#3077=EDGE_CURVE('',#3071,#3052,#3074,.T.);
#3078=ORIENTED_EDGE('',*,*,#3077,.T.);
#3079=EDGE_LOOP('',(#3059,#3066,#3073,#3078));
#3080=FACE_OUTER_BOUND('',#3079,.T.);
#3081=ADVANCED_FACE('',(#3080),#3046,.T.);
#3082=COLOUR_RGB('',0.39,0.39,0.39);
#3083=FILL_AREA_STYLE_COLOUR('',#3082);
#3084=FILL_AREA_STYLE('',(#3083));
#3085=SURFACE_STYLE_FILL_AREA(#3084);
#3086=SURFACE_STYLE_TRANSPARENT(0.00);
#3087=SURFACE_STYLE_RENDERING_WITH_PROPERTIES(.NORMAL_SHADING.,#3082,(#3086));
#3088=SURFACE_SIDE_STYLE('',(#3085, #3087));
#3089=SURFACE_STYLE_USAGE(.BOTH.,#3088);
#3090=PRESENTATION_STYLE_ASSIGNMENT((#3089));
#3091=STYLED_ITEM('',(#3090),#3081);

#3092=(
BOUNDED_SURFACE()
B_SPLINE_SURFACE(1,1,((#3093,#3094),(#3095,#3096)),.UNSPECIFIED.,.F.,.F.,.F.)
B_SPLINE_SURFACE_WITH_KNOTS((2,2),(2,2),(0.000,1.000),(0.000,1.000),.UNSPECIFIED.)
GEOMETRIC_REPRESENTATION_ITEM()
RATIONAL_B_SPLINE_SURFACE(((1.0000000000,1.0000000000),(1.0000000000,1.0000000000)))
REPRESENTATION_ITEM('')
SURFACE()
);
#3093=CARTESIAN_POINT('',(-22.5000000000,17.5000000000,10.0000000000));
#3094=CARTESIAN_POINT('',(-22.5000000000,17.5000000000,1.0000000000));
#3095=CARTESIAN_POINT('',(-22.5000000000,13.5000000000,10.0000000000));
#3096=CARTESIAN_POINT('',(-22.5000000000,13.5000000000,1.0000000000));

#3097=CARTESIAN_POINT('',(-22.5000000000,13.5000000000,10.0000000000));
#3098=VERTEX_POINT('',#3097);
#3099=(
BOUNDED_CURVE()
B_SPLINE_CURVE(1,(#3100,#3101),.UNSPECIFIED.,.F.,.F.)
B_SPLINE_CURVE_WITH_KNOTS((2,2),(0.000,1.000),.UNSPECIFIED.)
CURVE()
GEOMETRIC_REPRESENTATION_ITEM()
RATIONAL_B_SPLINE_CURVE((1.0000000000,1.0000000000))
REPRESENTATION_ITEM('')
);
#3100=CARTESIAN_POINT('',(-22.5000000000,13.5000000000,10.0000000000));
#3101=CARTESIAN_POINT('',(-22.5000000000,17.5000000000,10.0000000000));

#3102=CARTESIAN_POINT('',(-22.5000000000,17.5000000000,10.0000000000));
#3103=VERTEX_POINT('',#3102);
#3104=EDGE_CURVE('',#3098,#3103,#3099,.T.);
#3105=ORIENTED_EDGE('',*,*,#3104,.T.);
#3106=(
BOUNDED_CURVE()
B_SPLINE_CURVE(1,(#3107,#3108),.UNSPECIFIED.,.F.,.F.)
B_SPLINE_CURVE_WITH_KNOTS((2,2),(0.000,1.000),.UNSPECIFIED.)
CURVE()
GEOMETRIC_REPRESENTATION_ITEM()
RATIONAL_B_SPLINE_CURVE((1.0000000000,1.0000000000))
REPRESENTATION_ITEM('')
);
#3107=CARTESIAN_POINT('',(-22.5000000000,17.5000000000,10.0000000000));
#3108=CARTESIAN_POINT('',(-22.5000000000,17.5000000000,1.0000000000));

#3109=CARTESIAN_POINT('',(-22.5000000000,17.5000000000,1.0000000000));
#3110=VERTEX_POINT('',#3109);
#3111=EDGE_CURVE('',#3103,#3110,#3106,.T.);
#3112=ORIENTED_EDGE('',*,*,#3111,.T.);
#3113=(
BOUNDED_CURVE()
B_SPLINE_CURVE(1,(#3114,#3115),.UNSPECIFIED.,.F.,.F.)
B_SPLINE_CURVE_WITH_KNOTS((2,2),(0.000,1.000),.UNSPECIFIED.)
CURVE()
GEOMETRIC_REPRESENTATION_ITEM()
RATIONAL_B_SPLINE_CURVE((1.0000000000,1.0000000000))
REPRESENTATION_ITEM('')
);
#3114=CARTESIAN_POINT('',(-22.5000000000,17.5000000000,1.0000000000));
#3115=CARTESIAN_POINT('',(-22.5000000000,13.5000000000,1.0000000000));

#3116=CARTESIAN_POINT('',(-22.5000000000,13.5000000000,1.0000000000));
#3117=VERTEX_POINT('',#3116);
#3118=EDGE_CURVE('',#3110,#3117,#3113,.T.);
#3119=ORIENTED_EDGE('',*,*,#3118,.T.);
#3120=(
BOUNDED_CURVE()
B_SPLINE_CURVE(1,(#3121,#3122),.UNSPECIFIED.,.F.,.F.)
B_SPLINE_CURVE_WITH_KNOTS((2,2),(0.000,1.000),.UNSPECIFIED.)
CURVE()
GEOMETRIC_REPRESENTATION_ITEM()
RATIONAL_B_SPLINE_CURVE((1.0000000000,1.0000000000))
REPRESENTATION_ITEM('')
);
#3121=CARTESIAN_POINT('',(-22.5000000000,13.5000000000,1.0000000000));
#3122=CARTESIAN_POINT('',(-22.5000000000,13.5000000000,10.0000000000));

#3123=EDGE_CURVE('',#3117,#3098,#3120,.T.);
#3124=ORIENTED_EDGE('',*,*,#3123,.T.);
#3125=EDGE_LOOP('',(#3105,#3112,#3119,#3124));
#3126=FACE_OUTER_BOUND('',#3125,.T.);
#3127=ADVANCED_FACE('',(#3126),#3092,.T.);
#3128=COLOUR_RGB('',0.39,0.39,0.39);
#3129=FILL_AREA_STYLE_COLOUR('',#3128);
#3130=FILL_AREA_STYLE('',(#3129));
#3131=SURFACE_STYLE_FILL_AREA(#3130);
#3132=SURFACE_STYLE_TRANSPARENT(0.00);
#3133=SURFACE_STYLE_RENDERING_WITH_PROPERTIES(.NORMAL_SHADING.,#3128,(#3132));
#3134=SURFACE_SIDE_STYLE('',(#3131, #3133));
#3135=SURFACE_STYLE_USAGE(.BOTH.,#3134);
#3136=PRESENTATION_STYLE_ASSIGNMENT((#3135));
#3137=STYLED_ITEM('',(#3136),#3127);

#3138=(
BOUNDED_SURFACE()
B_SPLINE_SURFACE(1,1,((#3139,#3140),(#3141,#3142)),.UNSPECIFIED.,.F.,.F.,.F.)
B_SPLINE_SURFACE_WITH_KNOTS((2,2),(2,2),(0.000,1.000),(0.000,1.000),.UNSPECIFIED.)
GEOMETRIC_REPRESENTATION_ITEM()
RATIONAL_B_SPLINE_SURFACE(((1.0000000000,1.0000000000),(1.0000000000,1.0000000000)))
REPRESENTATION_ITEM('')
SURFACE()
);
#3139=CARTESIAN_POINT('',(22.5000000000,17.5000000000,10.0000000000));
#3140=CARTESIAN_POINT('',(22.5000000000,17.5000000000,1.0000000000));
#3141=CARTESIAN_POINT('',(-22.5000000000,17.5000000000,10.0000000000));
#3142=CARTESIAN_POINT('',(-22.5000000000,17.5000000000,1.0000000000));

#3143=CARTESIAN_POINT('',(-22.5000000000,17.5000000000,10.0000000000));
#3144=VERTEX_POINT('',#3143);
#3145=(
BOUNDED_CURVE()
B_SPLINE_CURVE(1,(#3146,#3147),.UNSPECIFIED.,.F.,.F.)
B_SPLINE_CURVE_WITH_KNOTS((2,2),(0.000,1.000),.UNSPECIFIED.)
CURVE()
GEOMETRIC_REPRESENTATION_ITEM()
RATIONAL_B_SPLINE_CURVE((1.0000000000,1.0000000000))
REPRESENTATION_ITEM('')
);
#3146=CARTESIAN_POINT('',(-22.5000000000,17.5000000000,10.0000000000));
#3147=CARTESIAN_POINT('',(22.5000000000,17.5000000000,10.0000000000));

#3148=CARTESIAN_POINT('',(22.5000000000,17.5000000000,10.0000000000));
#3149=VERTEX_POINT('',#3148);
#3150=EDGE_CURVE('',#3144,#3149,#3145,.T.);
#3151=ORIENTED_EDGE('',*,*,#3150,.T.);
#3152=(
BOUNDED_CURVE()
B_SPLINE_CURVE(1,(#3153,#3154),.UNSPECIFIED.,.F.,.F.)
B_SPLINE_CURVE_WITH_KNOTS((2,2),(0.000,1.000),.UNSPECIFIED.)
CURVE()
GEOMETRIC_REPRESENTATION_ITEM()
RATIONAL_B_SPLINE_CURVE((1.0000000000,1.0000000000))
REPRESENTATION_ITEM('')
);
#3153=CARTESIAN_POINT('',(22.5000000000,17.5000000000,10.0000000000));
#3154=CARTESIAN_POINT('',(22.5000000000,17.5000000000,1.0000000000));

#3155=CARTESIAN_POINT('',(22.5000000000,17.5000000000,1.0000000000));
#3156=VERTEX_POINT('',#3155);
#3157=EDGE_CURVE('',#3149,#3156,#3152,.T.);
#3158=ORIENTED_EDGE('',*,*,#3157,.T.);
#3159=(
BOUNDED_CURVE()
B_SPLINE_CURVE(1,(#3160,#3161),.UNSPECIFIED.,.F.,.F.)
B_SPLINE_CURVE_WITH_KNOTS((2,2),(0.000,1.000),.UNSPECIFIED.)
CURVE()
GEOMETRIC_REPRESENTATION_ITEM()
RATIONAL_B_SPLINE_CURVE((1.0000000000,1.0000000000))
REPRESENTATION_ITEM('')
);
#3160=CARTESIAN_POINT('',(22.5000000000,17.5000000000,1.0000000000));
#3161=CARTESIAN_POINT('',(-22.5000000000,17.5000000000,1.0000000000));

#3162=CARTESIAN_POINT('',(-22.5000000000,17.5000000000,1.0000000000));
#3163=VERTEX_POINT('',#3162);
#3164=EDGE_CURVE('',#3156,#3163,#3159,.T.);
#3165=ORIENTED_EDGE('',*,*,#3164,.T.);
#3166=(
BOUNDED_CURVE()
B_SPLINE_CURVE(1,(#3167,#3168),.UNSPECIFIED.,.F.,.F.)
B_SPLINE_CURVE_WITH_KNOTS((2,2),(0.000,1.000),.UNSPECIFIED.)
CURVE()
GEOMETRIC_REPRESENTATION_ITEM()
RATIONAL_B_SPLINE_CURVE((1.0000000000,1.0000000000))
REPRESENTATION_ITEM('')
);
#3167=CARTESIAN_POINT('',(-22.5000000000,17.5000000000,1.0000000000));
#3168=CARTESIAN_POINT('',(-22.5000000000,17.5000000000,10.0000000000));

#3169=EDGE_CURVE('',#3163,#3144,#3166,.T.);
#3170=ORIENTED_EDGE('',*,*,#3169,.T.);
#3171=EDGE_LOOP('',(#3151,#3158,#3165,#3170));
#3172=FACE_OUTER_BOUND('',#3171,.T.);
#3173=ADVANCED_FACE('',(#3172),#3138,.T.);
#3174=COLOUR_RGB('',0.39,0.39,0.39);
#3175=FILL_AREA_STYLE_COLOUR('',#3174);
#3176=FILL_AREA_STYLE('',(#3175));
#3177=SURFACE_STYLE_FILL_AREA(#3176);
#3178=SURFACE_STYLE_TRANSPARENT(0.00);
#3179=SURFACE_STYLE_RENDERING_WITH_PROPERTIES(.NORMAL_SHADING.,#3174,(#3178));
#3180=SURFACE_SIDE_STYLE('',(#3177, #3179));
#3181=SURFACE_STYLE_USAGE(.BOTH.,#3180);
#3182=PRESENTATION_STYLE_ASSIGNMENT((#3181));
#3183=STYLED_ITEM('',(#3182),#3173);

#3184=(
BOUNDED_SURFACE()
B_SPLINE_SURFACE(1,1,((#3185,#3186),(#3187,#3188)),.UNSPECIFIED.,.F.,.F.,.F.)
B_SPLINE_SURFACE_WITH_KNOTS((2,2),(2,2),(0.000,1.000),(0.000,1.000),.UNSPECIFIED.)
GEOMETRIC_REPRESENTATION_ITEM()
RATIONAL_B_SPLINE_SURFACE(((1.0000000000,1.0000000000),(1.0000000000,1.0000000000)))
REPRESENTATION_ITEM('')
SURFACE()
);
#3185=CARTESIAN_POINT('',(22.5000000000,13.5000000000,10.0000000000));
#3186=CARTESIAN_POINT('',(22.5000000000,13.5000000000,1.0000000000));
#3187=CARTESIAN_POINT('',(22.5000000000,17.5000000000,10.0000000000));
#3188=CARTESIAN_POINT('',(22.5000000000,17.5000000000,1.0000000000));

#3189=CARTESIAN_POINT('',(22.5000000000,17.5000000000,10.0000000000));
#3190=VERTEX_POINT('',#3189);
#3191=(
BOUNDED_CURVE()
B_SPLINE_CURVE(1,(#3192,#3193),.UNSPECIFIED.,.F.,.F.)
B_SPLINE_CURVE_WITH_KNOTS((2,2),(0.000,1.000),.UNSPECIFIED.)
CURVE()
GEOMETRIC_REPRESENTATION_ITEM()
RATIONAL_B_SPLINE_CURVE((1.0000000000,1.0000000000))
REPRESENTATION_ITEM('')
);
#3192=CARTESIAN_POINT('',(22.5000000000,17.5000000000,10.0000000000));
#3193=CARTESIAN_POINT('',(22.5000000000,13.5000000000,10.0000000000));

#3194=CARTESIAN_POINT('',(22.5000000000,13.5000000000,10.0000000000));
#3195=VERTEX_POINT('',#3194);
#3196=EDGE_CURVE('',#3190,#3195,#3191,.T.);
#3197=ORIENTED_EDGE('',*,*,#3196,.T.);
#3198=(
BOUNDED_CURVE()
B_SPLINE_CURVE(1,(#3199,#3200),.UNSPECIFIED.,.F.,.F.)
B_SPLINE_CURVE_WITH_KNOTS((2,2),(0.000,1.000),.UNSPECIFIED.)
CURVE()
GEOMETRIC_REPRESENTATION_ITEM()
RATIONAL_B_SPLINE_CURVE((1.0000000000,1.0000000000))
REPRESENTATION_ITEM('')
);
#3199=CARTESIAN_POINT('',(22.5000000000,13.5000000000,10.0000000000));
#3200=CARTESIAN_POINT('',(22.5000000000,13.5000000000,1.0000000000));

#3201=CARTESIAN_POINT('',(22.5000000000,13.5000000000,1.0000000000));
#3202=VERTEX_POINT('',#3201);
#3203=EDGE_CURVE('',#3195,#3202,#3198,.T.);
#3204=ORIENTED_EDGE('',*,*,#3203,.T.);
#3205=(
BOUNDED_CURVE()
B_SPLINE_CURVE(1,(#3206,#3207),.UNSPECIFIED.,.F.,.F.)
B_SPLINE_CURVE_WITH_KNOTS((2,2),(0.000,1.000),.UNSPECIFIED.)
CURVE()
GEOMETRIC_REPRESENTATION_ITEM()
RATIONAL_B_SPLINE_CURVE((1.0000000000,1.0000000000))
REPRESENTATION_ITEM('')
);
#3206=CARTESIAN_POINT('',(22.5000000000,13.5000000000,1.0000000000));
#3207=CARTESIAN_POINT('',(22.5000000000,17.5000000000,1.0000000000));

#3208=CARTESIAN_POINT('',(22.5000000000,17.5000000000,1.0000000000));
#3209=VERTEX_POINT('',#3208);
#3210=EDGE_CURVE('',#3202,#3209,#3205,.T.);
#3211=ORIENTED_EDGE('',*,*,#3210,.T.);
#3212=(
BOUNDED_CURVE()
B_SPLINE_CURVE(1,(#3213,#3214),.UNSPECIFIED.,.F.,.F.)
B_SPLINE_CURVE_WITH_KNOTS((2,2),(0.000,1.000),.UNSPECIFIED.)
CURVE()
GEOMETRIC_REPRESENTATION_ITEM()
RATIONAL_B_SPLINE_CURVE((1.0000000000,1.0000000000))
REPRESENTATION_ITEM('')
);
#3213=CARTESIAN_POINT('',(22.5000000000,17.5000000000,1.0000000000));
#3214=CARTESIAN_POINT('',(22.5000000000,17.5000000000,10.0000000000));

#3215=EDGE_CURVE('',#3209,#3190,#3212,.T.);
#3216=ORIENTED_EDGE('',*,*,#3215,.T.);
#3217=EDGE_LOOP('',(#3197,#3204,#3211,#3216));
#3218=FACE_OUTER_BOUND('',#3217,.T.);
#3219=ADVANCED_FACE('',(#3218),#3184,.T.);
#3220=COLOUR_RGB('',0.39,0.39,0.39);
#3221=FILL_AREA_STYLE_COLOUR('',#3220);
#3222=FILL_AREA_STYLE('',(#3221));
#3223=SURFACE_STYLE_FILL_AREA(#3222);
#3224=SURFACE_STYLE_TRANSPARENT(0.00);
#3225=SURFACE_STYLE_RENDERING_WITH_PROPERTIES(.NORMAL_SHADING.,#3220,(#3224));
#3226=SURFACE_SIDE_STYLE('',(#3223, #3225));
#3227=SURFACE_STYLE_USAGE(.BOTH.,#3226);
#3228=PRESENTATION_STYLE_ASSIGNMENT((#3227));
#3229=STYLED_ITEM('',(#3228),#3219);

#3230=(
BOUNDED_SURFACE()
B_SPLINE_SURFACE(1,1,((#3231,#3232),(#3233,#3234)),.UNSPECIFIED.,.F.,.F.,.F.)
B_SPLINE_SURFACE_WITH_KNOTS((2,2),(2,2),(0.000,1.000),(0.000,1.000),.UNSPECIFIED.)
GEOMETRIC_REPRESENTATION_ITEM()
RATIONAL_B_SPLINE_SURFACE(((1.0000000000,1.0000000000),(1.0000000000,1.0000000000)))
REPRESENTATION_ITEM('')
SURFACE()
);
#3231=CARTESIAN_POINT('',(31.5000000000,13.5000000000,10.0000000000));
#3232=CARTESIAN_POINT('',(31.5000000000,13.5000000000,1.0000000000));
#3233=CARTESIAN_POINT('',(22.5000000000,13.5000000000,10.0000000000));
#3234=CARTESIAN_POINT('',(22.5000000000,13.5000000000,1.0000000000));

#3235=CARTESIAN_POINT('',(22.5000000000,13.5000000000,10.0000000000));
#3236=VERTEX_POINT('',#3235);
#3237=(
BOUNDED_CURVE()
B_SPLINE_CURVE(1,(#3238,#3239),.UNSPECIFIED.,.F.,.F.)
B_SPLINE_CURVE_WITH_KNOTS((2,2),(0.000,1.000),.UNSPECIFIED.)
CURVE()
GEOMETRIC_REPRESENTATION_ITEM()
RATIONAL_B_SPLINE_CURVE((1.0000000000,1.0000000000))
REPRESENTATION_ITEM('')
);
#3238=CARTESIAN_POINT('',(22.5000000000,13.5000000000,10.0000000000));
#3239=CARTESIAN_POINT('',(31.5000000000,13.5000000000,10.0000000000));

#3240=CARTESIAN_POINT('',(31.5000000000,13.5000000000,10.0000000000));
#3241=VERTEX_POINT('',#3240);
#3242=EDGE_CURVE('',#3236,#3241,#3237,.T.);
#3243=ORIENTED_EDGE('',*,*,#3242,.T.);
#3244=(
BOUNDED_CURVE()
B_SPLINE_CURVE(1,(#3245,#3246),.UNSPECIFIED.,.F.,.F.)
B_SPLINE_CURVE_WITH_KNOTS((2,2),(0.000,1.000),.UNSPECIFIED.)
CURVE()
GEOMETRIC_REPRESENTATION_ITEM()
RATIONAL_B_SPLINE_CURVE((1.0000000000,1.0000000000))
REPRESENTATION_ITEM('')
);
#3245=CARTESIAN_POINT('',(31.5000000000,13.5000000000,10.0000000000));
#3246=CARTESIAN_POINT('',(31.5000000000,13.5000000000,1.0000000000));

#3247=CARTESIAN_POINT('',(31.5000000000,13.5000000000,1.0000000000));
#3248=VERTEX_POINT('',#3247);
#3249=EDGE_CURVE('',#3241,#3248,#3244,.T.);
#3250=ORIENTED_EDGE('',*,*,#3249,.T.);
#3251=(
BOUNDED_CURVE()
B_SPLINE_CURVE(1,(#3252,#3253),.UNSPECIFIED.,.F.,.F.)
B_SPLINE_CURVE_WITH_KNOTS((2,2),(0.000,1.000),.UNSPECIFIED.)
CURVE()
GEOMETRIC_REPRESENTATION_ITEM()
RATIONAL_B_SPLINE_CURVE((1.0000000000,1.0000000000))
REPRESENTATION_ITEM('')
);
#3252=CARTESIAN_POINT('',(31.5000000000,13.5000000000,1.0000000000));
#3253=CARTESIAN_POINT('',(22.5000000000,13.5000000000,1.0000000000));

#3254=CARTESIAN_POINT('',(22.5000000000,13.5000000000,1.0000000000));
#3255=VERTEX_POINT('',#3254);
#3256=EDGE_CURVE('',#3248,#3255,#3251,.T.);
#3257=ORIENTED_EDGE('',*,*,#3256,.T.);
#3258=(
BOUNDED_CURVE()
B_SPLINE_CURVE(1,(#3259,#3260),.UNSPECIFIED.,.F.,.F.)
B_SPLINE_CURVE_WITH_KNOTS((2,2),(0.000,1.000),.UNSPECIFIED.)
CURVE()
GEOMETRIC_REPRESENTATION_ITEM()
RATIONAL_B_SPLINE_CURVE((1.0000000000,1.0000000000))
REPRESENTATION_ITEM('')
);
#3259=CARTESIAN_POINT('',(22.5000000000,13.5000000000,1.0000000000));
#3260=CARTESIAN_POINT('',(22.5000000000,13.5000000000,10.0000000000));

#3261=EDGE_CURVE('',#3255,#3236,#3258,.T.);
#3262=ORIENTED_EDGE('',*,*,#3261,.T.);
#3263=EDGE_LOOP('',(#3243,#3250,#3257,#3262));
#3264=FACE_OUTER_BOUND('',#3263,.T.);
#3265=ADVANCED_FACE('',(#3264),#3230,.T.);
#3266=COLOUR_RGB('',0.39,0.39,0.39);
#3267=FILL_AREA_STYLE_COLOUR('',#3266);
#3268=FILL_AREA_STYLE('',(#3267));
#3269=SURFACE_STYLE_FILL_AREA(#3268);
#3270=SURFACE_STYLE_TRANSPARENT(0.00);
#3271=SURFACE_STYLE_RENDERING_WITH_PROPERTIES(.NORMAL_SHADING.,#3266,(#3270));
#3272=SURFACE_SIDE_STYLE('',(#3269, #3271));
#3273=SURFACE_STYLE_USAGE(.BOTH.,#3272);
#3274=PRESENTATION_STYLE_ASSIGNMENT((#3273));
#3275=STYLED_ITEM('',(#3274),#3265);

#3276=(
BOUNDED_SURFACE()
B_SPLINE_SURFACE(1,1,((#3277,#3278),(#3279,#3280)),.UNSPECIFIED.,.F.,.F.,.F.)
B_SPLINE_SURFACE_WITH_KNOTS((2,2),(2,2),(0.000,1.000),(0.000,1.000),.UNSPECIFIED.)
GEOMETRIC_REPRESENTATION_ITEM()
RATIONAL_B_SPLINE_SURFACE(((1.0000000000,1.0000000000),(1.0000000000,1.0000000000)))
REPRESENTATION_ITEM('')
SURFACE()
);
#3277=CARTESIAN_POINT('',(31.5000000000,6.0000000000,10.0000000000));
#3278=CARTESIAN_POINT('',(31.5000000000,6.0000000000,1.0000000000));
#3279=CARTESIAN_POINT('',(31.5000000000,13.5000000000,10.0000000000));
#3280=CARTESIAN_POINT('',(31.5000000000,13.5000000000,1.0000000000));

#3281=CARTESIAN_POINT('',(31.5000000000,13.5000000000,10.0000000000));
#3282=VERTEX_POINT('',#3281);
#3283=(
BOUNDED_CURVE()
B_SPLINE_CURVE(1,(#3284,#3285),.UNSPECIFIED.,.F.,.F.)
B_SPLINE_CURVE_WITH_KNOTS((2,2),(0.000,1.000),.UNSPECIFIED.)
CURVE()
GEOMETRIC_REPRESENTATION_ITEM()
RATIONAL_B_SPLINE_CURVE((1.0000000000,1.0000000000))
REPRESENTATION_ITEM('')
);
#3284=CARTESIAN_POINT('',(31.5000000000,13.5000000000,10.0000000000));
#3285=CARTESIAN_POINT('',(31.5000000000,6.0000000000,10.0000000000));

#3286=CARTESIAN_POINT('',(31.5000000000,6.0000000000,10.0000000000));
#3287=VERTEX_POINT('',#3286);
#3288=EDGE_CURVE('',#3282,#3287,#3283,.T.);
#3289=ORIENTED_EDGE('',*,*,#3288,.T.);
#3290=(
BOUNDED_CURVE()
B_SPLINE_CURVE(1,(#3291,#3292),.UNSPECIFIED.,.F.,.F.)
B_SPLINE_CURVE_WITH_KNOTS((2,2),(0.000,1.000),.UNSPECIFIED.)
CURVE()
GEOMETRIC_REPRESENTATION_ITEM()
RATIONAL_B_SPLINE_CURVE((1.0000000000,1.0000000000))
REPRESENTATION_ITEM('')
);
#3291=CARTESIAN_POINT('',(31.5000000000,6.0000000000,10.0000000000));
#3292=CARTESIAN_POINT('',(31.5000000000,6.0000000000,1.0000000000));

#3293=CARTESIAN_POINT('',(31.5000000000,6.0000000000,1.0000000000));
#3294=VERTEX_POINT('',#3293);
#3295=EDGE_CURVE('',#3287,#3294,#3290,.T.);
#3296=ORIENTED_EDGE('',*,*,#3295,.T.);
#3297=(
BOUNDED_CURVE()
B_SPLINE_CURVE(1,(#3298,#3299),.UNSPECIFIED.,.F.,.F.)
B_SPLINE_CURVE_WITH_KNOTS((2,2),(0.000,1.000),.UNSPECIFIED.)
CURVE()
GEOMETRIC_REPRESENTATION_ITEM()
RATIONAL_B_SPLINE_CURVE((1.0000000000,1.0000000000))
REPRESENTATION_ITEM('')
);
#3298=CARTESIAN_POINT('',(31.5000000000,6.0000000000,1.0000000000));
#3299=CARTESIAN_POINT('',(31.5000000000,13.5000000000,1.0000000000));

#3300=CARTESIAN_POINT('',(31.5000000000,13.5000000000,1.0000000000));
#3301=VERTEX_POINT('',#3300);
#3302=EDGE_CURVE('',#3294,#3301,#3297,.T.);
#3303=ORIENTED_EDGE('',*,*,#3302,.T.);
#3304=(
BOUNDED_CURVE()
B_SPLINE_CURVE(1,(#3305,#3306),.UNSPECIFIED.,.F.,.F.)
B_SPLINE_CURVE_WITH_KNOTS((2,2),(0.000,1.000),.UNSPECIFIED.)
CURVE()
GEOMETRIC_REPRESENTATION_ITEM()
RATIONAL_B_SPLINE_CURVE((1.0000000000,1.0000000000))
REPRESENTATION_ITEM('')
);
#3305=CARTESIAN_POINT('',(31.5000000000,13.5000000000,1.0000000000));
#3306=CARTESIAN_POINT('',(31.5000000000,13.5000000000,10.0000000000));

#3307=EDGE_CURVE('',#3301,#3282,#3304,.T.);
#3308=ORIENTED_EDGE('',*,*,#3307,.T.);
#3309=EDGE_LOOP('',(#3289,#3296,#3303,#3308));
#3310=FACE_OUTER_BOUND('',#3309,.T.);
#3311=ADVANCED_FACE('',(#3310),#3276,.T.);
#3312=COLOUR_RGB('',0.39,0.39,0.39);
#3313=FILL_AREA_STYLE_COLOUR('',#3312);
#3314=FILL_AREA_STYLE('',(#3313));
#3315=SURFACE_STYLE_FILL_AREA(#3314);
#3316=SURFACE_STYLE_TRANSPARENT(0.00);
#3317=SURFACE_STYLE_RENDERING_WITH_PROPERTIES(.NORMAL_SHADING.,#3312,(#3316));
#3318=SURFACE_SIDE_STYLE('',(#3315, #3317));
#3319=SURFACE_STYLE_USAGE(.BOTH.,#3318);
#3320=PRESENTATION_STYLE_ASSIGNMENT((#3319));
#3321=STYLED_ITEM('',(#3320),#3311);

#3322=(
BOUNDED_SURFACE()
B_SPLINE_SURFACE(1,1,((#3323,#3324),(#3325,#3326)),.UNSPECIFIED.,.F.,.F.,.F.)
B_SPLINE_SURFACE_WITH_KNOTS((2,2),(2,2),(0.000,1.000),(0.000,1.000),.UNSPECIFIED.)
GEOMETRIC_REPRESENTATION_ITEM()
RATIONAL_B_SPLINE_SURFACE(((1.0000000000,1.0000000000),(1.0000000000,1.0000000000)))
REPRESENTATION_ITEM('')
SURFACE()
);
#3323=CARTESIAN_POINT('',(38.0000000000,6.0000000000,10.0000000000));
#3324=CARTESIAN_POINT('',(38.0000000000,6.0000000000,1.0000000000));
#3325=CARTESIAN_POINT('',(31.5000000000,6.0000000000,10.0000000000));
#3326=CARTESIAN_POINT('',(31.5000000000,6.0000000000,1.0000000000));

#3327=CARTESIAN_POINT('',(31.5000000000,6.0000000000,10.0000000000));
#3328=VERTEX_POINT('',#3327);
#3329=(
BOUNDED_CURVE()
B_SPLINE_CURVE(1,(#3330,#3331),.UNSPECIFIED.,.F.,.F.)
B_SPLINE_CURVE_WITH_KNOTS((2,2),(0.000,1.000),.UNSPECIFIED.)
CURVE()
GEOMETRIC_REPRESENTATION_ITEM()
RATIONAL_B_SPLINE_CURVE((1.0000000000,1.0000000000))
REPRESENTATION_ITEM('')
);
#3330=CARTESIAN_POINT('',(31.5000000000,6.0000000000,10.0000000000));
#3331=CARTESIAN_POINT('',(38.0000000000,6.0000000000,10.0000000000));

#3332=CARTESIAN_POINT('',(38.0000000000,6.0000000000,10.0000000000));
#3333=VERTEX_POINT('',#3332);
#3334=EDGE_CURVE('',#3328,#3333,#3329,.T.);
#3335=ORIENTED_EDGE('',*,*,#3334,.T.);
#3336=(
BOUNDED_CURVE()
B_SPLINE_CURVE(1,(#3337,#3338),.UNSPECIFIED.,.F.,.F.)
B_SPLINE_CURVE_WITH_KNOTS((2,2),(0.000,1.000),.UNSPECIFIED.)
CURVE()
GEOMETRIC_REPRESENTATION_ITEM()
RATIONAL_B_SPLINE_CURVE((1.0000000000,1.0000000000))
REPRESENTATION_ITEM('')
);
#3337=CARTESIAN_POINT('',(38.0000000000,6.0000000000,10.0000000000));
#3338=CARTESIAN_POINT('',(38.0000000000,6.0000000000,1.0000000000));

#3339=CARTESIAN_POINT('',(38.0000000000,6.0000000000,1.0000000000));
#3340=VERTEX_POINT('',#3339);
#3341=EDGE_CURVE('',#3333,#3340,#3336,.T.);
#3342=ORIENTED_EDGE('',*,*,#3341,.T.);
#3343=(
BOUNDED_CURVE()
B_SPLINE_CURVE(1,(#3344,#3345),.UNSPECIFIED.,.F.,.F.)
B_SPLINE_CURVE_WITH_KNOTS((2,2),(0.000,1.000),.UNSPECIFIED.)
CURVE()
GEOMETRIC_REPRESENTATION_ITEM()
RATIONAL_B_SPLINE_CURVE((1.0000000000,1.0000000000))
REPRESENTATION_ITEM('')
);
#3344=CARTESIAN_POINT('',(38.0000000000,6.0000000000,1.0000000000));
#3345=CARTESIAN_POINT('',(31.5000000000,6.0000000000,1.0000000000));

#3346=CARTESIAN_POINT('',(31.5000000000,6.0000000000,1.0000000000));
#3347=VERTEX_POINT('',#3346);
#3348=EDGE_CURVE('',#3340,#3347,#3343,.T.);
#3349=ORIENTED_EDGE('',*,*,#3348,.T.);
#3350=(
BOUNDED_CURVE()
B_SPLINE_CURVE(1,(#3351,#3352),.UNSPECIFIED.,.F.,.F.)
B_SPLINE_CURVE_WITH_KNOTS((2,2),(0.000,1.000),.UNSPECIFIED.)
CURVE()
GEOMETRIC_REPRESENTATION_ITEM()
RATIONAL_B_SPLINE_CURVE((1.0000000000,1.0000000000))
REPRESENTATION_ITEM('')
);
#3351=CARTESIAN_POINT('',(31.5000000000,6.0000000000,1.0000000000));
#3352=CARTESIAN_POINT('',(31.5000000000,6.0000000000,10.0000000000));

#3353=EDGE_CURVE('',#3347,#3328,#3350,.T.);
#3354=ORIENTED_EDGE('',*,*,#3353,.T.);
#3355=EDGE_LOOP('',(#3335,#3342,#3349,#3354));
#3356=FACE_OUTER_BOUND('',#3355,.T.);
#3357=ADVANCED_FACE('',(#3356),#3322,.T.);
#3358=COLOUR_RGB('',0.39,0.39,0.39);
#3359=FILL_AREA_STYLE_COLOUR('',#3358);
#3360=FILL_AREA_STYLE('',(#3359));
#3361=SURFACE_STYLE_FILL_AREA(#3360);
#3362=SURFACE_STYLE_TRANSPARENT(0.00);
#3363=SURFACE_STYLE_RENDERING_WITH_PROPERTIES(.NORMAL_SHADING.,#3358,(#3362));
#3364=SURFACE_SIDE_STYLE('',(#3361, #3363));
#3365=SURFACE_STYLE_USAGE(.BOTH.,#3364);
#3366=PRESENTATION_STYLE_ASSIGNMENT((#3365));
#3367=STYLED_ITEM('',(#3366),#3357);

#3368=(
BOUNDED_SURFACE()
B_SPLINE_SURFACE(1,1,((#3369,#3370),(#3371,#3372)),.UNSPECIFIED.,.F.,.F.,.F.)
B_SPLINE_SURFACE_WITH_KNOTS((2,2),(2,2),(0.000,1.000),(0.000,1.000),.UNSPECIFIED.)
GEOMETRIC_REPRESENTATION_ITEM()
RATIONAL_B_SPLINE_SURFACE(((1.0000000000,1.0000000000),(1.0000000000,1.0000000000)))
REPRESENTATION_ITEM('')
SURFACE()
);
#3369=CARTESIAN_POINT('',(31.5000000000,-6.0000000000,10.0000000000));
#3370=CARTESIAN_POINT('',(31.5000000000,-6.0000000000,1.0000000000));
#3371=CARTESIAN_POINT('',(38.0000000000,-6.0000000000,10.0000000000));
#3372=CARTESIAN_POINT('',(38.0000000000,-6.0000000000,1.0000000000));

#3373=CARTESIAN_POINT('',(38.0000000000,-6.0000000000,10.0000000000));
#3374=VERTEX_POINT('',#3373);
#3375=(
BOUNDED_CURVE()
B_SPLINE_CURVE(1,(#3376,#3377),.UNSPECIFIED.,.F.,.F.)
B_SPLINE_CURVE_WITH_KNOTS((2,2),(0.000,1.000),.UNSPECIFIED.)
CURVE()
GEOMETRIC_REPRESENTATION_ITEM()
RATIONAL_B_SPLINE_CURVE((1.0000000000,1.0000000000))
REPRESENTATION_ITEM('')
);
#3376=CARTESIAN_POINT('',(38.0000000000,-6.0000000000,10.0000000000));
#3377=CARTESIAN_POINT('',(31.5000000000,-6.0000000000,10.0000000000));

#3378=CARTESIAN_POINT('',(31.5000000000,-6.0000000000,10.0000000000));
#3379=VERTEX_POINT('',#3378);
#3380=EDGE_CURVE('',#3374,#3379,#3375,.T.);
#3381=ORIENTED_EDGE('',*,*,#3380,.T.);
#3382=(
BOUNDED_CURVE()
B_SPLINE_CURVE(1,(#3383,#3384),.UNSPECIFIED.,.F.,.F.)
B_SPLINE_CURVE_WITH_KNOTS((2,2),(0.000,1.000),.UNSPECIFIED.)
CURVE()
GEOMETRIC_REPRESENTATION_ITEM()
RATIONAL_B_SPLINE_CURVE((1.0000000000,1.0000000000))
REPRESENTATION_ITEM('')
);
#3383=CARTESIAN_POINT('',(31.5000000000,-6.0000000000,10.0000000000));
#3384=CARTESIAN_POINT('',(31.5000000000,-6.0000000000,1.0000000000));

#3385=CARTESIAN_POINT('',(31.5000000000,-6.0000000000,1.0000000000));
#3386=VERTEX_POINT('',#3385);
#3387=EDGE_CURVE('',#3379,#3386,#3382,.T.);
#3388=ORIENTED_EDGE('',*,*,#3387,.T.);
#3389=(
BOUNDED_CURVE()
B_SPLINE_CURVE(1,(#3390,#3391),.UNSPECIFIED.,.F.,.F.)
B_SPLINE_CURVE_WITH_KNOTS((2,2),(0.000,1.000),.UNSPECIFIED.)
CURVE()
GEOMETRIC_REPRESENTATION_ITEM()
RATIONAL_B_SPLINE_CURVE((1.0000000000,1.0000000000))
REPRESENTATION_ITEM('')
);
#3390=CARTESIAN_POINT('',(31.5000000000,-6.0000000000,1.0000000000));
#3391=CARTESIAN_POINT('',(38.0000000000,-6.0000000000,1.0000000000));

#3392=CARTESIAN_POINT('',(38.0000000000,-6.0000000000,1.0000000000));
#3393=VERTEX_POINT('',#3392);
#3394=EDGE_CURVE('',#3386,#3393,#3389,.T.);
#3395=ORIENTED_EDGE('',*,*,#3394,.T.);
#3396=(
BOUNDED_CURVE()
B_SPLINE_CURVE(1,(#3397,#3398),.UNSPECIFIED.,.F.,.F.)
B_SPLINE_CURVE_WITH_KNOTS((2,2),(0.000,1.000),.UNSPECIFIED.)
CURVE()
GEOMETRIC_REPRESENTATION_ITEM()
RATIONAL_B_SPLINE_CURVE((1.0000000000,1.0000000000))
REPRESENTATION_ITEM('')
);
#3397=CARTESIAN_POINT('',(38.0000000000,-6.0000000000,1.0000000000));
#3398=CARTESIAN_POINT('',(38.0000000000,-6.0000000000,10.0000000000));

#3399=EDGE_CURVE('',#3393,#3374,#3396,.T.);
#3400=ORIENTED_EDGE('',*,*,#3399,.T.);
#3401=EDGE_LOOP('',(#3381,#3388,#3395,#3400));
#3402=FACE_OUTER_BOUND('',#3401,.T.);
#3403=ADVANCED_FACE('',(#3402),#3368,.T.);
#3404=COLOUR_RGB('',0.39,0.39,0.39);
#3405=FILL_AREA_STYLE_COLOUR('',#3404);
#3406=FILL_AREA_STYLE('',(#3405));
#3407=SURFACE_STYLE_FILL_AREA(#3406);
#3408=SURFACE_STYLE_TRANSPARENT(0.00);
#3409=SURFACE_STYLE_RENDERING_WITH_PROPERTIES(.NORMAL_SHADING.,#3404,(#3408));
#3410=SURFACE_SIDE_STYLE('',(#3407, #3409));
#3411=SURFACE_STYLE_USAGE(.BOTH.,#3410);
#3412=PRESENTATION_STYLE_ASSIGNMENT((#3411));
#3413=STYLED_ITEM('',(#3412),#3403);

#3414=(
BOUNDED_SURFACE()
B_SPLINE_SURFACE(1,1,((#3415,#3416),(#3417,#3418)),.UNSPECIFIED.,.F.,.F.,.F.)
B_SPLINE_SURFACE_WITH_KNOTS((2,2),(2,2),(0.000,1.000),(0.000,1.000),.UNSPECIFIED.)
GEOMETRIC_REPRESENTATION_ITEM()
RATIONAL_B_SPLINE_SURFACE(((1.0000000000,1.0000000000),(1.0000000000,1.0000000000)))
REPRESENTATION_ITEM('')
SURFACE()
);
#3415=CARTESIAN_POINT('',(31.5000000000,-13.5000000000,10.0000000000));
#3416=CARTESIAN_POINT('',(31.5000000000,-13.5000000000,1.0000000000));
#3417=CARTESIAN_POINT('',(31.5000000000,-6.0000000000,10.0000000000));
#3418=CARTESIAN_POINT('',(31.5000000000,-6.0000000000,1.0000000000));

#3419=CARTESIAN_POINT('',(31.5000000000,-6.0000000000,10.0000000000));
#3420=VERTEX_POINT('',#3419);
#3421=(
BOUNDED_CURVE()
B_SPLINE_CURVE(1,(#3422,#3423),.UNSPECIFIED.,.F.,.F.)
B_SPLINE_CURVE_WITH_KNOTS((2,2),(0.000,1.000),.UNSPECIFIED.)
CURVE()
GEOMETRIC_REPRESENTATION_ITEM()
RATIONAL_B_SPLINE_CURVE((1.0000000000,1.0000000000))
REPRESENTATION_ITEM('')
);
#3422=CARTESIAN_POINT('',(31.5000000000,-6.0000000000,10.0000000000));
#3423=CARTESIAN_POINT('',(31.5000000000,-13.5000000000,10.0000000000));

#3424=CARTESIAN_POINT('',(31.5000000000,-13.5000000000,10.0000000000));
#3425=VERTEX_POINT('',#3424);
#3426=EDGE_CURVE('',#3420,#3425,#3421,.T.);
#3427=ORIENTED_EDGE('',*,*,#3426,.T.);
#3428=(
BOUNDED_CURVE()
B_SPLINE_CURVE(1,(#3429,#3430),.UNSPECIFIED.,.F.,.F.)
B_SPLINE_CURVE_WITH_KNOTS((2,2),(0.000,1.000),.UNSPECIFIED.)
CURVE()
GEOMETRIC_REPRESENTATION_ITEM()
RATIONAL_B_SPLINE_CURVE((1.0000000000,1.0000000000))
REPRESENTATION_ITEM('')
);
#3429=CARTESIAN_POINT('',(31.5000000000,-13.5000000000,10.0000000000));
#3430=CARTESIAN_POINT('',(31.5000000000,-13.5000000000,1.0000000000));

#3431=CARTESIAN_POINT('',(31.5000000000,-13.5000000000,1.0000000000));
#3432=VERTEX_POINT('',#3431);
#3433=EDGE_CURVE('',#3425,#3432,#3428,.T.);
#3434=ORIENTED_EDGE('',*,*,#3433,.T.);
#3435=(
BOUNDED_CURVE()
B_SPLINE_CURVE(1,(#3436,#3437),.UNSPECIFIED.,.F.,.F.)
B_SPLINE_CURVE_WITH_KNOTS((2,2),(0.000,1.000),.UNSPECIFIED.)
CURVE()
GEOMETRIC_REPRESENTATION_ITEM()
RATIONAL_B_SPLINE_CURVE((1.0000000000,1.0000000000))
REPRESENTATION_ITEM('')
);
#3436=CARTESIAN_POINT('',(31.5000000000,-13.5000000000,1.0000000000));
#3437=CARTESIAN_POINT('',(31.5000000000,-6.0000000000,1.0000000000));

#3438=CARTESIAN_POINT('',(31.5000000000,-6.0000000000,1.0000000000));
#3439=VERTEX_POINT('',#3438);
#3440=EDGE_CURVE('',#3432,#3439,#3435,.T.);
#3441=ORIENTED_EDGE('',*,*,#3440,.T.);
#3442=(
BOUNDED_CURVE()
B_SPLINE_CURVE(1,(#3443,#3444),.UNSPECIFIED.,.F.,.F.)
B_SPLINE_CURVE_WITH_KNOTS((2,2),(0.000,1.000),.UNSPECIFIED.)
CURVE()
GEOMETRIC_REPRESENTATION_ITEM()
RATIONAL_B_SPLINE_CURVE((1.0000000000,1.0000000000))
REPRESENTATION_ITEM('')
);
#3443=CARTESIAN_POINT('',(31.5000000000,-6.0000000000,1.0000000000));
#3444=CARTESIAN_POINT('',(31.5000000000,-6.0000000000,10.0000000000));

#3445=EDGE_CURVE('',#3439,#3420,#3442,.T.);
#3446=ORIENTED_EDGE('',*,*,#3445,.T.);
#3447=EDGE_LOOP('',(#3427,#3434,#3441,#3446));
#3448=FACE_OUTER_BOUND('',#3447,.T.);
#3449=ADVANCED_FACE('',(#3448),#3414,.T.);
#3450=COLOUR_RGB('',0.39,0.39,0.39);
#3451=FILL_AREA_STYLE_COLOUR('',#3450);
#3452=FILL_AREA_STYLE('',(#3451));
#3453=SURFACE_STYLE_FILL_AREA(#3452);
#3454=SURFACE_STYLE_TRANSPARENT(0.00);
#3455=SURFACE_STYLE_RENDERING_WITH_PROPERTIES(.NORMAL_SHADING.,#3450,(#3454));
#3456=SURFACE_SIDE_STYLE('',(#3453, #3455));
#3457=SURFACE_STYLE_USAGE(.BOTH.,#3456);
#3458=PRESENTATION_STYLE_ASSIGNMENT((#3457));
#3459=STYLED_ITEM('',(#3458),#3449);

#3460=(
BOUNDED_SURFACE()
B_SPLINE_SURFACE(1,1,((#3461,#3462),(#3463,#3464)),.UNSPECIFIED.,.F.,.F.,.F.)
B_SPLINE_SURFACE_WITH_KNOTS((2,2),(2,2),(0.000,1.000),(0.000,1.000),.UNSPECIFIED.)
GEOMETRIC_REPRESENTATION_ITEM()
RATIONAL_B_SPLINE_SURFACE(((1.0000000000,1.0000000000),(1.0000000000,1.0000000000)))
REPRESENTATION_ITEM('')
SURFACE()
);
#3461=CARTESIAN_POINT('',(22.5000000000,-13.5000000000,10.0000000000));
#3462=CARTESIAN_POINT('',(22.5000000000,-13.5000000000,1.0000000000));
#3463=CARTESIAN_POINT('',(31.5000000000,-13.5000000000,10.0000000000));
#3464=CARTESIAN_POINT('',(31.5000000000,-13.5000000000,1.0000000000));

#3465=CARTESIAN_POINT('',(31.5000000000,-13.5000000000,10.0000000000));
#3466=VERTEX_POINT('',#3465);
#3467=(
BOUNDED_CURVE()
B_SPLINE_CURVE(1,(#3468,#3469),.UNSPECIFIED.,.F.,.F.)
B_SPLINE_CURVE_WITH_KNOTS((2,2),(0.000,1.000),.UNSPECIFIED.)
CURVE()
GEOMETRIC_REPRESENTATION_ITEM()
RATIONAL_B_SPLINE_CURVE((1.0000000000,1.0000000000))
REPRESENTATION_ITEM('')
);
#3468=CARTESIAN_POINT('',(31.5000000000,-13.5000000000,10.0000000000));
#3469=CARTESIAN_POINT('',(22.5000000000,-13.5000000000,10.0000000000));

#3470=CARTESIAN_POINT('',(22.5000000000,-13.5000000000,10.0000000000));
#3471=VERTEX_POINT('',#3470);
#3472=EDGE_CURVE('',#3466,#3471,#3467,.T.);
#3473=ORIENTED_EDGE('',*,*,#3472,.T.);
#3474=(
BOUNDED_CURVE()
B_SPLINE_CURVE(1,(#3475,#3476),.UNSPECIFIED.,.F.,.F.)
B_SPLINE_CURVE_WITH_KNOTS((2,2),(0.000,1.000),.UNSPECIFIED.)
CURVE()
GEOMETRIC_REPRESENTATION_ITEM()
RATIONAL_B_SPLINE_CURVE((1.0000000000,1.0000000000))
REPRESENTATION_ITEM('')
);
#3475=CARTESIAN_POINT('',(22.5000000000,-13.5000000000,10.0000000000));
#3476=CARTESIAN_POINT('',(22.5000000000,-13.5000000000,1.0000000000));

#3477=CARTESIAN_POINT('',(22.5000000000,-13.5000000000,1.0000000000));
#3478=VERTEX_POINT('',#3477);
#3479=EDGE_CURVE('',#3471,#3478,#3474,.T.);
#3480=ORIENTED_EDGE('',*,*,#3479,.T.);
#3481=(
BOUNDED_CURVE()
B_SPLINE_CURVE(1,(#3482,#3483),.UNSPECIFIED.,.F.,.F.)
B_SPLINE_CURVE_WITH_KNOTS((2,2),(0.000,1.000),.UNSPECIFIED.)
CURVE()
GEOMETRIC_REPRESENTATION_ITEM()
RATIONAL_B_SPLINE_CURVE((1.0000000000,1.0000000000))
REPRESENTATION_ITEM('')
);
#3482=CARTESIAN_POINT('',(22.5000000000,-13.5000000000,1.0000000000));
#3483=CARTESIAN_POINT('',(31.5000000000,-13.5000000000,1.0000000000));

#3484=CARTESIAN_POINT('',(31.5000000000,-13.5000000000,1.0000000000));
#3485=VERTEX_POINT('',#3484);
#3486=EDGE_CURVE('',#3478,#3485,#3481,.T.);
#3487=ORIENTED_EDGE('',*,*,#3486,.T.);
#3488=(
BOUNDED_CURVE()
B_SPLINE_CURVE(1,(#3489,#3490),.UNSPECIFIED.,.F.,.F.)
B_SPLINE_CURVE_WITH_KNOTS((2,2),(0.000,1.000),.UNSPECIFIED.)
CURVE()
GEOMETRIC_REPRESENTATION_ITEM()
RATIONAL_B_SPLINE_CURVE((1.0000000000,1.0000000000))
REPRESENTATION_ITEM('')
);
#3489=CARTESIAN_POINT('',(31.5000000000,-13.5000000000,1.0000000000));
#3490=CARTESIAN_POINT('',(31.5000000000,-13.5000000000,10.0000000000));

#3491=EDGE_CURVE('',#3485,#3466,#3488,.T.);
#3492=ORIENTED_EDGE('',*,*,#3491,.T.);
#3493=EDGE_LOOP('',(#3473,#3480,#3487,#3492));
#3494=FACE_OUTER_BOUND('',#3493,.T.);
#3495=ADVANCED_FACE('',(#3494),#3460,.T.);
#3496=COLOUR_RGB('',0.39,0.39,0.39);
#3497=FILL_AREA_STYLE_COLOUR('',#3496);
#3498=FILL_AREA_STYLE('',(#3497));
#3499=SURFACE_STYLE_FILL_AREA(#3498);
#3500=SURFACE_STYLE_TRANSPARENT(0.00);
#3501=SURFACE_STYLE_RENDERING_WITH_PROPERTIES(.NORMAL_SHADING.,#3496,(#3500));
#3502=SURFACE_SIDE_STYLE('',(#3499, #3501));
#3503=SURFACE_STYLE_USAGE(.BOTH.,#3502);
#3504=PRESENTATION_STYLE_ASSIGNMENT((#3503));
#3505=STYLED_ITEM('',(#3504),#3495);

#3506=(
BOUNDED_SURFACE()
B_SPLINE_SURFACE(1,1,((#3507,#3508),(#3509,#3510)),.UNSPECIFIED.,.F.,.F.,.F.)
B_SPLINE_SURFACE_WITH_KNOTS((2,2),(2,2),(0.000,1.000),(0.000,1.000),.UNSPECIFIED.)
GEOMETRIC_REPRESENTATION_ITEM()
RATIONAL_B_SPLINE_SURFACE(((1.0000000000,1.0000000000),(1.0000000000,1.0000000000)))
REPRESENTATION_ITEM('')
SURFACE()
);
#3507=CARTESIAN_POINT('',(22.5000000000,-17.5000000000,10.0000000000));
#3508=CARTESIAN_POINT('',(22.5000000000,-17.5000000000,1.0000000000));
#3509=CARTESIAN_POINT('',(22.5000000000,-13.5000000000,10.0000000000));
#3510=CARTESIAN_POINT('',(22.5000000000,-13.5000000000,1.0000000000));

#3511=CARTESIAN_POINT('',(22.5000000000,-13.5000000000,10.0000000000));
#3512=VERTEX_POINT('',#3511);
#3513=(
BOUNDED_CURVE()
B_SPLINE_CURVE(1,(#3514,#3515),.UNSPECIFIED.,.F.,.F.)
B_SPLINE_CURVE_WITH_KNOTS((2,2),(0.000,1.000),.UNSPECIFIED.)
CURVE()
GEOMETRIC_REPRESENTATION_ITEM()
RATIONAL_B_SPLINE_CURVE((1.0000000000,1.0000000000))
REPRESENTATION_ITEM('')
);
#3514=CARTESIAN_POINT('',(22.5000000000,-13.5000000000,10.0000000000));
#3515=CARTESIAN_POINT('',(22.5000000000,-17.5000000000,10.0000000000));

#3516=CARTESIAN_POINT('',(22.5000000000,-17.5000000000,10.0000000000));
#3517=VERTEX_POINT('',#3516);
#3518=EDGE_CURVE('',#3512,#3517,#3513,.T.);
#3519=ORIENTED_EDGE('',*,*,#3518,.T.);
#3520=(
BOUNDED_CURVE()
B_SPLINE_CURVE(1,(#3521,#3522),.UNSPECIFIED.,.F.,.F.)
B_SPLINE_CURVE_WITH_KNOTS((2,2),(0.000,1.000),.UNSPECIFIED.)
CURVE()
GEOMETRIC_REPRESENTATION_ITEM()
RATIONAL_B_SPLINE_CURVE((1.0000000000,1.0000000000))
REPRESENTATION_ITEM('')
);
#3521=CARTESIAN_POINT('',(22.5000000000,-17.5000000000,10.0000000000));
#3522=CARTESIAN_POINT('',(22.5000000000,-17.5000000000,1.0000000000));

#3523=CARTESIAN_POINT('',(22.5000000000,-17.5000000000,1.0000000000));
#3524=VERTEX_POINT('',#3523);
#3525=EDGE_CURVE('',#3517,#3524,#3520,.T.);
#3526=ORIENTED_EDGE('',*,*,#3525,.T.);
#3527=(
BOUNDED_CURVE()
B_SPLINE_CURVE(1,(#3528,#3529),.UNSPECIFIED.,.F.,.F.)
B_SPLINE_CURVE_WITH_KNOTS((2,2),(0.000,1.000),.UNSPECIFIED.)
CURVE()
GEOMETRIC_REPRESENTATION_ITEM()
RATIONAL_B_SPLINE_CURVE((1.0000000000,1.0000000000))
REPRESENTATION_ITEM('')
);
#3528=CARTESIAN_POINT('',(22.5000000000,-17.5000000000,1.0000000000));
#3529=CARTESIAN_POINT('',(22.5000000000,-13.5000000000,1.0000000000));

#3530=CARTESIAN_POINT('',(22.5000000000,-13.5000000000,1.0000000000));
#3531=VERTEX_POINT('',#3530);
#3532=EDGE_CURVE('',#3524,#3531,#3527,.T.);
#3533=ORIENTED_EDGE('',*,*,#3532,.T.);
#3534=(
BOUNDED_CURVE()
B_SPLINE_CURVE(1,(#3535,#3536),.UNSPECIFIED.,.F.,.F.)
B_SPLINE_CURVE_WITH_KNOTS((2,2),(0.000,1.000),.UNSPECIFIED.)
CURVE()
GEOMETRIC_REPRESENTATION_ITEM()
RATIONAL_B_SPLINE_CURVE((1.0000000000,1.0000000000))
REPRESENTATION_ITEM('')
);
#3535=CARTESIAN_POINT('',(22.5000000000,-13.5000000000,1.0000000000));
#3536=CARTESIAN_POINT('',(22.5000000000,-13.5000000000,10.0000000000));

#3537=EDGE_CURVE('',#3531,#3512,#3534,.T.);
#3538=ORIENTED_EDGE('',*,*,#3537,.T.);
#3539=EDGE_LOOP('',(#3519,#3526,#3533,#3538));
#3540=FACE_OUTER_BOUND('',#3539,.T.);
#3541=ADVANCED_FACE('',(#3540),#3506,.T.);
#3542=COLOUR_RGB('',0.39,0.39,0.39);
#3543=FILL_AREA_STYLE_COLOUR('',#3542);
#3544=FILL_AREA_STYLE('',(#3543));
#3545=SURFACE_STYLE_FILL_AREA(#3544);
#3546=SURFACE_STYLE_TRANSPARENT(0.00);
#3547=SURFACE_STYLE_RENDERING_WITH_PROPERTIES(.NORMAL_SHADING.,#3542,(#3546));
#3548=SURFACE_SIDE_STYLE('',(#3545, #3547));
#3549=SURFACE_STYLE_USAGE(.BOTH.,#3548);
#3550=PRESENTATION_STYLE_ASSIGNMENT((#3549));
#3551=STYLED_ITEM('',(#3550),#3541);

#3552=(
BOUNDED_SURFACE()
B_SPLINE_SURFACE(1,1,((#3553,#3554),(#3555,#3556)),.UNSPECIFIED.,.F.,.F.,.F.)
B_SPLINE_SURFACE_WITH_KNOTS((2,2),(2,2),(0.000,1.000),(0.000,1.000),.UNSPECIFIED.)
GEOMETRIC_REPRESENTATION_ITEM()
RATIONAL_B_SPLINE_SURFACE(((1.0000000000,1.0000000000),(1.0000000000,1.0000000000)))
REPRESENTATION_ITEM('')
SURFACE()
);
#3553=CARTESIAN_POINT('',(-22.5000000000,-17.5000000000,10.0000000000));
#3554=CARTESIAN_POINT('',(-22.5000000000,-17.5000000000,1.0000000000));
#3555=CARTESIAN_POINT('',(22.5000000000,-17.5000000000,10.0000000000));
#3556=CARTESIAN_POINT('',(22.5000000000,-17.5000000000,1.0000000000));

#3557=CARTESIAN_POINT('',(22.5000000000,-17.5000000000,10.0000000000));
#3558=VERTEX_POINT('',#3557);
#3559=(
BOUNDED_CURVE()
B_SPLINE_CURVE(1,(#3560,#3561),.UNSPECIFIED.,.F.,.F.)
B_SPLINE_CURVE_WITH_KNOTS((2,2),(0.000,1.000),.UNSPECIFIED.)
CURVE()
GEOMETRIC_REPRESENTATION_ITEM()
RATIONAL_B_SPLINE_CURVE((1.0000000000,1.0000000000))
REPRESENTATION_ITEM('')
);
#3560=CARTESIAN_POINT('',(22.5000000000,-17.5000000000,10.0000000000));
#3561=CARTESIAN_POINT('',(-22.5000000000,-17.5000000000,10.0000000000));

#3562=CARTESIAN_POINT('',(-22.5000000000,-17.5000000000,10.0000000000));
#3563=VERTEX_POINT('',#3562);
#3564=EDGE_CURVE('',#3558,#3563,#3559,.T.);
#3565=ORIENTED_EDGE('',*,*,#3564,.T.);
#3566=(
BOUNDED_CURVE()
B_SPLINE_CURVE(1,(#3567,#3568),.UNSPECIFIED.,.F.,.F.)
B_SPLINE_CURVE_WITH_KNOTS((2,2),(0.000,1.000),.UNSPECIFIED.)
CURVE()
GEOMETRIC_REPRESENTATION_ITEM()
RATIONAL_B_SPLINE_CURVE((1.0000000000,1.0000000000))
REPRESENTATION_ITEM('')
);
#3567=CARTESIAN_POINT('',(-22.5000000000,-17.5000000000,10.0000000000));
#3568=CARTESIAN_POINT('',(-22.5000000000,-17.5000000000,1.0000000000));

#3569=CARTESIAN_POINT('',(-22.5000000000,-17.5000000000,1.0000000000));
#3570=VERTEX_POINT('',#3569);
#3571=EDGE_CURVE('',#3563,#3570,#3566,.T.);
#3572=ORIENTED_EDGE('',*,*,#3571,.T.);
#3573=(
BOUNDED_CURVE()
B_SPLINE_CURVE(1,(#3574,#3575),.UNSPECIFIED.,.F.,.F.)
B_SPLINE_CURVE_WITH_KNOTS((2,2),(0.000,1.000),.UNSPECIFIED.)
CURVE()
GEOMETRIC_REPRESENTATION_ITEM()
RATIONAL_B_SPLINE_CURVE((1.0000000000,1.0000000000))
REPRESENTATION_ITEM('')
);
#3574=CARTESIAN_POINT('',(-22.5000000000,-17.5000000000,1.0000000000));
#3575=CARTESIAN_POINT('',(22.5000000000,-17.5000000000,1.0000000000));

#3576=CARTESIAN_POINT('',(22.5000000000,-17.5000000000,1.0000000000));
#3577=VERTEX_POINT('',#3576);
#3578=EDGE_CURVE('',#3570,#3577,#3573,.T.);
#3579=ORIENTED_EDGE('',*,*,#3578,.T.);
#3580=(
BOUNDED_CURVE()
B_SPLINE_CURVE(1,(#3581,#3582),.UNSPECIFIED.,.F.,.F.)
B_SPLINE_CURVE_WITH_KNOTS((2,2),(0.000,1.000),.UNSPECIFIED.)
CURVE()
GEOMETRIC_REPRESENTATION_ITEM()
RATIONAL_B_SPLINE_CURVE((1.0000000000,1.0000000000))
REPRESENTATION_ITEM('')
);
#3581=CARTESIAN_POINT('',(22.5000000000,-17.5000000000,1.0000000000));
#3582=CARTESIAN_POINT('',(22.5000000000,-17.5000000000,10.0000000000));

#3583=EDGE_CURVE('',#3577,#3558,#3580,.T.);
#3584=ORIENTED_EDGE('',*,*,#3583,.T.);
#3585=EDGE_LOOP('',(#3565,#3572,#3579,#3584));
#3586=FACE_OUTER_BOUND('',#3585,.T.);
#3587=ADVANCED_FACE('',(#3586),#3552,.T.);
#3588=COLOUR_RGB('',0.39,0.39,0.39);
#3589=FILL_AREA_STYLE_COLOUR('',#3588);
#3590=FILL_AREA_STYLE('',(#3589));
#3591=SURFACE_STYLE_FILL_AREA(#3590);
#3592=SURFACE_STYLE_TRANSPARENT(0.00);
#3593=SURFACE_STYLE_RENDERING_WITH_PROPERTIES(.NORMAL_SHADING.,#3588,(#3592));
#3594=SURFACE_SIDE_STYLE('',(#3591, #3593));
#3595=SURFACE_STYLE_USAGE(.BOTH.,#3594);
#3596=PRESENTATION_STYLE_ASSIGNMENT((#3595));
#3597=STYLED_ITEM('',(#3596),#3587);

#3598=(
BOUNDED_SURFACE()
B_SPLINE_SURFACE(1,1,((#3599,#3600),(#3601,#3602)),.UNSPECIFIED.,.F.,.F.,.F.)
B_SPLINE_SURFACE_WITH_KNOTS((2,2),(2,2),(0.000,1.000),(0.000,1.000),.UNSPECIFIED.)
GEOMETRIC_REPRESENTATION_ITEM()
RATIONAL_B_SPLINE_SURFACE(((1.0000000000,1.0000000000),(1.0000000000,1.0000000000)))
REPRESENTATION_ITEM('')
SURFACE()
);
#3599=CARTESIAN_POINT('',(-22.5000000000,-13.5000000000,10.0000000000));
#3600=CARTESIAN_POINT('',(-22.5000000000,-13.5000000000,1.0000000000));
#3601=CARTESIAN_POINT('',(-22.5000000000,-17.5000000000,10.0000000000));
#3602=CARTESIAN_POINT('',(-22.5000000000,-17.5000000000,1.0000000000));

#3603=CARTESIAN_POINT('',(-22.5000000000,-17.5000000000,10.0000000000));
#3604=VERTEX_POINT('',#3603);
#3605=(
BOUNDED_CURVE()
B_SPLINE_CURVE(1,(#3606,#3607),.UNSPECIFIED.,.F.,.F.)
B_SPLINE_CURVE_WITH_KNOTS((2,2),(0.000,1.000),.UNSPECIFIED.)
CURVE()
GEOMETRIC_REPRESENTATION_ITEM()
RATIONAL_B_SPLINE_CURVE((1.0000000000,1.0000000000))
REPRESENTATION_ITEM('')
);
#3606=CARTESIAN_POINT('',(-22.5000000000,-17.5000000000,10.0000000000));
#3607=CARTESIAN_POINT('',(-22.5000000000,-13.5000000000,10.0000000000));

#3608=CARTESIAN_POINT('',(-22.5000000000,-13.5000000000,10.0000000000));
#3609=VERTEX_POINT('',#3608);
#3610=EDGE_CURVE('',#3604,#3609,#3605,.T.);
#3611=ORIENTED_EDGE('',*,*,#3610,.T.);
#3612=(
BOUNDED_CURVE()
B_SPLINE_CURVE(1,(#3613,#3614),.UNSPECIFIED.,.F.,.F.)
B_SPLINE_CURVE_WITH_KNOTS((2,2),(0.000,1.000),.UNSPECIFIED.)
CURVE()
GEOMETRIC_REPRESENTATION_ITEM()
RATIONAL_B_SPLINE_CURVE((1.0000000000,1.0000000000))
REPRESENTATION_ITEM('')
);
#3613=CARTESIAN_POINT('',(-22.5000000000,-13.5000000000,10.0000000000));
#3614=CARTESIAN_POINT('',(-22.5000000000,-13.5000000000,1.0000000000));

#3615=CARTESIAN_POINT('',(-22.5000000000,-13.5000000000,1.0000000000));
#3616=VERTEX_POINT('',#3615);
#3617=EDGE_CURVE('',#3609,#3616,#3612,.T.);
#3618=ORIENTED_EDGE('',*,*,#3617,.T.);
#3619=(
BOUNDED_CURVE()
B_SPLINE_CURVE(1,(#3620,#3621),.UNSPECIFIED.,.F.,.F.)
B_SPLINE_CURVE_WITH_KNOTS((2,2),(0.000,1.000),.UNSPECIFIED.)
CURVE()
GEOMETRIC_REPRESENTATION_ITEM()
RATIONAL_B_SPLINE_CURVE((1.0000000000,1.0000000000))
REPRESENTATION_ITEM('')
);
#3620=CARTESIAN_POINT('',(-22.5000000000,-13.5000000000,1.0000000000));
#3621=CARTESIAN_POINT('',(-22.5000000000,-17.5000000000,1.0000000000));

#3622=CARTESIAN_POINT('',(-22.5000000000,-17.5000000000,1.0000000000));
#3623=VERTEX_POINT('',#3622);
#3624=EDGE_CURVE('',#3616,#3623,#3619,.T.);
#3625=ORIENTED_EDGE('',*,*,#3624,.T.);
#3626=(
BOUNDED_CURVE()
B_SPLINE_CURVE(1,(#3627,#3628),.UNSPECIFIED.,.F.,.F.)
B_SPLINE_CURVE_WITH_KNOTS((2,2),(0.000,1.000),.UNSPECIFIED.)
CURVE()
GEOMETRIC_REPRESENTATION_ITEM()
RATIONAL_B_SPLINE_CURVE((1.0000000000,1.0000000000))
REPRESENTATION_ITEM('')
);
#3627=CARTESIAN_POINT('',(-22.5000000000,-17.5000000000,1.0000000000));
#3628=CARTESIAN_POINT('',(-22.5000000000,-17.5000000000,10.0000000000));

#3629=EDGE_CURVE('',#3623,#3604,#3626,.T.);
#3630=ORIENTED_EDGE('',*,*,#3629,.T.);
#3631=EDGE_LOOP('',(#3611,#3618,#3625,#3630));
#3632=FACE_OUTER_BOUND('',#3631,.T.);
#3633=ADVANCED_FACE('',(#3632),#3598,.T.);
#3634=COLOUR_RGB('',0.39,0.39,0.39);
#3635=FILL_AREA_STYLE_COLOUR('',#3634);
#3636=FILL_AREA_STYLE('',(#3635));
#3637=SURFACE_STYLE_FILL_AREA(#3636);
#3638=SURFACE_STYLE_TRANSPARENT(0.00);
#3639=SURFACE_STYLE_RENDERING_WITH_PROPERTIES(.NORMAL_SHADING.,#3634,(#3638));
#3640=SURFACE_SIDE_STYLE('',(#3637, #3639));
#3641=SURFACE_STYLE_USAGE(.BOTH.,#3640);
#3642=PRESENTATION_STYLE_ASSIGNMENT((#3641));
#3643=STYLED_ITEM('',(#3642),#3633);

#3644=(
BOUNDED_SURFACE()
B_SPLINE_SURFACE(1,1,((#3645,#3646),(#3647,#3648)),.UNSPECIFIED.,.F.,.F.,.F.)
B_SPLINE_SURFACE_WITH_KNOTS((2,2),(2,2),(0.000,1.000),(0.000,1.000),.UNSPECIFIED.)
GEOMETRIC_REPRESENTATION_ITEM()
RATIONAL_B_SPLINE_SURFACE(((1.0000000000,1.0000000000),(1.0000000000,1.0000000000)))
REPRESENTATION_ITEM('')
SURFACE()
);
#3645=CARTESIAN_POINT('',(-31.5000000000,-13.5000000000,10.0000000000));
#3646=CARTESIAN_POINT('',(-31.5000000000,-13.5000000000,1.0000000000));
#3647=CARTESIAN_POINT('',(-22.5000000000,-13.5000000000,10.0000000000));
#3648=CARTESIAN_POINT('',(-22.5000000000,-13.5000000000,1.0000000000));

#3649=CARTESIAN_POINT('',(-22.5000000000,-13.5000000000,10.0000000000));
#3650=VERTEX_POINT('',#3649);
#3651=(
BOUNDED_CURVE()
B_SPLINE_CURVE(1,(#3652,#3653),.UNSPECIFIED.,.F.,.F.)
B_SPLINE_CURVE_WITH_KNOTS((2,2),(0.000,1.000),.UNSPECIFIED.)
CURVE()
GEOMETRIC_REPRESENTATION_ITEM()
RATIONAL_B_SPLINE_CURVE((1.0000000000,1.0000000000))
REPRESENTATION_ITEM('')
);
#3652=CARTESIAN_POINT('',(-22.5000000000,-13.5000000000,10.0000000000));
#3653=CARTESIAN_POINT('',(-31.5000000000,-13.5000000000,10.0000000000));

#3654=CARTESIAN_POINT('',(-31.5000000000,-13.5000000000,10.0000000000));
#3655=VERTEX_POINT('',#3654);
#3656=EDGE_CURVE('',#3650,#3655,#3651,.T.);
#3657=ORIENTED_EDGE('',*,*,#3656,.T.);
#3658=(
BOUNDED_CURVE()
B_SPLINE_CURVE(1,(#3659,#3660),.UNSPECIFIED.,.F.,.F.)
B_SPLINE_CURVE_WITH_KNOTS((2,2),(0.000,1.000),.UNSPECIFIED.)
CURVE()
GEOMETRIC_REPRESENTATION_ITEM()
RATIONAL_B_SPLINE_CURVE((1.0000000000,1.0000000000))
REPRESENTATION_ITEM('')
);
#3659=CARTESIAN_POINT('',(-31.5000000000,-13.5000000000,10.0000000000));
#3660=CARTESIAN_POINT('',(-31.5000000000,-13.5000000000,1.0000000000));

#3661=CARTESIAN_POINT('',(-31.5000000000,-13.5000000000,1.0000000000));
#3662=VERTEX_POINT('',#3661);
#3663=EDGE_CURVE('',#3655,#3662,#3658,.T.);
#3664=ORIENTED_EDGE('',*,*,#3663,.T.);
#3665=(
BOUNDED_CURVE()
B_SPLINE_CURVE(1,(#3666,#3667),.UNSPECIFIED.,.F.,.F.)
B_SPLINE_CURVE_WITH_KNOTS((2,2),(0.000,1.000),.UNSPECIFIED.)
CURVE()
GEOMETRIC_REPRESENTATION_ITEM()
RATIONAL_B_SPLINE_CURVE((1.0000000000,1.0000000000))
REPRESENTATION_ITEM('')
);
#3666=CARTESIAN_POINT('',(-31.5000000000,-13.5000000000,1.0000000000));
#3667=CARTESIAN_POINT('',(-22.5000000000,-13.5000000000,1.0000000000));

#3668=CARTESIAN_POINT('',(-22.5000000000,-13.5000000000,1.0000000000));
#3669=VERTEX_POINT('',#3668);
#3670=EDGE_CURVE('',#3662,#3669,#3665,.T.);
#3671=ORIENTED_EDGE('',*,*,#3670,.T.);
#3672=(
BOUNDED_CURVE()
B_SPLINE_CURVE(1,(#3673,#3674),.UNSPECIFIED.,.F.,.F.)
B_SPLINE_CURVE_WITH_KNOTS((2,2),(0.000,1.000),.UNSPECIFIED.)
CURVE()
GEOMETRIC_REPRESENTATION_ITEM()
RATIONAL_B_SPLINE_CURVE((1.0000000000,1.0000000000))
REPRESENTATION_ITEM('')
);
#3673=CARTESIAN_POINT('',(-22.5000000000,-13.5000000000,1.0000000000));
#3674=CARTESIAN_POINT('',(-22.5000000000,-13.5000000000,10.0000000000));

#3675=EDGE_CURVE('',#3669,#3650,#3672,.T.);
#3676=ORIENTED_EDGE('',*,*,#3675,.T.);
#3677=EDGE_LOOP('',(#3657,#3664,#3671,#3676));
#3678=FACE_OUTER_BOUND('',#3677,.T.);
#3679=ADVANCED_FACE('',(#3678),#3644,.T.);
#3680=COLOUR_RGB('',0.39,0.39,0.39);
#3681=FILL_AREA_STYLE_COLOUR('',#3680);
#3682=FILL_AREA_STYLE('',(#3681));
#3683=SURFACE_STYLE_FILL_AREA(#3682);
#3684=SURFACE_STYLE_TRANSPARENT(0.00);
#3685=SURFACE_STYLE_RENDERING_WITH_PROPERTIES(.NORMAL_SHADING.,#3680,(#3684));
#3686=SURFACE_SIDE_STYLE('',(#3683, #3685));
#3687=SURFACE_STYLE_USAGE(.BOTH.,#3686);
#3688=PRESENTATION_STYLE_ASSIGNMENT((#3687));
#3689=STYLED_ITEM('',(#3688),#3679);

#3690=(
BOUNDED_SURFACE()
B_SPLINE_SURFACE(1,1,((#3691,#3692),(#3693,#3694)),.UNSPECIFIED.,.F.,.F.,.F.)
B_SPLINE_SURFACE_WITH_KNOTS((2,2),(2,2),(0.000,1.000),(0.000,1.000),.UNSPECIFIED.)
GEOMETRIC_REPRESENTATION_ITEM()
RATIONAL_B_SPLINE_SURFACE(((1.0000000000,1.0000000000),(1.0000000000,1.0000000000)))
REPRESENTATION_ITEM('')
SURFACE()
);
#3691=CARTESIAN_POINT('',(-31.5000000000,13.5000000000,10.0000000000));
#3692=CARTESIAN_POINT('',(-31.5000000000,13.5000000000,1.0000000000));
#3693=CARTESIAN_POINT('',(-31.5000000000,-13.5000000000,10.0000000000));
#3694=CARTESIAN_POINT('',(-31.5000000000,-13.5000000000,1.0000000000));

#3695=CARTESIAN_POINT('',(-31.5000000000,13.5000000000,10.0000000000));
#3696=VERTEX_POINT('',#3695);
#3697=(
BOUNDED_CURVE()
B_SPLINE_CURVE(1,(#3698,#3699),.UNSPECIFIED.,.F.,.F.)
B_SPLINE_CURVE_WITH_KNOTS((2,2),(0.000,1.000),.UNSPECIFIED.)
CURVE()
GEOMETRIC_REPRESENTATION_ITEM()
RATIONAL_B_SPLINE_CURVE((1.0000000000,1.0000000000))
REPRESENTATION_ITEM('')
);
#3698=CARTESIAN_POINT('',(-31.5000000000,13.5000000000,10.0000000000));
#3699=CARTESIAN_POINT('',(-31.5000000000,13.5000000000,1.0000000000));

#3700=CARTESIAN_POINT('',(-31.5000000000,13.5000000000,1.0000000000));
#3701=VERTEX_POINT('',#3700);
#3702=EDGE_CURVE('',#3696,#3701,#3697,.T.);
#3703=ORIENTED_EDGE('',*,*,#3702,.T.);
#3704=(
BOUNDED_CURVE()
B_SPLINE_CURVE(1,(#3705,#3706),.UNSPECIFIED.,.F.,.F.)
B_SPLINE_CURVE_WITH_KNOTS((2,2),(0.000,1.000),.UNSPECIFIED.)
CURVE()
GEOMETRIC_REPRESENTATION_ITEM()
RATIONAL_B_SPLINE_CURVE((1.0000000000,1.0000000000))
REPRESENTATION_ITEM('')
);
#3705=CARTESIAN_POINT('',(-31.5000000000,13.5000000000,1.0000000000));
#3706=CARTESIAN_POINT('',(-31.5000000000,-13.5000000000,1.0000000000));

#3707=CARTESIAN_POINT('',(-31.5000000000,-13.5000000000,1.0000000000));
#3708=VERTEX_POINT('',#3707);
#3709=EDGE_CURVE('',#3701,#3708,#3704,.T.);
#3710=ORIENTED_EDGE('',*,*,#3709,.T.);
#3711=(
BOUNDED_CURVE()
B_SPLINE_CURVE(1,(#3712,#3713),.UNSPECIFIED.,.F.,.F.)
B_SPLINE_CURVE_WITH_KNOTS((2,2),(0.000,1.000),.UNSPECIFIED.)
CURVE()
GEOMETRIC_REPRESENTATION_ITEM()
RATIONAL_B_SPLINE_CURVE((1.0000000000,1.0000000000))
REPRESENTATION_ITEM('')
);
#3712=CARTESIAN_POINT('',(-31.5000000000,-13.5000000000,1.0000000000));
#3713=CARTESIAN_POINT('',(-31.5000000000,-13.5000000000,10.0000000000));

#3714=CARTESIAN_POINT('',(-31.5000000000,-13.5000000000,10.0000000000));
#3715=VERTEX_POINT('',#3714);
#3716=EDGE_CURVE('',#3708,#3715,#3711,.T.);
#3717=ORIENTED_EDGE('',*,*,#3716,.T.);
#3718=(
BOUNDED_CURVE()
B_SPLINE_CURVE(1,(#3719,#3720),.UNSPECIFIED.,.F.,.F.)
B_SPLINE_CURVE_WITH_KNOTS((2,2),(0.000,1.000),.UNSPECIFIED.)
CURVE()
GEOMETRIC_REPRESENTATION_ITEM()
RATIONAL_B_SPLINE_CURVE((1.0000000000,1.0000000000))
REPRESENTATION_ITEM('')
);
#3719=CARTESIAN_POINT('',(-31.5000000000,-13.5000000000,10.0000000000));
#3720=CARTESIAN_POINT('',(-31.5000000000,-12.0000000000,10.0000000000));

#3721=CARTESIAN_POINT('',(-31.5000000000,-12.0000000000,10.0000000000));
#3722=VERTEX_POINT('',#3721);
#3723=EDGE_CURVE('',#3715,#3722,#3718,.T.);
#3724=ORIENTED_EDGE('',*,*,#3723,.T.);
#3725=(
BOUNDED_CURVE()
B_SPLINE_CURVE(1,(#3726,#3727),.UNSPECIFIED.,.F.,.F.)
B_SPLINE_CURVE_WITH_KNOTS((2,2),(0.000,1.000),.UNSPECIFIED.)
CURVE()
GEOMETRIC_REPRESENTATION_ITEM()
RATIONAL_B_SPLINE_CURVE((1.0000000000,1.0000000000))
REPRESENTATION_ITEM('')
);
#3726=CARTESIAN_POINT('',(-31.5000000000,-12.0000000000,10.0000000000));
#3727=CARTESIAN_POINT('',(-31.5000000000,-12.0000000000,6.0000000000));

#3728=CARTESIAN_POINT('',(-31.5000000000,-12.0000000000,6.0000000000));
#3729=VERTEX_POINT('',#3728);
#3730=EDGE_CURVE('',#3722,#3729,#3725,.T.);
#3731=ORIENTED_EDGE('',*,*,#3730,.T.);
#3732=(
BOUNDED_CURVE()
B_SPLINE_CURVE(1,(#3733,#3734),.UNSPECIFIED.,.F.,.F.)
B_SPLINE_CURVE_WITH_KNOTS((2,2),(0.000,1.000),.UNSPECIFIED.)
CURVE()
GEOMETRIC_REPRESENTATION_ITEM()
RATIONAL_B_SPLINE_CURVE((1.0000000000,1.0000000000))
REPRESENTATION_ITEM('')
);
#3733=CARTESIAN_POINT('',(-31.5000000000,-12.0000000000,6.0000000000));
#3734=CARTESIAN_POINT('',(-31.5000000000,12.0000000000,6.0000000000));

#3735=CARTESIAN_POINT('',(-31.5000000000,12.0000000000,6.0000000000));
#3736=VERTEX_POINT('',#3735);
#3737=EDGE_CURVE('',#3729,#3736,#3732,.T.);
#3738=ORIENTED_EDGE('',*,*,#3737,.T.);
#3739=(
BOUNDED_CURVE()
B_SPLINE_CURVE(1,(#3740,#3741),.UNSPECIFIED.,.F.,.F.)
B_SPLINE_CURVE_WITH_KNOTS((2,2),(0.000,1.000),.UNSPECIFIED.)
CURVE()
GEOMETRIC_REPRESENTATION_ITEM()
RATIONAL_B_SPLINE_CURVE((1.0000000000,1.0000000000))
REPRESENTATION_ITEM('')
);
#3740=CARTESIAN_POINT('',(-31.5000000000,12.0000000000,6.0000000000));
#3741=CARTESIAN_POINT('',(-31.5000000000,12.0000000000,10.0000000000));

#3742=CARTESIAN_POINT('',(-31.5000000000,12.0000000000,10.0000000000));
#3743=VERTEX_POINT('',#3742);
#3744=EDGE_CURVE('',#3736,#3743,#3739,.T.);
#3745=ORIENTED_EDGE('',*,*,#3744,.T.);
#3746=(
BOUNDED_CURVE()
B_SPLINE_CURVE(1,(#3747,#3748),.UNSPECIFIED.,.F.,.F.)
B_SPLINE_CURVE_WITH_KNOTS((2,2),(0.000,1.000),.UNSPECIFIED.)
CURVE()
GEOMETRIC_REPRESENTATION_ITEM()
RATIONAL_B_SPLINE_CURVE((1.0000000000,1.0000000000))
REPRESENTATION_ITEM('')
);
#3747=CARTESIAN_POINT('',(-31.5000000000,12.0000000000,10.0000000000));
#3748=CARTESIAN_POINT('',(-31.5000000000,13.5000000000,10.0000000000));

#3749=EDGE_CURVE('',#3743,#3696,#3746,.T.);
#3750=ORIENTED_EDGE('',*,*,#3749,.T.);
#3751=EDGE_LOOP('',(#3703,#3710,#3717,#3724,#3731,#3738,#3745,#3750));
#3752=FACE_OUTER_BOUND('',#3751,.T.);
#3753=ADVANCED_FACE('',(#3752),#3690,.T.);
#3754=COLOUR_RGB('',0.39,0.39,0.39);
#3755=FILL_AREA_STYLE_COLOUR('',#3754);
#3756=FILL_AREA_STYLE('',(#3755));
#3757=SURFACE_STYLE_FILL_AREA(#3756);
#3758=SURFACE_STYLE_TRANSPARENT(0.00);
#3759=SURFACE_STYLE_RENDERING_WITH_PROPERTIES(.NORMAL_SHADING.,#3754,(#3758));
#3760=SURFACE_SIDE_STYLE('',(#3757, #3759));
#3761=SURFACE_STYLE_USAGE(.BOTH.,#3760);
#3762=PRESENTATION_STYLE_ASSIGNMENT((#3761));
#3763=STYLED_ITEM('',(#3762),#3753);

#3764=(
BOUNDED_SURFACE()
B_SPLINE_SURFACE(1,1,((#3765,#3766),(#3767,#3768)),.UNSPECIFIED.,.F.,.F.,.F.)
B_SPLINE_SURFACE_WITH_KNOTS((2,2),(2,2),(0.000,1.000),(0.000,1.000),.UNSPECIFIED.)
GEOMETRIC_REPRESENTATION_ITEM()
RATIONAL_B_SPLINE_SURFACE(((1.0000000000,1.0000000000),(1.0000000000,1.0000000000)))
REPRESENTATION_ITEM('')
SURFACE()
);
#3765=CARTESIAN_POINT('',(41.0000000000,-11.8529525035,37.0000000000));
#3766=CARTESIAN_POINT('',(-41.0000000000,-11.8529525035,37.0000000000));
#3767=CARTESIAN_POINT('',(41.0000000000,23.5000000000,24.1325775953));
#3768=CARTESIAN_POINT('',(-41.0000000000,23.5000000000,24.1325775953));

#3769=CARTESIAN_POINT('',(41.0000000000,21.0000000001,25.0425031809));
#3770=VERTEX_POINT('',#3769);
#3771=(
BOUNDED_CURVE()
B_SPLINE_CURVE(1,(#3772,#3773),.UNSPECIFIED.,.F.,.F.)
B_SPLINE_CURVE_WITH_KNOTS((2,2),(0.000,1.000),.UNSPECIFIED.)
CURVE()
GEOMETRIC_REPRESENTATION_ITEM()
RATIONAL_B_SPLINE_CURVE((1.0000000000,1.0000000000))
REPRESENTATION_ITEM('')
);
#3772=CARTESIAN_POINT('',(41.0000000000,21.0000000088,25.0425031778));
#3773=CARTESIAN_POINT('',(41.0000000000,-11.8529525035,37.0000000000));

#3774=CARTESIAN_POINT('',(41.0000000000,-11.8529525035,37.0000000000));
#3775=VERTEX_POINT('',#3774);
#3776=EDGE_CURVE('',#3770,#3775,#3771,.T.);
#3777=ORIENTED_EDGE('',*,*,#3776,.T.);
#3778=(
BOUNDED_CURVE()
B_SPLINE_CURVE(1,(#3779,#3780),.UNSPECIFIED.,.F.,.F.)
B_SPLINE_CURVE_WITH_KNOTS((2,2),(0.000,1.000),.UNSPECIFIED.)
CURVE()
GEOMETRIC_REPRESENTATION_ITEM()
RATIONAL_B_SPLINE_CURVE((1.0000000000,1.0000000000))
REPRESENTATION_ITEM('')
);
#3779=CARTESIAN_POINT('',(41.0000000000,-11.8529525035,37.0000000000));
#3780=CARTESIAN_POINT('',(38.0000000000,-11.8529525035,37.0000000000));

#3781=CARTESIAN_POINT('',(38.0000000000,-11.8529525035,37.0000000000));
#3782=VERTEX_POINT('',#3781);
#3783=EDGE_CURVE('',#3775,#3782,#3778,.T.);
#3784=ORIENTED_EDGE('',*,*,#3783,.T.);
#3785=(
BOUNDED_CURVE()
B_SPLINE_CURVE(1,(#3786,#3787),.UNSPECIFIED.,.F.,.F.)
B_SPLINE_CURVE_WITH_KNOTS((2,2),(0.000,1.000),.UNSPECIFIED.)
CURVE()
GEOMETRIC_REPRESENTATION_ITEM()
RATIONAL_B_SPLINE_CURVE((1.0000000000,1.0000000000))
REPRESENTATION_ITEM('')
);
#3786=CARTESIAN_POINT('',(38.0000000000,-11.8529525035,37.0000000000));
#3787=CARTESIAN_POINT('',(38.0000000000,20.5000000000,25.2244882981));

#3788=CARTESIAN_POINT('',(38.0000000000,20.5000000000,25.2244882981));
#3789=VERTEX_POINT('',#3788);
#3790=EDGE_CURVE('',#3782,#3789,#3785,.T.);
#3791=ORIENTED_EDGE('',*,*,#3790,.T.);
#3792=(
BOUNDED_CURVE()
B_SPLINE_CURVE(1,(#3793,#3794),.UNSPECIFIED.,.F.,.F.)
B_SPLINE_CURVE_WITH_KNOTS((2,2),(0.000,1.000),.UNSPECIFIED.)
CURVE()
GEOMETRIC_REPRESENTATION_ITEM()
RATIONAL_B_SPLINE_CURVE((1.0000000000,1.0000000000))
REPRESENTATION_ITEM('')
);
#3793=CARTESIAN_POINT('',(38.0000000000,20.5000000000,25.2244882981));
#3794=CARTESIAN_POINT('',(-38.0000000000,20.5000000000,25.2244882981));

#3795=CARTESIAN_POINT('',(-38.0000000000,20.5000000000,25.2244882981));
#3796=VERTEX_POINT('',#3795);
#3797=EDGE_CURVE('',#3789,#3796,#3792,.T.);
#3798=ORIENTED_EDGE('',*,*,#3797,.T.);
#3799=(
BOUNDED_CURVE()
B_SPLINE_CURVE(1,(#3800,#3801),.UNSPECIFIED.,.F.,.F.)
B_SPLINE_CURVE_WITH_KNOTS((2,2),(0.000,1.000),.UNSPECIFIED.)
CURVE()
GEOMETRIC_REPRESENTATION_ITEM()
RATIONAL_B_SPLINE_CURVE((1.0000000000,1.0000000000))
REPRESENTATION_ITEM('')
);
#3800=CARTESIAN_POINT('',(-38.0000000000,20.5000000000,25.2244882981));
#3801=CARTESIAN_POINT('',(-38.0000000000,-11.8529525035,37.0000000000));

#3802=CARTESIAN_POINT('',(-38.0000000000,-11.8529525035,37.0000000000));
#3803=VERTEX_POINT('',#3802);
#3804=EDGE_CURVE('',#3796,#3803,#3799,.T.);
#3805=ORIENTED_EDGE('',*,*,#3804,.T.);
#3806=(
BOUNDED_CURVE()
B_SPLINE_CURVE(1,(#3807,#3808),.UNSPECIFIED.,.F.,.F.)
B_SPLINE_CURVE_WITH_KNOTS((2,2),(0.000,1.000),.UNSPECIFIED.)
CURVE()
GEOMETRIC_REPRESENTATION_ITEM()
RATIONAL_B_SPLINE_CURVE((1.0000000000,1.0000000000))
REPRESENTATION_ITEM('')
);
#3807=CARTESIAN_POINT('',(-38.0000000000,-11.8529525035,37.0000000000));
#3808=CARTESIAN_POINT('',(-41.0000000000,-11.8529525035,37.0000000000));

#3809=CARTESIAN_POINT('',(-41.0000000000,-11.8529525035,37.0000000000));
#3810=VERTEX_POINT('',#3809);
#3811=EDGE_CURVE('',#3803,#3810,#3806,.T.);
#3812=ORIENTED_EDGE('',*,*,#3811,.T.);
#3813=(
BOUNDED_CURVE()
B_SPLINE_CURVE(1,(#3814,#3815),.UNSPECIFIED.,.F.,.F.)
B_SPLINE_CURVE_WITH_KNOTS((2,2),(0.000,1.000),.UNSPECIFIED.)
CURVE()
GEOMETRIC_REPRESENTATION_ITEM()
RATIONAL_B_SPLINE_CURVE((1.0000000000,1.0000000000))
REPRESENTATION_ITEM('')
);
#3814=CARTESIAN_POINT('',(-41.0000000000,-11.8529525035,37.0000000000));
#3815=CARTESIAN_POINT('',(-41.0000000000,21.0000000003,25.0425031809));

#3816=CARTESIAN_POINT('',(-41.0000000000,21.0000000003,25.0425031809));
#3817=VERTEX_POINT('',#3816);
#3818=EDGE_CURVE('',#3810,#3817,#3813,.T.);
#3819=ORIENTED_EDGE('',*,*,#3818,.T.);
#3820=(
BOUNDED_CURVE()
B_SPLINE_CURVE(2,(#3821,#3822,#3823),.UNSPECIFIED.,.F.,.F.)
B_SPLINE_CURVE_WITH_KNOTS((3,3),(0.000,1.000),.UNSPECIFIED.)
CURVE()
GEOMETRIC_REPRESENTATION_ITEM()
RATIONAL_B_SPLINE_CURVE((1.0000000000,0.7071067812,1.0000000000))
REPRESENTATION_ITEM('')
);
#3821=CARTESIAN_POINT('',(-41.0000000000,21.0000000000,25.0425031810));
#3822=CARTESIAN_POINT('',(-41.0000000000,23.4999999999,24.1325775954));
#3823=CARTESIAN_POINT('',(-38.5000000001,23.5000000000,24.1325775953));

#3824=CARTESIAN_POINT('',(-38.5000000001,23.5000000000,24.1325775953));
#3825=VERTEX_POINT('',#3824);
#3826=EDGE_CURVE('',#3817,#3825,#3820,.T.);
#3827=ORIENTED_EDGE('',*,*,#3826,.T.);
#3828=(
BOUNDED_CURVE()
B_SPLINE_CURVE(1,(#3829,#3830),.UNSPECIFIED.,.F.,.F.)
B_SPLINE_CURVE_WITH_KNOTS((2,2),(0.000,1.000),.UNSPECIFIED.)
CURVE()
GEOMETRIC_REPRESENTATION_ITEM()
RATIONAL_B_SPLINE_CURVE((1.0000000000,1.0000000000))
REPRESENTATION_ITEM('')
);
#3829=CARTESIAN_POINT('',(-38.5000000000,23.5000000000,24.1325775953));
#3830=CARTESIAN_POINT('',(38.5000000000,23.5000000000,24.1325775953));

#3831=CARTESIAN_POINT('',(38.5000000000,23.5000000000,24.1325775953));
#3832=VERTEX_POINT('',#3831);
#3833=EDGE_CURVE('',#3825,#3832,#3828,.T.);
#3834=ORIENTED_EDGE('',*,*,#3833,.T.);
#3835=(
BOUNDED_CURVE()
B_SPLINE_CURVE(2,(#3836,#3837,#3838),.UNSPECIFIED.,.F.,.F.)
B_SPLINE_CURVE_WITH_KNOTS((3,3),(0.000,1.000),.UNSPECIFIED.)
CURVE()
GEOMETRIC_REPRESENTATION_ITEM()
RATIONAL_B_SPLINE_CURVE((1.0000000000,0.7071067812,1.0000000000))
REPRESENTATION_ITEM('')
);
#3836=CARTESIAN_POINT('',(38.5000000000,23.5000000000,24.1325775953));
#3837=CARTESIAN_POINT('',(40.9999999999,23.5000000000,24.1325775953));
#3838=CARTESIAN_POINT('',(41.0000000000,21.0000000001,25.0425031809));

#3839=EDGE_CURVE('',#3832,#3770,#3835,.T.);
#3840=ORIENTED_EDGE('',*,*,#3839,.T.);
#3841=EDGE_LOOP('',(#3777,#3784,#3791,#3798,#3805,#3812,#3819,#3827,#3834,#3840));
#3842=FACE_OUTER_BOUND('',#3841,.T.);
#3843=ADVANCED_FACE('',(#3842),#3764,.T.);
#3844=COLOUR_RGB('',0.39,0.39,0.39);
#3845=FILL_AREA_STYLE_COLOUR('',#3844);
#3846=FILL_AREA_STYLE('',(#3845));
#3847=SURFACE_STYLE_FILL_AREA(#3846);
#3848=SURFACE_STYLE_TRANSPARENT(0.00);
#3849=SURFACE_STYLE_RENDERING_WITH_PROPERTIES(.NORMAL_SHADING.,#3844,(#3848));
#3850=SURFACE_SIDE_STYLE('',(#3847, #3849));
#3851=SURFACE_STYLE_USAGE(.BOTH.,#3850);
#3852=PRESENTATION_STYLE_ASSIGNMENT((#3851));
#3853=STYLED_ITEM('',(#3852),#3843);

#3854=(
BOUNDED_SURFACE()
B_SPLINE_SURFACE(1,1,((#3855,#3856),(#3857,#3858)),.UNSPECIFIED.,.F.,.F.,.F.)
B_SPLINE_SURFACE_WITH_KNOTS((2,2),(2,2),(0.000,1.000),(0.000,1.000),.UNSPECIFIED.)
GEOMETRIC_REPRESENTATION_ITEM()
RATIONAL_B_SPLINE_SURFACE(((1.0000000000,1.0000000000),(1.0000000000,1.0000000000)))
REPRESENTATION_ITEM('')
SURFACE()
);
#3855=CARTESIAN_POINT('',(41.0000000000,-23.5000000000,5.0000000000));
#3856=CARTESIAN_POINT('',(-41.0000000000,-23.5000000000,5.0000000000));
#3857=CARTESIAN_POINT('',(41.0000000000,-11.8529525035,37.0000000000));
#3858=CARTESIAN_POINT('',(-41.0000000000,-11.8529525035,37.0000000000));

#3859=CARTESIAN_POINT('',(41.0000000000,-11.8529525035,37.0000000000));
#3860=VERTEX_POINT('',#3859);
#3861=(
BOUNDED_CURVE()
B_SPLINE_CURVE(1,(#3862,#3863),.UNSPECIFIED.,.F.,.F.)
B_SPLINE_CURVE_WITH_KNOTS((2,2),(0.000,1.000),.UNSPECIFIED.)
CURVE()
GEOMETRIC_REPRESENTATION_ITEM()
RATIONAL_B_SPLINE_CURVE((1.0000000000,1.0000000000))
REPRESENTATION_ITEM('')
);
#3862=CARTESIAN_POINT('',(41.0000000000,-11.8529525035,37.0000000000));
#3863=CARTESIAN_POINT('',(41.0000000000,-21.0000000000,11.8686935485));

#3864=CARTESIAN_POINT('',(41.0000000000,-21.0000000000,11.8686935485));
#3865=VERTEX_POINT('',#3864);
#3866=EDGE_CURVE('',#3860,#3865,#3861,.T.);
#3867=ORIENTED_EDGE('',*,*,#3866,.T.);
#3868=(
BOUNDED_CURVE()
B_SPLINE_CURVE(2,(#3869,#3870,#3871),.UNSPECIFIED.,.F.,.F.)
B_SPLINE_CURVE_WITH_KNOTS((3,3),(0.000,1.000),.UNSPECIFIED.)
CURVE()
GEOMETRIC_REPRESENTATION_ITEM()
RATIONAL_B_SPLINE_CURVE((1.0000000000,0.7071067812,1.0000000000))
REPRESENTATION_ITEM('')
);
#3869=CARTESIAN_POINT('',(41.0000000000,-21.0000000000,11.8686935486));
#3870=CARTESIAN_POINT('',(41.0000000000,-23.5000000000,5.0000000000));
#3871=CARTESIAN_POINT('',(38.5000000000,-23.5000000000,5.0000000000));

#3872=CARTESIAN_POINT('',(38.5000000000,-23.5000000000,5.0000000000));
#3873=VERTEX_POINT('',#3872);
#3874=EDGE_CURVE('',#3865,#3873,#3868,.T.);
#3875=ORIENTED_EDGE('',*,*,#3874,.T.);
#3876=(
BOUNDED_CURVE()
B_SPLINE_CURVE(1,(#3877,#3878),.UNSPECIFIED.,.F.,.F.)
B_SPLINE_CURVE_WITH_KNOTS((2,2),(0.000,1.000),.UNSPECIFIED.)
CURVE()
GEOMETRIC_REPRESENTATION_ITEM()
RATIONAL_B_SPLINE_CURVE((1.0000000000,1.0000000000))
REPRESENTATION_ITEM('')
);
#3877=CARTESIAN_POINT('',(38.5000000000,-23.5000000000,5.0000000000));
#3878=CARTESIAN_POINT('',(-38.5000000000,-23.5000000000,5.0000000000));

#3879=CARTESIAN_POINT('',(-38.5000000000,-23.5000000000,5.0000000000));
#3880=VERTEX_POINT('',#3879);
#3881=EDGE_CURVE('',#3873,#3880,#3876,.T.);
#3882=ORIENTED_EDGE('',*,*,#3881,.T.);
#3883=(
BOUNDED_CURVE()
B_SPLINE_CURVE(2,(#3884,#3885,#3886),.UNSPECIFIED.,.F.,.F.)
B_SPLINE_CURVE_WITH_KNOTS((3,3),(0.000,1.000),.UNSPECIFIED.)
CURVE()
GEOMETRIC_REPRESENTATION_ITEM()
RATIONAL_B_SPLINE_CURVE((1.0000000000,0.7071067812,1.0000000000))
REPRESENTATION_ITEM('')
);
#3884=CARTESIAN_POINT('',(-38.5000000000,-23.5000000000,5.0000000000));
#3885=CARTESIAN_POINT('',(-41.0000000000,-23.5000000000,5.0000000000));
#3886=CARTESIAN_POINT('',(-41.0000000000,-21.0000000000,11.8686935486));

#3887=CARTESIAN_POINT('',(-41.0000000000,-21.0000000000,11.8686935486));
#3888=VERTEX_POINT('',#3887);
#3889=EDGE_CURVE('',#3880,#3888,#3883,.T.);
#3890=ORIENTED_EDGE('',*,*,#3889,.T.);
#3891=(
BOUNDED_CURVE()
B_SPLINE_CURVE(1,(#3892,#3893),.UNSPECIFIED.,.F.,.F.)
B_SPLINE_CURVE_WITH_KNOTS((2,2),(0.000,1.000),.UNSPECIFIED.)
CURVE()
GEOMETRIC_REPRESENTATION_ITEM()
RATIONAL_B_SPLINE_CURVE((1.0000000000,1.0000000000))
REPRESENTATION_ITEM('')
);
#3892=CARTESIAN_POINT('',(-41.0000000000,-21.0000000012,11.8686935454));
#3893=CARTESIAN_POINT('',(-41.0000000000,-11.8529525035,37.0000000000));

#3894=CARTESIAN_POINT('',(-41.0000000000,-11.8529525035,37.0000000000));
#3895=VERTEX_POINT('',#3894);
#3896=EDGE_CURVE('',#3888,#3895,#3891,.T.);
#3897=ORIENTED_EDGE('',*,*,#3896,.T.);
#3898=(
BOUNDED_CURVE()
B_SPLINE_CURVE(1,(#3899,#3900),.UNSPECIFIED.,.F.,.F.)
B_SPLINE_CURVE_WITH_KNOTS((2,2),(0.000,1.000),.UNSPECIFIED.)
CURVE()
GEOMETRIC_REPRESENTATION_ITEM()
RATIONAL_B_SPLINE_CURVE((1.0000000000,1.0000000000))
REPRESENTATION_ITEM('')
);
#3899=CARTESIAN_POINT('',(-41.0000000000,-11.8529525035,37.0000000000));
#3900=CARTESIAN_POINT('',(-38.0000000000,-11.8529525035,37.0000000000));

#3901=CARTESIAN_POINT('',(-38.0000000000,-11.8529525035,37.0000000000));
#3902=VERTEX_POINT('',#3901);
#3903=EDGE_CURVE('',#3895,#3902,#3898,.T.);
#3904=ORIENTED_EDGE('',*,*,#3903,.T.);
#3905=(
BOUNDED_CURVE()
B_SPLINE_CURVE(1,(#3906,#3907),.UNSPECIFIED.,.F.,.F.)
B_SPLINE_CURVE_WITH_KNOTS((2,2),(0.000,1.000),.UNSPECIFIED.)
CURVE()
GEOMETRIC_REPRESENTATION_ITEM()
RATIONAL_B_SPLINE_CURVE((1.0000000000,1.0000000000))
REPRESENTATION_ITEM('')
);
#3906=CARTESIAN_POINT('',(-38.0000000000,-11.8529525035,37.0000000000));
#3907=CARTESIAN_POINT('',(-38.0000000000,-20.5000000000,13.2424322584));

#3908=CARTESIAN_POINT('',(-38.0000000000,-20.5000000000,13.2424322584));
#3909=VERTEX_POINT('',#3908);
#3910=EDGE_CURVE('',#3902,#3909,#3905,.T.);
#3911=ORIENTED_EDGE('',*,*,#3910,.T.);
#3912=(
BOUNDED_CURVE()
B_SPLINE_CURVE(1,(#3913,#3914),.UNSPECIFIED.,.F.,.F.)
B_SPLINE_CURVE_WITH_KNOTS((2,2),(0.000,1.000),.UNSPECIFIED.)
CURVE()
GEOMETRIC_REPRESENTATION_ITEM()
RATIONAL_B_SPLINE_CURVE((1.0000000000,1.0000000000))
REPRESENTATION_ITEM('')
);
#3913=CARTESIAN_POINT('',(-38.0000000000,-20.5000000000,13.2424322584));
#3914=CARTESIAN_POINT('',(38.0000000000,-20.5000000000,13.2424322584));

#3915=CARTESIAN_POINT('',(38.0000000000,-20.5000000000,13.2424322584));
#3916=VERTEX_POINT('',#3915);
#3917=EDGE_CURVE('',#3909,#3916,#3912,.T.);
#3918=ORIENTED_EDGE('',*,*,#3917,.T.);
#3919=(
BOUNDED_CURVE()
B_SPLINE_CURVE(1,(#3920,#3921),.UNSPECIFIED.,.F.,.F.)
B_SPLINE_CURVE_WITH_KNOTS((2,2),(0.000,1.000),.UNSPECIFIED.)
CURVE()
GEOMETRIC_REPRESENTATION_ITEM()
RATIONAL_B_SPLINE_CURVE((1.0000000000,1.0000000000))
REPRESENTATION_ITEM('')
);
#3920=CARTESIAN_POINT('',(38.0000000000,-20.5000000000,13.2424322584));
#3921=CARTESIAN_POINT('',(38.0000000000,-11.8529525035,37.0000000000));

#3922=CARTESIAN_POINT('',(38.0000000000,-11.8529525035,37.0000000000));
#3923=VERTEX_POINT('',#3922);
#3924=EDGE_CURVE('',#3916,#3923,#3919,.T.);
#3925=ORIENTED_EDGE('',*,*,#3924,.T.);
#3926=(
BOUNDED_CURVE()
B_SPLINE_CURVE(1,(#3927,#3928),.UNSPECIFIED.,.F.,.F.)
B_SPLINE_CURVE_WITH_KNOTS((2,2),(0.000,1.000),.UNSPECIFIED.)
CURVE()
GEOMETRIC_REPRESENTATION_ITEM()
RATIONAL_B_SPLINE_CURVE((1.0000000000,1.0000000000))
REPRESENTATION_ITEM('')
);
#3927=CARTESIAN_POINT('',(38.0000000000,-11.8529525035,37.0000000000));
#3928=CARTESIAN_POINT('',(41.0000000000,-11.8529525035,37.0000000000));

#3929=EDGE_CURVE('',#3923,#3860,#3926,.T.);
#3930=ORIENTED_EDGE('',*,*,#3929,.T.);
#3931=EDGE_LOOP('',(#3867,#3875,#3882,#3890,#3897,#3904,#3911,#3918,#3925,#3930));
#3932=FACE_OUTER_BOUND('',#3931,.T.);
#3933=ADVANCED_FACE('',(#3932),#3854,.T.);
#3934=COLOUR_RGB('',0.39,0.39,0.39);
#3935=FILL_AREA_STYLE_COLOUR('',#3934);
#3936=FILL_AREA_STYLE('',(#3935));
#3937=SURFACE_STYLE_FILL_AREA(#3936);
#3938=SURFACE_STYLE_TRANSPARENT(0.00);
#3939=SURFACE_STYLE_RENDERING_WITH_PROPERTIES(.NORMAL_SHADING.,#3934,(#3938));
#3940=SURFACE_SIDE_STYLE('',(#3937, #3939));
#3941=SURFACE_STYLE_USAGE(.BOTH.,#3940);
#3942=PRESENTATION_STYLE_ASSIGNMENT((#3941));
#3943=STYLED_ITEM('',(#3942),#3933);

#3944=CLOSED_SHELL('',(#329,#375,#425,#478,#528,#574,#624,#677,#727,#1049,#1095,#1148,#1194,#1275,#1325,#1375,#1425,#1475,#1525,#1575,#1625,#1675,#1725,#1775,#1825,#1875,#1925,#1975,#2025,#2075,#2125,#2175,#2225,#2275,#2321,#2367,#2413,#2459,#2505,#2555,#2601,#2651,#2697,#2747,#2793,#2843,#3035,#3081,#3127,#3173,#3219,#3265,#3311,#3357,#3403,#3449,#3495,#3541,#3587,#3633,#3679,#3753,#3843,#3933));
#3945=MANIFOLD_SOLID_BREP('brep',#3944);
#3946=ADVANCED_BREP_SHAPE_REPRESENTATION('',(#3945,#170),#168);
#3947=SHAPE_REPRESENTATION_RELATIONSHIP($,$,#169,#3946);

ENDSEC;

END-ISO-10303-21;
