ISO-10303-21;
HEADER;

FILE_DESCRIPTION((''), '2;1');

FILE_NAME(
    'output_file',
    '2009-06-07T17:44:47-07:00',
    (''),
    (''),
    'SolveSpace',
    '',
    ''
);

FILE_SCHEMA (('CONFIG_CONTROL_DESIGN'));
ENDSEC;

DATA;

/**********************************************************
 * This defines the units and tolerances for the file. It
 * is always the same, independent of the actual data.
 **********************************************************/
#158=(
LENGTH_UNIT()
NAMED_UNIT(*)
SI_UNIT(.MILLI.,.METRE.)
);
#161=(
NAMED_UNIT(*)
PLANE_ANGLE_UNIT()
SI_UNIT($,.RADIAN.)
);
#166=(
NAMED_UNIT(*)
SI_UNIT($,.STERADIAN.)
SOLID_ANGLE_UNIT()
);
#167=UNCERTAINTY_MEASURE_WITH_UNIT(LENGTH_MEASURE(0.001),#158,
'DISTANCE_ACCURACY_VALUE',
'string');
#168=(
GEOMETRIC_REPRESENTATION_CONTEXT(3)
GLOBAL_UNCERTAINTY_ASSIGNED_CONTEXT((#167))
GLOBAL_UNIT_ASSIGNED_CONTEXT((#166,#161,#158))
REPRESENTATION_CONTEXT('ID1','3D')
);
#169=SHAPE_REPRESENTATION('',(#170),#168);
#170=AXIS2_PLACEMENT_3D('',#173,#171,#172);
#171=DIRECTION('',(0.,0.,1.));
#172=DIRECTION('',(1.,0.,0.));
#173=CARTESIAN_POINT('',(0.,0.,0.));

#175 = SHAPE_DEFINITION_REPRESENTATION(#176, #169);
#176 = PRODUCT_DEFINITION_SHAPE('Version', 'Test Part', #177);
#177 = PRODUCT_DEFINITION('Version', 'Test Part', #182, #178);
#178 = DESIGN_CONTEXT('3D Mechanical Parts', #181, 'design');
#179 = PRODUCT('1', 'Product', 'Test Part', (#180));
#180 = MECHANICAL_CONTEXT('3D Mechanical Parts', #181, 'mechanical');
#181 = APPLICATION_CONTEXT(
'configuration controlled 3d designs of mechanical parts and assemblies');
#182 = PRODUCT_DEFINITION_FORMATION_WITH_SPECIFIED_SOURCE('Version',
'Test Part', #179, .MADE.);

#200=(
BOUNDED_SURFACE()
B_SPLINE_SURFACE(1,1,((#201,#202),(#203,#204)),.UNSPECIFIED.,.F.,.F.,.F.)
B_SPLINE_SURFACE_WITH_KNOTS((2,2),(2,2),(0.000,1.000),(0.000,1.000),.UNSPECIFIED.)
GEOMETRIC_REPRESENTATION_ITEM()
RATIONAL_B_SPLINE_SURFACE(((1.0000000000,1.0000000000),(1.0000000000,1.0000000000)))
REPRESENTATION_ITEM('')
SURFACE()
);
#201=CARTESIAN_POINT('',(-46.0000000000,28.5000000000,30.0000000000));
#202=CARTESIAN_POINT('',(46.0000000000,28.5000000000,30.0000000000));
#203=CARTESIAN_POINT('',(-46.0000000000,-28.5000000000,30.0000000000));
#204=CARTESIAN_POINT('',(46.0000000000,-28.5000000000,30.0000000000));

#205=CARTESIAN_POINT('',(46.0000000000,3.5000000000,30.0000000000));
#206=VERTEX_POINT('',#205);
#207=(
BOUNDED_CURVE()
B_SPLINE_CURVE(1,(#208,#209),.UNSPECIFIED.,.F.,.F.)
B_SPLINE_CURVE_WITH_KNOTS((2,2),(0.000,1.000),.UNSPECIFIED.)
CURVE()
GEOMETRIC_REPRESENTATION_ITEM()
RATIONAL_B_SPLINE_CURVE((1.0000000000,1.0000000000))
REPRESENTATION_ITEM('')
);
#208=CARTESIAN_POINT('',(46.0000000000,3.5000000000,30.0000000000));
#209=CARTESIAN_POINT('',(46.0000000000,-19.4007441433,30.0000000000));

#210=CARTESIAN_POINT('',(46.0000000000,-19.4007441433,30.0000000000));
#211=VERTEX_POINT('',#210);
#212=EDGE_CURVE('',#206,#211,#207,.T.);
#213=ORIENTED_EDGE('',*,*,#212,.T.);
#214=(
BOUNDED_CURVE()
B_SPLINE_CURVE(1,(#215,#216),.UNSPECIFIED.,.F.,.F.)
B_SPLINE_CURVE_WITH_KNOTS((2,2),(0.000,1.000),.UNSPECIFIED.)
CURVE()
GEOMETRIC_REPRESENTATION_ITEM()
RATIONAL_B_SPLINE_CURVE((1.0000000000,1.0000000000))
REPRESENTATION_ITEM('')
);
#215=CARTESIAN_POINT('',(46.0000000000,-19.4007441433,30.0000000000));
#216=CARTESIAN_POINT('',(38.0000000000,-19.4007441433,30.0000000000));

#217=CARTESIAN_POINT('',(38.0000000000,-19.4007441433,30.0000000000));
#218=VERTEX_POINT('',#217);
#219=EDGE_CURVE('',#211,#218,#214,.T.);
#220=ORIENTED_EDGE('',*,*,#219,.T.);
#221=(
BOUNDED_CURVE()
B_SPLINE_CURVE(1,(#222,#223),.UNSPECIFIED.,.F.,.F.)
B_SPLINE_CURVE_WITH_KNOTS((2,2),(0.000,1.000),.UNSPECIFIED.)
CURVE()
GEOMETRIC_REPRESENTATION_ITEM()
RATIONAL_B_SPLINE_CURVE((1.0000000000,1.0000000000))
REPRESENTATION_ITEM('')
);
#222=CARTESIAN_POINT('',(38.0000000000,-19.4007441433,30.0000000000));
#223=CARTESIAN_POINT('',(38.0000000000,3.5000000000,30.0000000000));

#224=CARTESIAN_POINT('',(38.0000000000,3.5000000000,30.0000000000));
#225=VERTEX_POINT('',#224);
#226=EDGE_CURVE('',#218,#225,#221,.T.);
#227=ORIENTED_EDGE('',*,*,#226,.T.);
#228=(
BOUNDED_CURVE()
B_SPLINE_CURVE(1,(#229,#230),.UNSPECIFIED.,.F.,.F.)
B_SPLINE_CURVE_WITH_KNOTS((2,2),(0.000,1.000),.UNSPECIFIED.)
CURVE()
GEOMETRIC_REPRESENTATION_ITEM()
RATIONAL_B_SPLINE_CURVE((1.0000000000,1.0000000000))
REPRESENTATION_ITEM('')
);
#229=CARTESIAN_POINT('',(38.0000000000,3.5000000000,30.0000000000));
#230=CARTESIAN_POINT('',(46.0000000000,3.5000000000,30.0000000000));

#231=EDGE_CURVE('',#225,#206,#228,.T.);
#232=ORIENTED_EDGE('',*,*,#231,.T.);
#233=EDGE_LOOP('',(#213,#220,#227,#232));
#234=FACE_OUTER_BOUND('',#233,.T.);
#235=ADVANCED_FACE('',(#234),#200,.T.);
#236=COLOUR_RGB('',0.39,0.39,0.39);
#237=FILL_AREA_STYLE_COLOUR('',#236);
#238=FILL_AREA_STYLE('',(#237));
#239=SURFACE_STYLE_FILL_AREA(#238);
#240=SURFACE_STYLE_TRANSPARENT(0.00);
#241=SURFACE_STYLE_RENDERING_WITH_PROPERTIES(.NORMAL_SHADING.,#236,(#240));
#242=SURFACE_SIDE_STYLE('',(#239, #241));
#243=SURFACE_STYLE_USAGE(.BOTH.,#242);
#244=PRESENTATION_STYLE_ASSIGNMENT((#243));
#245=STYLED_ITEM('',(#244),#235);

#246=CARTESIAN_POINT('',(-46.0000000000,-19.4007441433,30.0000000000));
#247=VERTEX_POINT('',#246);
#248=(
BOUNDED_CURVE()
B_SPLINE_CURVE(1,(#249,#250),.UNSPECIFIED.,.F.,.F.)
B_SPLINE_CURVE_WITH_KNOTS((2,2),(0.000,1.000),.UNSPECIFIED.)
CURVE()
GEOMETRIC_REPRESENTATION_ITEM()
RATIONAL_B_SPLINE_CURVE((1.0000000000,1.0000000000))
REPRESENTATION_ITEM('')
);
#249=CARTESIAN_POINT('',(-46.0000000000,-19.4007441433,30.0000000000));
#250=CARTESIAN_POINT('',(-46.0000000000,3.5000000000,30.0000000000));

#251=CARTESIAN_POINT('',(-46.0000000000,3.5000000000,30.0000000000));
#252=VERTEX_POINT('',#251);
#253=EDGE_CURVE('',#247,#252,#248,.T.);
#254=ORIENTED_EDGE('',*,*,#253,.T.);
#255=(
BOUNDED_CURVE()
B_SPLINE_CURVE(1,(#256,#257),.UNSPECIFIED.,.F.,.F.)
B_SPLINE_CURVE_WITH_KNOTS((2,2),(0.000,1.000),.UNSPECIFIED.)
CURVE()
GEOMETRIC_REPRESENTATION_ITEM()
RATIONAL_B_SPLINE_CURVE((1.0000000000,1.0000000000))
REPRESENTATION_ITEM('')
);
#256=CARTESIAN_POINT('',(-46.0000000000,3.5000000000,30.0000000000));
#257=CARTESIAN_POINT('',(-38.0000000000,3.5000000000,30.0000000000));

#258=CARTESIAN_POINT('',(-38.0000000000,3.5000000000,30.0000000000));
#259=VERTEX_POINT('',#258);
#260=EDGE_CURVE('',#252,#259,#255,.T.);
#261=ORIENTED_EDGE('',*,*,#260,.T.);
#262=(
BOUNDED_CURVE()
B_SPLINE_CURVE(1,(#263,#264),.UNSPECIFIED.,.F.,.F.)
B_SPLINE_CURVE_WITH_KNOTS((2,2),(0.000,1.000),.UNSPECIFIED.)
CURVE()
GEOMETRIC_REPRESENTATION_ITEM()
RATIONAL_B_SPLINE_CURVE((1.0000000000,1.0000000000))
REPRESENTATION_ITEM('')
);
#263=CARTESIAN_POINT('',(-38.0000000000,3.5000000000,30.0000000000));
#264=CARTESIAN_POINT('',(-38.0000000000,-19.4007441433,30.0000000000));

#265=CARTESIAN_POINT('',(-38.0000000000,-19.4007441433,30.0000000000));
#266=VERTEX_POINT('',#265);
#267=EDGE_CURVE('',#259,#266,#262,.T.);
#268=ORIENTED_EDGE('',*,*,#267,.T.);
#269=(
BOUNDED_CURVE()
B_SPLINE_CURVE(1,(#270,#271),.UNSPECIFIED.,.F.,.F.)
B_SPLINE_CURVE_WITH_KNOTS((2,2),(0.000,1.000),.UNSPECIFIED.)
CURVE()
GEOMETRIC_REPRESENTATION_ITEM()
RATIONAL_B_SPLINE_CURVE((1.0000000000,1.0000000000))
REPRESENTATION_ITEM('')
);
#270=CARTESIAN_POINT('',(-38.0000000000,-19.4007441433,30.0000000000));
#271=CARTESIAN_POINT('',(-46.0000000000,-19.4007441433,30.0000000000));

#272=EDGE_CURVE('',#266,#247,#269,.T.);
#273=ORIENTED_EDGE('',*,*,#272,.T.);
#274=EDGE_LOOP('',(#254,#261,#268,#273));
#275=FACE_OUTER_BOUND('',#274,.T.);
#276=ADVANCED_FACE('',(#275),#200,.T.);
#277=COLOUR_RGB('',0.39,0.39,0.39);
#278=FILL_AREA_STYLE_COLOUR('',#277);
#279=FILL_AREA_STYLE('',(#278));
#280=SURFACE_STYLE_FILL_AREA(#279);
#281=SURFACE_STYLE_TRANSPARENT(0.00);
#282=SURFACE_STYLE_RENDERING_WITH_PROPERTIES(.NORMAL_SHADING.,#277,(#281));
#283=SURFACE_SIDE_STYLE('',(#280, #282));
#284=SURFACE_STYLE_USAGE(.BOTH.,#283);
#285=PRESENTATION_STYLE_ASSIGNMENT((#284));
#286=STYLED_ITEM('',(#285),#276);

#287=(
BOUNDED_SURFACE()
B_SPLINE_SURFACE(1,1,((#288,#289),(#290,#291)),.UNSPECIFIED.,.F.,.F.,.F.)
B_SPLINE_SURFACE_WITH_KNOTS((2,2),(2,2),(0.000,1.000),(0.000,1.000),.UNSPECIFIED.)
GEOMETRIC_REPRESENTATION_ITEM()
RATIONAL_B_SPLINE_SURFACE(((1.0000000000,1.0000000000),(1.0000000000,1.0000000000)))
REPRESENTATION_ITEM('')
SURFACE()
);
#288=CARTESIAN_POINT('',(46.0000000000,28.5000000000,0.0000000000));
#289=CARTESIAN_POINT('',(-46.0000000000,28.5000000000,0.0000000000));
#290=CARTESIAN_POINT('',(46.0000000000,-28.5000000000,0.0000000000));
#291=CARTESIAN_POINT('',(-46.0000000000,-28.5000000000,0.0000000000));

#292=CARTESIAN_POINT('',(-46.0000000000,-26.0000000000,0.0000000000));
#293=VERTEX_POINT('',#292);
#294=(
BOUNDED_CURVE()
B_SPLINE_CURVE(2,(#295,#296,#297),.UNSPECIFIED.,.F.,.F.)
B_SPLINE_CURVE_WITH_KNOTS((3,3),(0.000,1.000),.UNSPECIFIED.)
CURVE()
GEOMETRIC_REPRESENTATION_ITEM()
RATIONAL_B_SPLINE_CURVE((1.0000000000,0.7071067812,1.0000000000))
REPRESENTATION_ITEM('')
);
#295=CARTESIAN_POINT('',(-46.0000000000,-26.0000000001,0.0000000000));
#296=CARTESIAN_POINT('',(-45.9999999999,-28.5000000000,0.0000000000));
#297=CARTESIAN_POINT('',(-43.5000000000,-28.5000000000,0.0000000000));

#298=CARTESIAN_POINT('',(-43.5000000000,-28.5000000000,0.0000000000));
#299=VERTEX_POINT('',#298);
#300=EDGE_CURVE('',#293,#299,#294,.T.);
#301=ORIENTED_EDGE('',*,*,#300,.T.);
#302=(
BOUNDED_CURVE()
B_SPLINE_CURVE(1,(#303,#304),.UNSPECIFIED.,.F.,.F.)
B_SPLINE_CURVE_WITH_KNOTS((2,2),(0.000,1.000),.UNSPECIFIED.)
CURVE()
GEOMETRIC_REPRESENTATION_ITEM()
RATIONAL_B_SPLINE_CURVE((1.0000000000,1.0000000000))
REPRESENTATION_ITEM('')
);
#303=CARTESIAN_POINT('',(-43.5000000000,-28.5000000000,0.0000000000));
#304=CARTESIAN_POINT('',(43.5000000000,-28.5000000000,0.0000000000));

#305=CARTESIAN_POINT('',(43.5000000000,-28.5000000000,0.0000000000));
#306=VERTEX_POINT('',#305);
#307=EDGE_CURVE('',#299,#306,#302,.T.);
#308=ORIENTED_EDGE('',*,*,#307,.T.);
#309=(
BOUNDED_CURVE()
B_SPLINE_CURVE(2,(#310,#311,#312),.UNSPECIFIED.,.F.,.F.)
B_SPLINE_CURVE_WITH_KNOTS((3,3),(0.000,1.000),.UNSPECIFIED.)
CURVE()
GEOMETRIC_REPRESENTATION_ITEM()
RATIONAL_B_SPLINE_CURVE((1.0000000000,0.7071067812,1.0000000000))
REPRESENTATION_ITEM('')
);
#310=CARTESIAN_POINT('',(43.5000000001,-28.5000000000,0.0000000000));
#311=CARTESIAN_POINT('',(46.0000000000,-28.4999999999,0.0000000000));
#312=CARTESIAN_POINT('',(46.0000000000,-26.0000000000,0.0000000000));

#313=CARTESIAN_POINT('',(46.0000000000,-26.0000000000,0.0000000000));
#314=VERTEX_POINT('',#313);
#315=EDGE_CURVE('',#306,#314,#309,.T.);
#316=ORIENTED_EDGE('',*,*,#315,.T.);
#317=(
BOUNDED_CURVE()
B_SPLINE_CURVE(1,(#318,#319),.UNSPECIFIED.,.F.,.F.)
B_SPLINE_CURVE_WITH_KNOTS((2,2),(0.000,1.000),.UNSPECIFIED.)
CURVE()
GEOMETRIC_REPRESENTATION_ITEM()
RATIONAL_B_SPLINE_CURVE((1.0000000000,1.0000000000))
REPRESENTATION_ITEM('')
);
#318=CARTESIAN_POINT('',(46.0000000000,-26.0000000000,0.0000000000));
#319=CARTESIAN_POINT('',(46.0000000000,26.0000000000,0.0000000000));

#320=CARTESIAN_POINT('',(46.0000000000,26.0000000000,0.0000000000));
#321=VERTEX_POINT('',#320);
#322=EDGE_CURVE('',#314,#321,#317,.T.);
#323=ORIENTED_EDGE('',*,*,#322,.T.);
#324=(
BOUNDED_CURVE()
B_SPLINE_CURVE(2,(#325,#326,#327),.UNSPECIFIED.,.F.,.F.)
B_SPLINE_CURVE_WITH_KNOTS((3,3),(0.000,1.000),.UNSPECIFIED.)
CURVE()
GEOMETRIC_REPRESENTATION_ITEM()
RATIONAL_B_SPLINE_CURVE((1.0000000000,0.7071067812,1.0000000000))
REPRESENTATION_ITEM('')
);
#325=CARTESIAN_POINT('',(46.0000000000,26.0000000001,0.0000000000));
#326=CARTESIAN_POINT('',(45.9999999999,28.5000000000,0.0000000000));
#327=CARTESIAN_POINT('',(43.5000000000,28.5000000000,0.0000000000));

#328=CARTESIAN_POINT('',(43.5000000000,28.5000000000,0.0000000000));
#329=VERTEX_POINT('',#328);
#330=EDGE_CURVE('',#321,#329,#324,.T.);
#331=ORIENTED_EDGE('',*,*,#330,.T.);
#332=(
BOUNDED_CURVE()
B_SPLINE_CURVE(1,(#333,#334),.UNSPECIFIED.,.F.,.F.)
B_SPLINE_CURVE_WITH_KNOTS((2,2),(0.000,1.000),.UNSPECIFIED.)
CURVE()
GEOMETRIC_REPRESENTATION_ITEM()
RATIONAL_B_SPLINE_CURVE((1.0000000000,1.0000000000))
REPRESENTATION_ITEM('')
);
#333=CARTESIAN_POINT('',(43.5000000000,28.5000000000,0.0000000000));
#334=CARTESIAN_POINT('',(-43.5000000000,28.5000000000,0.0000000000));

#335=CARTESIAN_POINT('',(-43.5000000000,28.5000000000,0.0000000000));
#336=VERTEX_POINT('',#335);
#337=EDGE_CURVE('',#329,#336,#332,.T.);
#338=ORIENTED_EDGE('',*,*,#337,.T.);
#339=(
BOUNDED_CURVE()
B_SPLINE_CURVE(2,(#340,#341,#342),.UNSPECIFIED.,.F.,.F.)
B_SPLINE_CURVE_WITH_KNOTS((3,3),(0.000,1.000),.UNSPECIFIED.)
CURVE()
GEOMETRIC_REPRESENTATION_ITEM()
RATIONAL_B_SPLINE_CURVE((1.0000000000,0.7071067812,1.0000000000))
REPRESENTATION_ITEM('')
);
#340=CARTESIAN_POINT('',(-43.5000000001,28.5000000000,0.0000000000));
#341=CARTESIAN_POINT('',(-46.0000000000,28.4999999999,0.0000000000));
#342=CARTESIAN_POINT('',(-46.0000000000,26.0000000000,0.0000000000));

#343=CARTESIAN_POINT('',(-46.0000000000,26.0000000000,0.0000000000));
#344=VERTEX_POINT('',#343);
#345=EDGE_CURVE('',#336,#344,#339,.T.);
#346=ORIENTED_EDGE('',*,*,#345,.T.);
#347=(
BOUNDED_CURVE()
B_SPLINE_CURVE(1,(#348,#349),.UNSPECIFIED.,.F.,.F.)
B_SPLINE_CURVE_WITH_KNOTS((2,2),(0.000,1.000),.UNSPECIFIED.)
CURVE()
GEOMETRIC_REPRESENTATION_ITEM()
RATIONAL_B_SPLINE_CURVE((1.0000000000,1.0000000000))
REPRESENTATION_ITEM('')
);
#348=CARTESIAN_POINT('',(-46.0000000000,26.0000000000,0.0000000000));
#349=CARTESIAN_POINT('',(-46.0000000000,-26.0000000000,0.0000000000));

#350=EDGE_CURVE('',#344,#293,#347,.T.);
#351=ORIENTED_EDGE('',*,*,#350,.T.);
#352=EDGE_LOOP('',(#301,#308,#316,#323,#331,#338,#346,#351));
#353=FACE_OUTER_BOUND('',#352,.T.);
#354=CARTESIAN_POINT('',(28.0000000000,11.0000000000,0.0000000000));
#355=VERTEX_POINT('',#354);
#356=(
BOUNDED_CURVE()
B_SPLINE_CURVE(1,(#357,#358),.UNSPECIFIED.,.F.,.F.)
B_SPLINE_CURVE_WITH_KNOTS((2,2),(0.000,1.000),.UNSPECIFIED.)
CURVE()
GEOMETRIC_REPRESENTATION_ITEM()
RATIONAL_B_SPLINE_CURVE((1.0000000000,1.0000000000))
REPRESENTATION_ITEM('')
);
#357=CARTESIAN_POINT('',(28.0000000000,11.0000000000,0.0000000000));
#358=CARTESIAN_POINT('',(28.0000000000,-11.0000000000,0.0000000000));

#359=CARTESIAN_POINT('',(28.0000000000,-11.0000000000,0.0000000000));
#360=VERTEX_POINT('',#359);
#361=EDGE_CURVE('',#355,#360,#356,.T.);
#362=ORIENTED_EDGE('',*,*,#361,.T.);
#363=(
BOUNDED_CURVE()
B_SPLINE_CURVE(1,(#364,#365),.UNSPECIFIED.,.F.,.F.)
B_SPLINE_CURVE_WITH_KNOTS((2,2),(0.000,1.000),.UNSPECIFIED.)
CURVE()
GEOMETRIC_REPRESENTATION_ITEM()
RATIONAL_B_SPLINE_CURVE((1.0000000000,1.0000000000))
REPRESENTATION_ITEM('')
);
#364=CARTESIAN_POINT('',(28.0000000000,-11.0000000000,0.0000000000));
#365=CARTESIAN_POINT('',(-28.0000000000,-11.0000000000,0.0000000000));

#366=CARTESIAN_POINT('',(-28.0000000000,-11.0000000000,0.0000000000));
#367=VERTEX_POINT('',#366);
#368=EDGE_CURVE('',#360,#367,#363,.T.);
#369=ORIENTED_EDGE('',*,*,#368,.T.);
#370=(
BOUNDED_CURVE()
B_SPLINE_CURVE(1,(#371,#372),.UNSPECIFIED.,.F.,.F.)
B_SPLINE_CURVE_WITH_KNOTS((2,2),(0.000,1.000),.UNSPECIFIED.)
CURVE()
GEOMETRIC_REPRESENTATION_ITEM()
RATIONAL_B_SPLINE_CURVE((1.0000000000,1.0000000000))
REPRESENTATION_ITEM('')
);
#371=CARTESIAN_POINT('',(-28.0000000000,-11.0000000000,0.0000000000));
#372=CARTESIAN_POINT('',(-28.0000000000,11.0000000000,0.0000000000));

#373=CARTESIAN_POINT('',(-28.0000000000,11.0000000000,0.0000000000));
#374=VERTEX_POINT('',#373);
#375=EDGE_CURVE('',#367,#374,#370,.T.);
#376=ORIENTED_EDGE('',*,*,#375,.T.);
#377=(
BOUNDED_CURVE()
B_SPLINE_CURVE(1,(#378,#379),.UNSPECIFIED.,.F.,.F.)
B_SPLINE_CURVE_WITH_KNOTS((2,2),(0.000,1.000),.UNSPECIFIED.)
CURVE()
GEOMETRIC_REPRESENTATION_ITEM()
RATIONAL_B_SPLINE_CURVE((1.0000000000,1.0000000000))
REPRESENTATION_ITEM('')
);
#378=CARTESIAN_POINT('',(-28.0000000000,11.0000000000,0.0000000000));
#379=CARTESIAN_POINT('',(28.0000000000,11.0000000000,0.0000000000));

#380=EDGE_CURVE('',#374,#355,#377,.T.);
#381=ORIENTED_EDGE('',*,*,#380,.T.);
#382=EDGE_LOOP('',(#362,#369,#376,#381));
#383=FACE_BOUND('',#382,.T.);
#384=ADVANCED_FACE('',(#353,#383),#287,.T.);
#385=COLOUR_RGB('',0.39,0.39,0.39);
#386=FILL_AREA_STYLE_COLOUR('',#385);
#387=FILL_AREA_STYLE('',(#386));
#388=SURFACE_STYLE_FILL_AREA(#387);
#389=SURFACE_STYLE_TRANSPARENT(0.00);
#390=SURFACE_STYLE_RENDERING_WITH_PROPERTIES(.NORMAL_SHADING.,#385,(#389));
#391=SURFACE_SIDE_STYLE('',(#388, #390));
#392=SURFACE_STYLE_USAGE(.BOTH.,#391);
#393=PRESENTATION_STYLE_ASSIGNMENT((#392));
#394=STYLED_ITEM('',(#393),#384);

#395=(
BOUNDED_SURFACE()
B_SPLINE_SURFACE(1,1,((#396,#397),(#398,#399)),.UNSPECIFIED.,.F.,.F.,.F.)
B_SPLINE_SURFACE_WITH_KNOTS((2,2),(2,2),(0.000,1.000),(0.000,1.000),.UNSPECIFIED.)
GEOMETRIC_REPRESENTATION_ITEM()
RATIONAL_B_SPLINE_SURFACE(((1.0000000000,1.0000000000),(1.0000000000,1.0000000000)))
REPRESENTATION_ITEM('')
SURFACE()
);
#396=CARTESIAN_POINT('',(-43.5000000000,28.5000000000,30.0000000000));
#397=CARTESIAN_POINT('',(-43.5000000000,28.5000000000,0.0000000000));
#398=CARTESIAN_POINT('',(43.5000000000,28.5000000000,30.0000000000));
#399=CARTESIAN_POINT('',(43.5000000000,28.5000000000,0.0000000000));

#400=CARTESIAN_POINT('',(-43.5000000000,28.5000000000,20.9007441433));
#401=VERTEX_POINT('',#400);
#402=(
BOUNDED_CURVE()
B_SPLINE_CURVE(1,(#403,#404),.UNSPECIFIED.,.F.,.F.)
B_SPLINE_CURVE_WITH_KNOTS((2,2),(0.000,1.000),.UNSPECIFIED.)
CURVE()
GEOMETRIC_REPRESENTATION_ITEM()
RATIONAL_B_SPLINE_CURVE((1.0000000000,1.0000000000))
REPRESENTATION_ITEM('')
);
#403=CARTESIAN_POINT('',(-43.5000000000,28.5000000000,20.9007441433));
#404=CARTESIAN_POINT('',(-43.5000000000,28.5000000000,0.0000000000));

#405=CARTESIAN_POINT('',(-43.5000000000,28.5000000000,0.0000000000));
#406=VERTEX_POINT('',#405);
#407=EDGE_CURVE('',#401,#406,#402,.T.);
#408=ORIENTED_EDGE('',*,*,#407,.T.);
#409=(
BOUNDED_CURVE()
B_SPLINE_CURVE(1,(#410,#411),.UNSPECIFIED.,.F.,.F.)
B_SPLINE_CURVE_WITH_KNOTS((2,2),(0.000,1.000),.UNSPECIFIED.)
CURVE()
GEOMETRIC_REPRESENTATION_ITEM()
RATIONAL_B_SPLINE_CURVE((1.0000000000,1.0000000000))
REPRESENTATION_ITEM('')
);
#410=CARTESIAN_POINT('',(-43.5000000000,28.5000000000,0.0000000000));
#411=CARTESIAN_POINT('',(43.5000000000,28.5000000000,0.0000000000));

#412=CARTESIAN_POINT('',(43.5000000000,28.5000000000,0.0000000000));
#413=VERTEX_POINT('',#412);
#414=EDGE_CURVE('',#406,#413,#409,.T.);
#415=ORIENTED_EDGE('',*,*,#414,.T.);
#416=(
BOUNDED_CURVE()
B_SPLINE_CURVE(1,(#417,#418),.UNSPECIFIED.,.F.,.F.)
B_SPLINE_CURVE_WITH_KNOTS((2,2),(0.000,1.000),.UNSPECIFIED.)
CURVE()
GEOMETRIC_REPRESENTATION_ITEM()
RATIONAL_B_SPLINE_CURVE((1.0000000000,1.0000000000))
REPRESENTATION_ITEM('')
);
#417=CARTESIAN_POINT('',(43.5000000000,28.5000000000,0.0000000000));
#418=CARTESIAN_POINT('',(43.5000000000,28.5000000000,20.9007441433));

#419=CARTESIAN_POINT('',(43.5000000000,28.5000000000,20.9007441433));
#420=VERTEX_POINT('',#419);
#421=EDGE_CURVE('',#413,#420,#416,.T.);
#422=ORIENTED_EDGE('',*,*,#421,.T.);
#423=(
BOUNDED_CURVE()
B_SPLINE_CURVE(1,(#424,#425),.UNSPECIFIED.,.F.,.F.)
B_SPLINE_CURVE_WITH_KNOTS((2,2),(0.000,1.000),.UNSPECIFIED.)
CURVE()
GEOMETRIC_REPRESENTATION_ITEM()
RATIONAL_B_SPLINE_CURVE((1.0000000000,1.0000000000))
REPRESENTATION_ITEM('')
);
#424=CARTESIAN_POINT('',(43.5000000000,28.5000000000,20.9007441433));
#425=CARTESIAN_POINT('',(-43.5000000000,28.5000000000,20.9007441433));

#426=EDGE_CURVE('',#420,#401,#423,.T.);
#427=ORIENTED_EDGE('',*,*,#426,.T.);
#428=EDGE_LOOP('',(#408,#415,#422,#427));
#429=FACE_OUTER_BOUND('',#428,.T.);
#430=ADVANCED_FACE('',(#429),#395,.T.);
#431=COLOUR_RGB('',0.39,0.39,0.39);
#432=FILL_AREA_STYLE_COLOUR('',#431);
#433=FILL_AREA_STYLE('',(#432));
#434=SURFACE_STYLE_FILL_AREA(#433);
#435=SURFACE_STYLE_TRANSPARENT(0.00);
#436=SURFACE_STYLE_RENDERING_WITH_PROPERTIES(.NORMAL_SHADING.,#431,(#435));
#437=SURFACE_SIDE_STYLE('',(#434, #436));
#438=SURFACE_STYLE_USAGE(.BOTH.,#437);
#439=PRESENTATION_STYLE_ASSIGNMENT((#438));
#440=STYLED_ITEM('',(#439),#430);

#441=(
BOUNDED_SURFACE()
B_SPLINE_SURFACE(2,1,((#442,#443),(#444,#445),(#446,#447)),.UNSPECIFIED.,.F.,.F.,.F.)
B_SPLINE_SURFACE_WITH_KNOTS((3,3),(2,2),(0.000,1.000),(0.000,1.000),.UNSPECIFIED.)
GEOMETRIC_REPRESENTATION_ITEM()
RATIONAL_B_SPLINE_SURFACE(((1.0000000000,1.0000000000),(0.7071067812,0.7071067812),(1.0000000000,1.0000000000)))
REPRESENTATION_ITEM('')
SURFACE()
);
#442=CARTESIAN_POINT('',(43.5000000000,28.5000000000,30.0000000000));
#443=CARTESIAN_POINT('',(43.5000000000,28.5000000000,0.0000000000));
#444=CARTESIAN_POINT('',(46.0000000000,28.5000000000,30.0000000000));
#445=CARTESIAN_POINT('',(46.0000000000,28.5000000000,0.0000000000));
#446=CARTESIAN_POINT('',(46.0000000000,26.0000000000,30.0000000000));
#447=CARTESIAN_POINT('',(46.0000000000,26.0000000000,0.0000000000));

#448=CARTESIAN_POINT('',(43.5000000000,28.5000000000,20.9007441433));
#449=VERTEX_POINT('',#448);
#450=(
BOUNDED_CURVE()
B_SPLINE_CURVE(1,(#451,#452),.UNSPECIFIED.,.F.,.F.)
B_SPLINE_CURVE_WITH_KNOTS((2,2),(0.000,1.000),.UNSPECIFIED.)
CURVE()
GEOMETRIC_REPRESENTATION_ITEM()
RATIONAL_B_SPLINE_CURVE((1.0000000000,1.0000000000))
REPRESENTATION_ITEM('')
);
#451=CARTESIAN_POINT('',(43.5000000000,28.5000000000,20.9007441433));
#452=CARTESIAN_POINT('',(43.5000000000,28.5000000000,0.0000000000));

#453=CARTESIAN_POINT('',(43.5000000000,28.5000000000,0.0000000000));
#454=VERTEX_POINT('',#453);
#455=EDGE_CURVE('',#449,#454,#450,.T.);
#456=ORIENTED_EDGE('',*,*,#455,.T.);
#457=(
BOUNDED_CURVE()
B_SPLINE_CURVE(2,(#458,#459,#460),.UNSPECIFIED.,.F.,.F.)
B_SPLINE_CURVE_WITH_KNOTS((3,3),(0.000,1.000),.UNSPECIFIED.)
CURVE()
GEOMETRIC_REPRESENTATION_ITEM()
RATIONAL_B_SPLINE_CURVE((1.0000000000,0.7071067812,1.0000000000))
REPRESENTATION_ITEM('')
);
#458=CARTESIAN_POINT('',(43.5000000000,28.5000000000,0.0000000000));
#459=CARTESIAN_POINT('',(45.9999999999,28.5000000000,0.0000000000));
#460=CARTESIAN_POINT('',(46.0000000000,26.0000000001,0.0000000000));

#461=CARTESIAN_POINT('',(46.0000000000,26.0000000001,0.0000000000));
#462=VERTEX_POINT('',#461);
#463=EDGE_CURVE('',#454,#462,#457,.T.);
#464=ORIENTED_EDGE('',*,*,#463,.T.);
#465=(
BOUNDED_CURVE()
B_SPLINE_CURVE(1,(#466,#467),.UNSPECIFIED.,.F.,.F.)
B_SPLINE_CURVE_WITH_KNOTS((2,2),(0.000,1.000),.UNSPECIFIED.)
CURVE()
GEOMETRIC_REPRESENTATION_ITEM()
RATIONAL_B_SPLINE_CURVE((1.0000000000,1.0000000000))
REPRESENTATION_ITEM('')
);
#466=CARTESIAN_POINT('',(46.0000000000,26.0000000000,0.0000000000));
#467=CARTESIAN_POINT('',(46.0000000000,26.0000000000,21.8106697290));

#468=CARTESIAN_POINT('',(46.0000000000,26.0000000000,21.8106697290));
#469=VERTEX_POINT('',#468);
#470=EDGE_CURVE('',#462,#469,#465,.T.);
#471=ORIENTED_EDGE('',*,*,#470,.T.);
#472=(
BOUNDED_CURVE()
B_SPLINE_CURVE(2,(#473,#474,#475),.UNSPECIFIED.,.F.,.F.)
B_SPLINE_CURVE_WITH_KNOTS((3,3),(0.000,1.000),.UNSPECIFIED.)
CURVE()
GEOMETRIC_REPRESENTATION_ITEM()
RATIONAL_B_SPLINE_CURVE((0.9999999985,0.7071067819,1.0000000000))
REPRESENTATION_ITEM('')
);
#473=CARTESIAN_POINT('',(46.0000000000,26.0000000089,21.8106697258));
#474=CARTESIAN_POINT('',(45.9999999911,28.5000000000,20.9007441433));
#475=CARTESIAN_POINT('',(43.5000000000,28.5000000000,20.9007441433));

#476=EDGE_CURVE('',#469,#449,#472,.T.);
#477=ORIENTED_EDGE('',*,*,#476,.T.);
#478=EDGE_LOOP('',(#456,#464,#471,#477));
#479=FACE_OUTER_BOUND('',#478,.T.);
#480=ADVANCED_FACE('',(#479),#441,.T.);
#481=COLOUR_RGB('',0.39,0.39,0.39);
#482=FILL_AREA_STYLE_COLOUR('',#481);
#483=FILL_AREA_STYLE('',(#482));
#484=SURFACE_STYLE_FILL_AREA(#483);
#485=SURFACE_STYLE_TRANSPARENT(0.00);
#486=SURFACE_STYLE_RENDERING_WITH_PROPERTIES(.NORMAL_SHADING.,#481,(#485));
#487=SURFACE_SIDE_STYLE('',(#484, #486));
#488=SURFACE_STYLE_USAGE(.BOTH.,#487);
#489=PRESENTATION_STYLE_ASSIGNMENT((#488));
#490=STYLED_ITEM('',(#489),#480);

#491=(
BOUNDED_SURFACE()
B_SPLINE_SURFACE(1,1,((#492,#493),(#494,#495)),.UNSPECIFIED.,.F.,.F.,.F.)
B_SPLINE_SURFACE_WITH_KNOTS((2,2),(2,2),(0.000,1.000),(0.000,1.000),.UNSPECIFIED.)
GEOMETRIC_REPRESENTATION_ITEM()
RATIONAL_B_SPLINE_SURFACE(((1.0000000000,1.0000000000),(1.0000000000,1.0000000000)))
REPRESENTATION_ITEM('')
SURFACE()
);
#492=CARTESIAN_POINT('',(46.0000000000,26.0000000000,30.0000000000));
#493=CARTESIAN_POINT('',(46.0000000000,26.0000000000,0.0000000000));
#494=CARTESIAN_POINT('',(46.0000000000,-26.0000000000,30.0000000000));
#495=CARTESIAN_POINT('',(46.0000000000,-26.0000000000,0.0000000000));

#496=CARTESIAN_POINT('',(46.0000000000,3.5000000000,30.0000000000));
#497=VERTEX_POINT('',#496);
#498=(
BOUNDED_CURVE()
B_SPLINE_CURVE(1,(#499,#500),.UNSPECIFIED.,.F.,.F.)
B_SPLINE_CURVE_WITH_KNOTS((2,2),(0.000,1.000),.UNSPECIFIED.)
CURVE()
GEOMETRIC_REPRESENTATION_ITEM()
RATIONAL_B_SPLINE_CURVE((1.0000000000,1.0000000000))
REPRESENTATION_ITEM('')
);
#499=CARTESIAN_POINT('',(46.0000000000,3.5000000000,30.0000000000));
#500=CARTESIAN_POINT('',(46.0000000000,26.0000000000,21.8106697290));

#501=CARTESIAN_POINT('',(46.0000000000,26.0000000000,21.8106697290));
#502=VERTEX_POINT('',#501);
#503=EDGE_CURVE('',#497,#502,#498,.T.);
#504=ORIENTED_EDGE('',*,*,#503,.T.);
#505=(
BOUNDED_CURVE()
B_SPLINE_CURVE(1,(#506,#507),.UNSPECIFIED.,.F.,.F.)
B_SPLINE_CURVE_WITH_KNOTS((2,2),(0.000,1.000),.UNSPECIFIED.)
CURVE()
GEOMETRIC_REPRESENTATION_ITEM()
RATIONAL_B_SPLINE_CURVE((1.0000000000,1.0000000000))
REPRESENTATION_ITEM('')
);
#506=CARTESIAN_POINT('',(46.0000000000,26.0000000000,21.8106697290));
#507=CARTESIAN_POINT('',(46.0000000000,26.0000000000,0.0000000000));

#508=CARTESIAN_POINT('',(46.0000000000,26.0000000000,0.0000000000));
#509=VERTEX_POINT('',#508);
#510=EDGE_CURVE('',#502,#509,#505,.T.);
#511=ORIENTED_EDGE('',*,*,#510,.T.);
#512=(
BOUNDED_CURVE()
B_SPLINE_CURVE(1,(#513,#514),.UNSPECIFIED.,.F.,.F.)
B_SPLINE_CURVE_WITH_KNOTS((2,2),(0.000,1.000),.UNSPECIFIED.)
CURVE()
GEOMETRIC_REPRESENTATION_ITEM()
RATIONAL_B_SPLINE_CURVE((1.0000000000,1.0000000000))
REPRESENTATION_ITEM('')
);
#513=CARTESIAN_POINT('',(46.0000000000,26.0000000000,0.0000000000));
#514=CARTESIAN_POINT('',(46.0000000000,-26.0000000000,0.0000000000));

#515=CARTESIAN_POINT('',(46.0000000000,-26.0000000000,0.0000000000));
#516=VERTEX_POINT('',#515);
#517=EDGE_CURVE('',#509,#516,#512,.T.);
#518=ORIENTED_EDGE('',*,*,#517,.T.);
#519=(
BOUNDED_CURVE()
B_SPLINE_CURVE(1,(#520,#521),.UNSPECIFIED.,.F.,.F.)
B_SPLINE_CURVE_WITH_KNOTS((2,2),(0.000,1.000),.UNSPECIFIED.)
CURVE()
GEOMETRIC_REPRESENTATION_ITEM()
RATIONAL_B_SPLINE_CURVE((1.0000000000,1.0000000000))
REPRESENTATION_ITEM('')
);
#520=CARTESIAN_POINT('',(46.0000000000,-26.0000000000,0.0000000000));
#521=CARTESIAN_POINT('',(46.0000000000,-26.0000000000,11.8686935486));

#522=CARTESIAN_POINT('',(46.0000000000,-26.0000000000,11.8686935486));
#523=VERTEX_POINT('',#522);
#524=EDGE_CURVE('',#516,#523,#519,.T.);
#525=ORIENTED_EDGE('',*,*,#524,.T.);
#526=(
BOUNDED_CURVE()
B_SPLINE_CURVE(1,(#527,#528),.UNSPECIFIED.,.F.,.F.)
B_SPLINE_CURVE_WITH_KNOTS((2,2),(0.000,1.000),.UNSPECIFIED.)
CURVE()
GEOMETRIC_REPRESENTATION_ITEM()
RATIONAL_B_SPLINE_CURVE((1.0000000000,1.0000000000))
REPRESENTATION_ITEM('')
);
#527=CARTESIAN_POINT('',(46.0000000000,-26.0000000000,11.8686935486));
#528=CARTESIAN_POINT('',(46.0000000000,-19.4007441433,30.0000000000));

#529=CARTESIAN_POINT('',(46.0000000000,-19.4007441433,30.0000000000));
#530=VERTEX_POINT('',#529);
#531=EDGE_CURVE('',#523,#530,#526,.T.);
#532=ORIENTED_EDGE('',*,*,#531,.T.);
#533=(
BOUNDED_CURVE()
B_SPLINE_CURVE(1,(#534,#535),.UNSPECIFIED.,.F.,.F.)
B_SPLINE_CURVE_WITH_KNOTS((2,2),(0.000,1.000),.UNSPECIFIED.)
CURVE()
GEOMETRIC_REPRESENTATION_ITEM()
RATIONAL_B_SPLINE_CURVE((1.0000000000,1.0000000000))
REPRESENTATION_ITEM('')
);
#534=CARTESIAN_POINT('',(46.0000000000,-19.4007441433,30.0000000000));
#535=CARTESIAN_POINT('',(46.0000000000,3.5000000000,30.0000000000));

#536=EDGE_CURVE('',#530,#497,#533,.T.);
#537=ORIENTED_EDGE('',*,*,#536,.T.);
#538=EDGE_LOOP('',(#504,#511,#518,#525,#532,#537));
#539=FACE_OUTER_BOUND('',#538,.T.);
#540=ADVANCED_FACE('',(#539),#491,.T.);
#541=COLOUR_RGB('',0.39,0.39,0.39);
#542=FILL_AREA_STYLE_COLOUR('',#541);
#543=FILL_AREA_STYLE('',(#542));
#544=SURFACE_STYLE_FILL_AREA(#543);
#545=SURFACE_STYLE_TRANSPARENT(0.00);
#546=SURFACE_STYLE_RENDERING_WITH_PROPERTIES(.NORMAL_SHADING.,#541,(#545));
#547=SURFACE_SIDE_STYLE('',(#544, #546));
#548=SURFACE_STYLE_USAGE(.BOTH.,#547);
#549=PRESENTATION_STYLE_ASSIGNMENT((#548));
#550=STYLED_ITEM('',(#549),#540);

#551=(
BOUNDED_SURFACE()
B_SPLINE_SURFACE(2,1,((#552,#553),(#554,#555),(#556,#557)),.UNSPECIFIED.,.F.,.F.,.F.)
B_SPLINE_SURFACE_WITH_KNOTS((3,3),(2,2),(0.000,1.000),(0.000,1.000),.UNSPECIFIED.)
GEOMETRIC_REPRESENTATION_ITEM()
RATIONAL_B_SPLINE_SURFACE(((1.0000000000,1.0000000000),(0.7071067812,0.7071067812),(1.0000000000,1.0000000000)))
REPRESENTATION_ITEM('')
SURFACE()
);
#552=CARTESIAN_POINT('',(46.0000000000,-26.0000000000,30.0000000000));
#553=CARTESIAN_POINT('',(46.0000000000,-26.0000000000,0.0000000000));
#554=CARTESIAN_POINT('',(46.0000000000,-28.5000000000,30.0000000000));
#555=CARTESIAN_POINT('',(46.0000000000,-28.5000000000,0.0000000000));
#556=CARTESIAN_POINT('',(43.5000000000,-28.5000000000,30.0000000000));
#557=CARTESIAN_POINT('',(43.5000000000,-28.5000000000,0.0000000000));

#558=CARTESIAN_POINT('',(46.0000000000,-26.0000000000,11.8686935486));
#559=VERTEX_POINT('',#558);
#560=(
BOUNDED_CURVE()
B_SPLINE_CURVE(1,(#561,#562),.UNSPECIFIED.,.F.,.F.)
B_SPLINE_CURVE_WITH_KNOTS((2,2),(0.000,1.000),.UNSPECIFIED.)
CURVE()
GEOMETRIC_REPRESENTATION_ITEM()
RATIONAL_B_SPLINE_CURVE((1.0000000000,1.0000000000))
REPRESENTATION_ITEM('')
);
#561=CARTESIAN_POINT('',(46.0000000000,-26.0000000000,11.8686935486));
#562=CARTESIAN_POINT('',(46.0000000000,-26.0000000000,0.0000000000));

#563=CARTESIAN_POINT('',(46.0000000000,-26.0000000000,0.0000000000));
#564=VERTEX_POINT('',#563);
#565=EDGE_CURVE('',#559,#564,#560,.T.);
#566=ORIENTED_EDGE('',*,*,#565,.T.);
#567=(
BOUNDED_CURVE()
B_SPLINE_CURVE(2,(#568,#569,#570),.UNSPECIFIED.,.F.,.F.)
B_SPLINE_CURVE_WITH_KNOTS((3,3),(0.000,1.000),.UNSPECIFIED.)
CURVE()
GEOMETRIC_REPRESENTATION_ITEM()
RATIONAL_B_SPLINE_CURVE((1.0000000000,0.7071067812,1.0000000000))
REPRESENTATION_ITEM('')
);
#568=CARTESIAN_POINT('',(46.0000000000,-26.0000000000,0.0000000000));
#569=CARTESIAN_POINT('',(46.0000000000,-28.4999999999,0.0000000000));
#570=CARTESIAN_POINT('',(43.5000000001,-28.5000000000,0.0000000000));

#571=CARTESIAN_POINT('',(43.5000000001,-28.5000000000,0.0000000000));
#572=VERTEX_POINT('',#571);
#573=EDGE_CURVE('',#564,#572,#567,.T.);
#574=ORIENTED_EDGE('',*,*,#573,.T.);
#575=(
BOUNDED_CURVE()
B_SPLINE_CURVE(1,(#576,#577),.UNSPECIFIED.,.F.,.F.)
B_SPLINE_CURVE_WITH_KNOTS((2,2),(0.000,1.000),.UNSPECIFIED.)
CURVE()
GEOMETRIC_REPRESENTATION_ITEM()
RATIONAL_B_SPLINE_CURVE((1.0000000000,1.0000000000))
REPRESENTATION_ITEM('')
);
#576=CARTESIAN_POINT('',(43.5000000000,-28.5000000000,0.0000000000));
#577=CARTESIAN_POINT('',(43.5000000000,-28.5000000000,5.0000000000));

#578=CARTESIAN_POINT('',(43.5000000000,-28.5000000000,5.0000000000));
#579=VERTEX_POINT('',#578);
#580=EDGE_CURVE('',#572,#579,#575,.T.);
#581=ORIENTED_EDGE('',*,*,#580,.T.);
#582=(
BOUNDED_CURVE()
B_SPLINE_CURVE(2,(#583,#584,#585),.UNSPECIFIED.,.F.,.F.)
B_SPLINE_CURVE_WITH_KNOTS((3,3),(0.000,1.000),.UNSPECIFIED.)
CURVE()
GEOMETRIC_REPRESENTATION_ITEM()
RATIONAL_B_SPLINE_CURVE((1.0000000000,0.7071067812,1.0000000000))
REPRESENTATION_ITEM('')
);
#583=CARTESIAN_POINT('',(43.5000000000,-28.5000000000,5.0000000000));
#584=CARTESIAN_POINT('',(46.0000000000,-28.5000000000,5.0000000001));
#585=CARTESIAN_POINT('',(46.0000000000,-26.0000000000,11.8686935486));

#586=EDGE_CURVE('',#579,#559,#582,.T.);
#587=ORIENTED_EDGE('',*,*,#586,.T.);
#588=EDGE_LOOP('',(#566,#574,#581,#587));
#589=FACE_OUTER_BOUND('',#588,.T.);
#590=ADVANCED_FACE('',(#589),#551,.T.);
#591=COLOUR_RGB('',0.39,0.39,0.39);
#592=FILL_AREA_STYLE_COLOUR('',#591);
#593=FILL_AREA_STYLE('',(#592));
#594=SURFACE_STYLE_FILL_AREA(#593);
#595=SURFACE_STYLE_TRANSPARENT(0.00);
#596=SURFACE_STYLE_RENDERING_WITH_PROPERTIES(.NORMAL_SHADING.,#591,(#595));
#597=SURFACE_SIDE_STYLE('',(#594, #596));
#598=SURFACE_STYLE_USAGE(.BOTH.,#597);
#599=PRESENTATION_STYLE_ASSIGNMENT((#598));
#600=STYLED_ITEM('',(#599),#590);

#601=(
BOUNDED_SURFACE()
B_SPLINE_SURFACE(1,1,((#602,#603),(#604,#605)),.UNSPECIFIED.,.F.,.F.,.F.)
B_SPLINE_SURFACE_WITH_KNOTS((2,2),(2,2),(0.000,1.000),(0.000,1.000),.UNSPECIFIED.)
GEOMETRIC_REPRESENTATION_ITEM()
RATIONAL_B_SPLINE_SURFACE(((1.0000000000,1.0000000000),(1.0000000000,1.0000000000)))
REPRESENTATION_ITEM('')
SURFACE()
);
#602=CARTESIAN_POINT('',(43.5000000000,-28.5000000000,30.0000000000));
#603=CARTESIAN_POINT('',(43.5000000000,-28.5000000000,0.0000000000));
#604=CARTESIAN_POINT('',(-43.5000000000,-28.5000000000,30.0000000000));
#605=CARTESIAN_POINT('',(-43.5000000000,-28.5000000000,0.0000000000));

#606=CARTESIAN_POINT('',(43.5000000000,-28.5000000000,5.0000000000));
#607=VERTEX_POINT('',#606);
#608=(
BOUNDED_CURVE()
B_SPLINE_CURVE(1,(#609,#610),.UNSPECIFIED.,.F.,.F.)
B_SPLINE_CURVE_WITH_KNOTS((2,2),(0.000,1.000),.UNSPECIFIED.)
CURVE()
GEOMETRIC_REPRESENTATION_ITEM()
RATIONAL_B_SPLINE_CURVE((1.0000000000,1.0000000000))
REPRESENTATION_ITEM('')
);
#609=CARTESIAN_POINT('',(43.5000000000,-28.5000000000,5.0000000000));
#610=CARTESIAN_POINT('',(43.5000000000,-28.5000000000,0.0000000000));

#611=CARTESIAN_POINT('',(43.5000000000,-28.5000000000,0.0000000000));
#612=VERTEX_POINT('',#611);
#613=EDGE_CURVE('',#607,#612,#608,.T.);
#614=ORIENTED_EDGE('',*,*,#613,.T.);
#615=(
BOUNDED_CURVE()
B_SPLINE_CURVE(1,(#616,#617),.UNSPECIFIED.,.F.,.F.)
B_SPLINE_CURVE_WITH_KNOTS((2,2),(0.000,1.000),.UNSPECIFIED.)
CURVE()
GEOMETRIC_REPRESENTATION_ITEM()
RATIONAL_B_SPLINE_CURVE((1.0000000000,1.0000000000))
REPRESENTATION_ITEM('')
);
#616=CARTESIAN_POINT('',(43.5000000000,-28.5000000000,0.0000000000));
#617=CARTESIAN_POINT('',(-43.5000000000,-28.5000000000,0.0000000000));

#618=CARTESIAN_POINT('',(-43.5000000000,-28.5000000000,0.0000000000));
#619=VERTEX_POINT('',#618);
#620=EDGE_CURVE('',#612,#619,#615,.T.);
#621=ORIENTED_EDGE('',*,*,#620,.T.);
#622=(
BOUNDED_CURVE()
B_SPLINE_CURVE(1,(#623,#624),.UNSPECIFIED.,.F.,.F.)
B_SPLINE_CURVE_WITH_KNOTS((2,2),(0.000,1.000),.UNSPECIFIED.)
CURVE()
GEOMETRIC_REPRESENTATION_ITEM()
RATIONAL_B_SPLINE_CURVE((1.0000000000,1.0000000000))
REPRESENTATION_ITEM('')
);
#623=CARTESIAN_POINT('',(-43.5000000000,-28.5000000000,0.0000000000));
#624=CARTESIAN_POINT('',(-43.5000000000,-28.5000000000,5.0000000000));

#625=CARTESIAN_POINT('',(-43.5000000000,-28.5000000000,5.0000000000));
#626=VERTEX_POINT('',#625);
#627=EDGE_CURVE('',#619,#626,#622,.T.);
#628=ORIENTED_EDGE('',*,*,#627,.T.);
#629=(
BOUNDED_CURVE()
B_SPLINE_CURVE(1,(#630,#631),.UNSPECIFIED.,.F.,.F.)
B_SPLINE_CURVE_WITH_KNOTS((2,2),(0.000,1.000),.UNSPECIFIED.)
CURVE()
GEOMETRIC_REPRESENTATION_ITEM()
RATIONAL_B_SPLINE_CURVE((1.0000000000,1.0000000000))
REPRESENTATION_ITEM('')
);
#630=CARTESIAN_POINT('',(-43.5000000000,-28.5000000000,5.0000000000));
#631=CARTESIAN_POINT('',(43.5000000000,-28.5000000000,5.0000000000));

#632=EDGE_CURVE('',#626,#607,#629,.T.);
#633=ORIENTED_EDGE('',*,*,#632,.T.);
#634=EDGE_LOOP('',(#614,#621,#628,#633));
#635=FACE_OUTER_BOUND('',#634,.T.);
#636=ADVANCED_FACE('',(#635),#601,.T.);
#637=COLOUR_RGB('',0.39,0.39,0.39);
#638=FILL_AREA_STYLE_COLOUR('',#637);
#639=FILL_AREA_STYLE('',(#638));
#640=SURFACE_STYLE_FILL_AREA(#639);
#641=SURFACE_STYLE_TRANSPARENT(0.00);
#642=SURFACE_STYLE_RENDERING_WITH_PROPERTIES(.NORMAL_SHADING.,#637,(#641));
#643=SURFACE_SIDE_STYLE('',(#640, #642));
#644=SURFACE_STYLE_USAGE(.BOTH.,#643);
#645=PRESENTATION_STYLE_ASSIGNMENT((#644));
#646=STYLED_ITEM('',(#645),#636);

#647=(
BOUNDED_SURFACE()
B_SPLINE_SURFACE(2,1,((#648,#649),(#650,#651),(#652,#653)),.UNSPECIFIED.,.F.,.F.,.F.)
B_SPLINE_SURFACE_WITH_KNOTS((3,3),(2,2),(0.000,1.000),(0.000,1.000),.UNSPECIFIED.)
GEOMETRIC_REPRESENTATION_ITEM()
RATIONAL_B_SPLINE_SURFACE(((1.0000000000,1.0000000000),(0.7071067812,0.7071067812),(1.0000000000,1.0000000000)))
REPRESENTATION_ITEM('')
SURFACE()
);
#648=CARTESIAN_POINT('',(-43.5000000000,-28.5000000000,30.0000000000));
#649=CARTESIAN_POINT('',(-43.5000000000,-28.5000000000,0.0000000000));
#650=CARTESIAN_POINT('',(-46.0000000000,-28.5000000000,30.0000000000));
#651=CARTESIAN_POINT('',(-46.0000000000,-28.5000000000,0.0000000000));
#652=CARTESIAN_POINT('',(-46.0000000000,-26.0000000000,30.0000000000));
#653=CARTESIAN_POINT('',(-46.0000000000,-26.0000000000,0.0000000000));

#654=CARTESIAN_POINT('',(-43.5000000000,-28.5000000000,5.0000000000));
#655=VERTEX_POINT('',#654);
#656=(
BOUNDED_CURVE()
B_SPLINE_CURVE(1,(#657,#658),.UNSPECIFIED.,.F.,.F.)
B_SPLINE_CURVE_WITH_KNOTS((2,2),(0.000,1.000),.UNSPECIFIED.)
CURVE()
GEOMETRIC_REPRESENTATION_ITEM()
RATIONAL_B_SPLINE_CURVE((1.0000000000,1.0000000000))
REPRESENTATION_ITEM('')
);
#657=CARTESIAN_POINT('',(-43.5000000000,-28.5000000000,5.0000000000));
#658=CARTESIAN_POINT('',(-43.5000000000,-28.5000000000,0.0000000000));

#659=CARTESIAN_POINT('',(-43.5000000000,-28.5000000000,0.0000000000));
#660=VERTEX_POINT('',#659);
#661=EDGE_CURVE('',#655,#660,#656,.T.);
#662=ORIENTED_EDGE('',*,*,#661,.T.);
#663=(
BOUNDED_CURVE()
B_SPLINE_CURVE(2,(#664,#665,#666),.UNSPECIFIED.,.F.,.F.)
B_SPLINE_CURVE_WITH_KNOTS((3,3),(0.000,1.000),.UNSPECIFIED.)
CURVE()
GEOMETRIC_REPRESENTATION_ITEM()
RATIONAL_B_SPLINE_CURVE((1.0000000000,0.7071067812,1.0000000000))
REPRESENTATION_ITEM('')
);
#664=CARTESIAN_POINT('',(-43.5000000000,-28.5000000000,0.0000000000));
#665=CARTESIAN_POINT('',(-45.9999999999,-28.5000000000,0.0000000000));
#666=CARTESIAN_POINT('',(-46.0000000000,-26.0000000001,0.0000000000));

#667=CARTESIAN_POINT('',(-46.0000000000,-26.0000000001,0.0000000000));
#668=VERTEX_POINT('',#667);
#669=EDGE_CURVE('',#660,#668,#663,.T.);
#670=ORIENTED_EDGE('',*,*,#669,.T.);
#671=(
BOUNDED_CURVE()
B_SPLINE_CURVE(1,(#672,#673),.UNSPECIFIED.,.F.,.F.)
B_SPLINE_CURVE_WITH_KNOTS((2,2),(0.000,1.000),.UNSPECIFIED.)
CURVE()
GEOMETRIC_REPRESENTATION_ITEM()
RATIONAL_B_SPLINE_CURVE((1.0000000000,1.0000000000))
REPRESENTATION_ITEM('')
);
#672=CARTESIAN_POINT('',(-46.0000000000,-26.0000000000,0.0000000000));
#673=CARTESIAN_POINT('',(-46.0000000000,-26.0000000000,11.8686935486));

#674=CARTESIAN_POINT('',(-46.0000000000,-26.0000000000,11.8686935486));
#675=VERTEX_POINT('',#674);
#676=EDGE_CURVE('',#668,#675,#671,.T.);
#677=ORIENTED_EDGE('',*,*,#676,.T.);
#678=(
BOUNDED_CURVE()
B_SPLINE_CURVE(2,(#679,#680,#681),.UNSPECIFIED.,.F.,.F.)
B_SPLINE_CURVE_WITH_KNOTS((3,3),(0.000,1.000),.UNSPECIFIED.)
CURVE()
GEOMETRIC_REPRESENTATION_ITEM()
RATIONAL_B_SPLINE_CURVE((0.9999999998,0.7071067813,1.0000000000))
REPRESENTATION_ITEM('')
);
#679=CARTESIAN_POINT('',(-46.0000000000,-26.0000000012,11.8686935454));
#680=CARTESIAN_POINT('',(-45.9999999988,-28.5000000000,5.0000000000));
#681=CARTESIAN_POINT('',(-43.5000000000,-28.5000000000,5.0000000000));

#682=EDGE_CURVE('',#675,#655,#678,.T.);
#683=ORIENTED_EDGE('',*,*,#682,.T.);
#684=EDGE_LOOP('',(#662,#670,#677,#683));
#685=FACE_OUTER_BOUND('',#684,.T.);
#686=ADVANCED_FACE('',(#685),#647,.T.);
#687=COLOUR_RGB('',0.39,0.39,0.39);
#688=FILL_AREA_STYLE_COLOUR('',#687);
#689=FILL_AREA_STYLE('',(#688));
#690=SURFACE_STYLE_FILL_AREA(#689);
#691=SURFACE_STYLE_TRANSPARENT(0.00);
#692=SURFACE_STYLE_RENDERING_WITH_PROPERTIES(.NORMAL_SHADING.,#687,(#691));
#693=SURFACE_SIDE_STYLE('',(#690, #692));
#694=SURFACE_STYLE_USAGE(.BOTH.,#693);
#695=PRESENTATION_STYLE_ASSIGNMENT((#694));
#696=STYLED_ITEM('',(#695),#686);

#697=(
BOUNDED_SURFACE()
B_SPLINE_SURFACE(1,1,((#698,#699),(#700,#701)),.UNSPECIFIED.,.F.,.F.,.F.)
B_SPLINE_SURFACE_WITH_KNOTS((2,2),(2,2),(0.000,1.000),(0.000,1.000),.UNSPECIFIED.)
GEOMETRIC_REPRESENTATION_ITEM()
RATIONAL_B_SPLINE_SURFACE(((1.0000000000,1.0000000000),(1.0000000000,1.0000000000)))
REPRESENTATION_ITEM('')
SURFACE()
);
#698=CARTESIAN_POINT('',(-46.0000000000,-26.0000000000,30.0000000000));
#699=CARTESIAN_POINT('',(-46.0000000000,-26.0000000000,0.0000000000));
#700=CARTESIAN_POINT('',(-46.0000000000,26.0000000000,30.0000000000));
#701=CARTESIAN_POINT('',(-46.0000000000,26.0000000000,0.0000000000));

#702=CARTESIAN_POINT('',(-46.0000000000,-19.4007441433,30.0000000000));
#703=VERTEX_POINT('',#702);
#704=(
BOUNDED_CURVE()
B_SPLINE_CURVE(1,(#705,#706),.UNSPECIFIED.,.F.,.F.)
B_SPLINE_CURVE_WITH_KNOTS((2,2),(0.000,1.000),.UNSPECIFIED.)
CURVE()
GEOMETRIC_REPRESENTATION_ITEM()
RATIONAL_B_SPLINE_CURVE((1.0000000000,1.0000000000))
REPRESENTATION_ITEM('')
);
#705=CARTESIAN_POINT('',(-46.0000000000,-19.4007441433,30.0000000000));
#706=CARTESIAN_POINT('',(-46.0000000000,-26.0000000000,11.8686935486));

#707=CARTESIAN_POINT('',(-46.0000000000,-26.0000000000,11.8686935486));
#708=VERTEX_POINT('',#707);
#709=EDGE_CURVE('',#703,#708,#704,.T.);
#710=ORIENTED_EDGE('',*,*,#709,.T.);
#711=(
BOUNDED_CURVE()
B_SPLINE_CURVE(1,(#712,#713),.UNSPECIFIED.,.F.,.F.)
B_SPLINE_CURVE_WITH_KNOTS((2,2),(0.000,1.000),.UNSPECIFIED.)
CURVE()
GEOMETRIC_REPRESENTATION_ITEM()
RATIONAL_B_SPLINE_CURVE((1.0000000000,1.0000000000))
REPRESENTATION_ITEM('')
);
#712=CARTESIAN_POINT('',(-46.0000000000,-26.0000000000,11.8686935486));
#713=CARTESIAN_POINT('',(-46.0000000000,-26.0000000000,0.0000000000));

#714=CARTESIAN_POINT('',(-46.0000000000,-26.0000000000,0.0000000000));
#715=VERTEX_POINT('',#714);
#716=EDGE_CURVE('',#708,#715,#711,.T.);
#717=ORIENTED_EDGE('',*,*,#716,.T.);
#718=(
BOUNDED_CURVE()
B_SPLINE_CURVE(1,(#719,#720),.UNSPECIFIED.,.F.,.F.)
B_SPLINE_CURVE_WITH_KNOTS((2,2),(0.000,1.000),.UNSPECIFIED.)
CURVE()
GEOMETRIC_REPRESENTATION_ITEM()
RATIONAL_B_SPLINE_CURVE((1.0000000000,1.0000000000))
REPRESENTATION_ITEM('')
);
#719=CARTESIAN_POINT('',(-46.0000000000,-26.0000000000,0.0000000000));
#720=CARTESIAN_POINT('',(-46.0000000000,26.0000000000,0.0000000000));

#721=CARTESIAN_POINT('',(-46.0000000000,26.0000000000,0.0000000000));
#722=VERTEX_POINT('',#721);
#723=EDGE_CURVE('',#715,#722,#718,.T.);
#724=ORIENTED_EDGE('',*,*,#723,.T.);
#725=(
BOUNDED_CURVE()
B_SPLINE_CURVE(1,(#726,#727),.UNSPECIFIED.,.F.,.F.)
B_SPLINE_CURVE_WITH_KNOTS((2,2),(0.000,1.000),.UNSPECIFIED.)
CURVE()
GEOMETRIC_REPRESENTATION_ITEM()
RATIONAL_B_SPLINE_CURVE((1.0000000000,1.0000000000))
REPRESENTATION_ITEM('')
);
#726=CARTESIAN_POINT('',(-46.0000000000,26.0000000000,0.0000000000));
#727=CARTESIAN_POINT('',(-46.0000000000,26.0000000000,21.8106697290));

#728=CARTESIAN_POINT('',(-46.0000000000,26.0000000000,21.8106697290));
#729=VERTEX_POINT('',#728);
#730=EDGE_CURVE('',#722,#729,#725,.T.);
#731=ORIENTED_EDGE('',*,*,#730,.T.);
#732=(
BOUNDED_CURVE()
B_SPLINE_CURVE(1,(#733,#734),.UNSPECIFIED.,.F.,.F.)
B_SPLINE_CURVE_WITH_KNOTS((2,2),(0.000,1.000),.UNSPECIFIED.)
CURVE()
GEOMETRIC_REPRESENTATION_ITEM()
RATIONAL_B_SPLINE_CURVE((1.0000000000,1.0000000000))
REPRESENTATION_ITEM('')
);
#733=CARTESIAN_POINT('',(-46.0000000000,26.0000000000,21.8106697290));
#734=CARTESIAN_POINT('',(-46.0000000000,3.5000000000,30.0000000000));

#735=CARTESIAN_POINT('',(-46.0000000000,3.5000000000,30.0000000000));
#736=VERTEX_POINT('',#735);
#737=EDGE_CURVE('',#729,#736,#732,.T.);
#738=ORIENTED_EDGE('',*,*,#737,.T.);
#739=(
BOUNDED_CURVE()
B_SPLINE_CURVE(1,(#740,#741),.UNSPECIFIED.,.F.,.F.)
B_SPLINE_CURVE_WITH_KNOTS((2,2),(0.000,1.000),.UNSPECIFIED.)
CURVE()
GEOMETRIC_REPRESENTATION_ITEM()
RATIONAL_B_SPLINE_CURVE((1.0000000000,1.0000000000))
REPRESENTATION_ITEM('')
);
#740=CARTESIAN_POINT('',(-46.0000000000,3.5000000000,30.0000000000));
#741=CARTESIAN_POINT('',(-46.0000000000,-19.4007441433,30.0000000000));

#742=EDGE_CURVE('',#736,#703,#739,.T.);
#743=ORIENTED_EDGE('',*,*,#742,.T.);
#744=EDGE_LOOP('',(#710,#717,#724,#731,#738,#743));
#745=FACE_OUTER_BOUND('',#744,.T.);
#746=ADVANCED_FACE('',(#745),#697,.T.);
#747=COLOUR_RGB('',0.39,0.39,0.39);
#748=FILL_AREA_STYLE_COLOUR('',#747);
#749=FILL_AREA_STYLE('',(#748));
#750=SURFACE_STYLE_FILL_AREA(#749);
#751=SURFACE_STYLE_TRANSPARENT(0.00);
#752=SURFACE_STYLE_RENDERING_WITH_PROPERTIES(.NORMAL_SHADING.,#747,(#751));
#753=SURFACE_SIDE_STYLE('',(#750, #752));
#754=SURFACE_STYLE_USAGE(.BOTH.,#753);
#755=PRESENTATION_STYLE_ASSIGNMENT((#754));
#756=STYLED_ITEM('',(#755),#746);

#757=(
BOUNDED_SURFACE()
B_SPLINE_SURFACE(2,1,((#758,#759),(#760,#761),(#762,#763)),.UNSPECIFIED.,.F.,.F.,.F.)
B_SPLINE_SURFACE_WITH_KNOTS((3,3),(2,2),(0.000,1.000),(0.000,1.000),.UNSPECIFIED.)
GEOMETRIC_REPRESENTATION_ITEM()
RATIONAL_B_SPLINE_SURFACE(((1.0000000000,1.0000000000),(0.7071067812,0.7071067812),(1.0000000000,1.0000000000)))
REPRESENTATION_ITEM('')
SURFACE()
);
#758=CARTESIAN_POINT('',(-46.0000000000,26.0000000000,30.0000000000));
#759=CARTESIAN_POINT('',(-46.0000000000,26.0000000000,0.0000000000));
#760=CARTESIAN_POINT('',(-46.0000000000,28.5000000000,30.0000000000));
#761=CARTESIAN_POINT('',(-46.0000000000,28.5000000000,0.0000000000));
#762=CARTESIAN_POINT('',(-43.5000000000,28.5000000000,30.0000000000));
#763=CARTESIAN_POINT('',(-43.5000000000,28.5000000000,0.0000000000));

#764=CARTESIAN_POINT('',(-46.0000000000,26.0000000000,21.8106697290));
#765=VERTEX_POINT('',#764);
#766=(
BOUNDED_CURVE()
B_SPLINE_CURVE(1,(#767,#768),.UNSPECIFIED.,.F.,.F.)
B_SPLINE_CURVE_WITH_KNOTS((2,2),(0.000,1.000),.UNSPECIFIED.)
CURVE()
GEOMETRIC_REPRESENTATION_ITEM()
RATIONAL_B_SPLINE_CURVE((1.0000000000,1.0000000000))
REPRESENTATION_ITEM('')
);
#767=CARTESIAN_POINT('',(-46.0000000000,26.0000000000,21.8106697290));
#768=CARTESIAN_POINT('',(-46.0000000000,26.0000000000,0.0000000000));

#769=CARTESIAN_POINT('',(-46.0000000000,26.0000000000,0.0000000000));
#770=VERTEX_POINT('',#769);
#771=EDGE_CURVE('',#765,#770,#766,.T.);
#772=ORIENTED_EDGE('',*,*,#771,.T.);
#773=(
BOUNDED_CURVE()
B_SPLINE_CURVE(2,(#774,#775,#776),.UNSPECIFIED.,.F.,.F.)
B_SPLINE_CURVE_WITH_KNOTS((3,3),(0.000,1.000),.UNSPECIFIED.)
CURVE()
GEOMETRIC_REPRESENTATION_ITEM()
RATIONAL_B_SPLINE_CURVE((1.0000000000,0.7071067812,1.0000000000))
REPRESENTATION_ITEM('')
);
#774=CARTESIAN_POINT('',(-46.0000000000,26.0000000000,0.0000000000));
#775=CARTESIAN_POINT('',(-46.0000000000,28.4999999999,0.0000000000));
#776=CARTESIAN_POINT('',(-43.5000000001,28.5000000000,0.0000000000));

#777=CARTESIAN_POINT('',(-43.5000000001,28.5000000000,0.0000000000));
#778=VERTEX_POINT('',#777);
#779=EDGE_CURVE('',#770,#778,#773,.T.);
#780=ORIENTED_EDGE('',*,*,#779,.T.);
#781=(
BOUNDED_CURVE()
B_SPLINE_CURVE(1,(#782,#783),.UNSPECIFIED.,.F.,.F.)
B_SPLINE_CURVE_WITH_KNOTS((2,2),(0.000,1.000),.UNSPECIFIED.)
CURVE()
GEOMETRIC_REPRESENTATION_ITEM()
RATIONAL_B_SPLINE_CURVE((1.0000000000,1.0000000000))
REPRESENTATION_ITEM('')
);
#782=CARTESIAN_POINT('',(-43.5000000000,28.5000000000,0.0000000000));
#783=CARTESIAN_POINT('',(-43.5000000000,28.5000000000,20.9007441433));

#784=CARTESIAN_POINT('',(-43.5000000000,28.5000000000,20.9007441433));
#785=VERTEX_POINT('',#784);
#786=EDGE_CURVE('',#778,#785,#781,.T.);
#787=ORIENTED_EDGE('',*,*,#786,.T.);
#788=(
BOUNDED_CURVE()
B_SPLINE_CURVE(2,(#789,#790,#791),.UNSPECIFIED.,.F.,.F.)
B_SPLINE_CURVE_WITH_KNOTS((3,3),(0.000,1.000),.UNSPECIFIED.)
CURVE()
GEOMETRIC_REPRESENTATION_ITEM()
RATIONAL_B_SPLINE_CURVE((0.9999999983,0.7071067820,1.0000000000))
REPRESENTATION_ITEM('')
);
#789=CARTESIAN_POINT('',(-43.5000000101,28.5000000000,20.9007441433));
#790=CARTESIAN_POINT('',(-46.0000000000,28.4999999899,20.9007441470));
#791=CARTESIAN_POINT('',(-46.0000000000,26.0000000000,21.8106697290));

#792=EDGE_CURVE('',#785,#765,#788,.T.);
#793=ORIENTED_EDGE('',*,*,#792,.T.);
#794=EDGE_LOOP('',(#772,#780,#787,#793));
#795=FACE_OUTER_BOUND('',#794,.T.);
#796=ADVANCED_FACE('',(#795),#757,.T.);
#797=COLOUR_RGB('',0.39,0.39,0.39);
#798=FILL_AREA_STYLE_COLOUR('',#797);
#799=FILL_AREA_STYLE('',(#798));
#800=SURFACE_STYLE_FILL_AREA(#799);
#801=SURFACE_STYLE_TRANSPARENT(0.00);
#802=SURFACE_STYLE_RENDERING_WITH_PROPERTIES(.NORMAL_SHADING.,#797,(#801));
#803=SURFACE_SIDE_STYLE('',(#800, #802));
#804=SURFACE_STYLE_USAGE(.BOTH.,#803);
#805=PRESENTATION_STYLE_ASSIGNMENT((#804));
#806=STYLED_ITEM('',(#805),#796);

#807=(
BOUNDED_SURFACE()
B_SPLINE_SURFACE(1,1,((#808,#809),(#810,#811)),.UNSPECIFIED.,.F.,.F.,.F.)
B_SPLINE_SURFACE_WITH_KNOTS((2,2),(2,2),(0.000,1.000),(0.000,1.000),.UNSPECIFIED.)
GEOMETRIC_REPRESENTATION_ITEM()
RATIONAL_B_SPLINE_SURFACE(((1.0000000000,1.0000000000),(1.0000000000,1.0000000000)))
REPRESENTATION_ITEM('')
SURFACE()
);
#808=CARTESIAN_POINT('',(38.0000000000,-20.5000000000,10.0000000000));
#809=CARTESIAN_POINT('',(-38.0000000000,-20.5000000000,10.0000000000));
#810=CARTESIAN_POINT('',(38.0000000000,20.5000000000,10.0000000000));
#811=CARTESIAN_POINT('',(-38.0000000000,20.5000000000,10.0000000000));

#812=CARTESIAN_POINT('',(-38.0000000000,-20.5000000000,10.0000000000));
#813=VERTEX_POINT('',#812);
#814=(
BOUNDED_CURVE()
B_SPLINE_CURVE(1,(#815,#816),.UNSPECIFIED.,.F.,.F.)
B_SPLINE_CURVE_WITH_KNOTS((2,2),(0.000,1.000),.UNSPECIFIED.)
CURVE()
GEOMETRIC_REPRESENTATION_ITEM()
RATIONAL_B_SPLINE_CURVE((1.0000000000,1.0000000000))
REPRESENTATION_ITEM('')
);
#815=CARTESIAN_POINT('',(-38.0000000000,-20.5000000000,10.0000000000));
#816=CARTESIAN_POINT('',(-38.0000000000,20.5000000000,10.0000000000));

#817=CARTESIAN_POINT('',(-38.0000000000,20.5000000000,10.0000000000));
#818=VERTEX_POINT('',#817);
#819=EDGE_CURVE('',#813,#818,#814,.T.);
#820=ORIENTED_EDGE('',*,*,#819,.T.);
#821=(
BOUNDED_CURVE()
B_SPLINE_CURVE(1,(#822,#823),.UNSPECIFIED.,.F.,.F.)
B_SPLINE_CURVE_WITH_KNOTS((2,2),(0.000,1.000),.UNSPECIFIED.)
CURVE()
GEOMETRIC_REPRESENTATION_ITEM()
RATIONAL_B_SPLINE_CURVE((1.0000000000,1.0000000000))
REPRESENTATION_ITEM('')
);
#822=CARTESIAN_POINT('',(-38.0000000000,20.5000000000,10.0000000000));
#823=CARTESIAN_POINT('',(38.0000000000,20.5000000000,10.0000000000));

#824=CARTESIAN_POINT('',(38.0000000000,20.5000000000,10.0000000000));
#825=VERTEX_POINT('',#824);
#826=EDGE_CURVE('',#818,#825,#821,.T.);
#827=ORIENTED_EDGE('',*,*,#826,.T.);
#828=(
BOUNDED_CURVE()
B_SPLINE_CURVE(1,(#829,#830),.UNSPECIFIED.,.F.,.F.)
B_SPLINE_CURVE_WITH_KNOTS((2,2),(0.000,1.000),.UNSPECIFIED.)
CURVE()
GEOMETRIC_REPRESENTATION_ITEM()
RATIONAL_B_SPLINE_CURVE((1.0000000000,1.0000000000))
REPRESENTATION_ITEM('')
);
#829=CARTESIAN_POINT('',(38.0000000000,20.5000000000,10.0000000000));
#830=CARTESIAN_POINT('',(38.0000000000,6.0000000000,10.0000000000));

#831=CARTESIAN_POINT('',(38.0000000000,6.0000000000,10.0000000000));
#832=VERTEX_POINT('',#831);
#833=EDGE_CURVE('',#825,#832,#828,.T.);
#834=ORIENTED_EDGE('',*,*,#833,.T.);
#835=(
BOUNDED_CURVE()
B_SPLINE_CURVE(1,(#836,#837),.UNSPECIFIED.,.F.,.F.)
B_SPLINE_CURVE_WITH_KNOTS((2,2),(0.000,1.000),.UNSPECIFIED.)
CURVE()
GEOMETRIC_REPRESENTATION_ITEM()
RATIONAL_B_SPLINE_CURVE((1.0000000000,1.0000000000))
REPRESENTATION_ITEM('')
);
#836=CARTESIAN_POINT('',(38.0000000000,6.0000000000,10.0000000000));
#837=CARTESIAN_POINT('',(31.5000000000,6.0000000000,10.0000000000));

#838=CARTESIAN_POINT('',(31.5000000000,6.0000000000,10.0000000000));
#839=VERTEX_POINT('',#838);
#840=EDGE_CURVE('',#832,#839,#835,.T.);
#841=ORIENTED_EDGE('',*,*,#840,.T.);
#842=(
BOUNDED_CURVE()
B_SPLINE_CURVE(1,(#843,#844),.UNSPECIFIED.,.F.,.F.)
B_SPLINE_CURVE_WITH_KNOTS((2,2),(0.000,1.000),.UNSPECIFIED.)
CURVE()
GEOMETRIC_REPRESENTATION_ITEM()
RATIONAL_B_SPLINE_CURVE((1.0000000000,1.0000000000))
REPRESENTATION_ITEM('')
);
#843=CARTESIAN_POINT('',(31.5000000000,6.0000000000,10.0000000000));
#844=CARTESIAN_POINT('',(31.5000000000,13.5000000000,10.0000000000));

#845=CARTESIAN_POINT('',(31.5000000000,13.5000000000,10.0000000000));
#846=VERTEX_POINT('',#845);
#847=EDGE_CURVE('',#839,#846,#842,.T.);
#848=ORIENTED_EDGE('',*,*,#847,.T.);
#849=(
BOUNDED_CURVE()
B_SPLINE_CURVE(1,(#850,#851),.UNSPECIFIED.,.F.,.F.)
B_SPLINE_CURVE_WITH_KNOTS((2,2),(0.000,1.000),.UNSPECIFIED.)
CURVE()
GEOMETRIC_REPRESENTATION_ITEM()
RATIONAL_B_SPLINE_CURVE((1.0000000000,1.0000000000))
REPRESENTATION_ITEM('')
);
#850=CARTESIAN_POINT('',(31.5000000000,13.5000000000,10.0000000000));
#851=CARTESIAN_POINT('',(22.5000000000,13.5000000000,10.0000000000));

#852=CARTESIAN_POINT('',(22.5000000000,13.5000000000,10.0000000000));
#853=VERTEX_POINT('',#852);
#854=EDGE_CURVE('',#846,#853,#849,.T.);
#855=ORIENTED_EDGE('',*,*,#854,.T.);
#856=(
BOUNDED_CURVE()
B_SPLINE_CURVE(1,(#857,#858),.UNSPECIFIED.,.F.,.F.)
B_SPLINE_CURVE_WITH_KNOTS((2,2),(0.000,1.000),.UNSPECIFIED.)
CURVE()
GEOMETRIC_REPRESENTATION_ITEM()
RATIONAL_B_SPLINE_CURVE((1.0000000000,1.0000000000))
REPRESENTATION_ITEM('')
);
#857=CARTESIAN_POINT('',(22.5000000000,13.5000000000,10.0000000000));
#858=CARTESIAN_POINT('',(22.5000000000,17.5000000000,10.0000000000));

#859=CARTESIAN_POINT('',(22.5000000000,17.5000000000,10.0000000000));
#860=VERTEX_POINT('',#859);
#861=EDGE_CURVE('',#853,#860,#856,.T.);
#862=ORIENTED_EDGE('',*,*,#861,.T.);
#863=(
BOUNDED_CURVE()
B_SPLINE_CURVE(1,(#864,#865),.UNSPECIFIED.,.F.,.F.)
B_SPLINE_CURVE_WITH_KNOTS((2,2),(0.000,1.000),.UNSPECIFIED.)
CURVE()
GEOMETRIC_REPRESENTATION_ITEM()
RATIONAL_B_SPLINE_CURVE((1.0000000000,1.0000000000))
REPRESENTATION_ITEM('')
);
#864=CARTESIAN_POINT('',(22.5000000000,17.5000000000,10.0000000000));
#865=CARTESIAN_POINT('',(-22.5000000000,17.5000000000,10.0000000000));

#866=CARTESIAN_POINT('',(-22.5000000000,17.5000000000,10.0000000000));
#867=VERTEX_POINT('',#866);
#868=EDGE_CURVE('',#860,#867,#863,.T.);
#869=ORIENTED_EDGE('',*,*,#868,.T.);
#870=(
BOUNDED_CURVE()
B_SPLINE_CURVE(1,(#871,#872),.UNSPECIFIED.,.F.,.F.)
B_SPLINE_CURVE_WITH_KNOTS((2,2),(0.000,1.000),.UNSPECIFIED.)
CURVE()
GEOMETRIC_REPRESENTATION_ITEM()
RATIONAL_B_SPLINE_CURVE((1.0000000000,1.0000000000))
REPRESENTATION_ITEM('')
);
#871=CARTESIAN_POINT('',(-22.5000000000,17.5000000000,10.0000000000));
#872=CARTESIAN_POINT('',(-22.5000000000,13.5000000000,10.0000000000));

#873=CARTESIAN_POINT('',(-22.5000000000,13.5000000000,10.0000000000));
#874=VERTEX_POINT('',#873);
#875=EDGE_CURVE('',#867,#874,#870,.T.);
#876=ORIENTED_EDGE('',*,*,#875,.T.);
#877=(
BOUNDED_CURVE()
B_SPLINE_CURVE(1,(#878,#879),.UNSPECIFIED.,.F.,.F.)
B_SPLINE_CURVE_WITH_KNOTS((2,2),(0.000,1.000),.UNSPECIFIED.)
CURVE()
GEOMETRIC_REPRESENTATION_ITEM()
RATIONAL_B_SPLINE_CURVE((1.0000000000,1.0000000000))
REPRESENTATION_ITEM('')
);
#878=CARTESIAN_POINT('',(-22.5000000000,13.5000000000,10.0000000000));
#879=CARTESIAN_POINT('',(-31.5000000000,13.5000000000,10.0000000000));

#880=CARTESIAN_POINT('',(-31.5000000000,13.5000000000,10.0000000000));
#881=VERTEX_POINT('',#880);
#882=EDGE_CURVE('',#874,#881,#877,.T.);
#883=ORIENTED_EDGE('',*,*,#882,.T.);
#884=(
BOUNDED_CURVE()
B_SPLINE_CURVE(1,(#885,#886),.UNSPECIFIED.,.F.,.F.)
B_SPLINE_CURVE_WITH_KNOTS((2,2),(0.000,1.000),.UNSPECIFIED.)
CURVE()
GEOMETRIC_REPRESENTATION_ITEM()
RATIONAL_B_SPLINE_CURVE((1.0000000000,1.0000000000))
REPRESENTATION_ITEM('')
);
#885=CARTESIAN_POINT('',(-31.5000000000,13.5000000000,10.0000000000));
#886=CARTESIAN_POINT('',(-31.5000000000,12.0000000000,10.0000000000));

#887=CARTESIAN_POINT('',(-31.5000000000,12.0000000000,10.0000000000));
#888=VERTEX_POINT('',#887);
#889=EDGE_CURVE('',#881,#888,#884,.T.);
#890=ORIENTED_EDGE('',*,*,#889,.T.);
#891=(
BOUNDED_CURVE()
B_SPLINE_CURVE(1,(#892,#893),.UNSPECIFIED.,.F.,.F.)
B_SPLINE_CURVE_WITH_KNOTS((2,2),(0.000,1.000),.UNSPECIFIED.)
CURVE()
GEOMETRIC_REPRESENTATION_ITEM()
RATIONAL_B_SPLINE_CURVE((1.0000000000,1.0000000000))
REPRESENTATION_ITEM('')
);
#892=CARTESIAN_POINT('',(-31.5000000000,12.0000000000,10.0000000000));
#893=CARTESIAN_POINT('',(-34.0000000000,12.0000000000,10.0000000000));

#894=CARTESIAN_POINT('',(-34.0000000000,12.0000000000,10.0000000000));
#895=VERTEX_POINT('',#894);
#896=EDGE_CURVE('',#888,#895,#891,.T.);
#897=ORIENTED_EDGE('',*,*,#896,.T.);
#898=(
BOUNDED_CURVE()
B_SPLINE_CURVE(1,(#899,#900),.UNSPECIFIED.,.F.,.F.)
B_SPLINE_CURVE_WITH_KNOTS((2,2),(0.000,1.000),.UNSPECIFIED.)
CURVE()
GEOMETRIC_REPRESENTATION_ITEM()
RATIONAL_B_SPLINE_CURVE((1.0000000000,1.0000000000))
REPRESENTATION_ITEM('')
);
#899=CARTESIAN_POINT('',(-34.0000000000,12.0000000000,10.0000000000));
#900=CARTESIAN_POINT('',(-34.0000000000,-12.0000000000,10.0000000000));

#901=CARTESIAN_POINT('',(-34.0000000000,-12.0000000000,10.0000000000));
#902=VERTEX_POINT('',#901);
#903=EDGE_CURVE('',#895,#902,#898,.T.);
#904=ORIENTED_EDGE('',*,*,#903,.T.);
#905=(
BOUNDED_CURVE()
B_SPLINE_CURVE(1,(#906,#907),.UNSPECIFIED.,.F.,.F.)
B_SPLINE_CURVE_WITH_KNOTS((2,2),(0.000,1.000),.UNSPECIFIED.)
CURVE()
GEOMETRIC_REPRESENTATION_ITEM()
RATIONAL_B_SPLINE_CURVE((1.0000000000,1.0000000000))
REPRESENTATION_ITEM('')
);
#906=CARTESIAN_POINT('',(-34.0000000000,-12.0000000000,10.0000000000));
#907=CARTESIAN_POINT('',(-31.5000000000,-12.0000000000,10.0000000000));

#908=CARTESIAN_POINT('',(-31.5000000000,-12.0000000000,10.0000000000));
#909=VERTEX_POINT('',#908);
#910=EDGE_CURVE('',#902,#909,#905,.T.);
#911=ORIENTED_EDGE('',*,*,#910,.T.);
#912=(
BOUNDED_CURVE()
B_SPLINE_CURVE(1,(#913,#914),.UNSPECIFIED.,.F.,.F.)
B_SPLINE_CURVE_WITH_KNOTS((2,2),(0.000,1.000),.UNSPECIFIED.)
CURVE()
GEOMETRIC_REPRESENTATION_ITEM()
RATIONAL_B_SPLINE_CURVE((1.0000000000,1.0000000000))
REPRESENTATION_ITEM('')
);
#913=CARTESIAN_POINT('',(-31.5000000000,-12.0000000000,10.0000000000));
#914=CARTESIAN_POINT('',(-31.5000000000,-13.5000000000,10.0000000000));

#915=CARTESIAN_POINT('',(-31.5000000000,-13.5000000000,10.0000000000));
#916=VERTEX_POINT('',#915);
#917=EDGE_CURVE('',#909,#916,#912,.T.);
#918=ORIENTED_EDGE('',*,*,#917,.T.);
#919=(
BOUNDED_CURVE()
B_SPLINE_CURVE(1,(#920,#921),.UNSPECIFIED.,.F.,.F.)
B_SPLINE_CURVE_WITH_KNOTS((2,2),(0.000,1.000),.UNSPECIFIED.)
CURVE()
GEOMETRIC_REPRESENTATION_ITEM()
RATIONAL_B_SPLINE_CURVE((1.0000000000,1.0000000000))
REPRESENTATION_ITEM('')
);
#920=CARTESIAN_POINT('',(-31.5000000000,-13.5000000000,10.0000000000));
#921=CARTESIAN_POINT('',(-22.5000000000,-13.5000000000,10.0000000000));

#922=CARTESIAN_POINT('',(-22.5000000000,-13.5000000000,10.0000000000));
#923=VERTEX_POINT('',#922);
#924=EDGE_CURVE('',#916,#923,#919,.T.);
#925=ORIENTED_EDGE('',*,*,#924,.T.);
#926=(
BOUNDED_CURVE()
B_SPLINE_CURVE(1,(#927,#928),.UNSPECIFIED.,.F.,.F.)
B_SPLINE_CURVE_WITH_KNOTS((2,2),(0.000,1.000),.UNSPECIFIED.)
CURVE()
GEOMETRIC_REPRESENTATION_ITEM()
RATIONAL_B_SPLINE_CURVE((1.0000000000,1.0000000000))
REPRESENTATION_ITEM('')
);
#927=CARTESIAN_POINT('',(-22.5000000000,-13.5000000000,10.0000000000));
#928=CARTESIAN_POINT('',(-22.5000000000,-17.5000000000,10.0000000000));

#929=CARTESIAN_POINT('',(-22.5000000000,-17.5000000000,10.0000000000));
#930=VERTEX_POINT('',#929);
#931=EDGE_CURVE('',#923,#930,#926,.T.);
#932=ORIENTED_EDGE('',*,*,#931,.T.);
#933=(
BOUNDED_CURVE()
B_SPLINE_CURVE(1,(#934,#935),.UNSPECIFIED.,.F.,.F.)
B_SPLINE_CURVE_WITH_KNOTS((2,2),(0.000,1.000),.UNSPECIFIED.)
CURVE()
GEOMETRIC_REPRESENTATION_ITEM()
RATIONAL_B_SPLINE_CURVE((1.0000000000,1.0000000000))
REPRESENTATION_ITEM('')
);
#934=CARTESIAN_POINT('',(-22.5000000000,-17.5000000000,10.0000000000));
#935=CARTESIAN_POINT('',(22.5000000000,-17.5000000000,10.0000000000));

#936=CARTESIAN_POINT('',(22.5000000000,-17.5000000000,10.0000000000));
#937=VERTEX_POINT('',#936);
#938=EDGE_CURVE('',#930,#937,#933,.T.);
#939=ORIENTED_EDGE('',*,*,#938,.T.);
#940=(
BOUNDED_CURVE()
B_SPLINE_CURVE(1,(#941,#942),.UNSPECIFIED.,.F.,.F.)
B_SPLINE_CURVE_WITH_KNOTS((2,2),(0.000,1.000),.UNSPECIFIED.)
CURVE()
GEOMETRIC_REPRESENTATION_ITEM()
RATIONAL_B_SPLINE_CURVE((1.0000000000,1.0000000000))
REPRESENTATION_ITEM('')
);
#941=CARTESIAN_POINT('',(22.5000000000,-17.5000000000,10.0000000000));
#942=CARTESIAN_POINT('',(22.5000000000,-13.5000000000,10.0000000000));

#943=CARTESIAN_POINT('',(22.5000000000,-13.5000000000,10.0000000000));
#944=VERTEX_POINT('',#943);
#945=EDGE_CURVE('',#937,#944,#940,.T.);
#946=ORIENTED_EDGE('',*,*,#945,.T.);
#947=(
BOUNDED_CURVE()
B_SPLINE_CURVE(1,(#948,#949),.UNSPECIFIED.,.F.,.F.)
B_SPLINE_CURVE_WITH_KNOTS((2,2),(0.000,1.000),.UNSPECIFIED.)
CURVE()
GEOMETRIC_REPRESENTATION_ITEM()
RATIONAL_B_SPLINE_CURVE((1.0000000000,1.0000000000))
REPRESENTATION_ITEM('')
);
#948=CARTESIAN_POINT('',(22.5000000000,-13.5000000000,10.0000000000));
#949=CARTESIAN_POINT('',(31.5000000000,-13.5000000000,10.0000000000));

#950=CARTESIAN_POINT('',(31.5000000000,-13.5000000000,10.0000000000));
#951=VERTEX_POINT('',#950);
#952=EDGE_CURVE('',#944,#951,#947,.T.);
#953=ORIENTED_EDGE('',*,*,#952,.T.);
#954=(
BOUNDED_CURVE()
B_SPLINE_CURVE(1,(#955,#956),.UNSPECIFIED.,.F.,.F.)
B_SPLINE_CURVE_WITH_KNOTS((2,2),(0.000,1.000),.UNSPECIFIED.)
CURVE()
GEOMETRIC_REPRESENTATION_ITEM()
RATIONAL_B_SPLINE_CURVE((1.0000000000,1.0000000000))
REPRESENTATION_ITEM('')
);
#955=CARTESIAN_POINT('',(31.5000000000,-13.5000000000,10.0000000000));
#956=CARTESIAN_POINT('',(31.5000000000,-6.0000000000,10.0000000000));

#957=CARTESIAN_POINT('',(31.5000000000,-6.0000000000,10.0000000000));
#958=VERTEX_POINT('',#957);
#959=EDGE_CURVE('',#951,#958,#954,.T.);
#960=ORIENTED_EDGE('',*,*,#959,.T.);
#961=(
BOUNDED_CURVE()
B_SPLINE_CURVE(1,(#962,#963),.UNSPECIFIED.,.F.,.F.)
B_SPLINE_CURVE_WITH_KNOTS((2,2),(0.000,1.000),.UNSPECIFIED.)
CURVE()
GEOMETRIC_REPRESENTATION_ITEM()
RATIONAL_B_SPLINE_CURVE((1.0000000000,1.0000000000))
REPRESENTATION_ITEM('')
);
#962=CARTESIAN_POINT('',(31.5000000000,-6.0000000000,10.0000000000));
#963=CARTESIAN_POINT('',(38.0000000000,-6.0000000000,10.0000000000));

#964=CARTESIAN_POINT('',(38.0000000000,-6.0000000000,10.0000000000));
#965=VERTEX_POINT('',#964);
#966=EDGE_CURVE('',#958,#965,#961,.T.);
#967=ORIENTED_EDGE('',*,*,#966,.T.);
#968=(
BOUNDED_CURVE()
B_SPLINE_CURVE(1,(#969,#970),.UNSPECIFIED.,.F.,.F.)
B_SPLINE_CURVE_WITH_KNOTS((2,2),(0.000,1.000),.UNSPECIFIED.)
CURVE()
GEOMETRIC_REPRESENTATION_ITEM()
RATIONAL_B_SPLINE_CURVE((1.0000000000,1.0000000000))
REPRESENTATION_ITEM('')
);
#969=CARTESIAN_POINT('',(38.0000000000,-6.0000000000,10.0000000000));
#970=CARTESIAN_POINT('',(38.0000000000,-20.5000000000,10.0000000000));

#971=CARTESIAN_POINT('',(38.0000000000,-20.5000000000,10.0000000000));
#972=VERTEX_POINT('',#971);
#973=EDGE_CURVE('',#965,#972,#968,.T.);
#974=ORIENTED_EDGE('',*,*,#973,.T.);
#975=(
BOUNDED_CURVE()
B_SPLINE_CURVE(1,(#976,#977),.UNSPECIFIED.,.F.,.F.)
B_SPLINE_CURVE_WITH_KNOTS((2,2),(0.000,1.000),.UNSPECIFIED.)
CURVE()
GEOMETRIC_REPRESENTATION_ITEM()
RATIONAL_B_SPLINE_CURVE((1.0000000000,1.0000000000))
REPRESENTATION_ITEM('')
);
#976=CARTESIAN_POINT('',(38.0000000000,-20.5000000000,10.0000000000));
#977=CARTESIAN_POINT('',(-38.0000000000,-20.5000000000,10.0000000000));

#978=EDGE_CURVE('',#972,#813,#975,.T.);
#979=ORIENTED_EDGE('',*,*,#978,.T.);
#980=EDGE_LOOP('',(#820,#827,#834,#841,#848,#855,#862,#869,#876,#883,#890,#897,#904,#911,#918,#925,#932,#939,#946,#953,#960,#967,#974,#979));
#981=FACE_OUTER_BOUND('',#980,.T.);
#982=CARTESIAN_POINT('',(-32.5000000000,14.0000000000,10.0000000000));
#983=VERTEX_POINT('',#982);
#984=(
BOUNDED_CURVE()
B_SPLINE_CURVE(2,(#985,#986,#987),.UNSPECIFIED.,.F.,.F.)
B_SPLINE_CURVE_WITH_KNOTS((3,3),(0.000,1.000),.UNSPECIFIED.)
CURVE()
GEOMETRIC_REPRESENTATION_ITEM()
RATIONAL_B_SPLINE_CURVE((1.0000000000,0.7071067812,1.0000000000))
REPRESENTATION_ITEM('')
);
#985=CARTESIAN_POINT('',(-32.5000000000,14.0000000000,10.0000000000));
#986=CARTESIAN_POINT('',(-31.5000000000,14.0000000000,10.0000000000));
#987=CARTESIAN_POINT('',(-31.5000000000,15.0000000000,10.0000000000));

#988=CARTESIAN_POINT('',(-31.5000000000,15.0000000000,10.0000000000));
#989=VERTEX_POINT('',#988);
#990=EDGE_CURVE('',#983,#989,#984,.T.);
#991=ORIENTED_EDGE('',*,*,#990,.T.);
#992=(
BOUNDED_CURVE()
B_SPLINE_CURVE(2,(#993,#994,#995),.UNSPECIFIED.,.F.,.F.)
B_SPLINE_CURVE_WITH_KNOTS((3,3),(0.000,1.000),.UNSPECIFIED.)
CURVE()
GEOMETRIC_REPRESENTATION_ITEM()
RATIONAL_B_SPLINE_CURVE((1.0000000000,0.7071067812,1.0000000000))
REPRESENTATION_ITEM('')
);
#993=CARTESIAN_POINT('',(-31.5000000000,15.0000000000,10.0000000000));
#994=CARTESIAN_POINT('',(-31.5000000000,16.0000000000,10.0000000000));
#995=CARTESIAN_POINT('',(-32.5000000000,16.0000000000,10.0000000000));

#996=CARTESIAN_POINT('',(-32.5000000000,16.0000000000,10.0000000000));
#997=VERTEX_POINT('',#996);
#998=EDGE_CURVE('',#989,#997,#992,.T.);
#999=ORIENTED_EDGE('',*,*,#998,.T.);
#1000=(
BOUNDED_CURVE()
B_SPLINE_CURVE(2,(#1001,#1002,#1003),.UNSPECIFIED.,.F.,.F.)
B_SPLINE_CURVE_WITH_KNOTS((3,3),(0.000,1.000),.UNSPECIFIED.)
CURVE()
GEOMETRIC_REPRESENTATION_ITEM()
RATIONAL_B_SPLINE_CURVE((1.0000000000,0.7071067812,1.0000000000))
REPRESENTATION_ITEM('')
);
#1001=CARTESIAN_POINT('',(-32.5000000000,16.0000000000,10.0000000000));
#1002=CARTESIAN_POINT('',(-33.5000000000,16.0000000000,10.0000000000));
#1003=CARTESIAN_POINT('',(-33.5000000000,15.0000000000,10.0000000000));

#1004=CARTESIAN_POINT('',(-33.5000000000,15.0000000000,10.0000000000));
#1005=VERTEX_POINT('',#1004);
#1006=EDGE_CURVE('',#997,#1005,#1000,.T.);
#1007=ORIENTED_EDGE('',*,*,#1006,.T.);
#1008=(
BOUNDED_CURVE()
B_SPLINE_CURVE(2,(#1009,#1010,#1011),.UNSPECIFIED.,.F.,.F.)
B_SPLINE_CURVE_WITH_KNOTS((3,3),(0.000,1.000),.UNSPECIFIED.)
CURVE()
GEOMETRIC_REPRESENTATION_ITEM()
RATIONAL_B_SPLINE_CURVE((1.0000000000,0.7071067812,1.0000000000))
REPRESENTATION_ITEM('')
);
#1009=CARTESIAN_POINT('',(-33.5000000000,15.0000000000,10.0000000000));
#1010=CARTESIAN_POINT('',(-33.5000000000,14.0000000000,10.0000000000));
#1011=CARTESIAN_POINT('',(-32.5000000000,14.0000000000,10.0000000000));

#1012=EDGE_CURVE('',#1005,#983,#1008,.T.);
#1013=ORIENTED_EDGE('',*,*,#1012,.T.);
#1014=EDGE_LOOP('',(#991,#999,#1007,#1013));
#1015=FACE_BOUND('',#1014,.T.);
#1016=CARTESIAN_POINT('',(32.5000000000,14.0000000000,10.0000000000));
#1017=VERTEX_POINT('',#1016);
#1018=(
BOUNDED_CURVE()
B_SPLINE_CURVE(2,(#1019,#1020,#1021),.UNSPECIFIED.,.F.,.F.)
B_SPLINE_CURVE_WITH_KNOTS((3,3),(0.000,1.000),.UNSPECIFIED.)
CURVE()
GEOMETRIC_REPRESENTATION_ITEM()
RATIONAL_B_SPLINE_CURVE((1.0000000000,0.7071067812,1.0000000000))
REPRESENTATION_ITEM('')
);
#1019=CARTESIAN_POINT('',(32.5000000000,14.0000000000,10.0000000000));
#1020=CARTESIAN_POINT('',(33.5000000000,14.0000000000,10.0000000000));
#1021=CARTESIAN_POINT('',(33.5000000000,15.0000000000,10.0000000000));

#1022=CARTESIAN_POINT('',(33.5000000000,15.0000000000,10.0000000000));
#1023=VERTEX_POINT('',#1022);
#1024=EDGE_CURVE('',#1017,#1023,#1018,.T.);
#1025=ORIENTED_EDGE('',*,*,#1024,.T.);
#1026=(
BOUNDED_CURVE()
B_SPLINE_CURVE(2,(#1027,#1028,#1029),.UNSPECIFIED.,.F.,.F.)
B_SPLINE_CURVE_WITH_KNOTS((3,3),(0.000,1.000),.UNSPECIFIED.)
CURVE()
GEOMETRIC_REPRESENTATION_ITEM()
RATIONAL_B_SPLINE_CURVE((1.0000000000,0.7071067812,1.0000000000))
REPRESENTATION_ITEM('')
);
#1027=CARTESIAN_POINT('',(33.5000000000,15.0000000000,10.0000000000));
#1028=CARTESIAN_POINT('',(33.5000000000,16.0000000000,10.0000000000));
#1029=CARTESIAN_POINT('',(32.5000000000,16.0000000000,10.0000000000));

#1030=CARTESIAN_POINT('',(32.5000000000,16.0000000000,10.0000000000));
#1031=VERTEX_POINT('',#1030);
#1032=EDGE_CURVE('',#1023,#1031,#1026,.T.);
#1033=ORIENTED_EDGE('',*,*,#1032,.T.);
#1034=(
BOUNDED_CURVE()
B_SPLINE_CURVE(2,(#1035,#1036,#1037),.UNSPECIFIED.,.F.,.F.)
B_SPLINE_CURVE_WITH_KNOTS((3,3),(0.000,1.000),.UNSPECIFIED.)
CURVE()
GEOMETRIC_REPRESENTATION_ITEM()
RATIONAL_B_SPLINE_CURVE((1.0000000000,0.7071067812,1.0000000000))
REPRESENTATION_ITEM('')
);
#1035=CARTESIAN_POINT('',(32.5000000000,16.0000000000,10.0000000000));
#1036=CARTESIAN_POINT('',(31.5000000000,16.0000000000,10.0000000000));
#1037=CARTESIAN_POINT('',(31.5000000000,15.0000000000,10.0000000000));

#1038=CARTESIAN_POINT('',(31.5000000000,15.0000000000,10.0000000000));
#1039=VERTEX_POINT('',#1038);
#1040=EDGE_CURVE('',#1031,#1039,#1034,.T.);
#1041=ORIENTED_EDGE('',*,*,#1040,.T.);
#1042=(
BOUNDED_CURVE()
B_SPLINE_CURVE(2,(#1043,#1044,#1045),.UNSPECIFIED.,.F.,.F.)
B_SPLINE_CURVE_WITH_KNOTS((3,3),(0.000,1.000),.UNSPECIFIED.)
CURVE()
GEOMETRIC_REPRESENTATION_ITEM()
RATIONAL_B_SPLINE_CURVE((1.0000000000,0.7071067812,1.0000000000))
REPRESENTATION_ITEM('')
);
#1043=CARTESIAN_POINT('',(31.5000000000,15.0000000000,10.0000000000));
#1044=CARTESIAN_POINT('',(31.5000000000,14.0000000000,10.0000000000));
#1045=CARTESIAN_POINT('',(32.5000000000,14.0000000000,10.0000000000));

#1046=EDGE_CURVE('',#1039,#1017,#1042,.T.);
#1047=ORIENTED_EDGE('',*,*,#1046,.T.);
#1048=EDGE_LOOP('',(#1025,#1033,#1041,#1047));
#1049=FACE_BOUND('',#1048,.T.);
#1050=CARTESIAN_POINT('',(-32.5000000000,-16.0000000000,10.0000000000));
#1051=VERTEX_POINT('',#1050);
#1052=(
BOUNDED_CURVE()
B_SPLINE_CURVE(2,(#1053,#1054,#1055),.UNSPECIFIED.,.F.,.F.)
B_SPLINE_CURVE_WITH_KNOTS((3,3),(0.000,1.000),.UNSPECIFIED.)
CURVE()
GEOMETRIC_REPRESENTATION_ITEM()
RATIONAL_B_SPLINE_CURVE((1.0000000000,0.7071067812,1.0000000000))
REPRESENTATION_ITEM('')
);
#1053=CARTESIAN_POINT('',(-32.5000000000,-16.0000000000,10.0000000000));
#1054=CARTESIAN_POINT('',(-31.5000000000,-16.0000000000,10.0000000000));
#1055=CARTESIAN_POINT('',(-31.5000000000,-15.0000000000,10.0000000000));

#1056=CARTESIAN_POINT('',(-31.5000000000,-15.0000000000,10.0000000000));
#1057=VERTEX_POINT('',#1056);
#1058=EDGE_CURVE('',#1051,#1057,#1052,.T.);
#1059=ORIENTED_EDGE('',*,*,#1058,.T.);
#1060=(
BOUNDED_CURVE()
B_SPLINE_CURVE(2,(#1061,#1062,#1063),.UNSPECIFIED.,.F.,.F.)
B_SPLINE_CURVE_WITH_KNOTS((3,3),(0.000,1.000),.UNSPECIFIED.)
CURVE()
GEOMETRIC_REPRESENTATION_ITEM()
RATIONAL_B_SPLINE_CURVE((1.0000000000,0.7071067812,1.0000000000))
REPRESENTATION_ITEM('')
);
#1061=CARTESIAN_POINT('',(-31.5000000000,-15.0000000000,10.0000000000));
#1062=CARTESIAN_POINT('',(-31.5000000000,-14.0000000000,10.0000000000));
#1063=CARTESIAN_POINT('',(-32.5000000000,-14.0000000000,10.0000000000));

#1064=CARTESIAN_POINT('',(-32.5000000000,-14.0000000000,10.0000000000));
#1065=VERTEX_POINT('',#1064);
#1066=EDGE_CURVE('',#1057,#1065,#1060,.T.);
#1067=ORIENTED_EDGE('',*,*,#1066,.T.);
#1068=(
BOUNDED_CURVE()
B_SPLINE_CURVE(2,(#1069,#1070,#1071),.UNSPECIFIED.,.F.,.F.)
B_SPLINE_CURVE_WITH_KNOTS((3,3),(0.000,1.000),.UNSPECIFIED.)
CURVE()
GEOMETRIC_REPRESENTATION_ITEM()
RATIONAL_B_SPLINE_CURVE((1.0000000000,0.7071067812,1.0000000000))
REPRESENTATION_ITEM('')
);
#1069=CARTESIAN_POINT('',(-32.5000000000,-14.0000000000,10.0000000000));
#1070=CARTESIAN_POINT('',(-33.5000000000,-14.0000000000,10.0000000000));
#1071=CARTESIAN_POINT('',(-33.5000000000,-15.0000000000,10.0000000000));

#1072=CARTESIAN_POINT('',(-33.5000000000,-15.0000000000,10.0000000000));
#1073=VERTEX_POINT('',#1072);
#1074=EDGE_CURVE('',#1065,#1073,#1068,.T.);
#1075=ORIENTED_EDGE('',*,*,#1074,.T.);
#1076=(
BOUNDED_CURVE()
B_SPLINE_CURVE(2,(#1077,#1078,#1079),.UNSPECIFIED.,.F.,.F.)
B_SPLINE_CURVE_WITH_KNOTS((3,3),(0.000,1.000),.UNSPECIFIED.)
CURVE()
GEOMETRIC_REPRESENTATION_ITEM()
RATIONAL_B_SPLINE_CURVE((1.0000000000,0.7071067812,1.0000000000))
REPRESENTATION_ITEM('')
);
#1077=CARTESIAN_POINT('',(-33.5000000000,-15.0000000000,10.0000000000));
#1078=CARTESIAN_POINT('',(-33.5000000000,-16.0000000000,10.0000000000));
#1079=CARTESIAN_POINT('',(-32.5000000000,-16.0000000000,10.0000000000));

#1080=EDGE_CURVE('',#1073,#1051,#1076,.T.);
#1081=ORIENTED_EDGE('',*,*,#1080,.T.);
#1082=EDGE_LOOP('',(#1059,#1067,#1075,#1081));
#1083=FACE_BOUND('',#1082,.T.);
#1084=CARTESIAN_POINT('',(32.5000000000,-16.0000000000,10.0000000000));
#1085=VERTEX_POINT('',#1084);
#1086=(
BOUNDED_CURVE()
B_SPLINE_CURVE(2,(#1087,#1088,#1089),.UNSPECIFIED.,.F.,.F.)
B_SPLINE_CURVE_WITH_KNOTS((3,3),(0.000,1.000),.UNSPECIFIED.)
CURVE()
GEOMETRIC_REPRESENTATION_ITEM()
RATIONAL_B_SPLINE_CURVE((1.0000000000,0.7071067812,1.0000000000))
REPRESENTATION_ITEM('')
);
#1087=CARTESIAN_POINT('',(32.5000000000,-16.0000000000,10.0000000000));
#1088=CARTESIAN_POINT('',(33.5000000000,-16.0000000000,10.0000000000));
#1089=CARTESIAN_POINT('',(33.5000000000,-15.0000000000,10.0000000000));

#1090=CARTESIAN_POINT('',(33.5000000000,-15.0000000000,10.0000000000));
#1091=VERTEX_POINT('',#1090);
#1092=EDGE_CURVE('',#1085,#1091,#1086,.T.);
#1093=ORIENTED_EDGE('',*,*,#1092,.T.);
#1094=(
BOUNDED_CURVE()
B_SPLINE_CURVE(2,(#1095,#1096,#1097),.UNSPECIFIED.,.F.,.F.)
B_SPLINE_CURVE_WITH_KNOTS((3,3),(0.000,1.000),.UNSPECIFIED.)
CURVE()
GEOMETRIC_REPRESENTATION_ITEM()
RATIONAL_B_SPLINE_CURVE((1.0000000000,0.7071067812,1.0000000000))
REPRESENTATION_ITEM('')
);
#1095=CARTESIAN_POINT('',(33.5000000000,-15.0000000000,10.0000000000));
#1096=CARTESIAN_POINT('',(33.5000000000,-14.0000000000,10.0000000000));
#1097=CARTESIAN_POINT('',(32.5000000000,-14.0000000000,10.0000000000));

#1098=CARTESIAN_POINT('',(32.5000000000,-14.0000000000,10.0000000000));
#1099=VERTEX_POINT('',#1098);
#1100=EDGE_CURVE('',#1091,#1099,#1094,.T.);
#1101=ORIENTED_EDGE('',*,*,#1100,.T.);
#1102=(
BOUNDED_CURVE()
B_SPLINE_CURVE(2,(#1103,#1104,#1105),.UNSPECIFIED.,.F.,.F.)
B_SPLINE_CURVE_WITH_KNOTS((3,3),(0.000,1.000),.UNSPECIFIED.)
CURVE()
GEOMETRIC_REPRESENTATION_ITEM()
RATIONAL_B_SPLINE_CURVE((1.0000000000,0.7071067812,1.0000000000))
REPRESENTATION_ITEM('')
);
#1103=CARTESIAN_POINT('',(32.5000000000,-14.0000000000,10.0000000000));
#1104=CARTESIAN_POINT('',(31.5000000000,-14.0000000000,10.0000000000));
#1105=CARTESIAN_POINT('',(31.5000000000,-15.0000000000,10.0000000000));

#1106=CARTESIAN_POINT('',(31.5000000000,-15.0000000000,10.0000000000));
#1107=VERTEX_POINT('',#1106);
#1108=EDGE_CURVE('',#1099,#1107,#1102,.T.);
#1109=ORIENTED_EDGE('',*,*,#1108,.T.);
#1110=(
BOUNDED_CURVE()
B_SPLINE_CURVE(2,(#1111,#1112,#1113),.UNSPECIFIED.,.F.,.F.)
B_SPLINE_CURVE_WITH_KNOTS((3,3),(0.000,1.000),.UNSPECIFIED.)
CURVE()
GEOMETRIC_REPRESENTATION_ITEM()
RATIONAL_B_SPLINE_CURVE((1.0000000000,0.7071067812,1.0000000000))
REPRESENTATION_ITEM('')
);
#1111=CARTESIAN_POINT('',(31.5000000000,-15.0000000000,10.0000000000));
#1112=CARTESIAN_POINT('',(31.5000000000,-16.0000000000,10.0000000000));
#1113=CARTESIAN_POINT('',(32.5000000000,-16.0000000000,10.0000000000));

#1114=EDGE_CURVE('',#1107,#1085,#1110,.T.);
#1115=ORIENTED_EDGE('',*,*,#1114,.T.);
#1116=EDGE_LOOP('',(#1093,#1101,#1109,#1115));
#1117=FACE_BOUND('',#1116,.T.);
#1118=ADVANCED_FACE('',(#981,#1015,#1049,#1083,#1117),#807,.T.);
#1119=COLOUR_RGB('',0.39,0.39,0.39);
#1120=FILL_AREA_STYLE_COLOUR('',#1119);
#1121=FILL_AREA_STYLE('',(#1120));
#1122=SURFACE_STYLE_FILL_AREA(#1121);
#1123=SURFACE_STYLE_TRANSPARENT(0.00);
#1124=SURFACE_STYLE_RENDERING_WITH_PROPERTIES(.NORMAL_SHADING.,#1119,(#1123));
#1125=SURFACE_SIDE_STYLE('',(#1122, #1124));
#1126=SURFACE_STYLE_USAGE(.BOTH.,#1125);
#1127=PRESENTATION_STYLE_ASSIGNMENT((#1126));
#1128=STYLED_ITEM('',(#1127),#1118);

#1129=(
BOUNDED_SURFACE()
B_SPLINE_SURFACE(1,1,((#1130,#1131),(#1132,#1133)),.UNSPECIFIED.,.F.,.F.,.F.)
B_SPLINE_SURFACE_WITH_KNOTS((2,2),(2,2),(0.000,1.000),(0.000,1.000),.UNSPECIFIED.)
GEOMETRIC_REPRESENTATION_ITEM()
RATIONAL_B_SPLINE_SURFACE(((1.0000000000,1.0000000000),(1.0000000000,1.0000000000)))
REPRESENTATION_ITEM('')
SURFACE()
);
#1130=CARTESIAN_POINT('',(-38.0000000000,-20.5000000000,30.0000000000));
#1131=CARTESIAN_POINT('',(-38.0000000000,-20.5000000000,10.0000000000));
#1132=CARTESIAN_POINT('',(38.0000000000,-20.5000000000,30.0000000000));
#1133=CARTESIAN_POINT('',(38.0000000000,-20.5000000000,10.0000000000));

#1134=CARTESIAN_POINT('',(-38.0000000000,-20.5000000000,26.9798193556));
#1135=VERTEX_POINT('',#1134);
#1136=(
BOUNDED_CURVE()
B_SPLINE_CURVE(1,(#1137,#1138),.UNSPECIFIED.,.F.,.F.)
B_SPLINE_CURVE_WITH_KNOTS((2,2),(0.000,1.000),.UNSPECIFIED.)
CURVE()
GEOMETRIC_REPRESENTATION_ITEM()
RATIONAL_B_SPLINE_CURVE((1.0000000000,1.0000000000))
REPRESENTATION_ITEM('')
);
#1137=CARTESIAN_POINT('',(-38.0000000000,-20.5000000000,26.9798193556));
#1138=CARTESIAN_POINT('',(-38.0000000000,-20.5000000000,10.0000000000));

#1139=CARTESIAN_POINT('',(-38.0000000000,-20.5000000000,10.0000000000));
#1140=VERTEX_POINT('',#1139);
#1141=EDGE_CURVE('',#1135,#1140,#1136,.T.);
#1142=ORIENTED_EDGE('',*,*,#1141,.T.);
#1143=(
BOUNDED_CURVE()
B_SPLINE_CURVE(1,(#1144,#1145),.UNSPECIFIED.,.F.,.F.)
B_SPLINE_CURVE_WITH_KNOTS((2,2),(0.000,1.000),.UNSPECIFIED.)
CURVE()
GEOMETRIC_REPRESENTATION_ITEM()
RATIONAL_B_SPLINE_CURVE((1.0000000000,1.0000000000))
REPRESENTATION_ITEM('')
);
#1144=CARTESIAN_POINT('',(-38.0000000000,-20.5000000000,10.0000000000));
#1145=CARTESIAN_POINT('',(38.0000000000,-20.5000000000,10.0000000000));

#1146=CARTESIAN_POINT('',(38.0000000000,-20.5000000000,10.0000000000));
#1147=VERTEX_POINT('',#1146);
#1148=EDGE_CURVE('',#1140,#1147,#1143,.T.);
#1149=ORIENTED_EDGE('',*,*,#1148,.T.);
#1150=(
BOUNDED_CURVE()
B_SPLINE_CURVE(1,(#1151,#1152),.UNSPECIFIED.,.F.,.F.)
B_SPLINE_CURVE_WITH_KNOTS((2,2),(0.000,1.000),.UNSPECIFIED.)
CURVE()
GEOMETRIC_REPRESENTATION_ITEM()
RATIONAL_B_SPLINE_CURVE((1.0000000000,1.0000000000))
REPRESENTATION_ITEM('')
);
#1151=CARTESIAN_POINT('',(38.0000000000,-20.5000000000,10.0000000000));
#1152=CARTESIAN_POINT('',(38.0000000000,-20.5000000000,26.9798193556));

#1153=CARTESIAN_POINT('',(38.0000000000,-20.5000000000,26.9798193556));
#1154=VERTEX_POINT('',#1153);
#1155=EDGE_CURVE('',#1147,#1154,#1150,.T.);
#1156=ORIENTED_EDGE('',*,*,#1155,.T.);
#1157=(
BOUNDED_CURVE()
B_SPLINE_CURVE(1,(#1158,#1159),.UNSPECIFIED.,.F.,.F.)
B_SPLINE_CURVE_WITH_KNOTS((2,2),(0.000,1.000),.UNSPECIFIED.)
CURVE()
GEOMETRIC_REPRESENTATION_ITEM()
RATIONAL_B_SPLINE_CURVE((1.0000000000,1.0000000000))
REPRESENTATION_ITEM('')
);
#1158=CARTESIAN_POINT('',(38.0000000000,-20.5000000000,26.9798193556));
#1159=CARTESIAN_POINT('',(-38.0000000000,-20.5000000000,26.9798193556));

#1160=EDGE_CURVE('',#1154,#1135,#1157,.T.);
#1161=ORIENTED_EDGE('',*,*,#1160,.T.);
#1162=EDGE_LOOP('',(#1142,#1149,#1156,#1161));
#1163=FACE_OUTER_BOUND('',#1162,.T.);
#1164=ADVANCED_FACE('',(#1163),#1129,.T.);
#1165=COLOUR_RGB('',0.39,0.39,0.39);
#1166=FILL_AREA_STYLE_COLOUR('',#1165);
#1167=FILL_AREA_STYLE('',(#1166));
#1168=SURFACE_STYLE_FILL_AREA(#1167);
#1169=SURFACE_STYLE_TRANSPARENT(0.00);
#1170=SURFACE_STYLE_RENDERING_WITH_PROPERTIES(.NORMAL_SHADING.,#1165,(#1169));
#1171=SURFACE_SIDE_STYLE('',(#1168, #1170));
#1172=SURFACE_STYLE_USAGE(.BOTH.,#1171);
#1173=PRESENTATION_STYLE_ASSIGNMENT((#1172));
#1174=STYLED_ITEM('',(#1173),#1164);

#1175=(
BOUNDED_SURFACE()
B_SPLINE_SURFACE(1,1,((#1176,#1177),(#1178,#1179)),.UNSPECIFIED.,.F.,.F.,.F.)
B_SPLINE_SURFACE_WITH_KNOTS((2,2),(2,2),(0.000,1.000),(0.000,1.000),.UNSPECIFIED.)
GEOMETRIC_REPRESENTATION_ITEM()
RATIONAL_B_SPLINE_SURFACE(((1.0000000000,1.0000000000),(1.0000000000,1.0000000000)))
REPRESENTATION_ITEM('')
SURFACE()
);
#1176=CARTESIAN_POINT('',(-38.0000000000,20.5000000000,30.0000000000));
#1177=CARTESIAN_POINT('',(-38.0000000000,20.5000000000,10.0000000000));
#1178=CARTESIAN_POINT('',(-38.0000000000,-20.5000000000,30.0000000000));
#1179=CARTESIAN_POINT('',(-38.0000000000,-20.5000000000,10.0000000000));

#1180=CARTESIAN_POINT('',(-38.0000000000,20.5000000000,23.8125060175));
#1181=VERTEX_POINT('',#1180);
#1182=(
BOUNDED_CURVE()
B_SPLINE_CURVE(1,(#1183,#1184),.UNSPECIFIED.,.F.,.F.)
B_SPLINE_CURVE_WITH_KNOTS((2,2),(0.000,1.000),.UNSPECIFIED.)
CURVE()
GEOMETRIC_REPRESENTATION_ITEM()
RATIONAL_B_SPLINE_CURVE((1.0000000000,1.0000000000))
REPRESENTATION_ITEM('')
);
#1183=CARTESIAN_POINT('',(-38.0000000000,20.5000000000,23.8125060175));
#1184=CARTESIAN_POINT('',(-38.0000000000,20.5000000000,10.0000000000));

#1185=CARTESIAN_POINT('',(-38.0000000000,20.5000000000,10.0000000000));
#1186=VERTEX_POINT('',#1185);
#1187=EDGE_CURVE('',#1181,#1186,#1182,.T.);
#1188=ORIENTED_EDGE('',*,*,#1187,.T.);
#1189=(
BOUNDED_CURVE()
B_SPLINE_CURVE(1,(#1190,#1191),.UNSPECIFIED.,.F.,.F.)
B_SPLINE_CURVE_WITH_KNOTS((2,2),(0.000,1.000),.UNSPECIFIED.)
CURVE()
GEOMETRIC_REPRESENTATION_ITEM()
RATIONAL_B_SPLINE_CURVE((1.0000000000,1.0000000000))
REPRESENTATION_ITEM('')
);
#1190=CARTESIAN_POINT('',(-38.0000000000,20.5000000000,10.0000000000));
#1191=CARTESIAN_POINT('',(-38.0000000000,-20.5000000000,10.0000000000));

#1192=CARTESIAN_POINT('',(-38.0000000000,-20.5000000000,10.0000000000));
#1193=VERTEX_POINT('',#1192);
#1194=EDGE_CURVE('',#1186,#1193,#1189,.T.);
#1195=ORIENTED_EDGE('',*,*,#1194,.T.);
#1196=(
BOUNDED_CURVE()
B_SPLINE_CURVE(1,(#1197,#1198),.UNSPECIFIED.,.F.,.F.)
B_SPLINE_CURVE_WITH_KNOTS((2,2),(0.000,1.000),.UNSPECIFIED.)
CURVE()
GEOMETRIC_REPRESENTATION_ITEM()
RATIONAL_B_SPLINE_CURVE((1.0000000000,1.0000000000))
REPRESENTATION_ITEM('')
);
#1197=CARTESIAN_POINT('',(-38.0000000000,-20.5000000000,10.0000000000));
#1198=CARTESIAN_POINT('',(-38.0000000000,-20.5000000000,26.9798193556));

#1199=CARTESIAN_POINT('',(-38.0000000000,-20.5000000000,26.9798193556));
#1200=VERTEX_POINT('',#1199);
#1201=EDGE_CURVE('',#1193,#1200,#1196,.T.);
#1202=ORIENTED_EDGE('',*,*,#1201,.T.);
#1203=(
BOUNDED_CURVE()
B_SPLINE_CURVE(1,(#1204,#1205),.UNSPECIFIED.,.F.,.F.)
B_SPLINE_CURVE_WITH_KNOTS((2,2),(0.000,1.000),.UNSPECIFIED.)
CURVE()
GEOMETRIC_REPRESENTATION_ITEM()
RATIONAL_B_SPLINE_CURVE((1.0000000000,1.0000000000))
REPRESENTATION_ITEM('')
);
#1204=CARTESIAN_POINT('',(-38.0000000000,-20.5000000000,26.9798193556));
#1205=CARTESIAN_POINT('',(-38.0000000000,-19.4007441433,30.0000000000));

#1206=CARTESIAN_POINT('',(-38.0000000000,-19.4007441433,30.0000000000));
#1207=VERTEX_POINT('',#1206);
#1208=EDGE_CURVE('',#1200,#1207,#1203,.T.);
#1209=ORIENTED_EDGE('',*,*,#1208,.T.);
#1210=(
BOUNDED_CURVE()
B_SPLINE_CURVE(1,(#1211,#1212),.UNSPECIFIED.,.F.,.F.)
B_SPLINE_CURVE_WITH_KNOTS((2,2),(0.000,1.000),.UNSPECIFIED.)
CURVE()
GEOMETRIC_REPRESENTATION_ITEM()
RATIONAL_B_SPLINE_CURVE((1.0000000000,1.0000000000))
REPRESENTATION_ITEM('')
);
#1211=CARTESIAN_POINT('',(-38.0000000000,-19.4007441433,30.0000000000));
#1212=CARTESIAN_POINT('',(-38.0000000000,3.5000000000,30.0000000000));

#1213=CARTESIAN_POINT('',(-38.0000000000,3.5000000000,30.0000000000));
#1214=VERTEX_POINT('',#1213);
#1215=EDGE_CURVE('',#1207,#1214,#1210,.T.);
#1216=ORIENTED_EDGE('',*,*,#1215,.T.);
#1217=(
BOUNDED_CURVE()
B_SPLINE_CURVE(1,(#1218,#1219),.UNSPECIFIED.,.F.,.F.)
B_SPLINE_CURVE_WITH_KNOTS((2,2),(0.000,1.000),.UNSPECIFIED.)
CURVE()
GEOMETRIC_REPRESENTATION_ITEM()
RATIONAL_B_SPLINE_CURVE((1.0000000000,1.0000000000))
REPRESENTATION_ITEM('')
);
#1218=CARTESIAN_POINT('',(-38.0000000000,3.5000000000,30.0000000000));
#1219=CARTESIAN_POINT('',(-38.0000000000,20.5000000000,23.8125060175));

#1220=EDGE_CURVE('',#1214,#1181,#1217,.T.);
#1221=ORIENTED_EDGE('',*,*,#1220,.T.);
#1222=EDGE_LOOP('',(#1188,#1195,#1202,#1209,#1216,#1221));
#1223=FACE_OUTER_BOUND('',#1222,.T.);
#1224=ADVANCED_FACE('',(#1223),#1175,.T.);
#1225=COLOUR_RGB('',0.39,0.39,0.39);
#1226=FILL_AREA_STYLE_COLOUR('',#1225);
#1227=FILL_AREA_STYLE('',(#1226));
#1228=SURFACE_STYLE_FILL_AREA(#1227);
#1229=SURFACE_STYLE_TRANSPARENT(0.00);
#1230=SURFACE_STYLE_RENDERING_WITH_PROPERTIES(.NORMAL_SHADING.,#1225,(#1229));
#1231=SURFACE_SIDE_STYLE('',(#1228, #1230));
#1232=SURFACE_STYLE_USAGE(.BOTH.,#1231);
#1233=PRESENTATION_STYLE_ASSIGNMENT((#1232));
#1234=STYLED_ITEM('',(#1233),#1224);

#1235=(
BOUNDED_SURFACE()
B_SPLINE_SURFACE(1,1,((#1236,#1237),(#1238,#1239)),.UNSPECIFIED.,.F.,.F.,.F.)
B_SPLINE_SURFACE_WITH_KNOTS((2,2),(2,2),(0.000,1.000),(0.000,1.000),.UNSPECIFIED.)
GEOMETRIC_REPRESENTATION_ITEM()
RATIONAL_B_SPLINE_SURFACE(((1.0000000000,1.0000000000),(1.0000000000,1.0000000000)))
REPRESENTATION_ITEM('')
SURFACE()
);
#1236=CARTESIAN_POINT('',(38.0000000000,20.5000000000,30.0000000000));
#1237=CARTESIAN_POINT('',(38.0000000000,20.5000000000,10.0000000000));
#1238=CARTESIAN_POINT('',(-38.0000000000,20.5000000000,30.0000000000));
#1239=CARTESIAN_POINT('',(-38.0000000000,20.5000000000,10.0000000000));

#1240=CARTESIAN_POINT('',(38.0000000000,20.5000000000,23.8125060175));
#1241=VERTEX_POINT('',#1240);
#1242=(
BOUNDED_CURVE()
B_SPLINE_CURVE(1,(#1243,#1244),.UNSPECIFIED.,.F.,.F.)
B_SPLINE_CURVE_WITH_KNOTS((2,2),(0.000,1.000),.UNSPECIFIED.)
CURVE()
GEOMETRIC_REPRESENTATION_ITEM()
RATIONAL_B_SPLINE_CURVE((1.0000000000,1.0000000000))
REPRESENTATION_ITEM('')
);
#1243=CARTESIAN_POINT('',(38.0000000000,20.5000000000,23.8125060175));
#1244=CARTESIAN_POINT('',(38.0000000000,20.5000000000,10.0000000000));

#1245=CARTESIAN_POINT('',(38.0000000000,20.5000000000,10.0000000000));
#1246=VERTEX_POINT('',#1245);
#1247=EDGE_CURVE('',#1241,#1246,#1242,.T.);
#1248=ORIENTED_EDGE('',*,*,#1247,.T.);
#1249=(
BOUNDED_CURVE()
B_SPLINE_CURVE(1,(#1250,#1251),.UNSPECIFIED.,.F.,.F.)
B_SPLINE_CURVE_WITH_KNOTS((2,2),(0.000,1.000),.UNSPECIFIED.)
CURVE()
GEOMETRIC_REPRESENTATION_ITEM()
RATIONAL_B_SPLINE_CURVE((1.0000000000,1.0000000000))
REPRESENTATION_ITEM('')
);
#1250=CARTESIAN_POINT('',(38.0000000000,20.5000000000,10.0000000000));
#1251=CARTESIAN_POINT('',(-38.0000000000,20.5000000000,10.0000000000));

#1252=CARTESIAN_POINT('',(-38.0000000000,20.5000000000,10.0000000000));
#1253=VERTEX_POINT('',#1252);
#1254=EDGE_CURVE('',#1246,#1253,#1249,.T.);
#1255=ORIENTED_EDGE('',*,*,#1254,.T.);
#1256=(
BOUNDED_CURVE()
B_SPLINE_CURVE(1,(#1257,#1258),.UNSPECIFIED.,.F.,.F.)
B_SPLINE_CURVE_WITH_KNOTS((2,2),(0.000,1.000),.UNSPECIFIED.)
CURVE()
GEOMETRIC_REPRESENTATION_ITEM()
RATIONAL_B_SPLINE_CURVE((1.0000000000,1.0000000000))
REPRESENTATION_ITEM('')
);
#1257=CARTESIAN_POINT('',(-38.0000000000,20.5000000000,10.0000000000));
#1258=CARTESIAN_POINT('',(-38.0000000000,20.5000000000,23.8125060175));

#1259=CARTESIAN_POINT('',(-38.0000000000,20.5000000000,23.8125060175));
#1260=VERTEX_POINT('',#1259);
#1261=EDGE_CURVE('',#1253,#1260,#1256,.T.);
#1262=ORIENTED_EDGE('',*,*,#1261,.T.);
#1263=(
BOUNDED_CURVE()
B_SPLINE_CURVE(1,(#1264,#1265),.UNSPECIFIED.,.F.,.F.)
B_SPLINE_CURVE_WITH_KNOTS((2,2),(0.000,1.000),.UNSPECIFIED.)
CURVE()
GEOMETRIC_REPRESENTATION_ITEM()
RATIONAL_B_SPLINE_CURVE((1.0000000000,1.0000000000))
REPRESENTATION_ITEM('')
);
#1264=CARTESIAN_POINT('',(-38.0000000000,20.5000000000,23.8125060175));
#1265=CARTESIAN_POINT('',(38.0000000000,20.5000000000,23.8125060175));

#1266=EDGE_CURVE('',#1260,#1241,#1263,.T.);
#1267=ORIENTED_EDGE('',*,*,#1266,.T.);
#1268=EDGE_LOOP('',(#1248,#1255,#1262,#1267));
#1269=FACE_OUTER_BOUND('',#1268,.T.);
#1270=ADVANCED_FACE('',(#1269),#1235,.T.);
#1271=COLOUR_RGB('',0.39,0.39,0.39);
#1272=FILL_AREA_STYLE_COLOUR('',#1271);
#1273=FILL_AREA_STYLE('',(#1272));
#1274=SURFACE_STYLE_FILL_AREA(#1273);
#1275=SURFACE_STYLE_TRANSPARENT(0.00);
#1276=SURFACE_STYLE_RENDERING_WITH_PROPERTIES(.NORMAL_SHADING.,#1271,(#1275));
#1277=SURFACE_SIDE_STYLE('',(#1274, #1276));
#1278=SURFACE_STYLE_USAGE(.BOTH.,#1277);
#1279=PRESENTATION_STYLE_ASSIGNMENT((#1278));
#1280=STYLED_ITEM('',(#1279),#1270);

#1281=(
BOUNDED_SURFACE()
B_SPLINE_SURFACE(1,1,((#1282,#1283),(#1284,#1285)),.UNSPECIFIED.,.F.,.F.,.F.)
B_SPLINE_SURFACE_WITH_KNOTS((2,2),(2,2),(0.000,1.000),(0.000,1.000),.UNSPECIFIED.)
GEOMETRIC_REPRESENTATION_ITEM()
RATIONAL_B_SPLINE_SURFACE(((1.0000000000,1.0000000000),(1.0000000000,1.0000000000)))
REPRESENTATION_ITEM('')
SURFACE()
);
#1282=CARTESIAN_POINT('',(38.0000000000,-21.5960000041,31.0960000041));
#1283=CARTESIAN_POINT('',(38.0000000000,-21.5960000041,-0.0960000041));
#1284=CARTESIAN_POINT('',(38.0000000000,21.5960000041,31.0960000041));
#1285=CARTESIAN_POINT('',(38.0000000000,21.5960000041,-0.0960000041));

#1286=CARTESIAN_POINT('',(38.0000000000,-20.5000000000,26.9798193556));
#1287=VERTEX_POINT('',#1286);
#1288=(
BOUNDED_CURVE()
B_SPLINE_CURVE(1,(#1289,#1290),.UNSPECIFIED.,.F.,.F.)
B_SPLINE_CURVE_WITH_KNOTS((2,2),(0.000,1.000),.UNSPECIFIED.)
CURVE()
GEOMETRIC_REPRESENTATION_ITEM()
RATIONAL_B_SPLINE_CURVE((1.0000000000,1.0000000000))
REPRESENTATION_ITEM('')
);
#1289=CARTESIAN_POINT('',(38.0000000000,-20.5000000000,26.9798193556));
#1290=CARTESIAN_POINT('',(38.0000000000,-20.5000000000,10.0000000000));

#1291=CARTESIAN_POINT('',(38.0000000000,-20.5000000000,10.0000000000));
#1292=VERTEX_POINT('',#1291);
#1293=EDGE_CURVE('',#1287,#1292,#1288,.T.);
#1294=ORIENTED_EDGE('',*,*,#1293,.T.);
#1295=(
BOUNDED_CURVE()
B_SPLINE_CURVE(1,(#1296,#1297),.UNSPECIFIED.,.F.,.F.)
B_SPLINE_CURVE_WITH_KNOTS((2,2),(0.000,1.000),.UNSPECIFIED.)
CURVE()
GEOMETRIC_REPRESENTATION_ITEM()
RATIONAL_B_SPLINE_CURVE((1.0000000000,1.0000000000))
REPRESENTATION_ITEM('')
);
#1296=CARTESIAN_POINT('',(38.0000000000,-20.5000000000,10.0000000000));
#1297=CARTESIAN_POINT('',(38.0000000000,-6.0000000000,10.0000000000));

#1298=CARTESIAN_POINT('',(38.0000000000,-6.0000000000,10.0000000000));
#1299=VERTEX_POINT('',#1298);
#1300=EDGE_CURVE('',#1292,#1299,#1295,.T.);
#1301=ORIENTED_EDGE('',*,*,#1300,.T.);
#1302=(
BOUNDED_CURVE()
B_SPLINE_CURVE(1,(#1303,#1304),.UNSPECIFIED.,.F.,.F.)
B_SPLINE_CURVE_WITH_KNOTS((2,2),(0.000,1.000),.UNSPECIFIED.)
CURVE()
GEOMETRIC_REPRESENTATION_ITEM()
RATIONAL_B_SPLINE_CURVE((1.0000000000,1.0000000000))
REPRESENTATION_ITEM('')
);
#1303=CARTESIAN_POINT('',(38.0000000000,-6.0000000000,10.0000000000));
#1304=CARTESIAN_POINT('',(38.0000000000,-6.0000000000,1.0000000000));

#1305=CARTESIAN_POINT('',(38.0000000000,-6.0000000000,1.0000000000));
#1306=VERTEX_POINT('',#1305);
#1307=EDGE_CURVE('',#1299,#1306,#1302,.T.);
#1308=ORIENTED_EDGE('',*,*,#1307,.T.);
#1309=(
BOUNDED_CURVE()
B_SPLINE_CURVE(1,(#1310,#1311),.UNSPECIFIED.,.F.,.F.)
B_SPLINE_CURVE_WITH_KNOTS((2,2),(0.000,1.000),.UNSPECIFIED.)
CURVE()
GEOMETRIC_REPRESENTATION_ITEM()
RATIONAL_B_SPLINE_CURVE((1.0000000000,1.0000000000))
REPRESENTATION_ITEM('')
);
#1310=CARTESIAN_POINT('',(38.0000000000,-6.0000000000,1.0000000000));
#1311=CARTESIAN_POINT('',(38.0000000000,6.0000000000,1.0000000000));

#1312=CARTESIAN_POINT('',(38.0000000000,6.0000000000,1.0000000000));
#1313=VERTEX_POINT('',#1312);
#1314=EDGE_CURVE('',#1306,#1313,#1309,.T.);
#1315=ORIENTED_EDGE('',*,*,#1314,.T.);
#1316=(
BOUNDED_CURVE()
B_SPLINE_CURVE(1,(#1317,#1318),.UNSPECIFIED.,.F.,.F.)
B_SPLINE_CURVE_WITH_KNOTS((2,2),(0.000,1.000),.UNSPECIFIED.)
CURVE()
GEOMETRIC_REPRESENTATION_ITEM()
RATIONAL_B_SPLINE_CURVE((1.0000000000,1.0000000000))
REPRESENTATION_ITEM('')
);
#1317=CARTESIAN_POINT('',(38.0000000000,6.0000000000,1.0000000000));
#1318=CARTESIAN_POINT('',(38.0000000000,6.0000000000,10.0000000000));

#1319=CARTESIAN_POINT('',(38.0000000000,6.0000000000,10.0000000000));
#1320=VERTEX_POINT('',#1319);
#1321=EDGE_CURVE('',#1313,#1320,#1316,.T.);
#1322=ORIENTED_EDGE('',*,*,#1321,.T.);
#1323=(
BOUNDED_CURVE()
B_SPLINE_CURVE(1,(#1324,#1325),.UNSPECIFIED.,.F.,.F.)
B_SPLINE_CURVE_WITH_KNOTS((2,2),(0.000,1.000),.UNSPECIFIED.)
CURVE()
GEOMETRIC_REPRESENTATION_ITEM()
RATIONAL_B_SPLINE_CURVE((1.0000000000,1.0000000000))
REPRESENTATION_ITEM('')
);
#1324=CARTESIAN_POINT('',(38.0000000000,6.0000000000,10.0000000000));
#1325=CARTESIAN_POINT('',(38.0000000000,20.5000000000,10.0000000000));

#1326=CARTESIAN_POINT('',(38.0000000000,20.5000000000,10.0000000000));
#1327=VERTEX_POINT('',#1326);
#1328=EDGE_CURVE('',#1320,#1327,#1323,.T.);
#1329=ORIENTED_EDGE('',*,*,#1328,.T.);
#1330=(
BOUNDED_CURVE()
B_SPLINE_CURVE(1,(#1331,#1332),.UNSPECIFIED.,.F.,.F.)
B_SPLINE_CURVE_WITH_KNOTS((2,2),(0.000,1.000),.UNSPECIFIED.)
CURVE()
GEOMETRIC_REPRESENTATION_ITEM()
RATIONAL_B_SPLINE_CURVE((1.0000000000,1.0000000000))
REPRESENTATION_ITEM('')
);
#1331=CARTESIAN_POINT('',(38.0000000000,20.5000000000,10.0000000000));
#1332=CARTESIAN_POINT('',(38.0000000000,20.5000000000,23.8125060175));

#1333=CARTESIAN_POINT('',(38.0000000000,20.5000000000,23.8125060175));
#1334=VERTEX_POINT('',#1333);
#1335=EDGE_CURVE('',#1327,#1334,#1330,.T.);
#1336=ORIENTED_EDGE('',*,*,#1335,.T.);
#1337=(
BOUNDED_CURVE()
B_SPLINE_CURVE(1,(#1338,#1339),.UNSPECIFIED.,.F.,.F.)
B_SPLINE_CURVE_WITH_KNOTS((2,2),(0.000,1.000),.UNSPECIFIED.)
CURVE()
GEOMETRIC_REPRESENTATION_ITEM()
RATIONAL_B_SPLINE_CURVE((1.0000000000,1.0000000000))
REPRESENTATION_ITEM('')
);
#1338=CARTESIAN_POINT('',(38.0000000000,20.5000000000,23.8125060175));
#1339=CARTESIAN_POINT('',(38.0000000000,3.5000000000,30.0000000000));

#1340=CARTESIAN_POINT('',(38.0000000000,3.5000000000,30.0000000000));
#1341=VERTEX_POINT('',#1340);
#1342=EDGE_CURVE('',#1334,#1341,#1337,.T.);
#1343=ORIENTED_EDGE('',*,*,#1342,.T.);
#1344=(
BOUNDED_CURVE()
B_SPLINE_CURVE(1,(#1345,#1346),.UNSPECIFIED.,.F.,.F.)
B_SPLINE_CURVE_WITH_KNOTS((2,2),(0.000,1.000),.UNSPECIFIED.)
CURVE()
GEOMETRIC_REPRESENTATION_ITEM()
RATIONAL_B_SPLINE_CURVE((1.0000000000,1.0000000000))
REPRESENTATION_ITEM('')
);
#1345=CARTESIAN_POINT('',(38.0000000000,3.5000000000,30.0000000000));
#1346=CARTESIAN_POINT('',(38.0000000000,-19.4007441433,30.0000000000));

#1347=CARTESIAN_POINT('',(38.0000000000,-19.4007441433,30.0000000000));
#1348=VERTEX_POINT('',#1347);
#1349=EDGE_CURVE('',#1341,#1348,#1344,.T.);
#1350=ORIENTED_EDGE('',*,*,#1349,.T.);
#1351=(
BOUNDED_CURVE()
B_SPLINE_CURVE(1,(#1352,#1353),.UNSPECIFIED.,.F.,.F.)
B_SPLINE_CURVE_WITH_KNOTS((2,2),(0.000,1.000),.UNSPECIFIED.)
CURVE()
GEOMETRIC_REPRESENTATION_ITEM()
RATIONAL_B_SPLINE_CURVE((1.0000000000,1.0000000000))
REPRESENTATION_ITEM('')
);
#1352=CARTESIAN_POINT('',(38.0000000000,-19.4007441433,30.0000000000));
#1353=CARTESIAN_POINT('',(38.0000000000,-20.5000000000,26.9798193556));

#1354=EDGE_CURVE('',#1348,#1287,#1351,.T.);
#1355=ORIENTED_EDGE('',*,*,#1354,.T.);
#1356=EDGE_LOOP('',(#1294,#1301,#1308,#1315,#1322,#1329,#1336,#1343,#1350,#1355));
#1357=FACE_OUTER_BOUND('',#1356,.T.);
#1358=ADVANCED_FACE('',(#1357),#1281,.T.);
#1359=COLOUR_RGB('',0.39,0.39,0.39);
#1360=FILL_AREA_STYLE_COLOUR('',#1359);
#1361=FILL_AREA_STYLE('',(#1360));
#1362=SURFACE_STYLE_FILL_AREA(#1361);
#1363=SURFACE_STYLE_TRANSPARENT(0.00);
#1364=SURFACE_STYLE_RENDERING_WITH_PROPERTIES(.NORMAL_SHADING.,#1359,(#1363));
#1365=SURFACE_SIDE_STYLE('',(#1362, #1364));
#1366=SURFACE_STYLE_USAGE(.BOTH.,#1365);
#1367=PRESENTATION_STYLE_ASSIGNMENT((#1366));
#1368=STYLED_ITEM('',(#1367),#1358);

#1369=(
BOUNDED_SURFACE()
B_SPLINE_SURFACE(1,1,((#1370,#1371),(#1372,#1373)),.UNSPECIFIED.,.F.,.F.,.F.)
B_SPLINE_SURFACE_WITH_KNOTS((2,2),(2,2),(0.000,1.000),(0.000,1.000),.UNSPECIFIED.)
GEOMETRIC_REPRESENTATION_ITEM()
RATIONAL_B_SPLINE_SURFACE(((1.0000000000,1.0000000000),(1.0000000000,1.0000000000)))
REPRESENTATION_ITEM('')
SURFACE()
);
#1370=CARTESIAN_POINT('',(-33.5000000000,16.0000000000,2.0000000000));
#1371=CARTESIAN_POINT('',(-31.5000000000,16.0000000000,2.0000000000));
#1372=CARTESIAN_POINT('',(-33.5000000000,14.0000000000,2.0000000000));
#1373=CARTESIAN_POINT('',(-31.5000000000,14.0000000000,2.0000000000));

#1374=CARTESIAN_POINT('',(-32.5000000000,16.0000000000,2.0000000000));
#1375=VERTEX_POINT('',#1374);
#1376=(
BOUNDED_CURVE()
B_SPLINE_CURVE(2,(#1377,#1378,#1379),.UNSPECIFIED.,.F.,.F.)
B_SPLINE_CURVE_WITH_KNOTS((3,3),(0.000,1.000),.UNSPECIFIED.)
CURVE()
GEOMETRIC_REPRESENTATION_ITEM()
RATIONAL_B_SPLINE_CURVE((1.0000000000,0.7071067812,1.0000000000))
REPRESENTATION_ITEM('')
);
#1377=CARTESIAN_POINT('',(-32.5000000000,16.0000000000,2.0000000000));
#1378=CARTESIAN_POINT('',(-31.5000000000,16.0000000000,2.0000000000));
#1379=CARTESIAN_POINT('',(-31.5000000000,15.0000000000,2.0000000000));

#1380=CARTESIAN_POINT('',(-31.5000000000,15.0000000000,2.0000000000));
#1381=VERTEX_POINT('',#1380);
#1382=EDGE_CURVE('',#1375,#1381,#1376,.T.);
#1383=ORIENTED_EDGE('',*,*,#1382,.T.);
#1384=(
BOUNDED_CURVE()
B_SPLINE_CURVE(2,(#1385,#1386,#1387),.UNSPECIFIED.,.F.,.F.)
B_SPLINE_CURVE_WITH_KNOTS((3,3),(0.000,1.000),.UNSPECIFIED.)
CURVE()
GEOMETRIC_REPRESENTATION_ITEM()
RATIONAL_B_SPLINE_CURVE((1.0000000000,0.7071067812,1.0000000000))
REPRESENTATION_ITEM('')
);
#1385=CARTESIAN_POINT('',(-31.5000000000,15.0000000000,2.0000000000));
#1386=CARTESIAN_POINT('',(-31.5000000000,14.0000000000,2.0000000000));
#1387=CARTESIAN_POINT('',(-32.5000000000,14.0000000000,2.0000000000));

#1388=CARTESIAN_POINT('',(-32.5000000000,14.0000000000,2.0000000000));
#1389=VERTEX_POINT('',#1388);
#1390=EDGE_CURVE('',#1381,#1389,#1384,.T.);
#1391=ORIENTED_EDGE('',*,*,#1390,.T.);
#1392=(
BOUNDED_CURVE()
B_SPLINE_CURVE(2,(#1393,#1394,#1395),.UNSPECIFIED.,.F.,.F.)
B_SPLINE_CURVE_WITH_KNOTS((3,3),(0.000,1.000),.UNSPECIFIED.)
CURVE()
GEOMETRIC_REPRESENTATION_ITEM()
RATIONAL_B_SPLINE_CURVE((1.0000000000,0.7071067812,1.0000000000))
REPRESENTATION_ITEM('')
);
#1393=CARTESIAN_POINT('',(-32.5000000000,14.0000000000,2.0000000000));
#1394=CARTESIAN_POINT('',(-33.5000000000,14.0000000000,2.0000000000));
#1395=CARTESIAN_POINT('',(-33.5000000000,15.0000000000,2.0000000000));

#1396=CARTESIAN_POINT('',(-33.5000000000,15.0000000000,2.0000000000));
#1397=VERTEX_POINT('',#1396);
#1398=EDGE_CURVE('',#1389,#1397,#1392,.T.);
#1399=ORIENTED_EDGE('',*,*,#1398,.T.);
#1400=(
BOUNDED_CURVE()
B_SPLINE_CURVE(2,(#1401,#1402,#1403),.UNSPECIFIED.,.F.,.F.)
B_SPLINE_CURVE_WITH_KNOTS((3,3),(0.000,1.000),.UNSPECIFIED.)
CURVE()
GEOMETRIC_REPRESENTATION_ITEM()
RATIONAL_B_SPLINE_CURVE((1.0000000000,0.7071067812,1.0000000000))
REPRESENTATION_ITEM('')
);
#1401=CARTESIAN_POINT('',(-33.5000000000,15.0000000000,2.0000000000));
#1402=CARTESIAN_POINT('',(-33.5000000000,16.0000000000,2.0000000000));
#1403=CARTESIAN_POINT('',(-32.5000000000,16.0000000000,2.0000000000));

#1404=EDGE_CURVE('',#1397,#1375,#1400,.T.);
#1405=ORIENTED_EDGE('',*,*,#1404,.T.);
#1406=EDGE_LOOP('',(#1383,#1391,#1399,#1405));
#1407=FACE_OUTER_BOUND('',#1406,.T.);
#1408=ADVANCED_FACE('',(#1407),#1369,.T.);
#1409=COLOUR_RGB('',0.39,0.39,0.39);
#1410=FILL_AREA_STYLE_COLOUR('',#1409);
#1411=FILL_AREA_STYLE('',(#1410));
#1412=SURFACE_STYLE_FILL_AREA(#1411);
#1413=SURFACE_STYLE_TRANSPARENT(0.00);
#1414=SURFACE_STYLE_RENDERING_WITH_PROPERTIES(.NORMAL_SHADING.,#1409,(#1413));
#1415=SURFACE_SIDE_STYLE('',(#1412, #1414));
#1416=SURFACE_STYLE_USAGE(.BOTH.,#1415);
#1417=PRESENTATION_STYLE_ASSIGNMENT((#1416));
#1418=STYLED_ITEM('',(#1417),#1408);

#1419=(
BOUNDED_SURFACE()
B_SPLINE_SURFACE(2,1,((#1420,#1421),(#1422,#1423),(#1424,#1425)),.UNSPECIFIED.,.F.,.F.,.F.)
B_SPLINE_SURFACE_WITH_KNOTS((3,3),(2,2),(0.000,1.000),(0.000,1.000),.UNSPECIFIED.)
GEOMETRIC_REPRESENTATION_ITEM()
RATIONAL_B_SPLINE_SURFACE(((1.0000000000,1.0000000000),(0.7071067812,0.7071067812),(1.0000000000,1.0000000000)))
REPRESENTATION_ITEM('')
SURFACE()
);
#1420=CARTESIAN_POINT('',(-32.5000000000,16.0000000000,2.0000000000));
#1421=CARTESIAN_POINT('',(-32.5000000000,16.0000000000,10.0000000000));
#1422=CARTESIAN_POINT('',(-31.5000000000,16.0000000000,2.0000000000));
#1423=CARTESIAN_POINT('',(-31.5000000000,16.0000000000,10.0000000000));
#1424=CARTESIAN_POINT('',(-31.5000000000,15.0000000000,2.0000000000));
#1425=CARTESIAN_POINT('',(-31.5000000000,15.0000000000,10.0000000000));

#1426=CARTESIAN_POINT('',(-31.5000000000,15.0000000000,2.0000000000));
#1427=VERTEX_POINT('',#1426);
#1428=(
BOUNDED_CURVE()
B_SPLINE_CURVE(2,(#1429,#1430,#1431),.UNSPECIFIED.,.F.,.F.)
B_SPLINE_CURVE_WITH_KNOTS((3,3),(0.000,1.000),.UNSPECIFIED.)
CURVE()
GEOMETRIC_REPRESENTATION_ITEM()
RATIONAL_B_SPLINE_CURVE((1.0000000000,0.7071067812,1.0000000000))
REPRESENTATION_ITEM('')
);
#1429=CARTESIAN_POINT('',(-31.5000000000,15.0000000000,2.0000000000));
#1430=CARTESIAN_POINT('',(-31.5000000000,16.0000000000,2.0000000000));
#1431=CARTESIAN_POINT('',(-32.5000000000,16.0000000000,2.0000000000));

#1432=CARTESIAN_POINT('',(-32.5000000000,16.0000000000,2.0000000000));
#1433=VERTEX_POINT('',#1432);
#1434=EDGE_CURVE('',#1427,#1433,#1428,.T.);
#1435=ORIENTED_EDGE('',*,*,#1434,.T.);
#1436=(
BOUNDED_CURVE()
B_SPLINE_CURVE(1,(#1437,#1438),.UNSPECIFIED.,.F.,.F.)
B_SPLINE_CURVE_WITH_KNOTS((2,2),(0.000,1.000),.UNSPECIFIED.)
CURVE()
GEOMETRIC_REPRESENTATION_ITEM()
RATIONAL_B_SPLINE_CURVE((1.0000000000,1.0000000000))
REPRESENTATION_ITEM('')
);
#1437=CARTESIAN_POINT('',(-32.5000000000,16.0000000000,2.0000000000));
#1438=CARTESIAN_POINT('',(-32.5000000000,16.0000000000,10.0000000000));

#1439=CARTESIAN_POINT('',(-32.5000000000,16.0000000000,10.0000000000));
#1440=VERTEX_POINT('',#1439);
#1441=EDGE_CURVE('',#1433,#1440,#1436,.T.);
#1442=ORIENTED_EDGE('',*,*,#1441,.T.);
#1443=(
BOUNDED_CURVE()
B_SPLINE_CURVE(2,(#1444,#1445,#1446),.UNSPECIFIED.,.F.,.F.)
B_SPLINE_CURVE_WITH_KNOTS((3,3),(0.000,1.000),.UNSPECIFIED.)
CURVE()
GEOMETRIC_REPRESENTATION_ITEM()
RATIONAL_B_SPLINE_CURVE((1.0000000000,0.7071067812,1.0000000000))
REPRESENTATION_ITEM('')
);
#1444=CARTESIAN_POINT('',(-32.5000000000,16.0000000000,10.0000000000));
#1445=CARTESIAN_POINT('',(-31.5000000000,16.0000000000,10.0000000000));
#1446=CARTESIAN_POINT('',(-31.5000000000,15.0000000000,10.0000000000));

#1447=CARTESIAN_POINT('',(-31.5000000000,15.0000000000,10.0000000000));
#1448=VERTEX_POINT('',#1447);
#1449=EDGE_CURVE('',#1440,#1448,#1443,.T.);
#1450=ORIENTED_EDGE('',*,*,#1449,.T.);
#1451=(
BOUNDED_CURVE()
B_SPLINE_CURVE(1,(#1452,#1453),.UNSPECIFIED.,.F.,.F.)
B_SPLINE_CURVE_WITH_KNOTS((2,2),(0.000,1.000),.UNSPECIFIED.)
CURVE()
GEOMETRIC_REPRESENTATION_ITEM()
RATIONAL_B_SPLINE_CURVE((1.0000000000,1.0000000000))
REPRESENTATION_ITEM('')
);
#1452=CARTESIAN_POINT('',(-31.5000000000,15.0000000000,10.0000000000));
#1453=CARTESIAN_POINT('',(-31.5000000000,15.0000000000,2.0000000000));

#1454=EDGE_CURVE('',#1448,#1427,#1451,.T.);
#1455=ORIENTED_EDGE('',*,*,#1454,.T.);
#1456=EDGE_LOOP('',(#1435,#1442,#1450,#1455));
#1457=FACE_OUTER_BOUND('',#1456,.T.);
#1458=ADVANCED_FACE('',(#1457),#1419,.T.);
#1459=COLOUR_RGB('',0.39,0.39,0.39);
#1460=FILL_AREA_STYLE_COLOUR('',#1459);
#1461=FILL_AREA_STYLE('',(#1460));
#1462=SURFACE_STYLE_FILL_AREA(#1461);
#1463=SURFACE_STYLE_TRANSPARENT(0.00);
#1464=SURFACE_STYLE_RENDERING_WITH_PROPERTIES(.NORMAL_SHADING.,#1459,(#1463));
#1465=SURFACE_SIDE_STYLE('',(#1462, #1464));
#1466=SURFACE_STYLE_USAGE(.BOTH.,#1465);
#1467=PRESENTATION_STYLE_ASSIGNMENT((#1466));
#1468=STYLED_ITEM('',(#1467),#1458);

#1469=(
BOUNDED_SURFACE()
B_SPLINE_SURFACE(2,1,((#1470,#1471),(#1472,#1473),(#1474,#1475)),.UNSPECIFIED.,.F.,.F.,.F.)
B_SPLINE_SURFACE_WITH_KNOTS((3,3),(2,2),(0.000,1.000),(0.000,1.000),.UNSPECIFIED.)
GEOMETRIC_REPRESENTATION_ITEM()
RATIONAL_B_SPLINE_SURFACE(((1.0000000000,1.0000000000),(0.7071067812,0.7071067812),(1.0000000000,1.0000000000)))
REPRESENTATION_ITEM('')
SURFACE()
);
#1470=CARTESIAN_POINT('',(-33.5000000000,15.0000000000,2.0000000000));
#1471=CARTESIAN_POINT('',(-33.5000000000,15.0000000000,10.0000000000));
#1472=CARTESIAN_POINT('',(-33.5000000000,16.0000000000,2.0000000000));
#1473=CARTESIAN_POINT('',(-33.5000000000,16.0000000000,10.0000000000));
#1474=CARTESIAN_POINT('',(-32.5000000000,16.0000000000,2.0000000000));
#1475=CARTESIAN_POINT('',(-32.5000000000,16.0000000000,10.0000000000));

#1476=CARTESIAN_POINT('',(-32.5000000000,16.0000000000,2.0000000000));
#1477=VERTEX_POINT('',#1476);
#1478=(
BOUNDED_CURVE()
B_SPLINE_CURVE(2,(#1479,#1480,#1481),.UNSPECIFIED.,.F.,.F.)
B_SPLINE_CURVE_WITH_KNOTS((3,3),(0.000,1.000),.UNSPECIFIED.)
CURVE()
GEOMETRIC_REPRESENTATION_ITEM()
RATIONAL_B_SPLINE_CURVE((1.0000000000,0.7071067812,1.0000000000))
REPRESENTATION_ITEM('')
);
#1479=CARTESIAN_POINT('',(-32.5000000000,16.0000000000,2.0000000000));
#1480=CARTESIAN_POINT('',(-33.5000000000,16.0000000000,2.0000000000));
#1481=CARTESIAN_POINT('',(-33.5000000000,15.0000000000,2.0000000000));

#1482=CARTESIAN_POINT('',(-33.5000000000,15.0000000000,2.0000000000));
#1483=VERTEX_POINT('',#1482);
#1484=EDGE_CURVE('',#1477,#1483,#1478,.T.);
#1485=ORIENTED_EDGE('',*,*,#1484,.T.);
#1486=(
BOUNDED_CURVE()
B_SPLINE_CURVE(1,(#1487,#1488),.UNSPECIFIED.,.F.,.F.)
B_SPLINE_CURVE_WITH_KNOTS((2,2),(0.000,1.000),.UNSPECIFIED.)
CURVE()
GEOMETRIC_REPRESENTATION_ITEM()
RATIONAL_B_SPLINE_CURVE((1.0000000000,1.0000000000))
REPRESENTATION_ITEM('')
);
#1487=CARTESIAN_POINT('',(-33.5000000000,15.0000000000,2.0000000000));
#1488=CARTESIAN_POINT('',(-33.5000000000,15.0000000000,10.0000000000));

#1489=CARTESIAN_POINT('',(-33.5000000000,15.0000000000,10.0000000000));
#1490=VERTEX_POINT('',#1489);
#1491=EDGE_CURVE('',#1483,#1490,#1486,.T.);
#1492=ORIENTED_EDGE('',*,*,#1491,.T.);
#1493=(
BOUNDED_CURVE()
B_SPLINE_CURVE(2,(#1494,#1495,#1496),.UNSPECIFIED.,.F.,.F.)
B_SPLINE_CURVE_WITH_KNOTS((3,3),(0.000,1.000),.UNSPECIFIED.)
CURVE()
GEOMETRIC_REPRESENTATION_ITEM()
RATIONAL_B_SPLINE_CURVE((1.0000000000,0.7071067812,1.0000000000))
REPRESENTATION_ITEM('')
);
#1494=CARTESIAN_POINT('',(-33.5000000000,15.0000000000,10.0000000000));
#1495=CARTESIAN_POINT('',(-33.5000000000,16.0000000000,10.0000000000));
#1496=CARTESIAN_POINT('',(-32.5000000000,16.0000000000,10.0000000000));

#1497=CARTESIAN_POINT('',(-32.5000000000,16.0000000000,10.0000000000));
#1498=VERTEX_POINT('',#1497);
#1499=EDGE_CURVE('',#1490,#1498,#1493,.T.);
#1500=ORIENTED_EDGE('',*,*,#1499,.T.);
#1501=(
BOUNDED_CURVE()
B_SPLINE_CURVE(1,(#1502,#1503),.UNSPECIFIED.,.F.,.F.)
B_SPLINE_CURVE_WITH_KNOTS((2,2),(0.000,1.000),.UNSPECIFIED.)
CURVE()
GEOMETRIC_REPRESENTATION_ITEM()
RATIONAL_B_SPLINE_CURVE((1.0000000000,1.0000000000))
REPRESENTATION_ITEM('')
);
#1502=CARTESIAN_POINT('',(-32.5000000000,16.0000000000,10.0000000000));
#1503=CARTESIAN_POINT('',(-32.5000000000,16.0000000000,2.0000000000));

#1504=EDGE_CURVE('',#1498,#1477,#1501,.T.);
#1505=ORIENTED_EDGE('',*,*,#1504,.T.);
#1506=EDGE_LOOP('',(#1485,#1492,#1500,#1505));
#1507=FACE_OUTER_BOUND('',#1506,.T.);
#1508=ADVANCED_FACE('',(#1507),#1469,.T.);
#1509=COLOUR_RGB('',0.39,0.39,0.39);
#1510=FILL_AREA_STYLE_COLOUR('',#1509);
#1511=FILL_AREA_STYLE('',(#1510));
#1512=SURFACE_STYLE_FILL_AREA(#1511);
#1513=SURFACE_STYLE_TRANSPARENT(0.00);
#1514=SURFACE_STYLE_RENDERING_WITH_PROPERTIES(.NORMAL_SHADING.,#1509,(#1513));
#1515=SURFACE_SIDE_STYLE('',(#1512, #1514));
#1516=SURFACE_STYLE_USAGE(.BOTH.,#1515);
#1517=PRESENTATION_STYLE_ASSIGNMENT((#1516));
#1518=STYLED_ITEM('',(#1517),#1508);

#1519=(
BOUNDED_SURFACE()
B_SPLINE_SURFACE(2,1,((#1520,#1521),(#1522,#1523),(#1524,#1525)),.UNSPECIFIED.,.F.,.F.,.F.)
B_SPLINE_SURFACE_WITH_KNOTS((3,3),(2,2),(0.000,1.000),(0.000,1.000),.UNSPECIFIED.)
GEOMETRIC_REPRESENTATION_ITEM()
RATIONAL_B_SPLINE_SURFACE(((1.0000000000,1.0000000000),(0.7071067812,0.7071067812),(1.0000000000,1.0000000000)))
REPRESENTATION_ITEM('')
SURFACE()
);
#1520=CARTESIAN_POINT('',(-32.5000000000,14.0000000000,2.0000000000));
#1521=CARTESIAN_POINT('',(-32.5000000000,14.0000000000,10.0000000000));
#1522=CARTESIAN_POINT('',(-33.5000000000,14.0000000000,2.0000000000));
#1523=CARTESIAN_POINT('',(-33.5000000000,14.0000000000,10.0000000000));
#1524=CARTESIAN_POINT('',(-33.5000000000,15.0000000000,2.0000000000));
#1525=CARTESIAN_POINT('',(-33.5000000000,15.0000000000,10.0000000000));

#1526=CARTESIAN_POINT('',(-33.5000000000,15.0000000000,2.0000000000));
#1527=VERTEX_POINT('',#1526);
#1528=(
BOUNDED_CURVE()
B_SPLINE_CURVE(2,(#1529,#1530,#1531),.UNSPECIFIED.,.F.,.F.)
B_SPLINE_CURVE_WITH_KNOTS((3,3),(0.000,1.000),.UNSPECIFIED.)
CURVE()
GEOMETRIC_REPRESENTATION_ITEM()
RATIONAL_B_SPLINE_CURVE((1.0000000000,0.7071067812,1.0000000000))
REPRESENTATION_ITEM('')
);
#1529=CARTESIAN_POINT('',(-33.5000000000,15.0000000000,2.0000000000));
#1530=CARTESIAN_POINT('',(-33.5000000000,14.0000000000,2.0000000000));
#1531=CARTESIAN_POINT('',(-32.5000000000,14.0000000000,2.0000000000));

#1532=CARTESIAN_POINT('',(-32.5000000000,14.0000000000,2.0000000000));
#1533=VERTEX_POINT('',#1532);
#1534=EDGE_CURVE('',#1527,#1533,#1528,.T.);
#1535=ORIENTED_EDGE('',*,*,#1534,.T.);
#1536=(
BOUNDED_CURVE()
B_SPLINE_CURVE(1,(#1537,#1538),.UNSPECIFIED.,.F.,.F.)
B_SPLINE_CURVE_WITH_KNOTS((2,2),(0.000,1.000),.UNSPECIFIED.)
CURVE()
GEOMETRIC_REPRESENTATION_ITEM()
RATIONAL_B_SPLINE_CURVE((1.0000000000,1.0000000000))
REPRESENTATION_ITEM('')
);
#1537=CARTESIAN_POINT('',(-32.5000000000,14.0000000000,2.0000000000));
#1538=CARTESIAN_POINT('',(-32.5000000000,14.0000000000,10.0000000000));

#1539=CARTESIAN_POINT('',(-32.5000000000,14.0000000000,10.0000000000));
#1540=VERTEX_POINT('',#1539);
#1541=EDGE_CURVE('',#1533,#1540,#1536,.T.);
#1542=ORIENTED_EDGE('',*,*,#1541,.T.);
#1543=(
BOUNDED_CURVE()
B_SPLINE_CURVE(2,(#1544,#1545,#1546),.UNSPECIFIED.,.F.,.F.)
B_SPLINE_CURVE_WITH_KNOTS((3,3),(0.000,1.000),.UNSPECIFIED.)
CURVE()
GEOMETRIC_REPRESENTATION_ITEM()
RATIONAL_B_SPLINE_CURVE((1.0000000000,0.7071067812,1.0000000000))
REPRESENTATION_ITEM('')
);
#1544=CARTESIAN_POINT('',(-32.5000000000,14.0000000000,10.0000000000));
#1545=CARTESIAN_POINT('',(-33.5000000000,14.0000000000,10.0000000000));
#1546=CARTESIAN_POINT('',(-33.5000000000,15.0000000000,10.0000000000));

#1547=CARTESIAN_POINT('',(-33.5000000000,15.0000000000,10.0000000000));
#1548=VERTEX_POINT('',#1547);
#1549=EDGE_CURVE('',#1540,#1548,#1543,.T.);
#1550=ORIENTED_EDGE('',*,*,#1549,.T.);
#1551=(
BOUNDED_CURVE()
B_SPLINE_CURVE(1,(#1552,#1553),.UNSPECIFIED.,.F.,.F.)
B_SPLINE_CURVE_WITH_KNOTS((2,2),(0.000,1.000),.UNSPECIFIED.)
CURVE()
GEOMETRIC_REPRESENTATION_ITEM()
RATIONAL_B_SPLINE_CURVE((1.0000000000,1.0000000000))
REPRESENTATION_ITEM('')
);
#1552=CARTESIAN_POINT('',(-33.5000000000,15.0000000000,10.0000000000));
#1553=CARTESIAN_POINT('',(-33.5000000000,15.0000000000,2.0000000000));

#1554=EDGE_CURVE('',#1548,#1527,#1551,.T.);
#1555=ORIENTED_EDGE('',*,*,#1554,.T.);
#1556=EDGE_LOOP('',(#1535,#1542,#1550,#1555));
#1557=FACE_OUTER_BOUND('',#1556,.T.);
#1558=ADVANCED_FACE('',(#1557),#1519,.T.);
#1559=COLOUR_RGB('',0.39,0.39,0.39);
#1560=FILL_AREA_STYLE_COLOUR('',#1559);
#1561=FILL_AREA_STYLE('',(#1560));
#1562=SURFACE_STYLE_FILL_AREA(#1561);
#1563=SURFACE_STYLE_TRANSPARENT(0.00);
#1564=SURFACE_STYLE_RENDERING_WITH_PROPERTIES(.NORMAL_SHADING.,#1559,(#1563));
#1565=SURFACE_SIDE_STYLE('',(#1562, #1564));
#1566=SURFACE_STYLE_USAGE(.BOTH.,#1565);
#1567=PRESENTATION_STYLE_ASSIGNMENT((#1566));
#1568=STYLED_ITEM('',(#1567),#1558);

#1569=(
BOUNDED_SURFACE()
B_SPLINE_SURFACE(2,1,((#1570,#1571),(#1572,#1573),(#1574,#1575)),.UNSPECIFIED.,.F.,.F.,.F.)
B_SPLINE_SURFACE_WITH_KNOTS((3,3),(2,2),(0.000,1.000),(0.000,1.000),.UNSPECIFIED.)
GEOMETRIC_REPRESENTATION_ITEM()
RATIONAL_B_SPLINE_SURFACE(((1.0000000000,1.0000000000),(0.7071067812,0.7071067812),(1.0000000000,1.0000000000)))
REPRESENTATION_ITEM('')
SURFACE()
);
#1570=CARTESIAN_POINT('',(-31.5000000000,15.0000000000,2.0000000000));
#1571=CARTESIAN_POINT('',(-31.5000000000,15.0000000000,10.0000000000));
#1572=CARTESIAN_POINT('',(-31.5000000000,14.0000000000,2.0000000000));
#1573=CARTESIAN_POINT('',(-31.5000000000,14.0000000000,10.0000000000));
#1574=CARTESIAN_POINT('',(-32.5000000000,14.0000000000,2.0000000000));
#1575=CARTESIAN_POINT('',(-32.5000000000,14.0000000000,10.0000000000));

#1576=CARTESIAN_POINT('',(-32.5000000000,14.0000000000,2.0000000000));
#1577=VERTEX_POINT('',#1576);
#1578=(
BOUNDED_CURVE()
B_SPLINE_CURVE(2,(#1579,#1580,#1581),.UNSPECIFIED.,.F.,.F.)
B_SPLINE_CURVE_WITH_KNOTS((3,3),(0.000,1.000),.UNSPECIFIED.)
CURVE()
GEOMETRIC_REPRESENTATION_ITEM()
RATIONAL_B_SPLINE_CURVE((1.0000000000,0.7071067812,1.0000000000))
REPRESENTATION_ITEM('')
);
#1579=CARTESIAN_POINT('',(-32.5000000000,14.0000000000,2.0000000000));
#1580=CARTESIAN_POINT('',(-31.5000000000,14.0000000000,2.0000000000));
#1581=CARTESIAN_POINT('',(-31.5000000000,15.0000000000,2.0000000000));

#1582=CARTESIAN_POINT('',(-31.5000000000,15.0000000000,2.0000000000));
#1583=VERTEX_POINT('',#1582);
#1584=EDGE_CURVE('',#1577,#1583,#1578,.T.);
#1585=ORIENTED_EDGE('',*,*,#1584,.T.);
#1586=(
BOUNDED_CURVE()
B_SPLINE_CURVE(1,(#1587,#1588),.UNSPECIFIED.,.F.,.F.)
B_SPLINE_CURVE_WITH_KNOTS((2,2),(0.000,1.000),.UNSPECIFIED.)
CURVE()
GEOMETRIC_REPRESENTATION_ITEM()
RATIONAL_B_SPLINE_CURVE((1.0000000000,1.0000000000))
REPRESENTATION_ITEM('')
);
#1587=CARTESIAN_POINT('',(-31.5000000000,15.0000000000,2.0000000000));
#1588=CARTESIAN_POINT('',(-31.5000000000,15.0000000000,10.0000000000));

#1589=CARTESIAN_POINT('',(-31.5000000000,15.0000000000,10.0000000000));
#1590=VERTEX_POINT('',#1589);
#1591=EDGE_CURVE('',#1583,#1590,#1586,.T.);
#1592=ORIENTED_EDGE('',*,*,#1591,.T.);
#1593=(
BOUNDED_CURVE()
B_SPLINE_CURVE(2,(#1594,#1595,#1596),.UNSPECIFIED.,.F.,.F.)
B_SPLINE_CURVE_WITH_KNOTS((3,3),(0.000,1.000),.UNSPECIFIED.)
CURVE()
GEOMETRIC_REPRESENTATION_ITEM()
RATIONAL_B_SPLINE_CURVE((1.0000000000,0.7071067812,1.0000000000))
REPRESENTATION_ITEM('')
);
#1594=CARTESIAN_POINT('',(-31.5000000000,15.0000000000,10.0000000000));
#1595=CARTESIAN_POINT('',(-31.5000000000,14.0000000000,10.0000000000));
#1596=CARTESIAN_POINT('',(-32.5000000000,14.0000000000,10.0000000000));

#1597=CARTESIAN_POINT('',(-32.5000000000,14.0000000000,10.0000000000));
#1598=VERTEX_POINT('',#1597);
#1599=EDGE_CURVE('',#1590,#1598,#1593,.T.);
#1600=ORIENTED_EDGE('',*,*,#1599,.T.);
#1601=(
BOUNDED_CURVE()
B_SPLINE_CURVE(1,(#1602,#1603),.UNSPECIFIED.,.F.,.F.)
B_SPLINE_CURVE_WITH_KNOTS((2,2),(0.000,1.000),.UNSPECIFIED.)
CURVE()
GEOMETRIC_REPRESENTATION_ITEM()
RATIONAL_B_SPLINE_CURVE((1.0000000000,1.0000000000))
REPRESENTATION_ITEM('')
);
#1602=CARTESIAN_POINT('',(-32.5000000000,14.0000000000,10.0000000000));
#1603=CARTESIAN_POINT('',(-32.5000000000,14.0000000000,2.0000000000));

#1604=EDGE_CURVE('',#1598,#1577,#1601,.T.);
#1605=ORIENTED_EDGE('',*,*,#1604,.T.);
#1606=EDGE_LOOP('',(#1585,#1592,#1600,#1605));
#1607=FACE_OUTER_BOUND('',#1606,.T.);
#1608=ADVANCED_FACE('',(#1607),#1569,.T.);
#1609=COLOUR_RGB('',0.39,0.39,0.39);
#1610=FILL_AREA_STYLE_COLOUR('',#1609);
#1611=FILL_AREA_STYLE('',(#1610));
#1612=SURFACE_STYLE_FILL_AREA(#1611);
#1613=SURFACE_STYLE_TRANSPARENT(0.00);
#1614=SURFACE_STYLE_RENDERING_WITH_PROPERTIES(.NORMAL_SHADING.,#1609,(#1613));
#1615=SURFACE_SIDE_STYLE('',(#1612, #1614));
#1616=SURFACE_STYLE_USAGE(.BOTH.,#1615);
#1617=PRESENTATION_STYLE_ASSIGNMENT((#1616));
#1618=STYLED_ITEM('',(#1617),#1608);

#1619=(
BOUNDED_SURFACE()
B_SPLINE_SURFACE(1,1,((#1620,#1621),(#1622,#1623)),.UNSPECIFIED.,.F.,.F.,.F.)
B_SPLINE_SURFACE_WITH_KNOTS((2,2),(2,2),(0.000,1.000),(0.000,1.000),.UNSPECIFIED.)
GEOMETRIC_REPRESENTATION_ITEM()
RATIONAL_B_SPLINE_SURFACE(((1.0000000000,1.0000000000),(1.0000000000,1.0000000000)))
REPRESENTATION_ITEM('')
SURFACE()
);
#1620=CARTESIAN_POINT('',(31.5000000000,16.0000000000,2.0000000000));
#1621=CARTESIAN_POINT('',(33.5000000000,16.0000000000,2.0000000000));
#1622=CARTESIAN_POINT('',(31.5000000000,14.0000000000,2.0000000000));
#1623=CARTESIAN_POINT('',(33.5000000000,14.0000000000,2.0000000000));

#1624=CARTESIAN_POINT('',(32.5000000000,16.0000000000,2.0000000000));
#1625=VERTEX_POINT('',#1624);
#1626=(
BOUNDED_CURVE()
B_SPLINE_CURVE(2,(#1627,#1628,#1629),.UNSPECIFIED.,.F.,.F.)
B_SPLINE_CURVE_WITH_KNOTS((3,3),(0.000,1.000),.UNSPECIFIED.)
CURVE()
GEOMETRIC_REPRESENTATION_ITEM()
RATIONAL_B_SPLINE_CURVE((1.0000000000,0.7071067812,1.0000000000))
REPRESENTATION_ITEM('')
);
#1627=CARTESIAN_POINT('',(32.5000000000,16.0000000000,2.0000000000));
#1628=CARTESIAN_POINT('',(33.5000000000,16.0000000000,2.0000000000));
#1629=CARTESIAN_POINT('',(33.5000000000,15.0000000000,2.0000000000));

#1630=CARTESIAN_POINT('',(33.5000000000,15.0000000000,2.0000000000));
#1631=VERTEX_POINT('',#1630);
#1632=EDGE_CURVE('',#1625,#1631,#1626,.T.);
#1633=ORIENTED_EDGE('',*,*,#1632,.T.);
#1634=(
BOUNDED_CURVE()
B_SPLINE_CURVE(2,(#1635,#1636,#1637),.UNSPECIFIED.,.F.,.F.)
B_SPLINE_CURVE_WITH_KNOTS((3,3),(0.000,1.000),.UNSPECIFIED.)
CURVE()
GEOMETRIC_REPRESENTATION_ITEM()
RATIONAL_B_SPLINE_CURVE((1.0000000000,0.7071067812,1.0000000000))
REPRESENTATION_ITEM('')
);
#1635=CARTESIAN_POINT('',(33.5000000000,15.0000000000,2.0000000000));
#1636=CARTESIAN_POINT('',(33.5000000000,14.0000000000,2.0000000000));
#1637=CARTESIAN_POINT('',(32.5000000000,14.0000000000,2.0000000000));

#1638=CARTESIAN_POINT('',(32.5000000000,14.0000000000,2.0000000000));
#1639=VERTEX_POINT('',#1638);
#1640=EDGE_CURVE('',#1631,#1639,#1634,.T.);
#1641=ORIENTED_EDGE('',*,*,#1640,.T.);
#1642=(
BOUNDED_CURVE()
B_SPLINE_CURVE(2,(#1643,#1644,#1645),.UNSPECIFIED.,.F.,.F.)
B_SPLINE_CURVE_WITH_KNOTS((3,3),(0.000,1.000),.UNSPECIFIED.)
CURVE()
GEOMETRIC_REPRESENTATION_ITEM()
RATIONAL_B_SPLINE_CURVE((1.0000000000,0.7071067812,1.0000000000))
REPRESENTATION_ITEM('')
);
#1643=CARTESIAN_POINT('',(32.5000000000,14.0000000000,2.0000000000));
#1644=CARTESIAN_POINT('',(31.5000000000,14.0000000000,2.0000000000));
#1645=CARTESIAN_POINT('',(31.5000000000,15.0000000000,2.0000000000));

#1646=CARTESIAN_POINT('',(31.5000000000,15.0000000000,2.0000000000));
#1647=VERTEX_POINT('',#1646);
#1648=EDGE_CURVE('',#1639,#1647,#1642,.T.);
#1649=ORIENTED_EDGE('',*,*,#1648,.T.);
#1650=(
BOUNDED_CURVE()
B_SPLINE_CURVE(2,(#1651,#1652,#1653),.UNSPECIFIED.,.F.,.F.)
B_SPLINE_CURVE_WITH_KNOTS((3,3),(0.000,1.000),.UNSPECIFIED.)
CURVE()
GEOMETRIC_REPRESENTATION_ITEM()
RATIONAL_B_SPLINE_CURVE((1.0000000000,0.7071067812,1.0000000000))
REPRESENTATION_ITEM('')
);
#1651=CARTESIAN_POINT('',(31.5000000000,15.0000000000,2.0000000000));
#1652=CARTESIAN_POINT('',(31.5000000000,16.0000000000,2.0000000000));
#1653=CARTESIAN_POINT('',(32.5000000000,16.0000000000,2.0000000000));

#1654=EDGE_CURVE('',#1647,#1625,#1650,.T.);
#1655=ORIENTED_EDGE('',*,*,#1654,.T.);
#1656=EDGE_LOOP('',(#1633,#1641,#1649,#1655));
#1657=FACE_OUTER_BOUND('',#1656,.T.);
#1658=ADVANCED_FACE('',(#1657),#1619,.T.);
#1659=COLOUR_RGB('',0.39,0.39,0.39);
#1660=FILL_AREA_STYLE_COLOUR('',#1659);
#1661=FILL_AREA_STYLE('',(#1660));
#1662=SURFACE_STYLE_FILL_AREA(#1661);
#1663=SURFACE_STYLE_TRANSPARENT(0.00);
#1664=SURFACE_STYLE_RENDERING_WITH_PROPERTIES(.NORMAL_SHADING.,#1659,(#1663));
#1665=SURFACE_SIDE_STYLE('',(#1662, #1664));
#1666=SURFACE_STYLE_USAGE(.BOTH.,#1665);
#1667=PRESENTATION_STYLE_ASSIGNMENT((#1666));
#1668=STYLED_ITEM('',(#1667),#1658);

#1669=(
BOUNDED_SURFACE()
B_SPLINE_SURFACE(2,1,((#1670,#1671),(#1672,#1673),(#1674,#1675)),.UNSPECIFIED.,.F.,.F.,.F.)
B_SPLINE_SURFACE_WITH_KNOTS((3,3),(2,2),(0.000,1.000),(0.000,1.000),.UNSPECIFIED.)
GEOMETRIC_REPRESENTATION_ITEM()
RATIONAL_B_SPLINE_SURFACE(((1.0000000000,1.0000000000),(0.7071067812,0.7071067812),(1.0000000000,1.0000000000)))
REPRESENTATION_ITEM('')
SURFACE()
);
#1670=CARTESIAN_POINT('',(32.5000000000,16.0000000000,2.0000000000));
#1671=CARTESIAN_POINT('',(32.5000000000,16.0000000000,10.0000000000));
#1672=CARTESIAN_POINT('',(33.5000000000,16.0000000000,2.0000000000));
#1673=CARTESIAN_POINT('',(33.5000000000,16.0000000000,10.0000000000));
#1674=CARTESIAN_POINT('',(33.5000000000,15.0000000000,2.0000000000));
#1675=CARTESIAN_POINT('',(33.5000000000,15.0000000000,10.0000000000));

#1676=CARTESIAN_POINT('',(33.5000000000,15.0000000000,2.0000000000));
#1677=VERTEX_POINT('',#1676);
#1678=(
BOUNDED_CURVE()
B_SPLINE_CURVE(2,(#1679,#1680,#1681),.UNSPECIFIED.,.F.,.F.)
B_SPLINE_CURVE_WITH_KNOTS((3,3),(0.000,1.000),.UNSPECIFIED.)
CURVE()
GEOMETRIC_REPRESENTATION_ITEM()
RATIONAL_B_SPLINE_CURVE((1.0000000000,0.7071067812,1.0000000000))
REPRESENTATION_ITEM('')
);
#1679=CARTESIAN_POINT('',(33.5000000000,15.0000000000,2.0000000000));
#1680=CARTESIAN_POINT('',(33.5000000000,16.0000000000,2.0000000000));
#1681=CARTESIAN_POINT('',(32.5000000000,16.0000000000,2.0000000000));

#1682=CARTESIAN_POINT('',(32.5000000000,16.0000000000,2.0000000000));
#1683=VERTEX_POINT('',#1682);
#1684=EDGE_CURVE('',#1677,#1683,#1678,.T.);
#1685=ORIENTED_EDGE('',*,*,#1684,.T.);
#1686=(
BOUNDED_CURVE()
B_SPLINE_CURVE(1,(#1687,#1688),.UNSPECIFIED.,.F.,.F.)
B_SPLINE_CURVE_WITH_KNOTS((2,2),(0.000,1.000),.UNSPECIFIED.)
CURVE()
GEOMETRIC_REPRESENTATION_ITEM()
RATIONAL_B_SPLINE_CURVE((1.0000000000,1.0000000000))
REPRESENTATION_ITEM('')
);
#1687=CARTESIAN_POINT('',(32.5000000000,16.0000000000,2.0000000000));
#1688=CARTESIAN_POINT('',(32.5000000000,16.0000000000,10.0000000000));

#1689=CARTESIAN_POINT('',(32.5000000000,16.0000000000,10.0000000000));
#1690=VERTEX_POINT('',#1689);
#1691=EDGE_CURVE('',#1683,#1690,#1686,.T.);
#1692=ORIENTED_EDGE('',*,*,#1691,.T.);
#1693=(
BOUNDED_CURVE()
B_SPLINE_CURVE(2,(#1694,#1695,#1696),.UNSPECIFIED.,.F.,.F.)
B_SPLINE_CURVE_WITH_KNOTS((3,3),(0.000,1.000),.UNSPECIFIED.)
CURVE()
GEOMETRIC_REPRESENTATION_ITEM()
RATIONAL_B_SPLINE_CURVE((1.0000000000,0.7071067812,1.0000000000))
REPRESENTATION_ITEM('')
);
#1694=CARTESIAN_POINT('',(32.5000000000,16.0000000000,10.0000000000));
#1695=CARTESIAN_POINT('',(33.5000000000,16.0000000000,10.0000000000));
#1696=CARTESIAN_POINT('',(33.5000000000,15.0000000000,10.0000000000));

#1697=CARTESIAN_POINT('',(33.5000000000,15.0000000000,10.0000000000));
#1698=VERTEX_POINT('',#1697);
#1699=EDGE_CURVE('',#1690,#1698,#1693,.T.);
#1700=ORIENTED_EDGE('',*,*,#1699,.T.);
#1701=(
BOUNDED_CURVE()
B_SPLINE_CURVE(1,(#1702,#1703),.UNSPECIFIED.,.F.,.F.)
B_SPLINE_CURVE_WITH_KNOTS((2,2),(0.000,1.000),.UNSPECIFIED.)
CURVE()
GEOMETRIC_REPRESENTATION_ITEM()
RATIONAL_B_SPLINE_CURVE((1.0000000000,1.0000000000))
REPRESENTATION_ITEM('')
);
#1702=CARTESIAN_POINT('',(33.5000000000,15.0000000000,10.0000000000));
#1703=CARTESIAN_POINT('',(33.5000000000,15.0000000000,2.0000000000));

#1704=EDGE_CURVE('',#1698,#1677,#1701,.T.);
#1705=ORIENTED_EDGE('',*,*,#1704,.T.);
#1706=EDGE_LOOP('',(#1685,#1692,#1700,#1705));
#1707=FACE_OUTER_BOUND('',#1706,.T.);
#1708=ADVANCED_FACE('',(#1707),#1669,.T.);
#1709=COLOUR_RGB('',0.39,0.39,0.39);
#1710=FILL_AREA_STYLE_COLOUR('',#1709);
#1711=FILL_AREA_STYLE('',(#1710));
#1712=SURFACE_STYLE_FILL_AREA(#1711);
#1713=SURFACE_STYLE_TRANSPARENT(0.00);
#1714=SURFACE_STYLE_RENDERING_WITH_PROPERTIES(.NORMAL_SHADING.,#1709,(#1713));
#1715=SURFACE_SIDE_STYLE('',(#1712, #1714));
#1716=SURFACE_STYLE_USAGE(.BOTH.,#1715);
#1717=PRESENTATION_STYLE_ASSIGNMENT((#1716));
#1718=STYLED_ITEM('',(#1717),#1708);

#1719=(
BOUNDED_SURFACE()
B_SPLINE_SURFACE(2,1,((#1720,#1721),(#1722,#1723),(#1724,#1725)),.UNSPECIFIED.,.F.,.F.,.F.)
B_SPLINE_SURFACE_WITH_KNOTS((3,3),(2,2),(0.000,1.000),(0.000,1.000),.UNSPECIFIED.)
GEOMETRIC_REPRESENTATION_ITEM()
RATIONAL_B_SPLINE_SURFACE(((1.0000000000,1.0000000000),(0.7071067812,0.7071067812),(1.0000000000,1.0000000000)))
REPRESENTATION_ITEM('')
SURFACE()
);
#1720=CARTESIAN_POINT('',(31.5000000000,15.0000000000,2.0000000000));
#1721=CARTESIAN_POINT('',(31.5000000000,15.0000000000,10.0000000000));
#1722=CARTESIAN_POINT('',(31.5000000000,16.0000000000,2.0000000000));
#1723=CARTESIAN_POINT('',(31.5000000000,16.0000000000,10.0000000000));
#1724=CARTESIAN_POINT('',(32.5000000000,16.0000000000,2.0000000000));
#1725=CARTESIAN_POINT('',(32.5000000000,16.0000000000,10.0000000000));

#1726=CARTESIAN_POINT('',(32.5000000000,16.0000000000,2.0000000000));
#1727=VERTEX_POINT('',#1726);
#1728=(
BOUNDED_CURVE()
B_SPLINE_CURVE(2,(#1729,#1730,#1731),.UNSPECIFIED.,.F.,.F.)
B_SPLINE_CURVE_WITH_KNOTS((3,3),(0.000,1.000),.UNSPECIFIED.)
CURVE()
GEOMETRIC_REPRESENTATION_ITEM()
RATIONAL_B_SPLINE_CURVE((1.0000000000,0.7071067812,1.0000000000))
REPRESENTATION_ITEM('')
);
#1729=CARTESIAN_POINT('',(32.5000000000,16.0000000000,2.0000000000));
#1730=CARTESIAN_POINT('',(31.5000000000,16.0000000000,2.0000000000));
#1731=CARTESIAN_POINT('',(31.5000000000,15.0000000000,2.0000000000));

#1732=CARTESIAN_POINT('',(31.5000000000,15.0000000000,2.0000000000));
#1733=VERTEX_POINT('',#1732);
#1734=EDGE_CURVE('',#1727,#1733,#1728,.T.);
#1735=ORIENTED_EDGE('',*,*,#1734,.T.);
#1736=(
BOUNDED_CURVE()
B_SPLINE_CURVE(1,(#1737,#1738),.UNSPECIFIED.,.F.,.F.)
B_SPLINE_CURVE_WITH_KNOTS((2,2),(0.000,1.000),.UNSPECIFIED.)
CURVE()
GEOMETRIC_REPRESENTATION_ITEM()
RATIONAL_B_SPLINE_CURVE((1.0000000000,1.0000000000))
REPRESENTATION_ITEM('')
);
#1737=CARTESIAN_POINT('',(31.5000000000,15.0000000000,2.0000000000));
#1738=CARTESIAN_POINT('',(31.5000000000,15.0000000000,10.0000000000));

#1739=CARTESIAN_POINT('',(31.5000000000,15.0000000000,10.0000000000));
#1740=VERTEX_POINT('',#1739);
#1741=EDGE_CURVE('',#1733,#1740,#1736,.T.);
#1742=ORIENTED_EDGE('',*,*,#1741,.T.);
#1743=(
BOUNDED_CURVE()
B_SPLINE_CURVE(2,(#1744,#1745,#1746),.UNSPECIFIED.,.F.,.F.)
B_SPLINE_CURVE_WITH_KNOTS((3,3),(0.000,1.000),.UNSPECIFIED.)
CURVE()
GEOMETRIC_REPRESENTATION_ITEM()
RATIONAL_B_SPLINE_CURVE((1.0000000000,0.7071067812,1.0000000000))
REPRESENTATION_ITEM('')
);
#1744=CARTESIAN_POINT('',(31.5000000000,15.0000000000,10.0000000000));
#1745=CARTESIAN_POINT('',(31.5000000000,16.0000000000,10.0000000000));
#1746=CARTESIAN_POINT('',(32.5000000000,16.0000000000,10.0000000000));

#1747=CARTESIAN_POINT('',(32.5000000000,16.0000000000,10.0000000000));
#1748=VERTEX_POINT('',#1747);
#1749=EDGE_CURVE('',#1740,#1748,#1743,.T.);
#1750=ORIENTED_EDGE('',*,*,#1749,.T.);
#1751=(
BOUNDED_CURVE()
B_SPLINE_CURVE(1,(#1752,#1753),.UNSPECIFIED.,.F.,.F.)
B_SPLINE_CURVE_WITH_KNOTS((2,2),(0.000,1.000),.UNSPECIFIED.)
CURVE()
GEOMETRIC_REPRESENTATION_ITEM()
RATIONAL_B_SPLINE_CURVE((1.0000000000,1.0000000000))
REPRESENTATION_ITEM('')
);
#1752=CARTESIAN_POINT('',(32.5000000000,16.0000000000,10.0000000000));
#1753=CARTESIAN_POINT('',(32.5000000000,16.0000000000,2.0000000000));

#1754=EDGE_CURVE('',#1748,#1727,#1751,.T.);
#1755=ORIENTED_EDGE('',*,*,#1754,.T.);
#1756=EDGE_LOOP('',(#1735,#1742,#1750,#1755));
#1757=FACE_OUTER_BOUND('',#1756,.T.);
#1758=ADVANCED_FACE('',(#1757),#1719,.T.);
#1759=COLOUR_RGB('',0.39,0.39,0.39);
#1760=FILL_AREA_STYLE_COLOUR('',#1759);
#1761=FILL_AREA_STYLE('',(#1760));
#1762=SURFACE_STYLE_FILL_AREA(#1761);
#1763=SURFACE_STYLE_TRANSPARENT(0.00);
#1764=SURFACE_STYLE_RENDERING_WITH_PROPERTIES(.NORMAL_SHADING.,#1759,(#1763));
#1765=SURFACE_SIDE_STYLE('',(#1762, #1764));
#1766=SURFACE_STYLE_USAGE(.BOTH.,#1765);
#1767=PRESENTATION_STYLE_ASSIGNMENT((#1766));
#1768=STYLED_ITEM('',(#1767),#1758);

#1769=(
BOUNDED_SURFACE()
B_SPLINE_SURFACE(2,1,((#1770,#1771),(#1772,#1773),(#1774,#1775)),.UNSPECIFIED.,.F.,.F.,.F.)
B_SPLINE_SURFACE_WITH_KNOTS((3,3),(2,2),(0.000,1.000),(0.000,1.000),.UNSPECIFIED.)
GEOMETRIC_REPRESENTATION_ITEM()
RATIONAL_B_SPLINE_SURFACE(((1.0000000000,1.0000000000),(0.7071067812,0.7071067812),(1.0000000000,1.0000000000)))
REPRESENTATION_ITEM('')
SURFACE()
);
#1770=CARTESIAN_POINT('',(32.5000000000,14.0000000000,2.0000000000));
#1771=CARTESIAN_POINT('',(32.5000000000,14.0000000000,10.0000000000));
#1772=CARTESIAN_POINT('',(31.5000000000,14.0000000000,2.0000000000));
#1773=CARTESIAN_POINT('',(31.5000000000,14.0000000000,10.0000000000));
#1774=CARTESIAN_POINT('',(31.5000000000,15.0000000000,2.0000000000));
#1775=CARTESIAN_POINT('',(31.5000000000,15.0000000000,10.0000000000));

#1776=CARTESIAN_POINT('',(31.5000000000,15.0000000000,2.0000000000));
#1777=VERTEX_POINT('',#1776);
#1778=(
BOUNDED_CURVE()
B_SPLINE_CURVE(2,(#1779,#1780,#1781),.UNSPECIFIED.,.F.,.F.)
B_SPLINE_CURVE_WITH_KNOTS((3,3),(0.000,1.000),.UNSPECIFIED.)
CURVE()
GEOMETRIC_REPRESENTATION_ITEM()
RATIONAL_B_SPLINE_CURVE((1.0000000000,0.7071067812,1.0000000000))
REPRESENTATION_ITEM('')
);
#1779=CARTESIAN_POINT('',(31.5000000000,15.0000000000,2.0000000000));
#1780=CARTESIAN_POINT('',(31.5000000000,14.0000000000,2.0000000000));
#1781=CARTESIAN_POINT('',(32.5000000000,14.0000000000,2.0000000000));

#1782=CARTESIAN_POINT('',(32.5000000000,14.0000000000,2.0000000000));
#1783=VERTEX_POINT('',#1782);
#1784=EDGE_CURVE('',#1777,#1783,#1778,.T.);
#1785=ORIENTED_EDGE('',*,*,#1784,.T.);
#1786=(
BOUNDED_CURVE()
B_SPLINE_CURVE(1,(#1787,#1788),.UNSPECIFIED.,.F.,.F.)
B_SPLINE_CURVE_WITH_KNOTS((2,2),(0.000,1.000),.UNSPECIFIED.)
CURVE()
GEOMETRIC_REPRESENTATION_ITEM()
RATIONAL_B_SPLINE_CURVE((1.0000000000,1.0000000000))
REPRESENTATION_ITEM('')
);
#1787=CARTESIAN_POINT('',(32.5000000000,14.0000000000,2.0000000000));
#1788=CARTESIAN_POINT('',(32.5000000000,14.0000000000,10.0000000000));

#1789=CARTESIAN_POINT('',(32.5000000000,14.0000000000,10.0000000000));
#1790=VERTEX_POINT('',#1789);
#1791=EDGE_CURVE('',#1783,#1790,#1786,.T.);
#1792=ORIENTED_EDGE('',*,*,#1791,.T.);
#1793=(
BOUNDED_CURVE()
B_SPLINE_CURVE(2,(#1794,#1795,#1796),.UNSPECIFIED.,.F.,.F.)
B_SPLINE_CURVE_WITH_KNOTS((3,3),(0.000,1.000),.UNSPECIFIED.)
CURVE()
GEOMETRIC_REPRESENTATION_ITEM()
RATIONAL_B_SPLINE_CURVE((1.0000000000,0.7071067812,1.0000000000))
REPRESENTATION_ITEM('')
);
#1794=CARTESIAN_POINT('',(32.5000000000,14.0000000000,10.0000000000));
#1795=CARTESIAN_POINT('',(31.5000000000,14.0000000000,10.0000000000));
#1796=CARTESIAN_POINT('',(31.5000000000,15.0000000000,10.0000000000));

#1797=CARTESIAN_POINT('',(31.5000000000,15.0000000000,10.0000000000));
#1798=VERTEX_POINT('',#1797);
#1799=EDGE_CURVE('',#1790,#1798,#1793,.T.);
#1800=ORIENTED_EDGE('',*,*,#1799,.T.);
#1801=(
BOUNDED_CURVE()
B_SPLINE_CURVE(1,(#1802,#1803),.UNSPECIFIED.,.F.,.F.)
B_SPLINE_CURVE_WITH_KNOTS((2,2),(0.000,1.000),.UNSPECIFIED.)
CURVE()
GEOMETRIC_REPRESENTATION_ITEM()
RATIONAL_B_SPLINE_CURVE((1.0000000000,1.0000000000))
REPRESENTATION_ITEM('')
);
#1802=CARTESIAN_POINT('',(31.5000000000,15.0000000000,10.0000000000));
#1803=CARTESIAN_POINT('',(31.5000000000,15.0000000000,2.0000000000));

#1804=EDGE_CURVE('',#1798,#1777,#1801,.T.);
#1805=ORIENTED_EDGE('',*,*,#1804,.T.);
#1806=EDGE_LOOP('',(#1785,#1792,#1800,#1805));
#1807=FACE_OUTER_BOUND('',#1806,.T.);
#1808=ADVANCED_FACE('',(#1807),#1769,.T.);
#1809=COLOUR_RGB('',0.39,0.39,0.39);
#1810=FILL_AREA_STYLE_COLOUR('',#1809);
#1811=FILL_AREA_STYLE('',(#1810));
#1812=SURFACE_STYLE_FILL_AREA(#1811);
#1813=SURFACE_STYLE_TRANSPARENT(0.00);
#1814=SURFACE_STYLE_RENDERING_WITH_PROPERTIES(.NORMAL_SHADING.,#1809,(#1813));
#1815=SURFACE_SIDE_STYLE('',(#1812, #1814));
#1816=SURFACE_STYLE_USAGE(.BOTH.,#1815);
#1817=PRESENTATION_STYLE_ASSIGNMENT((#1816));
#1818=STYLED_ITEM('',(#1817),#1808);

#1819=(
BOUNDED_SURFACE()
B_SPLINE_SURFACE(2,1,((#1820,#1821),(#1822,#1823),(#1824,#1825)),.UNSPECIFIED.,.F.,.F.,.F.)
B_SPLINE_SURFACE_WITH_KNOTS((3,3),(2,2),(0.000,1.000),(0.000,1.000),.UNSPECIFIED.)
GEOMETRIC_REPRESENTATION_ITEM()
RATIONAL_B_SPLINE_SURFACE(((1.0000000000,1.0000000000),(0.7071067812,0.7071067812),(1.0000000000,1.0000000000)))
REPRESENTATION_ITEM('')
SURFACE()
);
#1820=CARTESIAN_POINT('',(33.5000000000,15.0000000000,2.0000000000));
#1821=CARTESIAN_POINT('',(33.5000000000,15.0000000000,10.0000000000));
#1822=CARTESIAN_POINT('',(33.5000000000,14.0000000000,2.0000000000));
#1823=CARTESIAN_POINT('',(33.5000000000,14.0000000000,10.0000000000));
#1824=CARTESIAN_POINT('',(32.5000000000,14.0000000000,2.0000000000));
#1825=CARTESIAN_POINT('',(32.5000000000,14.0000000000,10.0000000000));

#1826=CARTESIAN_POINT('',(32.5000000000,14.0000000000,2.0000000000));
#1827=VERTEX_POINT('',#1826);
#1828=(
BOUNDED_CURVE()
B_SPLINE_CURVE(2,(#1829,#1830,#1831),.UNSPECIFIED.,.F.,.F.)
B_SPLINE_CURVE_WITH_KNOTS((3,3),(0.000,1.000),.UNSPECIFIED.)
CURVE()
GEOMETRIC_REPRESENTATION_ITEM()
RATIONAL_B_SPLINE_CURVE((1.0000000000,0.7071067812,1.0000000000))
REPRESENTATION_ITEM('')
);
#1829=CARTESIAN_POINT('',(32.5000000000,14.0000000000,2.0000000000));
#1830=CARTESIAN_POINT('',(33.5000000000,14.0000000000,2.0000000000));
#1831=CARTESIAN_POINT('',(33.5000000000,15.0000000000,2.0000000000));

#1832=CARTESIAN_POINT('',(33.5000000000,15.0000000000,2.0000000000));
#1833=VERTEX_POINT('',#1832);
#1834=EDGE_CURVE('',#1827,#1833,#1828,.T.);
#1835=ORIENTED_EDGE('',*,*,#1834,.T.);
#1836=(
BOUNDED_CURVE()
B_SPLINE_CURVE(1,(#1837,#1838),.UNSPECIFIED.,.F.,.F.)
B_SPLINE_CURVE_WITH_KNOTS((2,2),(0.000,1.000),.UNSPECIFIED.)
CURVE()
GEOMETRIC_REPRESENTATION_ITEM()
RATIONAL_B_SPLINE_CURVE((1.0000000000,1.0000000000))
REPRESENTATION_ITEM('')
);
#1837=CARTESIAN_POINT('',(33.5000000000,15.0000000000,2.0000000000));
#1838=CARTESIAN_POINT('',(33.5000000000,15.0000000000,10.0000000000));

#1839=CARTESIAN_POINT('',(33.5000000000,15.0000000000,10.0000000000));
#1840=VERTEX_POINT('',#1839);
#1841=EDGE_CURVE('',#1833,#1840,#1836,.T.);
#1842=ORIENTED_EDGE('',*,*,#1841,.T.);
#1843=(
BOUNDED_CURVE()
B_SPLINE_CURVE(2,(#1844,#1845,#1846),.UNSPECIFIED.,.F.,.F.)
B_SPLINE_CURVE_WITH_KNOTS((3,3),(0.000,1.000),.UNSPECIFIED.)
CURVE()
GEOMETRIC_REPRESENTATION_ITEM()
RATIONAL_B_SPLINE_CURVE((1.0000000000,0.7071067812,1.0000000000))
REPRESENTATION_ITEM('')
);
#1844=CARTESIAN_POINT('',(33.5000000000,15.0000000000,10.0000000000));
#1845=CARTESIAN_POINT('',(33.5000000000,14.0000000000,10.0000000000));
#1846=CARTESIAN_POINT('',(32.5000000000,14.0000000000,10.0000000000));

#1847=CARTESIAN_POINT('',(32.5000000000,14.0000000000,10.0000000000));
#1848=VERTEX_POINT('',#1847);
#1849=EDGE_CURVE('',#1840,#1848,#1843,.T.);
#1850=ORIENTED_EDGE('',*,*,#1849,.T.);
#1851=(
BOUNDED_CURVE()
B_SPLINE_CURVE(1,(#1852,#1853),.UNSPECIFIED.,.F.,.F.)
B_SPLINE_CURVE_WITH_KNOTS((2,2),(0.000,1.000),.UNSPECIFIED.)
CURVE()
GEOMETRIC_REPRESENTATION_ITEM()
RATIONAL_B_SPLINE_CURVE((1.0000000000,1.0000000000))
REPRESENTATION_ITEM('')
);
#1852=CARTESIAN_POINT('',(32.5000000000,14.0000000000,10.0000000000));
#1853=CARTESIAN_POINT('',(32.5000000000,14.0000000000,2.0000000000));

#1854=EDGE_CURVE('',#1848,#1827,#1851,.T.);
#1855=ORIENTED_EDGE('',*,*,#1854,.T.);
#1856=EDGE_LOOP('',(#1835,#1842,#1850,#1855));
#1857=FACE_OUTER_BOUND('',#1856,.T.);
#1858=ADVANCED_FACE('',(#1857),#1819,.T.);
#1859=COLOUR_RGB('',0.39,0.39,0.39);
#1860=FILL_AREA_STYLE_COLOUR('',#1859);
#1861=FILL_AREA_STYLE('',(#1860));
#1862=SURFACE_STYLE_FILL_AREA(#1861);
#1863=SURFACE_STYLE_TRANSPARENT(0.00);
#1864=SURFACE_STYLE_RENDERING_WITH_PROPERTIES(.NORMAL_SHADING.,#1859,(#1863));
#1865=SURFACE_SIDE_STYLE('',(#1862, #1864));
#1866=SURFACE_STYLE_USAGE(.BOTH.,#1865);
#1867=PRESENTATION_STYLE_ASSIGNMENT((#1866));
#1868=STYLED_ITEM('',(#1867),#1858);

#1869=(
BOUNDED_SURFACE()
B_SPLINE_SURFACE(1,1,((#1870,#1871),(#1872,#1873)),.UNSPECIFIED.,.F.,.F.,.F.)
B_SPLINE_SURFACE_WITH_KNOTS((2,2),(2,2),(0.000,1.000),(0.000,1.000),.UNSPECIFIED.)
GEOMETRIC_REPRESENTATION_ITEM()
RATIONAL_B_SPLINE_SURFACE(((1.0000000000,1.0000000000),(1.0000000000,1.0000000000)))
REPRESENTATION_ITEM('')
SURFACE()
);
#1870=CARTESIAN_POINT('',(-33.5000000000,-14.0000000000,2.0000000000));
#1871=CARTESIAN_POINT('',(-31.5000000000,-14.0000000000,2.0000000000));
#1872=CARTESIAN_POINT('',(-33.5000000000,-16.0000000000,2.0000000000));
#1873=CARTESIAN_POINT('',(-31.5000000000,-16.0000000000,2.0000000000));

#1874=CARTESIAN_POINT('',(-32.5000000000,-14.0000000000,2.0000000000));
#1875=VERTEX_POINT('',#1874);
#1876=(
BOUNDED_CURVE()
B_SPLINE_CURVE(2,(#1877,#1878,#1879),.UNSPECIFIED.,.F.,.F.)
B_SPLINE_CURVE_WITH_KNOTS((3,3),(0.000,1.000),.UNSPECIFIED.)
CURVE()
GEOMETRIC_REPRESENTATION_ITEM()
RATIONAL_B_SPLINE_CURVE((1.0000000000,0.7071067812,1.0000000000))
REPRESENTATION_ITEM('')
);
#1877=CARTESIAN_POINT('',(-32.5000000000,-14.0000000000,2.0000000000));
#1878=CARTESIAN_POINT('',(-31.5000000000,-14.0000000000,2.0000000000));
#1879=CARTESIAN_POINT('',(-31.5000000000,-15.0000000000,2.0000000000));

#1880=CARTESIAN_POINT('',(-31.5000000000,-15.0000000000,2.0000000000));
#1881=VERTEX_POINT('',#1880);
#1882=EDGE_CURVE('',#1875,#1881,#1876,.T.);
#1883=ORIENTED_EDGE('',*,*,#1882,.T.);
#1884=(
BOUNDED_CURVE()
B_SPLINE_CURVE(2,(#1885,#1886,#1887),.UNSPECIFIED.,.F.,.F.)
B_SPLINE_CURVE_WITH_KNOTS((3,3),(0.000,1.000),.UNSPECIFIED.)
CURVE()
GEOMETRIC_REPRESENTATION_ITEM()
RATIONAL_B_SPLINE_CURVE((1.0000000000,0.7071067812,1.0000000000))
REPRESENTATION_ITEM('')
);
#1885=CARTESIAN_POINT('',(-31.5000000000,-15.0000000000,2.0000000000));
#1886=CARTESIAN_POINT('',(-31.5000000000,-16.0000000000,2.0000000000));
#1887=CARTESIAN_POINT('',(-32.5000000000,-16.0000000000,2.0000000000));

#1888=CARTESIAN_POINT('',(-32.5000000000,-16.0000000000,2.0000000000));
#1889=VERTEX_POINT('',#1888);
#1890=EDGE_CURVE('',#1881,#1889,#1884,.T.);
#1891=ORIENTED_EDGE('',*,*,#1890,.T.);
#1892=(
BOUNDED_CURVE()
B_SPLINE_CURVE(2,(#1893,#1894,#1895),.UNSPECIFIED.,.F.,.F.)
B_SPLINE_CURVE_WITH_KNOTS((3,3),(0.000,1.000),.UNSPECIFIED.)
CURVE()
GEOMETRIC_REPRESENTATION_ITEM()
RATIONAL_B_SPLINE_CURVE((1.0000000000,0.7071067812,1.0000000000))
REPRESENTATION_ITEM('')
);
#1893=CARTESIAN_POINT('',(-32.5000000000,-16.0000000000,2.0000000000));
#1894=CARTESIAN_POINT('',(-33.5000000000,-16.0000000000,2.0000000000));
#1895=CARTESIAN_POINT('',(-33.5000000000,-15.0000000000,2.0000000000));

#1896=CARTESIAN_POINT('',(-33.5000000000,-15.0000000000,2.0000000000));
#1897=VERTEX_POINT('',#1896);
#1898=EDGE_CURVE('',#1889,#1897,#1892,.T.);
#1899=ORIENTED_EDGE('',*,*,#1898,.T.);
#1900=(
BOUNDED_CURVE()
B_SPLINE_CURVE(2,(#1901,#1902,#1903),.UNSPECIFIED.,.F.,.F.)
B_SPLINE_CURVE_WITH_KNOTS((3,3),(0.000,1.000),.UNSPECIFIED.)
CURVE()
GEOMETRIC_REPRESENTATION_ITEM()
RATIONAL_B_SPLINE_CURVE((1.0000000000,0.7071067812,1.0000000000))
REPRESENTATION_ITEM('')
);
#1901=CARTESIAN_POINT('',(-33.5000000000,-15.0000000000,2.0000000000));
#1902=CARTESIAN_POINT('',(-33.5000000000,-14.0000000000,2.0000000000));
#1903=CARTESIAN_POINT('',(-32.5000000000,-14.0000000000,2.0000000000));

#1904=EDGE_CURVE('',#1897,#1875,#1900,.T.);
#1905=ORIENTED_EDGE('',*,*,#1904,.T.);
#1906=EDGE_LOOP('',(#1883,#1891,#1899,#1905));
#1907=FACE_OUTER_BOUND('',#1906,.T.);
#1908=ADVANCED_FACE('',(#1907),#1869,.T.);
#1909=COLOUR_RGB('',0.39,0.39,0.39);
#1910=FILL_AREA_STYLE_COLOUR('',#1909);
#1911=FILL_AREA_STYLE('',(#1910));
#1912=SURFACE_STYLE_FILL_AREA(#1911);
#1913=SURFACE_STYLE_TRANSPARENT(0.00);
#1914=SURFACE_STYLE_RENDERING_WITH_PROPERTIES(.NORMAL_SHADING.,#1909,(#1913));
#1915=SURFACE_SIDE_STYLE('',(#1912, #1914));
#1916=SURFACE_STYLE_USAGE(.BOTH.,#1915);
#1917=PRESENTATION_STYLE_ASSIGNMENT((#1916));
#1918=STYLED_ITEM('',(#1917),#1908);

#1919=(
BOUNDED_SURFACE()
B_SPLINE_SURFACE(2,1,((#1920,#1921),(#1922,#1923),(#1924,#1925)),.UNSPECIFIED.,.F.,.F.,.F.)
B_SPLINE_SURFACE_WITH_KNOTS((3,3),(2,2),(0.000,1.000),(0.000,1.000),.UNSPECIFIED.)
GEOMETRIC_REPRESENTATION_ITEM()
RATIONAL_B_SPLINE_SURFACE(((1.0000000000,1.0000000000),(0.7071067812,0.7071067812),(1.0000000000,1.0000000000)))
REPRESENTATION_ITEM('')
SURFACE()
);
#1920=CARTESIAN_POINT('',(-32.5000000000,-14.0000000000,2.0000000000));
#1921=CARTESIAN_POINT('',(-32.5000000000,-14.0000000000,10.0000000000));
#1922=CARTESIAN_POINT('',(-31.5000000000,-14.0000000000,2.0000000000));
#1923=CARTESIAN_POINT('',(-31.5000000000,-14.0000000000,10.0000000000));
#1924=CARTESIAN_POINT('',(-31.5000000000,-15.0000000000,2.0000000000));
#1925=CARTESIAN_POINT('',(-31.5000000000,-15.0000000000,10.0000000000));

#1926=CARTESIAN_POINT('',(-31.5000000000,-15.0000000000,2.0000000000));
#1927=VERTEX_POINT('',#1926);
#1928=(
BOUNDED_CURVE()
B_SPLINE_CURVE(2,(#1929,#1930,#1931),.UNSPECIFIED.,.F.,.F.)
B_SPLINE_CURVE_WITH_KNOTS((3,3),(0.000,1.000),.UNSPECIFIED.)
CURVE()
GEOMETRIC_REPRESENTATION_ITEM()
RATIONAL_B_SPLINE_CURVE((1.0000000000,0.7071067812,1.0000000000))
REPRESENTATION_ITEM('')
);
#1929=CARTESIAN_POINT('',(-31.5000000000,-15.0000000000,2.0000000000));
#1930=CARTESIAN_POINT('',(-31.5000000000,-14.0000000000,2.0000000000));
#1931=CARTESIAN_POINT('',(-32.5000000000,-14.0000000000,2.0000000000));

#1932=CARTESIAN_POINT('',(-32.5000000000,-14.0000000000,2.0000000000));
#1933=VERTEX_POINT('',#1932);
#1934=EDGE_CURVE('',#1927,#1933,#1928,.T.);
#1935=ORIENTED_EDGE('',*,*,#1934,.T.);
#1936=(
BOUNDED_CURVE()
B_SPLINE_CURVE(1,(#1937,#1938),.UNSPECIFIED.,.F.,.F.)
B_SPLINE_CURVE_WITH_KNOTS((2,2),(0.000,1.000),.UNSPECIFIED.)
CURVE()
GEOMETRIC_REPRESENTATION_ITEM()
RATIONAL_B_SPLINE_CURVE((1.0000000000,1.0000000000))
REPRESENTATION_ITEM('')
);
#1937=CARTESIAN_POINT('',(-32.5000000000,-14.0000000000,2.0000000000));
#1938=CARTESIAN_POINT('',(-32.5000000000,-14.0000000000,10.0000000000));

#1939=CARTESIAN_POINT('',(-32.5000000000,-14.0000000000,10.0000000000));
#1940=VERTEX_POINT('',#1939);
#1941=EDGE_CURVE('',#1933,#1940,#1936,.T.);
#1942=ORIENTED_EDGE('',*,*,#1941,.T.);
#1943=(
BOUNDED_CURVE()
B_SPLINE_CURVE(2,(#1944,#1945,#1946),.UNSPECIFIED.,.F.,.F.)
B_SPLINE_CURVE_WITH_KNOTS((3,3),(0.000,1.000),.UNSPECIFIED.)
CURVE()
GEOMETRIC_REPRESENTATION_ITEM()
RATIONAL_B_SPLINE_CURVE((1.0000000000,0.7071067812,1.0000000000))
REPRESENTATION_ITEM('')
);
#1944=CARTESIAN_POINT('',(-32.5000000000,-14.0000000000,10.0000000000));
#1945=CARTESIAN_POINT('',(-31.5000000000,-14.0000000000,10.0000000000));
#1946=CARTESIAN_POINT('',(-31.5000000000,-15.0000000000,10.0000000000));

#1947=CARTESIAN_POINT('',(-31.5000000000,-15.0000000000,10.0000000000));
#1948=VERTEX_POINT('',#1947);
#1949=EDGE_CURVE('',#1940,#1948,#1943,.T.);
#1950=ORIENTED_EDGE('',*,*,#1949,.T.);
#1951=(
BOUNDED_CURVE()
B_SPLINE_CURVE(1,(#1952,#1953),.UNSPECIFIED.,.F.,.F.)
B_SPLINE_CURVE_WITH_KNOTS((2,2),(0.000,1.000),.UNSPECIFIED.)
CURVE()
GEOMETRIC_REPRESENTATION_ITEM()
RATIONAL_B_SPLINE_CURVE((1.0000000000,1.0000000000))
REPRESENTATION_ITEM('')
);
#1952=CARTESIAN_POINT('',(-31.5000000000,-15.0000000000,10.0000000000));
#1953=CARTESIAN_POINT('',(-31.5000000000,-15.0000000000,2.0000000000));

#1954=EDGE_CURVE('',#1948,#1927,#1951,.T.);
#1955=ORIENTED_EDGE('',*,*,#1954,.T.);
#1956=EDGE_LOOP('',(#1935,#1942,#1950,#1955));
#1957=FACE_OUTER_BOUND('',#1956,.T.);
#1958=ADVANCED_FACE('',(#1957),#1919,.T.);
#1959=COLOUR_RGB('',0.39,0.39,0.39);
#1960=FILL_AREA_STYLE_COLOUR('',#1959);
#1961=FILL_AREA_STYLE('',(#1960));
#1962=SURFACE_STYLE_FILL_AREA(#1961);
#1963=SURFACE_STYLE_TRANSPARENT(0.00);
#1964=SURFACE_STYLE_RENDERING_WITH_PROPERTIES(.NORMAL_SHADING.,#1959,(#1963));
#1965=SURFACE_SIDE_STYLE('',(#1962, #1964));
#1966=SURFACE_STYLE_USAGE(.BOTH.,#1965);
#1967=PRESENTATION_STYLE_ASSIGNMENT((#1966));
#1968=STYLED_ITEM('',(#1967),#1958);

#1969=(
BOUNDED_SURFACE()
B_SPLINE_SURFACE(2,1,((#1970,#1971),(#1972,#1973),(#1974,#1975)),.UNSPECIFIED.,.F.,.F.,.F.)
B_SPLINE_SURFACE_WITH_KNOTS((3,3),(2,2),(0.000,1.000),(0.000,1.000),.UNSPECIFIED.)
GEOMETRIC_REPRESENTATION_ITEM()
RATIONAL_B_SPLINE_SURFACE(((1.0000000000,1.0000000000),(0.7071067812,0.7071067812),(1.0000000000,1.0000000000)))
REPRESENTATION_ITEM('')
SURFACE()
);
#1970=CARTESIAN_POINT('',(-33.5000000000,-15.0000000000,2.0000000000));
#1971=CARTESIAN_POINT('',(-33.5000000000,-15.0000000000,10.0000000000));
#1972=CARTESIAN_POINT('',(-33.5000000000,-14.0000000000,2.0000000000));
#1973=CARTESIAN_POINT('',(-33.5000000000,-14.0000000000,10.0000000000));
#1974=CARTESIAN_POINT('',(-32.5000000000,-14.0000000000,2.0000000000));
#1975=CARTESIAN_POINT('',(-32.5000000000,-14.0000000000,10.0000000000));

#1976=CARTESIAN_POINT('',(-32.5000000000,-14.0000000000,2.0000000000));
#1977=VERTEX_POINT('',#1976);
#1978=(
BOUNDED_CURVE()
B_SPLINE_CURVE(2,(#1979,#1980,#1981),.UNSPECIFIED.,.F.,.F.)
B_SPLINE_CURVE_WITH_KNOTS((3,3),(0.000,1.000),.UNSPECIFIED.)
CURVE()
GEOMETRIC_REPRESENTATION_ITEM()
RATIONAL_B_SPLINE_CURVE((1.0000000000,0.7071067812,1.0000000000))
REPRESENTATION_ITEM('')
);
#1979=CARTESIAN_POINT('',(-32.5000000000,-14.0000000000,2.0000000000));
#1980=CARTESIAN_POINT('',(-33.5000000000,-14.0000000000,2.0000000000));
#1981=CARTESIAN_POINT('',(-33.5000000000,-15.0000000000,2.0000000000));

#1982=CARTESIAN_POINT('',(-33.5000000000,-15.0000000000,2.0000000000));
#1983=VERTEX_POINT('',#1982);
#1984=EDGE_CURVE('',#1977,#1983,#1978,.T.);
#1985=ORIENTED_EDGE('',*,*,#1984,.T.);
#1986=(
BOUNDED_CURVE()
B_SPLINE_CURVE(1,(#1987,#1988),.UNSPECIFIED.,.F.,.F.)
B_SPLINE_CURVE_WITH_KNOTS((2,2),(0.000,1.000),.UNSPECIFIED.)
CURVE()
GEOMETRIC_REPRESENTATION_ITEM()
RATIONAL_B_SPLINE_CURVE((1.0000000000,1.0000000000))
REPRESENTATION_ITEM('')
);
#1987=CARTESIAN_POINT('',(-33.5000000000,-15.0000000000,2.0000000000));
#1988=CARTESIAN_POINT('',(-33.5000000000,-15.0000000000,10.0000000000));

#1989=CARTESIAN_POINT('',(-33.5000000000,-15.0000000000,10.0000000000));
#1990=VERTEX_POINT('',#1989);
#1991=EDGE_CURVE('',#1983,#1990,#1986,.T.);
#1992=ORIENTED_EDGE('',*,*,#1991,.T.);
#1993=(
BOUNDED_CURVE()
B_SPLINE_CURVE(2,(#1994,#1995,#1996),.UNSPECIFIED.,.F.,.F.)
B_SPLINE_CURVE_WITH_KNOTS((3,3),(0.000,1.000),.UNSPECIFIED.)
CURVE()
GEOMETRIC_REPRESENTATION_ITEM()
RATIONAL_B_SPLINE_CURVE((1.0000000000,0.7071067812,1.0000000000))
REPRESENTATION_ITEM('')
);
#1994=CARTESIAN_POINT('',(-33.5000000000,-15.0000000000,10.0000000000));
#1995=CARTESIAN_POINT('',(-33.5000000000,-14.0000000000,10.0000000000));
#1996=CARTESIAN_POINT('',(-32.5000000000,-14.0000000000,10.0000000000));

#1997=CARTESIAN_POINT('',(-32.5000000000,-14.0000000000,10.0000000000));
#1998=VERTEX_POINT('',#1997);
#1999=EDGE_CURVE('',#1990,#1998,#1993,.T.);
#2000=ORIENTED_EDGE('',*,*,#1999,.T.);
#2001=(
BOUNDED_CURVE()
B_SPLINE_CURVE(1,(#2002,#2003),.UNSPECIFIED.,.F.,.F.)
B_SPLINE_CURVE_WITH_KNOTS((2,2),(0.000,1.000),.UNSPECIFIED.)
CURVE()
GEOMETRIC_REPRESENTATION_ITEM()
RATIONAL_B_SPLINE_CURVE((1.0000000000,1.0000000000))
REPRESENTATION_ITEM('')
);
#2002=CARTESIAN_POINT('',(-32.5000000000,-14.0000000000,10.0000000000));
#2003=CARTESIAN_POINT('',(-32.5000000000,-14.0000000000,2.0000000000));

#2004=EDGE_CURVE('',#1998,#1977,#2001,.T.);
#2005=ORIENTED_EDGE('',*,*,#2004,.T.);
#2006=EDGE_LOOP('',(#1985,#1992,#2000,#2005));
#2007=FACE_OUTER_BOUND('',#2006,.T.);
#2008=ADVANCED_FACE('',(#2007),#1969,.T.);
#2009=COLOUR_RGB('',0.39,0.39,0.39);
#2010=FILL_AREA_STYLE_COLOUR('',#2009);
#2011=FILL_AREA_STYLE('',(#2010));
#2012=SURFACE_STYLE_FILL_AREA(#2011);
#2013=SURFACE_STYLE_TRANSPARENT(0.00);
#2014=SURFACE_STYLE_RENDERING_WITH_PROPERTIES(.NORMAL_SHADING.,#2009,(#2013));
#2015=SURFACE_SIDE_STYLE('',(#2012, #2014));
#2016=SURFACE_STYLE_USAGE(.BOTH.,#2015);
#2017=PRESENTATION_STYLE_ASSIGNMENT((#2016));
#2018=STYLED_ITEM('',(#2017),#2008);

#2019=(
BOUNDED_SURFACE()
B_SPLINE_SURFACE(2,1,((#2020,#2021),(#2022,#2023),(#2024,#2025)),.UNSPECIFIED.,.F.,.F.,.F.)
B_SPLINE_SURFACE_WITH_KNOTS((3,3),(2,2),(0.000,1.000),(0.000,1.000),.UNSPECIFIED.)
GEOMETRIC_REPRESENTATION_ITEM()
RATIONAL_B_SPLINE_SURFACE(((1.0000000000,1.0000000000),(0.7071067812,0.7071067812),(1.0000000000,1.0000000000)))
REPRESENTATION_ITEM('')
SURFACE()
);
#2020=CARTESIAN_POINT('',(-32.5000000000,-16.0000000000,2.0000000000));
#2021=CARTESIAN_POINT('',(-32.5000000000,-16.0000000000,10.0000000000));
#2022=CARTESIAN_POINT('',(-33.5000000000,-16.0000000000,2.0000000000));
#2023=CARTESIAN_POINT('',(-33.5000000000,-16.0000000000,10.0000000000));
#2024=CARTESIAN_POINT('',(-33.5000000000,-15.0000000000,2.0000000000));
#2025=CARTESIAN_POINT('',(-33.5000000000,-15.0000000000,10.0000000000));

#2026=CARTESIAN_POINT('',(-33.5000000000,-15.0000000000,2.0000000000));
#2027=VERTEX_POINT('',#2026);
#2028=(
BOUNDED_CURVE()
B_SPLINE_CURVE(2,(#2029,#2030,#2031),.UNSPECIFIED.,.F.,.F.)
B_SPLINE_CURVE_WITH_KNOTS((3,3),(0.000,1.000),.UNSPECIFIED.)
CURVE()
GEOMETRIC_REPRESENTATION_ITEM()
RATIONAL_B_SPLINE_CURVE((1.0000000000,0.7071067812,1.0000000000))
REPRESENTATION_ITEM('')
);
#2029=CARTESIAN_POINT('',(-33.5000000000,-15.0000000000,2.0000000000));
#2030=CARTESIAN_POINT('',(-33.5000000000,-16.0000000000,2.0000000000));
#2031=CARTESIAN_POINT('',(-32.5000000000,-16.0000000000,2.0000000000));

#2032=CARTESIAN_POINT('',(-32.5000000000,-16.0000000000,2.0000000000));
#2033=VERTEX_POINT('',#2032);
#2034=EDGE_CURVE('',#2027,#2033,#2028,.T.);
#2035=ORIENTED_EDGE('',*,*,#2034,.T.);
#2036=(
BOUNDED_CURVE()
B_SPLINE_CURVE(1,(#2037,#2038),.UNSPECIFIED.,.F.,.F.)
B_SPLINE_CURVE_WITH_KNOTS((2,2),(0.000,1.000),.UNSPECIFIED.)
CURVE()
GEOMETRIC_REPRESENTATION_ITEM()
RATIONAL_B_SPLINE_CURVE((1.0000000000,1.0000000000))
REPRESENTATION_ITEM('')
);
#2037=CARTESIAN_POINT('',(-32.5000000000,-16.0000000000,2.0000000000));
#2038=CARTESIAN_POINT('',(-32.5000000000,-16.0000000000,10.0000000000));

#2039=CARTESIAN_POINT('',(-32.5000000000,-16.0000000000,10.0000000000));
#2040=VERTEX_POINT('',#2039);
#2041=EDGE_CURVE('',#2033,#2040,#2036,.T.);
#2042=ORIENTED_EDGE('',*,*,#2041,.T.);
#2043=(
BOUNDED_CURVE()
B_SPLINE_CURVE(2,(#2044,#2045,#2046),.UNSPECIFIED.,.F.,.F.)
B_SPLINE_CURVE_WITH_KNOTS((3,3),(0.000,1.000),.UNSPECIFIED.)
CURVE()
GEOMETRIC_REPRESENTATION_ITEM()
RATIONAL_B_SPLINE_CURVE((1.0000000000,0.7071067812,1.0000000000))
REPRESENTATION_ITEM('')
);
#2044=CARTESIAN_POINT('',(-32.5000000000,-16.0000000000,10.0000000000));
#2045=CARTESIAN_POINT('',(-33.5000000000,-16.0000000000,10.0000000000));
#2046=CARTESIAN_POINT('',(-33.5000000000,-15.0000000000,10.0000000000));

#2047=CARTESIAN_POINT('',(-33.5000000000,-15.0000000000,10.0000000000));
#2048=VERTEX_POINT('',#2047);
#2049=EDGE_CURVE('',#2040,#2048,#2043,.T.);
#2050=ORIENTED_EDGE('',*,*,#2049,.T.);
#2051=(
BOUNDED_CURVE()
B_SPLINE_CURVE(1,(#2052,#2053),.UNSPECIFIED.,.F.,.F.)
B_SPLINE_CURVE_WITH_KNOTS((2,2),(0.000,1.000),.UNSPECIFIED.)
CURVE()
GEOMETRIC_REPRESENTATION_ITEM()
RATIONAL_B_SPLINE_CURVE((1.0000000000,1.0000000000))
REPRESENTATION_ITEM('')
);
#2052=CARTESIAN_POINT('',(-33.5000000000,-15.0000000000,10.0000000000));
#2053=CARTESIAN_POINT('',(-33.5000000000,-15.0000000000,2.0000000000));

#2054=EDGE_CURVE('',#2048,#2027,#2051,.T.);
#2055=ORIENTED_EDGE('',*,*,#2054,.T.);
#2056=EDGE_LOOP('',(#2035,#2042,#2050,#2055));
#2057=FACE_OUTER_BOUND('',#2056,.T.);
#2058=ADVANCED_FACE('',(#2057),#2019,.T.);
#2059=COLOUR_RGB('',0.39,0.39,0.39);
#2060=FILL_AREA_STYLE_COLOUR('',#2059);
#2061=FILL_AREA_STYLE('',(#2060));
#2062=SURFACE_STYLE_FILL_AREA(#2061);
#2063=SURFACE_STYLE_TRANSPARENT(0.00);
#2064=SURFACE_STYLE_RENDERING_WITH_PROPERTIES(.NORMAL_SHADING.,#2059,(#2063));
#2065=SURFACE_SIDE_STYLE('',(#2062, #2064));
#2066=SURFACE_STYLE_USAGE(.BOTH.,#2065);
#2067=PRESENTATION_STYLE_ASSIGNMENT((#2066));
#2068=STYLED_ITEM('',(#2067),#2058);

#2069=(
BOUNDED_SURFACE()
B_SPLINE_SURFACE(2,1,((#2070,#2071),(#2072,#2073),(#2074,#2075)),.UNSPECIFIED.,.F.,.F.,.F.)
B_SPLINE_SURFACE_WITH_KNOTS((3,3),(2,2),(0.000,1.000),(0.000,1.000),.UNSPECIFIED.)
GEOMETRIC_REPRESENTATION_ITEM()
RATIONAL_B_SPLINE_SURFACE(((1.0000000000,1.0000000000),(0.7071067812,0.7071067812),(1.0000000000,1.0000000000)))
REPRESENTATION_ITEM('')
SURFACE()
);
#2070=CARTESIAN_POINT('',(-31.5000000000,-15.0000000000,2.0000000000));
#2071=CARTESIAN_POINT('',(-31.5000000000,-15.0000000000,10.0000000000));
#2072=CARTESIAN_POINT('',(-31.5000000000,-16.0000000000,2.0000000000));
#2073=CARTESIAN_POINT('',(-31.5000000000,-16.0000000000,10.0000000000));
#2074=CARTESIAN_POINT('',(-32.5000000000,-16.0000000000,2.0000000000));
#2075=CARTESIAN_POINT('',(-32.5000000000,-16.0000000000,10.0000000000));

#2076=CARTESIAN_POINT('',(-32.5000000000,-16.0000000000,2.0000000000));
#2077=VERTEX_POINT('',#2076);
#2078=(
BOUNDED_CURVE()
B_SPLINE_CURVE(2,(#2079,#2080,#2081),.UNSPECIFIED.,.F.,.F.)
B_SPLINE_CURVE_WITH_KNOTS((3,3),(0.000,1.000),.UNSPECIFIED.)
CURVE()
GEOMETRIC_REPRESENTATION_ITEM()
RATIONAL_B_SPLINE_CURVE((1.0000000000,0.7071067812,1.0000000000))
REPRESENTATION_ITEM('')
);
#2079=CARTESIAN_POINT('',(-32.5000000000,-16.0000000000,2.0000000000));
#2080=CARTESIAN_POINT('',(-31.5000000000,-16.0000000000,2.0000000000));
#2081=CARTESIAN_POINT('',(-31.5000000000,-15.0000000000,2.0000000000));

#2082=CARTESIAN_POINT('',(-31.5000000000,-15.0000000000,2.0000000000));
#2083=VERTEX_POINT('',#2082);
#2084=EDGE_CURVE('',#2077,#2083,#2078,.T.);
#2085=ORIENTED_EDGE('',*,*,#2084,.T.);
#2086=(
BOUNDED_CURVE()
B_SPLINE_CURVE(1,(#2087,#2088),.UNSPECIFIED.,.F.,.F.)
B_SPLINE_CURVE_WITH_KNOTS((2,2),(0.000,1.000),.UNSPECIFIED.)
CURVE()
GEOMETRIC_REPRESENTATION_ITEM()
RATIONAL_B_SPLINE_CURVE((1.0000000000,1.0000000000))
REPRESENTATION_ITEM('')
);
#2087=CARTESIAN_POINT('',(-31.5000000000,-15.0000000000,2.0000000000));
#2088=CARTESIAN_POINT('',(-31.5000000000,-15.0000000000,10.0000000000));

#2089=CARTESIAN_POINT('',(-31.5000000000,-15.0000000000,10.0000000000));
#2090=VERTEX_POINT('',#2089);
#2091=EDGE_CURVE('',#2083,#2090,#2086,.T.);
#2092=ORIENTED_EDGE('',*,*,#2091,.T.);
#2093=(
BOUNDED_CURVE()
B_SPLINE_CURVE(2,(#2094,#2095,#2096),.UNSPECIFIED.,.F.,.F.)
B_SPLINE_CURVE_WITH_KNOTS((3,3),(0.000,1.000),.UNSPECIFIED.)
CURVE()
GEOMETRIC_REPRESENTATION_ITEM()
RATIONAL_B_SPLINE_CURVE((1.0000000000,0.7071067812,1.0000000000))
REPRESENTATION_ITEM('')
);
#2094=CARTESIAN_POINT('',(-31.5000000000,-15.0000000000,10.0000000000));
#2095=CARTESIAN_POINT('',(-31.5000000000,-16.0000000000,10.0000000000));
#2096=CARTESIAN_POINT('',(-32.5000000000,-16.0000000000,10.0000000000));

#2097=CARTESIAN_POINT('',(-32.5000000000,-16.0000000000,10.0000000000));
#2098=VERTEX_POINT('',#2097);
#2099=EDGE_CURVE('',#2090,#2098,#2093,.T.);
#2100=ORIENTED_EDGE('',*,*,#2099,.T.);
#2101=(
BOUNDED_CURVE()
B_SPLINE_CURVE(1,(#2102,#2103),.UNSPECIFIED.,.F.,.F.)
B_SPLINE_CURVE_WITH_KNOTS((2,2),(0.000,1.000),.UNSPECIFIED.)
CURVE()
GEOMETRIC_REPRESENTATION_ITEM()
RATIONAL_B_SPLINE_CURVE((1.0000000000,1.0000000000))
REPRESENTATION_ITEM('')
);
#2102=CARTESIAN_POINT('',(-32.5000000000,-16.0000000000,10.0000000000));
#2103=CARTESIAN_POINT('',(-32.5000000000,-16.0000000000,2.0000000000));

#2104=EDGE_CURVE('',#2098,#2077,#2101,.T.);
#2105=ORIENTED_EDGE('',*,*,#2104,.T.);
#2106=EDGE_LOOP('',(#2085,#2092,#2100,#2105));
#2107=FACE_OUTER_BOUND('',#2106,.T.);
#2108=ADVANCED_FACE('',(#2107),#2069,.T.);
#2109=COLOUR_RGB('',0.39,0.39,0.39);
#2110=FILL_AREA_STYLE_COLOUR('',#2109);
#2111=FILL_AREA_STYLE('',(#2110));
#2112=SURFACE_STYLE_FILL_AREA(#2111);
#2113=SURFACE_STYLE_TRANSPARENT(0.00);
#2114=SURFACE_STYLE_RENDERING_WITH_PROPERTIES(.NORMAL_SHADING.,#2109,(#2113));
#2115=SURFACE_SIDE_STYLE('',(#2112, #2114));
#2116=SURFACE_STYLE_USAGE(.BOTH.,#2115);
#2117=PRESENTATION_STYLE_ASSIGNMENT((#2116));
#2118=STYLED_ITEM('',(#2117),#2108);

#2119=(
BOUNDED_SURFACE()
B_SPLINE_SURFACE(1,1,((#2120,#2121),(#2122,#2123)),.UNSPECIFIED.,.F.,.F.,.F.)
B_SPLINE_SURFACE_WITH_KNOTS((2,2),(2,2),(0.000,1.000),(0.000,1.000),.UNSPECIFIED.)
GEOMETRIC_REPRESENTATION_ITEM()
RATIONAL_B_SPLINE_SURFACE(((1.0000000000,1.0000000000),(1.0000000000,1.0000000000)))
REPRESENTATION_ITEM('')
SURFACE()
);
#2120=CARTESIAN_POINT('',(31.5000000000,-14.0000000000,2.0000000000));
#2121=CARTESIAN_POINT('',(33.5000000000,-14.0000000000,2.0000000000));
#2122=CARTESIAN_POINT('',(31.5000000000,-16.0000000000,2.0000000000));
#2123=CARTESIAN_POINT('',(33.5000000000,-16.0000000000,2.0000000000));

#2124=CARTESIAN_POINT('',(32.5000000000,-14.0000000000,2.0000000000));
#2125=VERTEX_POINT('',#2124);
#2126=(
BOUNDED_CURVE()
B_SPLINE_CURVE(2,(#2127,#2128,#2129),.UNSPECIFIED.,.F.,.F.)
B_SPLINE_CURVE_WITH_KNOTS((3,3),(0.000,1.000),.UNSPECIFIED.)
CURVE()
GEOMETRIC_REPRESENTATION_ITEM()
RATIONAL_B_SPLINE_CURVE((1.0000000000,0.7071067812,1.0000000000))
REPRESENTATION_ITEM('')
);
#2127=CARTESIAN_POINT('',(32.5000000000,-14.0000000000,2.0000000000));
#2128=CARTESIAN_POINT('',(33.5000000000,-14.0000000000,2.0000000000));
#2129=CARTESIAN_POINT('',(33.5000000000,-15.0000000000,2.0000000000));

#2130=CARTESIAN_POINT('',(33.5000000000,-15.0000000000,2.0000000000));
#2131=VERTEX_POINT('',#2130);
#2132=EDGE_CURVE('',#2125,#2131,#2126,.T.);
#2133=ORIENTED_EDGE('',*,*,#2132,.T.);
#2134=(
BOUNDED_CURVE()
B_SPLINE_CURVE(2,(#2135,#2136,#2137),.UNSPECIFIED.,.F.,.F.)
B_SPLINE_CURVE_WITH_KNOTS((3,3),(0.000,1.000),.UNSPECIFIED.)
CURVE()
GEOMETRIC_REPRESENTATION_ITEM()
RATIONAL_B_SPLINE_CURVE((1.0000000000,0.7071067812,1.0000000000))
REPRESENTATION_ITEM('')
);
#2135=CARTESIAN_POINT('',(33.5000000000,-15.0000000000,2.0000000000));
#2136=CARTESIAN_POINT('',(33.5000000000,-16.0000000000,2.0000000000));
#2137=CARTESIAN_POINT('',(32.5000000000,-16.0000000000,2.0000000000));

#2138=CARTESIAN_POINT('',(32.5000000000,-16.0000000000,2.0000000000));
#2139=VERTEX_POINT('',#2138);
#2140=EDGE_CURVE('',#2131,#2139,#2134,.T.);
#2141=ORIENTED_EDGE('',*,*,#2140,.T.);
#2142=(
BOUNDED_CURVE()
B_SPLINE_CURVE(2,(#2143,#2144,#2145),.UNSPECIFIED.,.F.,.F.)
B_SPLINE_CURVE_WITH_KNOTS((3,3),(0.000,1.000),.UNSPECIFIED.)
CURVE()
GEOMETRIC_REPRESENTATION_ITEM()
RATIONAL_B_SPLINE_CURVE((1.0000000000,0.7071067812,1.0000000000))
REPRESENTATION_ITEM('')
);
#2143=CARTESIAN_POINT('',(32.5000000000,-16.0000000000,2.0000000000));
#2144=CARTESIAN_POINT('',(31.5000000000,-16.0000000000,2.0000000000));
#2145=CARTESIAN_POINT('',(31.5000000000,-15.0000000000,2.0000000000));

#2146=CARTESIAN_POINT('',(31.5000000000,-15.0000000000,2.0000000000));
#2147=VERTEX_POINT('',#2146);
#2148=EDGE_CURVE('',#2139,#2147,#2142,.T.);
#2149=ORIENTED_EDGE('',*,*,#2148,.T.);
#2150=(
BOUNDED_CURVE()
B_SPLINE_CURVE(2,(#2151,#2152,#2153),.UNSPECIFIED.,.F.,.F.)
B_SPLINE_CURVE_WITH_KNOTS((3,3),(0.000,1.000),.UNSPECIFIED.)
CURVE()
GEOMETRIC_REPRESENTATION_ITEM()
RATIONAL_B_SPLINE_CURVE((1.0000000000,0.7071067812,1.0000000000))
REPRESENTATION_ITEM('')
);
#2151=CARTESIAN_POINT('',(31.5000000000,-15.0000000000,2.0000000000));
#2152=CARTESIAN_POINT('',(31.5000000000,-14.0000000000,2.0000000000));
#2153=CARTESIAN_POINT('',(32.5000000000,-14.0000000000,2.0000000000));

#2154=EDGE_CURVE('',#2147,#2125,#2150,.T.);
#2155=ORIENTED_EDGE('',*,*,#2154,.T.);
#2156=EDGE_LOOP('',(#2133,#2141,#2149,#2155));
#2157=FACE_OUTER_BOUND('',#2156,.T.);
#2158=ADVANCED_FACE('',(#2157),#2119,.T.);
#2159=COLOUR_RGB('',0.39,0.39,0.39);
#2160=FILL_AREA_STYLE_COLOUR('',#2159);
#2161=FILL_AREA_STYLE('',(#2160));
#2162=SURFACE_STYLE_FILL_AREA(#2161);
#2163=SURFACE_STYLE_TRANSPARENT(0.00);
#2164=SURFACE_STYLE_RENDERING_WITH_PROPERTIES(.NORMAL_SHADING.,#2159,(#2163));
#2165=SURFACE_SIDE_STYLE('',(#2162, #2164));
#2166=SURFACE_STYLE_USAGE(.BOTH.,#2165);
#2167=PRESENTATION_STYLE_ASSIGNMENT((#2166));
#2168=STYLED_ITEM('',(#2167),#2158);

#2169=(
BOUNDED_SURFACE()
B_SPLINE_SURFACE(2,1,((#2170,#2171),(#2172,#2173),(#2174,#2175)),.UNSPECIFIED.,.F.,.F.,.F.)
B_SPLINE_SURFACE_WITH_KNOTS((3,3),(2,2),(0.000,1.000),(0.000,1.000),.UNSPECIFIED.)
GEOMETRIC_REPRESENTATION_ITEM()
RATIONAL_B_SPLINE_SURFACE(((1.0000000000,1.0000000000),(0.7071067812,0.7071067812),(1.0000000000,1.0000000000)))
REPRESENTATION_ITEM('')
SURFACE()
);
#2170=CARTESIAN_POINT('',(32.5000000000,-14.0000000000,2.0000000000));
#2171=CARTESIAN_POINT('',(32.5000000000,-14.0000000000,10.0000000000));
#2172=CARTESIAN_POINT('',(33.5000000000,-14.0000000000,2.0000000000));
#2173=CARTESIAN_POINT('',(33.5000000000,-14.0000000000,10.0000000000));
#2174=CARTESIAN_POINT('',(33.5000000000,-15.0000000000,2.0000000000));
#2175=CARTESIAN_POINT('',(33.5000000000,-15.0000000000,10.0000000000));

#2176=CARTESIAN_POINT('',(33.5000000000,-15.0000000000,2.0000000000));
#2177=VERTEX_POINT('',#2176);
#2178=(
BOUNDED_CURVE()
B_SPLINE_CURVE(2,(#2179,#2180,#2181),.UNSPECIFIED.,.F.,.F.)
B_SPLINE_CURVE_WITH_KNOTS((3,3),(0.000,1.000),.UNSPECIFIED.)
CURVE()
GEOMETRIC_REPRESENTATION_ITEM()
RATIONAL_B_SPLINE_CURVE((1.0000000000,0.7071067812,1.0000000000))
REPRESENTATION_ITEM('')
);
#2179=CARTESIAN_POINT('',(33.5000000000,-15.0000000000,2.0000000000));
#2180=CARTESIAN_POINT('',(33.5000000000,-14.0000000000,2.0000000000));
#2181=CARTESIAN_POINT('',(32.5000000000,-14.0000000000,2.0000000000));

#2182=CARTESIAN_POINT('',(32.5000000000,-14.0000000000,2.0000000000));
#2183=VERTEX_POINT('',#2182);
#2184=EDGE_CURVE('',#2177,#2183,#2178,.T.);
#2185=ORIENTED_EDGE('',*,*,#2184,.T.);
#2186=(
BOUNDED_CURVE()
B_SPLINE_CURVE(1,(#2187,#2188),.UNSPECIFIED.,.F.,.F.)
B_SPLINE_CURVE_WITH_KNOTS((2,2),(0.000,1.000),.UNSPECIFIED.)
CURVE()
GEOMETRIC_REPRESENTATION_ITEM()
RATIONAL_B_SPLINE_CURVE((1.0000000000,1.0000000000))
REPRESENTATION_ITEM('')
);
#2187=CARTESIAN_POINT('',(32.5000000000,-14.0000000000,2.0000000000));
#2188=CARTESIAN_POINT('',(32.5000000000,-14.0000000000,10.0000000000));

#2189=CARTESIAN_POINT('',(32.5000000000,-14.0000000000,10.0000000000));
#2190=VERTEX_POINT('',#2189);
#2191=EDGE_CURVE('',#2183,#2190,#2186,.T.);
#2192=ORIENTED_EDGE('',*,*,#2191,.T.);
#2193=(
BOUNDED_CURVE()
B_SPLINE_CURVE(2,(#2194,#2195,#2196),.UNSPECIFIED.,.F.,.F.)
B_SPLINE_CURVE_WITH_KNOTS((3,3),(0.000,1.000),.UNSPECIFIED.)
CURVE()
GEOMETRIC_REPRESENTATION_ITEM()
RATIONAL_B_SPLINE_CURVE((1.0000000000,0.7071067812,1.0000000000))
REPRESENTATION_ITEM('')
);
#2194=CARTESIAN_POINT('',(32.5000000000,-14.0000000000,10.0000000000));
#2195=CARTESIAN_POINT('',(33.5000000000,-14.0000000000,10.0000000000));
#2196=CARTESIAN_POINT('',(33.5000000000,-15.0000000000,10.0000000000));

#2197=CARTESIAN_POINT('',(33.5000000000,-15.0000000000,10.0000000000));
#2198=VERTEX_POINT('',#2197);
#2199=EDGE_CURVE('',#2190,#2198,#2193,.T.);
#2200=ORIENTED_EDGE('',*,*,#2199,.T.);
#2201=(
BOUNDED_CURVE()
B_SPLINE_CURVE(1,(#2202,#2203),.UNSPECIFIED.,.F.,.F.)
B_SPLINE_CURVE_WITH_KNOTS((2,2),(0.000,1.000),.UNSPECIFIED.)
CURVE()
GEOMETRIC_REPRESENTATION_ITEM()
RATIONAL_B_SPLINE_CURVE((1.0000000000,1.0000000000))
REPRESENTATION_ITEM('')
);
#2202=CARTESIAN_POINT('',(33.5000000000,-15.0000000000,10.0000000000));
#2203=CARTESIAN_POINT('',(33.5000000000,-15.0000000000,2.0000000000));

#2204=EDGE_CURVE('',#2198,#2177,#2201,.T.);
#2205=ORIENTED_EDGE('',*,*,#2204,.T.);
#2206=EDGE_LOOP('',(#2185,#2192,#2200,#2205));
#2207=FACE_OUTER_BOUND('',#2206,.T.);
#2208=ADVANCED_FACE('',(#2207),#2169,.T.);
#2209=COLOUR_RGB('',0.39,0.39,0.39);
#2210=FILL_AREA_STYLE_COLOUR('',#2209);
#2211=FILL_AREA_STYLE('',(#2210));
#2212=SURFACE_STYLE_FILL_AREA(#2211);
#2213=SURFACE_STYLE_TRANSPARENT(0.00);
#2214=SURFACE_STYLE_RENDERING_WITH_PROPERTIES(.NORMAL_SHADING.,#2209,(#2213));
#2215=SURFACE_SIDE_STYLE('',(#2212, #2214));
#2216=SURFACE_STYLE_USAGE(.BOTH.,#2215);
#2217=PRESENTATION_STYLE_ASSIGNMENT((#2216));
#2218=STYLED_ITEM('',(#2217),#2208);

#2219=(
BOUNDED_SURFACE()
B_SPLINE_SURFACE(2,1,((#2220,#2221),(#2222,#2223),(#2224,#2225)),.UNSPECIFIED.,.F.,.F.,.F.)
B_SPLINE_SURFACE_WITH_KNOTS((3,3),(2,2),(0.000,1.000),(0.000,1.000),.UNSPECIFIED.)
GEOMETRIC_REPRESENTATION_ITEM()
RATIONAL_B_SPLINE_SURFACE(((1.0000000000,1.0000000000),(0.7071067812,0.7071067812),(1.0000000000,1.0000000000)))
REPRESENTATION_ITEM('')
SURFACE()
);
#2220=CARTESIAN_POINT('',(31.5000000000,-15.0000000000,2.0000000000));
#2221=CARTESIAN_POINT('',(31.5000000000,-15.0000000000,10.0000000000));
#2222=CARTESIAN_POINT('',(31.5000000000,-14.0000000000,2.0000000000));
#2223=CARTESIAN_POINT('',(31.5000000000,-14.0000000000,10.0000000000));
#2224=CARTESIAN_POINT('',(32.5000000000,-14.0000000000,2.0000000000));
#2225=CARTESIAN_POINT('',(32.5000000000,-14.0000000000,10.0000000000));

#2226=CARTESIAN_POINT('',(32.5000000000,-14.0000000000,2.0000000000));
#2227=VERTEX_POINT('',#2226);
#2228=(
BOUNDED_CURVE()
B_SPLINE_CURVE(2,(#2229,#2230,#2231),.UNSPECIFIED.,.F.,.F.)
B_SPLINE_CURVE_WITH_KNOTS((3,3),(0.000,1.000),.UNSPECIFIED.)
CURVE()
GEOMETRIC_REPRESENTATION_ITEM()
RATIONAL_B_SPLINE_CURVE((1.0000000000,0.7071067812,1.0000000000))
REPRESENTATION_ITEM('')
);
#2229=CARTESIAN_POINT('',(32.5000000000,-14.0000000000,2.0000000000));
#2230=CARTESIAN_POINT('',(31.5000000000,-14.0000000000,2.0000000000));
#2231=CARTESIAN_POINT('',(31.5000000000,-15.0000000000,2.0000000000));

#2232=CARTESIAN_POINT('',(31.5000000000,-15.0000000000,2.0000000000));
#2233=VERTEX_POINT('',#2232);
#2234=EDGE_CURVE('',#2227,#2233,#2228,.T.);
#2235=ORIENTED_EDGE('',*,*,#2234,.T.);
#2236=(
BOUNDED_CURVE()
B_SPLINE_CURVE(1,(#2237,#2238),.UNSPECIFIED.,.F.,.F.)
B_SPLINE_CURVE_WITH_KNOTS((2,2),(0.000,1.000),.UNSPECIFIED.)
CURVE()
GEOMETRIC_REPRESENTATION_ITEM()
RATIONAL_B_SPLINE_CURVE((1.0000000000,1.0000000000))
REPRESENTATION_ITEM('')
);
#2237=CARTESIAN_POINT('',(31.5000000000,-15.0000000000,2.0000000000));
#2238=CARTESIAN_POINT('',(31.5000000000,-15.0000000000,10.0000000000));

#2239=CARTESIAN_POINT('',(31.5000000000,-15.0000000000,10.0000000000));
#2240=VERTEX_POINT('',#2239);
#2241=EDGE_CURVE('',#2233,#2240,#2236,.T.);
#2242=ORIENTED_EDGE('',*,*,#2241,.T.);
#2243=(
BOUNDED_CURVE()
B_SPLINE_CURVE(2,(#2244,#2245,#2246),.UNSPECIFIED.,.F.,.F.)
B_SPLINE_CURVE_WITH_KNOTS((3,3),(0.000,1.000),.UNSPECIFIED.)
CURVE()
GEOMETRIC_REPRESENTATION_ITEM()
RATIONAL_B_SPLINE_CURVE((1.0000000000,0.7071067812,1.0000000000))
REPRESENTATION_ITEM('')
);
#2244=CARTESIAN_POINT('',(31.5000000000,-15.0000000000,10.0000000000));
#2245=CARTESIAN_POINT('',(31.5000000000,-14.0000000000,10.0000000000));
#2246=CARTESIAN_POINT('',(32.5000000000,-14.0000000000,10.0000000000));

#2247=CARTESIAN_POINT('',(32.5000000000,-14.0000000000,10.0000000000));
#2248=VERTEX_POINT('',#2247);
#2249=EDGE_CURVE('',#2240,#2248,#2243,.T.);
#2250=ORIENTED_EDGE('',*,*,#2249,.T.);
#2251=(
BOUNDED_CURVE()
B_SPLINE_CURVE(1,(#2252,#2253),.UNSPECIFIED.,.F.,.F.)
B_SPLINE_CURVE_WITH_KNOTS((2,2),(0.000,1.000),.UNSPECIFIED.)
CURVE()
GEOMETRIC_REPRESENTATION_ITEM()
RATIONAL_B_SPLINE_CURVE((1.0000000000,1.0000000000))
REPRESENTATION_ITEM('')
);
#2252=CARTESIAN_POINT('',(32.5000000000,-14.0000000000,10.0000000000));
#2253=CARTESIAN_POINT('',(32.5000000000,-14.0000000000,2.0000000000));

#2254=EDGE_CURVE('',#2248,#2227,#2251,.T.);
#2255=ORIENTED_EDGE('',*,*,#2254,.T.);
#2256=EDGE_LOOP('',(#2235,#2242,#2250,#2255));
#2257=FACE_OUTER_BOUND('',#2256,.T.);
#2258=ADVANCED_FACE('',(#2257),#2219,.T.);
#2259=COLOUR_RGB('',0.39,0.39,0.39);
#2260=FILL_AREA_STYLE_COLOUR('',#2259);
#2261=FILL_AREA_STYLE('',(#2260));
#2262=SURFACE_STYLE_FILL_AREA(#2261);
#2263=SURFACE_STYLE_TRANSPARENT(0.00);
#2264=SURFACE_STYLE_RENDERING_WITH_PROPERTIES(.NORMAL_SHADING.,#2259,(#2263));
#2265=SURFACE_SIDE_STYLE('',(#2262, #2264));
#2266=SURFACE_STYLE_USAGE(.BOTH.,#2265);
#2267=PRESENTATION_STYLE_ASSIGNMENT((#2266));
#2268=STYLED_ITEM('',(#2267),#2258);

#2269=(
BOUNDED_SURFACE()
B_SPLINE_SURFACE(2,1,((#2270,#2271),(#2272,#2273),(#2274,#2275)),.UNSPECIFIED.,.F.,.F.,.F.)
B_SPLINE_SURFACE_WITH_KNOTS((3,3),(2,2),(0.000,1.000),(0.000,1.000),.UNSPECIFIED.)
GEOMETRIC_REPRESENTATION_ITEM()
RATIONAL_B_SPLINE_SURFACE(((1.0000000000,1.0000000000),(0.7071067812,0.7071067812),(1.0000000000,1.0000000000)))
REPRESENTATION_ITEM('')
SURFACE()
);
#2270=CARTESIAN_POINT('',(32.5000000000,-16.0000000000,2.0000000000));
#2271=CARTESIAN_POINT('',(32.5000000000,-16.0000000000,10.0000000000));
#2272=CARTESIAN_POINT('',(31.5000000000,-16.0000000000,2.0000000000));
#2273=CARTESIAN_POINT('',(31.5000000000,-16.0000000000,10.0000000000));
#2274=CARTESIAN_POINT('',(31.5000000000,-15.0000000000,2.0000000000));
#2275=CARTESIAN_POINT('',(31.5000000000,-15.0000000000,10.0000000000));

#2276=CARTESIAN_POINT('',(31.5000000000,-15.0000000000,2.0000000000));
#2277=VERTEX_POINT('',#2276);
#2278=(
BOUNDED_CURVE()
B_SPLINE_CURVE(2,(#2279,#2280,#2281),.UNSPECIFIED.,.F.,.F.)
B_SPLINE_CURVE_WITH_KNOTS((3,3),(0.000,1.000),.UNSPECIFIED.)
CURVE()
GEOMETRIC_REPRESENTATION_ITEM()
RATIONAL_B_SPLINE_CURVE((1.0000000000,0.7071067812,1.0000000000))
REPRESENTATION_ITEM('')
);
#2279=CARTESIAN_POINT('',(31.5000000000,-15.0000000000,2.0000000000));
#2280=CARTESIAN_POINT('',(31.5000000000,-16.0000000000,2.0000000000));
#2281=CARTESIAN_POINT('',(32.5000000000,-16.0000000000,2.0000000000));

#2282=CARTESIAN_POINT('',(32.5000000000,-16.0000000000,2.0000000000));
#2283=VERTEX_POINT('',#2282);
#2284=EDGE_CURVE('',#2277,#2283,#2278,.T.);
#2285=ORIENTED_EDGE('',*,*,#2284,.T.);
#2286=(
BOUNDED_CURVE()
B_SPLINE_CURVE(1,(#2287,#2288),.UNSPECIFIED.,.F.,.F.)
B_SPLINE_CURVE_WITH_KNOTS((2,2),(0.000,1.000),.UNSPECIFIED.)
CURVE()
GEOMETRIC_REPRESENTATION_ITEM()
RATIONAL_B_SPLINE_CURVE((1.0000000000,1.0000000000))
REPRESENTATION_ITEM('')
);
#2287=CARTESIAN_POINT('',(32.5000000000,-16.0000000000,2.0000000000));
#2288=CARTESIAN_POINT('',(32.5000000000,-16.0000000000,10.0000000000));

#2289=CARTESIAN_POINT('',(32.5000000000,-16.0000000000,10.0000000000));
#2290=VERTEX_POINT('',#2289);
#2291=EDGE_CURVE('',#2283,#2290,#2286,.T.);
#2292=ORIENTED_EDGE('',*,*,#2291,.T.);
#2293=(
BOUNDED_CURVE()
B_SPLINE_CURVE(2,(#2294,#2295,#2296),.UNSPECIFIED.,.F.,.F.)
B_SPLINE_CURVE_WITH_KNOTS((3,3),(0.000,1.000),.UNSPECIFIED.)
CURVE()
GEOMETRIC_REPRESENTATION_ITEM()
RATIONAL_B_SPLINE_CURVE((1.0000000000,0.7071067812,1.0000000000))
REPRESENTATION_ITEM('')
);
#2294=CARTESIAN_POINT('',(32.5000000000,-16.0000000000,10.0000000000));
#2295=CARTESIAN_POINT('',(31.5000000000,-16.0000000000,10.0000000000));
#2296=CARTESIAN_POINT('',(31.5000000000,-15.0000000000,10.0000000000));

#2297=CARTESIAN_POINT('',(31.5000000000,-15.0000000000,10.0000000000));
#2298=VERTEX_POINT('',#2297);
#2299=EDGE_CURVE('',#2290,#2298,#2293,.T.);
#2300=ORIENTED_EDGE('',*,*,#2299,.T.);
#2301=(
BOUNDED_CURVE()
B_SPLINE_CURVE(1,(#2302,#2303),.UNSPECIFIED.,.F.,.F.)
B_SPLINE_CURVE_WITH_KNOTS((2,2),(0.000,1.000),.UNSPECIFIED.)
CURVE()
GEOMETRIC_REPRESENTATION_ITEM()
RATIONAL_B_SPLINE_CURVE((1.0000000000,1.0000000000))
REPRESENTATION_ITEM('')
);
#2302=CARTESIAN_POINT('',(31.5000000000,-15.0000000000,10.0000000000));
#2303=CARTESIAN_POINT('',(31.5000000000,-15.0000000000,2.0000000000));

#2304=EDGE_CURVE('',#2298,#2277,#2301,.T.);
#2305=ORIENTED_EDGE('',*,*,#2304,.T.);
#2306=EDGE_LOOP('',(#2285,#2292,#2300,#2305));
#2307=FACE_OUTER_BOUND('',#2306,.T.);
#2308=ADVANCED_FACE('',(#2307),#2269,.T.);
#2309=COLOUR_RGB('',0.39,0.39,0.39);
#2310=FILL_AREA_STYLE_COLOUR('',#2309);
#2311=FILL_AREA_STYLE('',(#2310));
#2312=SURFACE_STYLE_FILL_AREA(#2311);
#2313=SURFACE_STYLE_TRANSPARENT(0.00);
#2314=SURFACE_STYLE_RENDERING_WITH_PROPERTIES(.NORMAL_SHADING.,#2309,(#2313));
#2315=SURFACE_SIDE_STYLE('',(#2312, #2314));
#2316=SURFACE_STYLE_USAGE(.BOTH.,#2315);
#2317=PRESENTATION_STYLE_ASSIGNMENT((#2316));
#2318=STYLED_ITEM('',(#2317),#2308);

#2319=(
BOUNDED_SURFACE()
B_SPLINE_SURFACE(2,1,((#2320,#2321),(#2322,#2323),(#2324,#2325)),.UNSPECIFIED.,.F.,.F.,.F.)
B_SPLINE_SURFACE_WITH_KNOTS((3,3),(2,2),(0.000,1.000),(0.000,1.000),.UNSPECIFIED.)
GEOMETRIC_REPRESENTATION_ITEM()
RATIONAL_B_SPLINE_SURFACE(((1.0000000000,1.0000000000),(0.7071067812,0.7071067812),(1.0000000000,1.0000000000)))
REPRESENTATION_ITEM('')
SURFACE()
);
#2320=CARTESIAN_POINT('',(33.5000000000,-15.0000000000,2.0000000000));
#2321=CARTESIAN_POINT('',(33.5000000000,-15.0000000000,10.0000000000));
#2322=CARTESIAN_POINT('',(33.5000000000,-16.0000000000,2.0000000000));
#2323=CARTESIAN_POINT('',(33.5000000000,-16.0000000000,10.0000000000));
#2324=CARTESIAN_POINT('',(32.5000000000,-16.0000000000,2.0000000000));
#2325=CARTESIAN_POINT('',(32.5000000000,-16.0000000000,10.0000000000));

#2326=CARTESIAN_POINT('',(32.5000000000,-16.0000000000,2.0000000000));
#2327=VERTEX_POINT('',#2326);
#2328=(
BOUNDED_CURVE()
B_SPLINE_CURVE(2,(#2329,#2330,#2331),.UNSPECIFIED.,.F.,.F.)
B_SPLINE_CURVE_WITH_KNOTS((3,3),(0.000,1.000),.UNSPECIFIED.)
CURVE()
GEOMETRIC_REPRESENTATION_ITEM()
RATIONAL_B_SPLINE_CURVE((1.0000000000,0.7071067812,1.0000000000))
REPRESENTATION_ITEM('')
);
#2329=CARTESIAN_POINT('',(32.5000000000,-16.0000000000,2.0000000000));
#2330=CARTESIAN_POINT('',(33.5000000000,-16.0000000000,2.0000000000));
#2331=CARTESIAN_POINT('',(33.5000000000,-15.0000000000,2.0000000000));

#2332=CARTESIAN_POINT('',(33.5000000000,-15.0000000000,2.0000000000));
#2333=VERTEX_POINT('',#2332);
#2334=EDGE_CURVE('',#2327,#2333,#2328,.T.);
#2335=ORIENTED_EDGE('',*,*,#2334,.T.);
#2336=(
BOUNDED_CURVE()
B_SPLINE_CURVE(1,(#2337,#2338),.UNSPECIFIED.,.F.,.F.)
B_SPLINE_CURVE_WITH_KNOTS((2,2),(0.000,1.000),.UNSPECIFIED.)
CURVE()
GEOMETRIC_REPRESENTATION_ITEM()
RATIONAL_B_SPLINE_CURVE((1.0000000000,1.0000000000))
REPRESENTATION_ITEM('')
);
#2337=CARTESIAN_POINT('',(33.5000000000,-15.0000000000,2.0000000000));
#2338=CARTESIAN_POINT('',(33.5000000000,-15.0000000000,10.0000000000));

#2339=CARTESIAN_POINT('',(33.5000000000,-15.0000000000,10.0000000000));
#2340=VERTEX_POINT('',#2339);
#2341=EDGE_CURVE('',#2333,#2340,#2336,.T.);
#2342=ORIENTED_EDGE('',*,*,#2341,.T.);
#2343=(
BOUNDED_CURVE()
B_SPLINE_CURVE(2,(#2344,#2345,#2346),.UNSPECIFIED.,.F.,.F.)
B_SPLINE_CURVE_WITH_KNOTS((3,3),(0.000,1.000),.UNSPECIFIED.)
CURVE()
GEOMETRIC_REPRESENTATION_ITEM()
RATIONAL_B_SPLINE_CURVE((1.0000000000,0.7071067812,1.0000000000))
REPRESENTATION_ITEM('')
);
#2344=CARTESIAN_POINT('',(33.5000000000,-15.0000000000,10.0000000000));
#2345=CARTESIAN_POINT('',(33.5000000000,-16.0000000000,10.0000000000));
#2346=CARTESIAN_POINT('',(32.5000000000,-16.0000000000,10.0000000000));

#2347=CARTESIAN_POINT('',(32.5000000000,-16.0000000000,10.0000000000));
#2348=VERTEX_POINT('',#2347);
#2349=EDGE_CURVE('',#2340,#2348,#2343,.T.);
#2350=ORIENTED_EDGE('',*,*,#2349,.T.);
#2351=(
BOUNDED_CURVE()
B_SPLINE_CURVE(1,(#2352,#2353),.UNSPECIFIED.,.F.,.F.)
B_SPLINE_CURVE_WITH_KNOTS((2,2),(0.000,1.000),.UNSPECIFIED.)
CURVE()
GEOMETRIC_REPRESENTATION_ITEM()
RATIONAL_B_SPLINE_CURVE((1.0000000000,1.0000000000))
REPRESENTATION_ITEM('')
);
#2352=CARTESIAN_POINT('',(32.5000000000,-16.0000000000,10.0000000000));
#2353=CARTESIAN_POINT('',(32.5000000000,-16.0000000000,2.0000000000));

#2354=EDGE_CURVE('',#2348,#2327,#2351,.T.);
#2355=ORIENTED_EDGE('',*,*,#2354,.T.);
#2356=EDGE_LOOP('',(#2335,#2342,#2350,#2355));
#2357=FACE_OUTER_BOUND('',#2356,.T.);
#2358=ADVANCED_FACE('',(#2357),#2319,.T.);
#2359=COLOUR_RGB('',0.39,0.39,0.39);
#2360=FILL_AREA_STYLE_COLOUR('',#2359);
#2361=FILL_AREA_STYLE('',(#2360));
#2362=SURFACE_STYLE_FILL_AREA(#2361);
#2363=SURFACE_STYLE_TRANSPARENT(0.00);
#2364=SURFACE_STYLE_RENDERING_WITH_PROPERTIES(.NORMAL_SHADING.,#2359,(#2363));
#2365=SURFACE_SIDE_STYLE('',(#2362, #2364));
#2366=SURFACE_STYLE_USAGE(.BOTH.,#2365);
#2367=PRESENTATION_STYLE_ASSIGNMENT((#2366));
#2368=STYLED_ITEM('',(#2367),#2358);

#2369=(
BOUNDED_SURFACE()
B_SPLINE_SURFACE(1,1,((#2370,#2371),(#2372,#2373)),.UNSPECIFIED.,.F.,.F.,.F.)
B_SPLINE_SURFACE_WITH_KNOTS((2,2),(2,2),(0.000,1.000),(0.000,1.000),.UNSPECIFIED.)
GEOMETRIC_REPRESENTATION_ITEM()
RATIONAL_B_SPLINE_SURFACE(((1.0000000000,1.0000000000),(1.0000000000,1.0000000000)))
REPRESENTATION_ITEM('')
SURFACE()
);
#2370=CARTESIAN_POINT('',(-31.0000000000,-12.0000000000,6.0000000000));
#2371=CARTESIAN_POINT('',(-34.0000000000,-12.0000000000,6.0000000000));
#2372=CARTESIAN_POINT('',(-31.0000000000,12.0000000000,6.0000000000));
#2373=CARTESIAN_POINT('',(-34.0000000000,12.0000000000,6.0000000000));

#2374=CARTESIAN_POINT('',(-31.5000000000,12.0000000000,6.0000000000));
#2375=VERTEX_POINT('',#2374);
#2376=(
BOUNDED_CURVE()
B_SPLINE_CURVE(1,(#2377,#2378),.UNSPECIFIED.,.F.,.F.)
B_SPLINE_CURVE_WITH_KNOTS((2,2),(0.000,1.000),.UNSPECIFIED.)
CURVE()
GEOMETRIC_REPRESENTATION_ITEM()
RATIONAL_B_SPLINE_CURVE((1.0000000000,1.0000000000))
REPRESENTATION_ITEM('')
);
#2377=CARTESIAN_POINT('',(-31.5000000000,12.0000000000,6.0000000000));
#2378=CARTESIAN_POINT('',(-31.5000000000,-12.0000000000,6.0000000000));

#2379=CARTESIAN_POINT('',(-31.5000000000,-12.0000000000,6.0000000000));
#2380=VERTEX_POINT('',#2379);
#2381=EDGE_CURVE('',#2375,#2380,#2376,.T.);
#2382=ORIENTED_EDGE('',*,*,#2381,.T.);
#2383=(
BOUNDED_CURVE()
B_SPLINE_CURVE(1,(#2384,#2385),.UNSPECIFIED.,.F.,.F.)
B_SPLINE_CURVE_WITH_KNOTS((2,2),(0.000,1.000),.UNSPECIFIED.)
CURVE()
GEOMETRIC_REPRESENTATION_ITEM()
RATIONAL_B_SPLINE_CURVE((1.0000000000,1.0000000000))
REPRESENTATION_ITEM('')
);
#2384=CARTESIAN_POINT('',(-31.5000000000,-12.0000000000,6.0000000000));
#2385=CARTESIAN_POINT('',(-34.0000000000,-12.0000000000,6.0000000000));

#2386=CARTESIAN_POINT('',(-34.0000000000,-12.0000000000,6.0000000000));
#2387=VERTEX_POINT('',#2386);
#2388=EDGE_CURVE('',#2380,#2387,#2383,.T.);
#2389=ORIENTED_EDGE('',*,*,#2388,.T.);
#2390=(
BOUNDED_CURVE()
B_SPLINE_CURVE(1,(#2391,#2392),.UNSPECIFIED.,.F.,.F.)
B_SPLINE_CURVE_WITH_KNOTS((2,2),(0.000,1.000),.UNSPECIFIED.)
CURVE()
GEOMETRIC_REPRESENTATION_ITEM()
RATIONAL_B_SPLINE_CURVE((1.0000000000,1.0000000000))
REPRESENTATION_ITEM('')
);
#2391=CARTESIAN_POINT('',(-34.0000000000,-12.0000000000,6.0000000000));
#2392=CARTESIAN_POINT('',(-34.0000000000,12.0000000000,6.0000000000));

#2393=CARTESIAN_POINT('',(-34.0000000000,12.0000000000,6.0000000000));
#2394=VERTEX_POINT('',#2393);
#2395=EDGE_CURVE('',#2387,#2394,#2390,.T.);
#2396=ORIENTED_EDGE('',*,*,#2395,.T.);
#2397=(
BOUNDED_CURVE()
B_SPLINE_CURVE(1,(#2398,#2399),.UNSPECIFIED.,.F.,.F.)
B_SPLINE_CURVE_WITH_KNOTS((2,2),(0.000,1.000),.UNSPECIFIED.)
CURVE()
GEOMETRIC_REPRESENTATION_ITEM()
RATIONAL_B_SPLINE_CURVE((1.0000000000,1.0000000000))
REPRESENTATION_ITEM('')
);
#2398=CARTESIAN_POINT('',(-34.0000000000,12.0000000000,6.0000000000));
#2399=CARTESIAN_POINT('',(-31.5000000000,12.0000000000,6.0000000000));

#2400=EDGE_CURVE('',#2394,#2375,#2397,.T.);
#2401=ORIENTED_EDGE('',*,*,#2400,.T.);
#2402=EDGE_LOOP('',(#2382,#2389,#2396,#2401));
#2403=FACE_OUTER_BOUND('',#2402,.T.);
#2404=ADVANCED_FACE('',(#2403),#2369,.T.);
#2405=COLOUR_RGB('',0.39,0.39,0.39);
#2406=FILL_AREA_STYLE_COLOUR('',#2405);
#2407=FILL_AREA_STYLE('',(#2406));
#2408=SURFACE_STYLE_FILL_AREA(#2407);
#2409=SURFACE_STYLE_TRANSPARENT(0.00);
#2410=SURFACE_STYLE_RENDERING_WITH_PROPERTIES(.NORMAL_SHADING.,#2405,(#2409));
#2411=SURFACE_SIDE_STYLE('',(#2408, #2410));
#2412=SURFACE_STYLE_USAGE(.BOTH.,#2411);
#2413=PRESENTATION_STYLE_ASSIGNMENT((#2412));
#2414=STYLED_ITEM('',(#2413),#2404);

#2415=(
BOUNDED_SURFACE()
B_SPLINE_SURFACE(1,1,((#2416,#2417),(#2418,#2419)),.UNSPECIFIED.,.F.,.F.,.F.)
B_SPLINE_SURFACE_WITH_KNOTS((2,2),(2,2),(0.000,1.000),(0.000,1.000),.UNSPECIFIED.)
GEOMETRIC_REPRESENTATION_ITEM()
RATIONAL_B_SPLINE_SURFACE(((1.0000000000,1.0000000000),(1.0000000000,1.0000000000)))
REPRESENTATION_ITEM('')
SURFACE()
);
#2416=CARTESIAN_POINT('',(-34.0000000000,-12.0000000000,10.0000000000));
#2417=CARTESIAN_POINT('',(-34.0000000000,-12.0000000000,6.0000000000));
#2418=CARTESIAN_POINT('',(-31.0000000000,-12.0000000000,10.0000000000));
#2419=CARTESIAN_POINT('',(-31.0000000000,-12.0000000000,6.0000000000));

#2420=CARTESIAN_POINT('',(-31.5000000000,-12.0000000000,6.0000000000));
#2421=VERTEX_POINT('',#2420);
#2422=(
BOUNDED_CURVE()
B_SPLINE_CURVE(1,(#2423,#2424),.UNSPECIFIED.,.F.,.F.)
B_SPLINE_CURVE_WITH_KNOTS((2,2),(0.000,1.000),.UNSPECIFIED.)
CURVE()
GEOMETRIC_REPRESENTATION_ITEM()
RATIONAL_B_SPLINE_CURVE((1.0000000000,1.0000000000))
REPRESENTATION_ITEM('')
);
#2423=CARTESIAN_POINT('',(-31.5000000000,-12.0000000000,6.0000000000));
#2424=CARTESIAN_POINT('',(-31.5000000000,-12.0000000000,10.0000000000));

#2425=CARTESIAN_POINT('',(-31.5000000000,-12.0000000000,10.0000000000));
#2426=VERTEX_POINT('',#2425);
#2427=EDGE_CURVE('',#2421,#2426,#2422,.T.);
#2428=ORIENTED_EDGE('',*,*,#2427,.T.);
#2429=(
BOUNDED_CURVE()
B_SPLINE_CURVE(1,(#2430,#2431),.UNSPECIFIED.,.F.,.F.)
B_SPLINE_CURVE_WITH_KNOTS((2,2),(0.000,1.000),.UNSPECIFIED.)
CURVE()
GEOMETRIC_REPRESENTATION_ITEM()
RATIONAL_B_SPLINE_CURVE((1.0000000000,1.0000000000))
REPRESENTATION_ITEM('')
);
#2430=CARTESIAN_POINT('',(-31.5000000000,-12.0000000000,10.0000000000));
#2431=CARTESIAN_POINT('',(-34.0000000000,-12.0000000000,10.0000000000));

#2432=CARTESIAN_POINT('',(-34.0000000000,-12.0000000000,10.0000000000));
#2433=VERTEX_POINT('',#2432);
#2434=EDGE_CURVE('',#2426,#2433,#2429,.T.);
#2435=ORIENTED_EDGE('',*,*,#2434,.T.);
#2436=(
BOUNDED_CURVE()
B_SPLINE_CURVE(1,(#2437,#2438),.UNSPECIFIED.,.F.,.F.)
B_SPLINE_CURVE_WITH_KNOTS((2,2),(0.000,1.000),.UNSPECIFIED.)
CURVE()
GEOMETRIC_REPRESENTATION_ITEM()
RATIONAL_B_SPLINE_CURVE((1.0000000000,1.0000000000))
REPRESENTATION_ITEM('')
);
#2437=CARTESIAN_POINT('',(-34.0000000000,-12.0000000000,10.0000000000));
#2438=CARTESIAN_POINT('',(-34.0000000000,-12.0000000000,6.0000000000));

#2439=CARTESIAN_POINT('',(-34.0000000000,-12.0000000000,6.0000000000));
#2440=VERTEX_POINT('',#2439);
#2441=EDGE_CURVE('',#2433,#2440,#2436,.T.);
#2442=ORIENTED_EDGE('',*,*,#2441,.T.);
#2443=(
BOUNDED_CURVE()
B_SPLINE_CURVE(1,(#2444,#2445),.UNSPECIFIED.,.F.,.F.)
B_SPLINE_CURVE_WITH_KNOTS((2,2),(0.000,1.000),.UNSPECIFIED.)
CURVE()
GEOMETRIC_REPRESENTATION_ITEM()
RATIONAL_B_SPLINE_CURVE((1.0000000000,1.0000000000))
REPRESENTATION_ITEM('')
);
#2444=CARTESIAN_POINT('',(-34.0000000000,-12.0000000000,6.0000000000));
#2445=CARTESIAN_POINT('',(-31.5000000000,-12.0000000000,6.0000000000));

#2446=EDGE_CURVE('',#2440,#2421,#2443,.T.);
#2447=ORIENTED_EDGE('',*,*,#2446,.T.);
#2448=EDGE_LOOP('',(#2428,#2435,#2442,#2447));
#2449=FACE_OUTER_BOUND('',#2448,.T.);
#2450=ADVANCED_FACE('',(#2449),#2415,.T.);
#2451=COLOUR_RGB('',0.39,0.39,0.39);
#2452=FILL_AREA_STYLE_COLOUR('',#2451);
#2453=FILL_AREA_STYLE('',(#2452));
#2454=SURFACE_STYLE_FILL_AREA(#2453);
#2455=SURFACE_STYLE_TRANSPARENT(0.00);
#2456=SURFACE_STYLE_RENDERING_WITH_PROPERTIES(.NORMAL_SHADING.,#2451,(#2455));
#2457=SURFACE_SIDE_STYLE('',(#2454, #2456));
#2458=SURFACE_STYLE_USAGE(.BOTH.,#2457);
#2459=PRESENTATION_STYLE_ASSIGNMENT((#2458));
#2460=STYLED_ITEM('',(#2459),#2450);

#2461=(
BOUNDED_SURFACE()
B_SPLINE_SURFACE(1,1,((#2462,#2463),(#2464,#2465)),.UNSPECIFIED.,.F.,.F.,.F.)
B_SPLINE_SURFACE_WITH_KNOTS((2,2),(2,2),(0.000,1.000),(0.000,1.000),.UNSPECIFIED.)
GEOMETRIC_REPRESENTATION_ITEM()
RATIONAL_B_SPLINE_SURFACE(((1.0000000000,1.0000000000),(1.0000000000,1.0000000000)))
REPRESENTATION_ITEM('')
SURFACE()
);
#2462=CARTESIAN_POINT('',(-34.0000000000,12.0000000000,10.0000000000));
#2463=CARTESIAN_POINT('',(-34.0000000000,12.0000000000,6.0000000000));
#2464=CARTESIAN_POINT('',(-34.0000000000,-12.0000000000,10.0000000000));
#2465=CARTESIAN_POINT('',(-34.0000000000,-12.0000000000,6.0000000000));

#2466=CARTESIAN_POINT('',(-34.0000000000,-12.0000000000,10.0000000000));
#2467=VERTEX_POINT('',#2466);
#2468=(
BOUNDED_CURVE()
B_SPLINE_CURVE(1,(#2469,#2470),.UNSPECIFIED.,.F.,.F.)
B_SPLINE_CURVE_WITH_KNOTS((2,2),(0.000,1.000),.UNSPECIFIED.)
CURVE()
GEOMETRIC_REPRESENTATION_ITEM()
RATIONAL_B_SPLINE_CURVE((1.0000000000,1.0000000000))
REPRESENTATION_ITEM('')
);
#2469=CARTESIAN_POINT('',(-34.0000000000,-12.0000000000,10.0000000000));
#2470=CARTESIAN_POINT('',(-34.0000000000,12.0000000000,10.0000000000));

#2471=CARTESIAN_POINT('',(-34.0000000000,12.0000000000,10.0000000000));
#2472=VERTEX_POINT('',#2471);
#2473=EDGE_CURVE('',#2467,#2472,#2468,.T.);
#2474=ORIENTED_EDGE('',*,*,#2473,.T.);
#2475=(
BOUNDED_CURVE()
B_SPLINE_CURVE(1,(#2476,#2477),.UNSPECIFIED.,.F.,.F.)
B_SPLINE_CURVE_WITH_KNOTS((2,2),(0.000,1.000),.UNSPECIFIED.)
CURVE()
GEOMETRIC_REPRESENTATION_ITEM()
RATIONAL_B_SPLINE_CURVE((1.0000000000,1.0000000000))
REPRESENTATION_ITEM('')
);
#2476=CARTESIAN_POINT('',(-34.0000000000,12.0000000000,10.0000000000));
#2477=CARTESIAN_POINT('',(-34.0000000000,12.0000000000,6.0000000000));

#2478=CARTESIAN_POINT('',(-34.0000000000,12.0000000000,6.0000000000));
#2479=VERTEX_POINT('',#2478);
#2480=EDGE_CURVE('',#2472,#2479,#2475,.T.);
#2481=ORIENTED_EDGE('',*,*,#2480,.T.);
#2482=(
BOUNDED_CURVE()
B_SPLINE_CURVE(1,(#2483,#2484),.UNSPECIFIED.,.F.,.F.)
B_SPLINE_CURVE_WITH_KNOTS((2,2),(0.000,1.000),.UNSPECIFIED.)
CURVE()
GEOMETRIC_REPRESENTATION_ITEM()
RATIONAL_B_SPLINE_CURVE((1.0000000000,1.0000000000))
REPRESENTATION_ITEM('')
);
#2483=CARTESIAN_POINT('',(-34.0000000000,12.0000000000,6.0000000000));
#2484=CARTESIAN_POINT('',(-34.0000000000,-12.0000000000,6.0000000000));

#2485=CARTESIAN_POINT('',(-34.0000000000,-12.0000000000,6.0000000000));
#2486=VERTEX_POINT('',#2485);
#2487=EDGE_CURVE('',#2479,#2486,#2482,.T.);
#2488=ORIENTED_EDGE('',*,*,#2487,.T.);
#2489=(
BOUNDED_CURVE()
B_SPLINE_CURVE(1,(#2490,#2491),.UNSPECIFIED.,.F.,.F.)
B_SPLINE_CURVE_WITH_KNOTS((2,2),(0.000,1.000),.UNSPECIFIED.)
CURVE()
GEOMETRIC_REPRESENTATION_ITEM()
RATIONAL_B_SPLINE_CURVE((1.0000000000,1.0000000000))
REPRESENTATION_ITEM('')
);
#2490=CARTESIAN_POINT('',(-34.0000000000,-12.0000000000,6.0000000000));
#2491=CARTESIAN_POINT('',(-34.0000000000,-12.0000000000,10.0000000000));

#2492=EDGE_CURVE('',#2486,#2467,#2489,.T.);
#2493=ORIENTED_EDGE('',*,*,#2492,.T.);
#2494=EDGE_LOOP('',(#2474,#2481,#2488,#2493));
#2495=FACE_OUTER_BOUND('',#2494,.T.);
#2496=ADVANCED_FACE('',(#2495),#2461,.T.);
#2497=COLOUR_RGB('',0.39,0.39,0.39);
#2498=FILL_AREA_STYLE_COLOUR('',#2497);
#2499=FILL_AREA_STYLE('',(#2498));
#2500=SURFACE_STYLE_FILL_AREA(#2499);
#2501=SURFACE_STYLE_TRANSPARENT(0.00);
#2502=SURFACE_STYLE_RENDERING_WITH_PROPERTIES(.NORMAL_SHADING.,#2497,(#2501));
#2503=SURFACE_SIDE_STYLE('',(#2500, #2502));
#2504=SURFACE_STYLE_USAGE(.BOTH.,#2503);
#2505=PRESENTATION_STYLE_ASSIGNMENT((#2504));
#2506=STYLED_ITEM('',(#2505),#2496);

#2507=(
BOUNDED_SURFACE()
B_SPLINE_SURFACE(1,1,((#2508,#2509),(#2510,#2511)),.UNSPECIFIED.,.F.,.F.,.F.)
B_SPLINE_SURFACE_WITH_KNOTS((2,2),(2,2),(0.000,1.000),(0.000,1.000),.UNSPECIFIED.)
GEOMETRIC_REPRESENTATION_ITEM()
RATIONAL_B_SPLINE_SURFACE(((1.0000000000,1.0000000000),(1.0000000000,1.0000000000)))
REPRESENTATION_ITEM('')
SURFACE()
);
#2508=CARTESIAN_POINT('',(-31.0000000000,12.0000000000,10.0000000000));
#2509=CARTESIAN_POINT('',(-31.0000000000,12.0000000000,6.0000000000));
#2510=CARTESIAN_POINT('',(-34.0000000000,12.0000000000,10.0000000000));
#2511=CARTESIAN_POINT('',(-34.0000000000,12.0000000000,6.0000000000));

#2512=CARTESIAN_POINT('',(-31.5000000000,12.0000000000,10.0000000000));
#2513=VERTEX_POINT('',#2512);
#2514=(
BOUNDED_CURVE()
B_SPLINE_CURVE(1,(#2515,#2516),.UNSPECIFIED.,.F.,.F.)
B_SPLINE_CURVE_WITH_KNOTS((2,2),(0.000,1.000),.UNSPECIFIED.)
CURVE()
GEOMETRIC_REPRESENTATION_ITEM()
RATIONAL_B_SPLINE_CURVE((1.0000000000,1.0000000000))
REPRESENTATION_ITEM('')
);
#2515=CARTESIAN_POINT('',(-31.5000000000,12.0000000000,10.0000000000));
#2516=CARTESIAN_POINT('',(-31.5000000000,12.0000000000,6.0000000000));

#2517=CARTESIAN_POINT('',(-31.5000000000,12.0000000000,6.0000000000));
#2518=VERTEX_POINT('',#2517);
#2519=EDGE_CURVE('',#2513,#2518,#2514,.T.);
#2520=ORIENTED_EDGE('',*,*,#2519,.T.);
#2521=(
BOUNDED_CURVE()
B_SPLINE_CURVE(1,(#2522,#2523),.UNSPECIFIED.,.F.,.F.)
B_SPLINE_CURVE_WITH_KNOTS((2,2),(0.000,1.000),.UNSPECIFIED.)
CURVE()
GEOMETRIC_REPRESENTATION_ITEM()
RATIONAL_B_SPLINE_CURVE((1.0000000000,1.0000000000))
REPRESENTATION_ITEM('')
);
#2522=CARTESIAN_POINT('',(-31.5000000000,12.0000000000,6.0000000000));
#2523=CARTESIAN_POINT('',(-34.0000000000,12.0000000000,6.0000000000));

#2524=CARTESIAN_POINT('',(-34.0000000000,12.0000000000,6.0000000000));
#2525=VERTEX_POINT('',#2524);
#2526=EDGE_CURVE('',#2518,#2525,#2521,.T.);
#2527=ORIENTED_EDGE('',*,*,#2526,.T.);
#2528=(
BOUNDED_CURVE()
B_SPLINE_CURVE(1,(#2529,#2530),.UNSPECIFIED.,.F.,.F.)
B_SPLINE_CURVE_WITH_KNOTS((2,2),(0.000,1.000),.UNSPECIFIED.)
CURVE()
GEOMETRIC_REPRESENTATION_ITEM()
RATIONAL_B_SPLINE_CURVE((1.0000000000,1.0000000000))
REPRESENTATION_ITEM('')
);
#2529=CARTESIAN_POINT('',(-34.0000000000,12.0000000000,6.0000000000));
#2530=CARTESIAN_POINT('',(-34.0000000000,12.0000000000,10.0000000000));

#2531=CARTESIAN_POINT('',(-34.0000000000,12.0000000000,10.0000000000));
#2532=VERTEX_POINT('',#2531);
#2533=EDGE_CURVE('',#2525,#2532,#2528,.T.);
#2534=ORIENTED_EDGE('',*,*,#2533,.T.);
#2535=(
BOUNDED_CURVE()
B_SPLINE_CURVE(1,(#2536,#2537),.UNSPECIFIED.,.F.,.F.)
B_SPLINE_CURVE_WITH_KNOTS((2,2),(0.000,1.000),.UNSPECIFIED.)
CURVE()
GEOMETRIC_REPRESENTATION_ITEM()
RATIONAL_B_SPLINE_CURVE((1.0000000000,1.0000000000))
REPRESENTATION_ITEM('')
);
#2536=CARTESIAN_POINT('',(-34.0000000000,12.0000000000,10.0000000000));
#2537=CARTESIAN_POINT('',(-31.5000000000,12.0000000000,10.0000000000));

#2538=EDGE_CURVE('',#2532,#2513,#2535,.T.);
#2539=ORIENTED_EDGE('',*,*,#2538,.T.);
#2540=EDGE_LOOP('',(#2520,#2527,#2534,#2539));
#2541=FACE_OUTER_BOUND('',#2540,.T.);
#2542=ADVANCED_FACE('',(#2541),#2507,.T.);
#2543=COLOUR_RGB('',0.39,0.39,0.39);
#2544=FILL_AREA_STYLE_COLOUR('',#2543);
#2545=FILL_AREA_STYLE('',(#2544));
#2546=SURFACE_STYLE_FILL_AREA(#2545);
#2547=SURFACE_STYLE_TRANSPARENT(0.00);
#2548=SURFACE_STYLE_RENDERING_WITH_PROPERTIES(.NORMAL_SHADING.,#2543,(#2547));
#2549=SURFACE_SIDE_STYLE('',(#2546, #2548));
#2550=SURFACE_STYLE_USAGE(.BOTH.,#2549);
#2551=PRESENTATION_STYLE_ASSIGNMENT((#2550));
#2552=STYLED_ITEM('',(#2551),#2542);

#2553=(
BOUNDED_SURFACE()
B_SPLINE_SURFACE(1,1,((#2554,#2555),(#2556,#2557)),.UNSPECIFIED.,.F.,.F.,.F.)
B_SPLINE_SURFACE_WITH_KNOTS((2,2),(2,2),(0.000,1.000),(0.000,1.000),.UNSPECIFIED.)
GEOMETRIC_REPRESENTATION_ITEM()
RATIONAL_B_SPLINE_SURFACE(((1.0000000000,1.0000000000),(1.0000000000,1.0000000000)))
REPRESENTATION_ITEM('')
SURFACE()
);
#2554=CARTESIAN_POINT('',(-28.0000000000,-11.0000000000,10.0000000000));
#2555=CARTESIAN_POINT('',(-28.0000000000,-11.0000000000,0.0000000000));
#2556=CARTESIAN_POINT('',(28.0000000000,-11.0000000000,10.0000000000));
#2557=CARTESIAN_POINT('',(28.0000000000,-11.0000000000,0.0000000000));

#2558=CARTESIAN_POINT('',(28.0000000000,-11.0000000000,1.0000000000));
#2559=VERTEX_POINT('',#2558);
#2560=(
BOUNDED_CURVE()
B_SPLINE_CURVE(1,(#2561,#2562),.UNSPECIFIED.,.F.,.F.)
B_SPLINE_CURVE_WITH_KNOTS((2,2),(0.000,1.000),.UNSPECIFIED.)
CURVE()
GEOMETRIC_REPRESENTATION_ITEM()
RATIONAL_B_SPLINE_CURVE((1.0000000000,1.0000000000))
REPRESENTATION_ITEM('')
);
#2561=CARTESIAN_POINT('',(28.0000000000,-11.0000000000,1.0000000000));
#2562=CARTESIAN_POINT('',(-28.0000000000,-11.0000000000,1.0000000000));

#2563=CARTESIAN_POINT('',(-28.0000000000,-11.0000000000,1.0000000000));
#2564=VERTEX_POINT('',#2563);
#2565=EDGE_CURVE('',#2559,#2564,#2560,.T.);
#2566=ORIENTED_EDGE('',*,*,#2565,.T.);
#2567=(
BOUNDED_CURVE()
B_SPLINE_CURVE(1,(#2568,#2569),.UNSPECIFIED.,.F.,.F.)
B_SPLINE_CURVE_WITH_KNOTS((2,2),(0.000,1.000),.UNSPECIFIED.)
CURVE()
GEOMETRIC_REPRESENTATION_ITEM()
RATIONAL_B_SPLINE_CURVE((1.0000000000,1.0000000000))
REPRESENTATION_ITEM('')
);
#2568=CARTESIAN_POINT('',(-28.0000000000,-11.0000000000,1.0000000000));
#2569=CARTESIAN_POINT('',(-28.0000000000,-11.0000000000,0.0000000000));

#2570=CARTESIAN_POINT('',(-28.0000000000,-11.0000000000,0.0000000000));
#2571=VERTEX_POINT('',#2570);
#2572=EDGE_CURVE('',#2564,#2571,#2567,.T.);
#2573=ORIENTED_EDGE('',*,*,#2572,.T.);
#2574=(
BOUNDED_CURVE()
B_SPLINE_CURVE(1,(#2575,#2576),.UNSPECIFIED.,.F.,.F.)
B_SPLINE_CURVE_WITH_KNOTS((2,2),(0.000,1.000),.UNSPECIFIED.)
CURVE()
GEOMETRIC_REPRESENTATION_ITEM()
RATIONAL_B_SPLINE_CURVE((1.0000000000,1.0000000000))
REPRESENTATION_ITEM('')
);
#2575=CARTESIAN_POINT('',(-28.0000000000,-11.0000000000,0.0000000000));
#2576=CARTESIAN_POINT('',(28.0000000000,-11.0000000000,0.0000000000));

#2577=CARTESIAN_POINT('',(28.0000000000,-11.0000000000,0.0000000000));
#2578=VERTEX_POINT('',#2577);
#2579=EDGE_CURVE('',#2571,#2578,#2574,.T.);
#2580=ORIENTED_EDGE('',*,*,#2579,.T.);
#2581=(
BOUNDED_CURVE()
B_SPLINE_CURVE(1,(#2582,#2583),.UNSPECIFIED.,.F.,.F.)
B_SPLINE_CURVE_WITH_KNOTS((2,2),(0.000,1.000),.UNSPECIFIED.)
CURVE()
GEOMETRIC_REPRESENTATION_ITEM()
RATIONAL_B_SPLINE_CURVE((1.0000000000,1.0000000000))
REPRESENTATION_ITEM('')
);
#2582=CARTESIAN_POINT('',(28.0000000000,-11.0000000000,0.0000000000));
#2583=CARTESIAN_POINT('',(28.0000000000,-11.0000000000,1.0000000000));

#2584=EDGE_CURVE('',#2578,#2559,#2581,.T.);
#2585=ORIENTED_EDGE('',*,*,#2584,.T.);
#2586=EDGE_LOOP('',(#2566,#2573,#2580,#2585));
#2587=FACE_OUTER_BOUND('',#2586,.T.);
#2588=ADVANCED_FACE('',(#2587),#2553,.T.);
#2589=COLOUR_RGB('',0.39,0.39,0.39);
#2590=FILL_AREA_STYLE_COLOUR('',#2589);
#2591=FILL_AREA_STYLE('',(#2590));
#2592=SURFACE_STYLE_FILL_AREA(#2591);
#2593=SURFACE_STYLE_TRANSPARENT(0.00);
#2594=SURFACE_STYLE_RENDERING_WITH_PROPERTIES(.NORMAL_SHADING.,#2589,(#2593));
#2595=SURFACE_SIDE_STYLE('',(#2592, #2594));
#2596=SURFACE_STYLE_USAGE(.BOTH.,#2595);
#2597=PRESENTATION_STYLE_ASSIGNMENT((#2596));
#2598=STYLED_ITEM('',(#2597),#2588);

#2599=(
BOUNDED_SURFACE()
B_SPLINE_SURFACE(1,1,((#2600,#2601),(#2602,#2603)),.UNSPECIFIED.,.F.,.F.,.F.)
B_SPLINE_SURFACE_WITH_KNOTS((2,2),(2,2),(0.000,1.000),(0.000,1.000),.UNSPECIFIED.)
GEOMETRIC_REPRESENTATION_ITEM()
RATIONAL_B_SPLINE_SURFACE(((1.0000000000,1.0000000000),(1.0000000000,1.0000000000)))
REPRESENTATION_ITEM('')
SURFACE()
);
#2600=CARTESIAN_POINT('',(-28.0000000000,11.0000000000,10.0000000000));
#2601=CARTESIAN_POINT('',(-28.0000000000,11.0000000000,0.0000000000));
#2602=CARTESIAN_POINT('',(-28.0000000000,-11.0000000000,10.0000000000));
#2603=CARTESIAN_POINT('',(-28.0000000000,-11.0000000000,0.0000000000));

#2604=CARTESIAN_POINT('',(-28.0000000000,-11.0000000000,1.0000000000));
#2605=VERTEX_POINT('',#2604);
#2606=(
BOUNDED_CURVE()
B_SPLINE_CURVE(1,(#2607,#2608),.UNSPECIFIED.,.F.,.F.)
B_SPLINE_CURVE_WITH_KNOTS((2,2),(0.000,1.000),.UNSPECIFIED.)
CURVE()
GEOMETRIC_REPRESENTATION_ITEM()
RATIONAL_B_SPLINE_CURVE((1.0000000000,1.0000000000))
REPRESENTATION_ITEM('')
);
#2607=CARTESIAN_POINT('',(-28.0000000000,-11.0000000000,1.0000000000));
#2608=CARTESIAN_POINT('',(-28.0000000000,11.0000000000,1.0000000000));

#2609=CARTESIAN_POINT('',(-28.0000000000,11.0000000000,1.0000000000));
#2610=VERTEX_POINT('',#2609);
#2611=EDGE_CURVE('',#2605,#2610,#2606,.T.);
#2612=ORIENTED_EDGE('',*,*,#2611,.T.);
#2613=(
BOUNDED_CURVE()
B_SPLINE_CURVE(1,(#2614,#2615),.UNSPECIFIED.,.F.,.F.)
B_SPLINE_CURVE_WITH_KNOTS((2,2),(0.000,1.000),.UNSPECIFIED.)
CURVE()
GEOMETRIC_REPRESENTATION_ITEM()
RATIONAL_B_SPLINE_CURVE((1.0000000000,1.0000000000))
REPRESENTATION_ITEM('')
);
#2614=CARTESIAN_POINT('',(-28.0000000000,11.0000000000,1.0000000000));
#2615=CARTESIAN_POINT('',(-28.0000000000,11.0000000000,0.0000000000));

#2616=CARTESIAN_POINT('',(-28.0000000000,11.0000000000,0.0000000000));
#2617=VERTEX_POINT('',#2616);
#2618=EDGE_CURVE('',#2610,#2617,#2613,.T.);
#2619=ORIENTED_EDGE('',*,*,#2618,.T.);
#2620=(
BOUNDED_CURVE()
B_SPLINE_CURVE(1,(#2621,#2622),.UNSPECIFIED.,.F.,.F.)
B_SPLINE_CURVE_WITH_KNOTS((2,2),(0.000,1.000),.UNSPECIFIED.)
CURVE()
GEOMETRIC_REPRESENTATION_ITEM()
RATIONAL_B_SPLINE_CURVE((1.0000000000,1.0000000000))
REPRESENTATION_ITEM('')
);
#2621=CARTESIAN_POINT('',(-28.0000000000,11.0000000000,0.0000000000));
#2622=CARTESIAN_POINT('',(-28.0000000000,-11.0000000000,0.0000000000));

#2623=CARTESIAN_POINT('',(-28.0000000000,-11.0000000000,0.0000000000));
#2624=VERTEX_POINT('',#2623);
#2625=EDGE_CURVE('',#2617,#2624,#2620,.T.);
#2626=ORIENTED_EDGE('',*,*,#2625,.T.);
#2627=(
BOUNDED_CURVE()
B_SPLINE_CURVE(1,(#2628,#2629),.UNSPECIFIED.,.F.,.F.)
B_SPLINE_CURVE_WITH_KNOTS((2,2),(0.000,1.000),.UNSPECIFIED.)
CURVE()
GEOMETRIC_REPRESENTATION_ITEM()
RATIONAL_B_SPLINE_CURVE((1.0000000000,1.0000000000))
REPRESENTATION_ITEM('')
);
#2628=CARTESIAN_POINT('',(-28.0000000000,-11.0000000000,0.0000000000));
#2629=CARTESIAN_POINT('',(-28.0000000000,-11.0000000000,1.0000000000));

#2630=EDGE_CURVE('',#2624,#2605,#2627,.T.);
#2631=ORIENTED_EDGE('',*,*,#2630,.T.);
#2632=EDGE_LOOP('',(#2612,#2619,#2626,#2631));
#2633=FACE_OUTER_BOUND('',#2632,.T.);
#2634=ADVANCED_FACE('',(#2633),#2599,.T.);
#2635=COLOUR_RGB('',0.39,0.39,0.39);
#2636=FILL_AREA_STYLE_COLOUR('',#2635);
#2637=FILL_AREA_STYLE('',(#2636));
#2638=SURFACE_STYLE_FILL_AREA(#2637);
#2639=SURFACE_STYLE_TRANSPARENT(0.00);
#2640=SURFACE_STYLE_RENDERING_WITH_PROPERTIES(.NORMAL_SHADING.,#2635,(#2639));
#2641=SURFACE_SIDE_STYLE('',(#2638, #2640));
#2642=SURFACE_STYLE_USAGE(.BOTH.,#2641);
#2643=PRESENTATION_STYLE_ASSIGNMENT((#2642));
#2644=STYLED_ITEM('',(#2643),#2634);

#2645=(
BOUNDED_SURFACE()
B_SPLINE_SURFACE(1,1,((#2646,#2647),(#2648,#2649)),.UNSPECIFIED.,.F.,.F.,.F.)
B_SPLINE_SURFACE_WITH_KNOTS((2,2),(2,2),(0.000,1.000),(0.000,1.000),.UNSPECIFIED.)
GEOMETRIC_REPRESENTATION_ITEM()
RATIONAL_B_SPLINE_SURFACE(((1.0000000000,1.0000000000),(1.0000000000,1.0000000000)))
REPRESENTATION_ITEM('')
SURFACE()
);
#2646=CARTESIAN_POINT('',(28.0000000000,11.0000000000,10.0000000000));
#2647=CARTESIAN_POINT('',(28.0000000000,11.0000000000,0.0000000000));
#2648=CARTESIAN_POINT('',(-28.0000000000,11.0000000000,10.0000000000));
#2649=CARTESIAN_POINT('',(-28.0000000000,11.0000000000,0.0000000000));

#2650=CARTESIAN_POINT('',(-28.0000000000,11.0000000000,1.0000000000));
#2651=VERTEX_POINT('',#2650);
#2652=(
BOUNDED_CURVE()
B_SPLINE_CURVE(1,(#2653,#2654),.UNSPECIFIED.,.F.,.F.)
B_SPLINE_CURVE_WITH_KNOTS((2,2),(0.000,1.000),.UNSPECIFIED.)
CURVE()
GEOMETRIC_REPRESENTATION_ITEM()
RATIONAL_B_SPLINE_CURVE((1.0000000000,1.0000000000))
REPRESENTATION_ITEM('')
);
#2653=CARTESIAN_POINT('',(-28.0000000000,11.0000000000,1.0000000000));
#2654=CARTESIAN_POINT('',(28.0000000000,11.0000000000,1.0000000000));

#2655=CARTESIAN_POINT('',(28.0000000000,11.0000000000,1.0000000000));
#2656=VERTEX_POINT('',#2655);
#2657=EDGE_CURVE('',#2651,#2656,#2652,.T.);
#2658=ORIENTED_EDGE('',*,*,#2657,.T.);
#2659=(
BOUNDED_CURVE()
B_SPLINE_CURVE(1,(#2660,#2661),.UNSPECIFIED.,.F.,.F.)
B_SPLINE_CURVE_WITH_KNOTS((2,2),(0.000,1.000),.UNSPECIFIED.)
CURVE()
GEOMETRIC_REPRESENTATION_ITEM()
RATIONAL_B_SPLINE_CURVE((1.0000000000,1.0000000000))
REPRESENTATION_ITEM('')
);
#2660=CARTESIAN_POINT('',(28.0000000000,11.0000000000,1.0000000000));
#2661=CARTESIAN_POINT('',(28.0000000000,11.0000000000,0.0000000000));

#2662=CARTESIAN_POINT('',(28.0000000000,11.0000000000,0.0000000000));
#2663=VERTEX_POINT('',#2662);
#2664=EDGE_CURVE('',#2656,#2663,#2659,.T.);
#2665=ORIENTED_EDGE('',*,*,#2664,.T.);
#2666=(
BOUNDED_CURVE()
B_SPLINE_CURVE(1,(#2667,#2668),.UNSPECIFIED.,.F.,.F.)
B_SPLINE_CURVE_WITH_KNOTS((2,2),(0.000,1.000),.UNSPECIFIED.)
CURVE()
GEOMETRIC_REPRESENTATION_ITEM()
RATIONAL_B_SPLINE_CURVE((1.0000000000,1.0000000000))
REPRESENTATION_ITEM('')
);
#2667=CARTESIAN_POINT('',(28.0000000000,11.0000000000,0.0000000000));
#2668=CARTESIAN_POINT('',(-28.0000000000,11.0000000000,0.0000000000));

#2669=CARTESIAN_POINT('',(-28.0000000000,11.0000000000,0.0000000000));
#2670=VERTEX_POINT('',#2669);
#2671=EDGE_CURVE('',#2663,#2670,#2666,.T.);
#2672=ORIENTED_EDGE('',*,*,#2671,.T.);
#2673=(
BOUNDED_CURVE()
B_SPLINE_CURVE(1,(#2674,#2675),.UNSPECIFIED.,.F.,.F.)
B_SPLINE_CURVE_WITH_KNOTS((2,2),(0.000,1.000),.UNSPECIFIED.)
CURVE()
GEOMETRIC_REPRESENTATION_ITEM()
RATIONAL_B_SPLINE_CURVE((1.0000000000,1.0000000000))
REPRESENTATION_ITEM('')
);
#2674=CARTESIAN_POINT('',(-28.0000000000,11.0000000000,0.0000000000));
#2675=CARTESIAN_POINT('',(-28.0000000000,11.0000000000,1.0000000000));

#2676=EDGE_CURVE('',#2670,#2651,#2673,.T.);
#2677=ORIENTED_EDGE('',*,*,#2676,.T.);
#2678=EDGE_LOOP('',(#2658,#2665,#2672,#2677));
#2679=FACE_OUTER_BOUND('',#2678,.T.);
#2680=ADVANCED_FACE('',(#2679),#2645,.T.);
#2681=COLOUR_RGB('',0.39,0.39,0.39);
#2682=FILL_AREA_STYLE_COLOUR('',#2681);
#2683=FILL_AREA_STYLE('',(#2682));
#2684=SURFACE_STYLE_FILL_AREA(#2683);
#2685=SURFACE_STYLE_TRANSPARENT(0.00);
#2686=SURFACE_STYLE_RENDERING_WITH_PROPERTIES(.NORMAL_SHADING.,#2681,(#2685));
#2687=SURFACE_SIDE_STYLE('',(#2684, #2686));
#2688=SURFACE_STYLE_USAGE(.BOTH.,#2687);
#2689=PRESENTATION_STYLE_ASSIGNMENT((#2688));
#2690=STYLED_ITEM('',(#2689),#2680);

#2691=(
BOUNDED_SURFACE()
B_SPLINE_SURFACE(1,1,((#2692,#2693),(#2694,#2695)),.UNSPECIFIED.,.F.,.F.,.F.)
B_SPLINE_SURFACE_WITH_KNOTS((2,2),(2,2),(0.000,1.000),(0.000,1.000),.UNSPECIFIED.)
GEOMETRIC_REPRESENTATION_ITEM()
RATIONAL_B_SPLINE_SURFACE(((1.0000000000,1.0000000000),(1.0000000000,1.0000000000)))
REPRESENTATION_ITEM('')
SURFACE()
);
#2692=CARTESIAN_POINT('',(28.0000000000,-11.0000000000,10.0000000000));
#2693=CARTESIAN_POINT('',(28.0000000000,-11.0000000000,0.0000000000));
#2694=CARTESIAN_POINT('',(28.0000000000,11.0000000000,10.0000000000));
#2695=CARTESIAN_POINT('',(28.0000000000,11.0000000000,0.0000000000));

#2696=CARTESIAN_POINT('',(28.0000000000,11.0000000000,1.0000000000));
#2697=VERTEX_POINT('',#2696);
#2698=(
BOUNDED_CURVE()
B_SPLINE_CURVE(1,(#2699,#2700),.UNSPECIFIED.,.F.,.F.)
B_SPLINE_CURVE_WITH_KNOTS((2,2),(0.000,1.000),.UNSPECIFIED.)
CURVE()
GEOMETRIC_REPRESENTATION_ITEM()
RATIONAL_B_SPLINE_CURVE((1.0000000000,1.0000000000))
REPRESENTATION_ITEM('')
);
#2699=CARTESIAN_POINT('',(28.0000000000,11.0000000000,1.0000000000));
#2700=CARTESIAN_POINT('',(28.0000000000,-11.0000000000,1.0000000000));

#2701=CARTESIAN_POINT('',(28.0000000000,-11.0000000000,1.0000000000));
#2702=VERTEX_POINT('',#2701);
#2703=EDGE_CURVE('',#2697,#2702,#2698,.T.);
#2704=ORIENTED_EDGE('',*,*,#2703,.T.);
#2705=(
BOUNDED_CURVE()
B_SPLINE_CURVE(1,(#2706,#2707),.UNSPECIFIED.,.F.,.F.)
B_SPLINE_CURVE_WITH_KNOTS((2,2),(0.000,1.000),.UNSPECIFIED.)
CURVE()
GEOMETRIC_REPRESENTATION_ITEM()
RATIONAL_B_SPLINE_CURVE((1.0000000000,1.0000000000))
REPRESENTATION_ITEM('')
);
#2706=CARTESIAN_POINT('',(28.0000000000,-11.0000000000,1.0000000000));
#2707=CARTESIAN_POINT('',(28.0000000000,-11.0000000000,0.0000000000));

#2708=CARTESIAN_POINT('',(28.0000000000,-11.0000000000,0.0000000000));
#2709=VERTEX_POINT('',#2708);
#2710=EDGE_CURVE('',#2702,#2709,#2705,.T.);
#2711=ORIENTED_EDGE('',*,*,#2710,.T.);
#2712=(
BOUNDED_CURVE()
B_SPLINE_CURVE(1,(#2713,#2714),.UNSPECIFIED.,.F.,.F.)
B_SPLINE_CURVE_WITH_KNOTS((2,2),(0.000,1.000),.UNSPECIFIED.)
CURVE()
GEOMETRIC_REPRESENTATION_ITEM()
RATIONAL_B_SPLINE_CURVE((1.0000000000,1.0000000000))
REPRESENTATION_ITEM('')
);
#2713=CARTESIAN_POINT('',(28.0000000000,-11.0000000000,0.0000000000));
#2714=CARTESIAN_POINT('',(28.0000000000,11.0000000000,0.0000000000));

#2715=CARTESIAN_POINT('',(28.0000000000,11.0000000000,0.0000000000));
#2716=VERTEX_POINT('',#2715);
#2717=EDGE_CURVE('',#2709,#2716,#2712,.T.);
#2718=ORIENTED_EDGE('',*,*,#2717,.T.);
#2719=(
BOUNDED_CURVE()
B_SPLINE_CURVE(1,(#2720,#2721),.UNSPECIFIED.,.F.,.F.)
B_SPLINE_CURVE_WITH_KNOTS((2,2),(0.000,1.000),.UNSPECIFIED.)
CURVE()
GEOMETRIC_REPRESENTATION_ITEM()
RATIONAL_B_SPLINE_CURVE((1.0000000000,1.0000000000))
REPRESENTATION_ITEM('')
);
#2720=CARTESIAN_POINT('',(28.0000000000,11.0000000000,0.0000000000));
#2721=CARTESIAN_POINT('',(28.0000000000,11.0000000000,1.0000000000));

#2722=EDGE_CURVE('',#2716,#2697,#2719,.T.);
#2723=ORIENTED_EDGE('',*,*,#2722,.T.);
#2724=EDGE_LOOP('',(#2704,#2711,#2718,#2723));
#2725=FACE_OUTER_BOUND('',#2724,.T.);
#2726=ADVANCED_FACE('',(#2725),#2691,.T.);
#2727=COLOUR_RGB('',0.39,0.39,0.39);
#2728=FILL_AREA_STYLE_COLOUR('',#2727);
#2729=FILL_AREA_STYLE('',(#2728));
#2730=SURFACE_STYLE_FILL_AREA(#2729);
#2731=SURFACE_STYLE_TRANSPARENT(0.00);
#2732=SURFACE_STYLE_RENDERING_WITH_PROPERTIES(.NORMAL_SHADING.,#2727,(#2731));
#2733=SURFACE_SIDE_STYLE('',(#2730, #2732));
#2734=SURFACE_STYLE_USAGE(.BOTH.,#2733);
#2735=PRESENTATION_STYLE_ASSIGNMENT((#2734));
#2736=STYLED_ITEM('',(#2735),#2726);

#2737=(
BOUNDED_SURFACE()
B_SPLINE_SURFACE(1,1,((#2738,#2739),(#2740,#2741)),.UNSPECIFIED.,.F.,.F.,.F.)
B_SPLINE_SURFACE_WITH_KNOTS((2,2),(2,2),(0.000,1.000),(0.000,1.000),.UNSPECIFIED.)
GEOMETRIC_REPRESENTATION_ITEM()
RATIONAL_B_SPLINE_SURFACE(((1.0000000000,1.0000000000),(1.0000000000,1.0000000000)))
REPRESENTATION_ITEM('')
SURFACE()
);
#2738=CARTESIAN_POINT('',(38.0000000000,-17.5000000000,1.0000000000));
#2739=CARTESIAN_POINT('',(-31.5000000000,-17.5000000000,1.0000000000));
#2740=CARTESIAN_POINT('',(38.0000000000,17.5000000000,1.0000000000));
#2741=CARTESIAN_POINT('',(-31.5000000000,17.5000000000,1.0000000000));

#2742=CARTESIAN_POINT('',(-22.5000000000,-17.5000000000,1.0000000000));
#2743=VERTEX_POINT('',#2742);
#2744=(
BOUNDED_CURVE()
B_SPLINE_CURVE(1,(#2745,#2746),.UNSPECIFIED.,.F.,.F.)
B_SPLINE_CURVE_WITH_KNOTS((2,2),(0.000,1.000),.UNSPECIFIED.)
CURVE()
GEOMETRIC_REPRESENTATION_ITEM()
RATIONAL_B_SPLINE_CURVE((1.0000000000,1.0000000000))
REPRESENTATION_ITEM('')
);
#2745=CARTESIAN_POINT('',(-22.5000000000,-17.5000000000,1.0000000000));
#2746=CARTESIAN_POINT('',(-22.5000000000,-13.5000000000,1.0000000000));

#2747=CARTESIAN_POINT('',(-22.5000000000,-13.5000000000,1.0000000000));
#2748=VERTEX_POINT('',#2747);
#2749=EDGE_CURVE('',#2743,#2748,#2744,.T.);
#2750=ORIENTED_EDGE('',*,*,#2749,.T.);
#2751=(
BOUNDED_CURVE()
B_SPLINE_CURVE(1,(#2752,#2753),.UNSPECIFIED.,.F.,.F.)
B_SPLINE_CURVE_WITH_KNOTS((2,2),(0.000,1.000),.UNSPECIFIED.)
CURVE()
GEOMETRIC_REPRESENTATION_ITEM()
RATIONAL_B_SPLINE_CURVE((1.0000000000,1.0000000000))
REPRESENTATION_ITEM('')
);
#2752=CARTESIAN_POINT('',(-22.5000000000,-13.5000000000,1.0000000000));
#2753=CARTESIAN_POINT('',(-31.5000000000,-13.5000000000,1.0000000000));

#2754=CARTESIAN_POINT('',(-31.5000000000,-13.5000000000,1.0000000000));
#2755=VERTEX_POINT('',#2754);
#2756=EDGE_CURVE('',#2748,#2755,#2751,.T.);
#2757=ORIENTED_EDGE('',*,*,#2756,.T.);
#2758=(
BOUNDED_CURVE()
B_SPLINE_CURVE(1,(#2759,#2760),.UNSPECIFIED.,.F.,.F.)
B_SPLINE_CURVE_WITH_KNOTS((2,2),(0.000,1.000),.UNSPECIFIED.)
CURVE()
GEOMETRIC_REPRESENTATION_ITEM()
RATIONAL_B_SPLINE_CURVE((1.0000000000,1.0000000000))
REPRESENTATION_ITEM('')
);
#2759=CARTESIAN_POINT('',(-31.5000000000,-13.5000000000,1.0000000000));
#2760=CARTESIAN_POINT('',(-31.5000000000,13.5000000000,1.0000000000));

#2761=CARTESIAN_POINT('',(-31.5000000000,13.5000000000,1.0000000000));
#2762=VERTEX_POINT('',#2761);
#2763=EDGE_CURVE('',#2755,#2762,#2758,.T.);
#2764=ORIENTED_EDGE('',*,*,#2763,.T.);
#2765=(
BOUNDED_CURVE()
B_SPLINE_CURVE(1,(#2766,#2767),.UNSPECIFIED.,.F.,.F.)
B_SPLINE_CURVE_WITH_KNOTS((2,2),(0.000,1.000),.UNSPECIFIED.)
CURVE()
GEOMETRIC_REPRESENTATION_ITEM()
RATIONAL_B_SPLINE_CURVE((1.0000000000,1.0000000000))
REPRESENTATION_ITEM('')
);
#2766=CARTESIAN_POINT('',(-31.5000000000,13.5000000000,1.0000000000));
#2767=CARTESIAN_POINT('',(-22.5000000000,13.5000000000,1.0000000000));

#2768=CARTESIAN_POINT('',(-22.5000000000,13.5000000000,1.0000000000));
#2769=VERTEX_POINT('',#2768);
#2770=EDGE_CURVE('',#2762,#2769,#2765,.T.);
#2771=ORIENTED_EDGE('',*,*,#2770,.T.);
#2772=(
BOUNDED_CURVE()
B_SPLINE_CURVE(1,(#2773,#2774),.UNSPECIFIED.,.F.,.F.)
B_SPLINE_CURVE_WITH_KNOTS((2,2),(0.000,1.000),.UNSPECIFIED.)
CURVE()
GEOMETRIC_REPRESENTATION_ITEM()
RATIONAL_B_SPLINE_CURVE((1.0000000000,1.0000000000))
REPRESENTATION_ITEM('')
);
#2773=CARTESIAN_POINT('',(-22.5000000000,13.5000000000,1.0000000000));
#2774=CARTESIAN_POINT('',(-22.5000000000,17.5000000000,1.0000000000));

#2775=CARTESIAN_POINT('',(-22.5000000000,17.5000000000,1.0000000000));
#2776=VERTEX_POINT('',#2775);
#2777=EDGE_CURVE('',#2769,#2776,#2772,.T.);
#2778=ORIENTED_EDGE('',*,*,#2777,.T.);
#2779=(
BOUNDED_CURVE()
B_SPLINE_CURVE(1,(#2780,#2781),.UNSPECIFIED.,.F.,.F.)
B_SPLINE_CURVE_WITH_KNOTS((2,2),(0.000,1.000),.UNSPECIFIED.)
CURVE()
GEOMETRIC_REPRESENTATION_ITEM()
RATIONAL_B_SPLINE_CURVE((1.0000000000,1.0000000000))
REPRESENTATION_ITEM('')
);
#2780=CARTESIAN_POINT('',(-22.5000000000,17.5000000000,1.0000000000));
#2781=CARTESIAN_POINT('',(22.5000000000,17.5000000000,1.0000000000));

#2782=CARTESIAN_POINT('',(22.5000000000,17.5000000000,1.0000000000));
#2783=VERTEX_POINT('',#2782);
#2784=EDGE_CURVE('',#2776,#2783,#2779,.T.);
#2785=ORIENTED_EDGE('',*,*,#2784,.T.);
#2786=(
BOUNDED_CURVE()
B_SPLINE_CURVE(1,(#2787,#2788),.UNSPECIFIED.,.F.,.F.)
B_SPLINE_CURVE_WITH_KNOTS((2,2),(0.000,1.000),.UNSPECIFIED.)
CURVE()
GEOMETRIC_REPRESENTATION_ITEM()
RATIONAL_B_SPLINE_CURVE((1.0000000000,1.0000000000))
REPRESENTATION_ITEM('')
);
#2787=CARTESIAN_POINT('',(22.5000000000,17.5000000000,1.0000000000));
#2788=CARTESIAN_POINT('',(22.5000000000,13.5000000000,1.0000000000));

#2789=CARTESIAN_POINT('',(22.5000000000,13.5000000000,1.0000000000));
#2790=VERTEX_POINT('',#2789);
#2791=EDGE_CURVE('',#2783,#2790,#2786,.T.);
#2792=ORIENTED_EDGE('',*,*,#2791,.T.);
#2793=(
BOUNDED_CURVE()
B_SPLINE_CURVE(1,(#2794,#2795),.UNSPECIFIED.,.F.,.F.)
B_SPLINE_CURVE_WITH_KNOTS((2,2),(0.000,1.000),.UNSPECIFIED.)
CURVE()
GEOMETRIC_REPRESENTATION_ITEM()
RATIONAL_B_SPLINE_CURVE((1.0000000000,1.0000000000))
REPRESENTATION_ITEM('')
);
#2794=CARTESIAN_POINT('',(22.5000000000,13.5000000000,1.0000000000));
#2795=CARTESIAN_POINT('',(31.5000000000,13.5000000000,1.0000000000));

#2796=CARTESIAN_POINT('',(31.5000000000,13.5000000000,1.0000000000));
#2797=VERTEX_POINT('',#2796);
#2798=EDGE_CURVE('',#2790,#2797,#2793,.T.);
#2799=ORIENTED_EDGE('',*,*,#2798,.T.);
#2800=(
BOUNDED_CURVE()
B_SPLINE_CURVE(1,(#2801,#2802),.UNSPECIFIED.,.F.,.F.)
B_SPLINE_CURVE_WITH_KNOTS((2,2),(0.000,1.000),.UNSPECIFIED.)
CURVE()
GEOMETRIC_REPRESENTATION_ITEM()
RATIONAL_B_SPLINE_CURVE((1.0000000000,1.0000000000))
REPRESENTATION_ITEM('')
);
#2801=CARTESIAN_POINT('',(31.5000000000,13.5000000000,1.0000000000));
#2802=CARTESIAN_POINT('',(31.5000000000,6.0000000000,1.0000000000));

#2803=CARTESIAN_POINT('',(31.5000000000,6.0000000000,1.0000000000));
#2804=VERTEX_POINT('',#2803);
#2805=EDGE_CURVE('',#2797,#2804,#2800,.T.);
#2806=ORIENTED_EDGE('',*,*,#2805,.T.);
#2807=(
BOUNDED_CURVE()
B_SPLINE_CURVE(1,(#2808,#2809),.UNSPECIFIED.,.F.,.F.)
B_SPLINE_CURVE_WITH_KNOTS((2,2),(0.000,1.000),.UNSPECIFIED.)
CURVE()
GEOMETRIC_REPRESENTATION_ITEM()
RATIONAL_B_SPLINE_CURVE((1.0000000000,1.0000000000))
REPRESENTATION_ITEM('')
);
#2808=CARTESIAN_POINT('',(31.5000000000,6.0000000000,1.0000000000));
#2809=CARTESIAN_POINT('',(38.0000000000,6.0000000000,1.0000000000));

#2810=CARTESIAN_POINT('',(38.0000000000,6.0000000000,1.0000000000));
#2811=VERTEX_POINT('',#2810);
#2812=EDGE_CURVE('',#2804,#2811,#2807,.T.);
#2813=ORIENTED_EDGE('',*,*,#2812,.T.);
#2814=(
BOUNDED_CURVE()
B_SPLINE_CURVE(1,(#2815,#2816),.UNSPECIFIED.,.F.,.F.)
B_SPLINE_CURVE_WITH_KNOTS((2,2),(0.000,1.000),.UNSPECIFIED.)
CURVE()
GEOMETRIC_REPRESENTATION_ITEM()
RATIONAL_B_SPLINE_CURVE((1.0000000000,1.0000000000))
REPRESENTATION_ITEM('')
);
#2815=CARTESIAN_POINT('',(38.0000000000,6.0000000000,1.0000000000));
#2816=CARTESIAN_POINT('',(38.0000000000,-6.0000000000,1.0000000000));

#2817=CARTESIAN_POINT('',(38.0000000000,-6.0000000000,1.0000000000));
#2818=VERTEX_POINT('',#2817);
#2819=EDGE_CURVE('',#2811,#2818,#2814,.T.);
#2820=ORIENTED_EDGE('',*,*,#2819,.T.);
#2821=(
BOUNDED_CURVE()
B_SPLINE_CURVE(1,(#2822,#2823),.UNSPECIFIED.,.F.,.F.)
B_SPLINE_CURVE_WITH_KNOTS((2,2),(0.000,1.000),.UNSPECIFIED.)
CURVE()
GEOMETRIC_REPRESENTATION_ITEM()
RATIONAL_B_SPLINE_CURVE((1.0000000000,1.0000000000))
REPRESENTATION_ITEM('')
);
#2822=CARTESIAN_POINT('',(38.0000000000,-6.0000000000,1.0000000000));
#2823=CARTESIAN_POINT('',(31.5000000000,-6.0000000000,1.0000000000));

#2824=CARTESIAN_POINT('',(31.5000000000,-6.0000000000,1.0000000000));
#2825=VERTEX_POINT('',#2824);
#2826=EDGE_CURVE('',#2818,#2825,#2821,.T.);
#2827=ORIENTED_EDGE('',*,*,#2826,.T.);
#2828=(
BOUNDED_CURVE()
B_SPLINE_CURVE(1,(#2829,#2830),.UNSPECIFIED.,.F.,.F.)
B_SPLINE_CURVE_WITH_KNOTS((2,2),(0.000,1.000),.UNSPECIFIED.)
CURVE()
GEOMETRIC_REPRESENTATION_ITEM()
RATIONAL_B_SPLINE_CURVE((1.0000000000,1.0000000000))
REPRESENTATION_ITEM('')
);
#2829=CARTESIAN_POINT('',(31.5000000000,-6.0000000000,1.0000000000));
#2830=CARTESIAN_POINT('',(31.5000000000,-13.5000000000,1.0000000000));

#2831=CARTESIAN_POINT('',(31.5000000000,-13.5000000000,1.0000000000));
#2832=VERTEX_POINT('',#2831);
#2833=EDGE_CURVE('',#2825,#2832,#2828,.T.);
#2834=ORIENTED_EDGE('',*,*,#2833,.T.);
#2835=(
BOUNDED_CURVE()
B_SPLINE_CURVE(1,(#2836,#2837),.UNSPECIFIED.,.F.,.F.)
B_SPLINE_CURVE_WITH_KNOTS((2,2),(0.000,1.000),.UNSPECIFIED.)
CURVE()
GEOMETRIC_REPRESENTATION_ITEM()
RATIONAL_B_SPLINE_CURVE((1.0000000000,1.0000000000))
REPRESENTATION_ITEM('')
);
#2836=CARTESIAN_POINT('',(31.5000000000,-13.5000000000,1.0000000000));
#2837=CARTESIAN_POINT('',(22.5000000000,-13.5000000000,1.0000000000));

#2838=CARTESIAN_POINT('',(22.5000000000,-13.5000000000,1.0000000000));
#2839=VERTEX_POINT('',#2838);
#2840=EDGE_CURVE('',#2832,#2839,#2835,.T.);
#2841=ORIENTED_EDGE('',*,*,#2840,.T.);
#2842=(
BOUNDED_CURVE()
B_SPLINE_CURVE(1,(#2843,#2844),.UNSPECIFIED.,.F.,.F.)
B_SPLINE_CURVE_WITH_KNOTS((2,2),(0.000,1.000),.UNSPECIFIED.)
CURVE()
GEOMETRIC_REPRESENTATION_ITEM()
RATIONAL_B_SPLINE_CURVE((1.0000000000,1.0000000000))
REPRESENTATION_ITEM('')
);
#2843=CARTESIAN_POINT('',(22.5000000000,-13.5000000000,1.0000000000));
#2844=CARTESIAN_POINT('',(22.5000000000,-17.5000000000,1.0000000000));

#2845=CARTESIAN_POINT('',(22.5000000000,-17.5000000000,1.0000000000));
#2846=VERTEX_POINT('',#2845);
#2847=EDGE_CURVE('',#2839,#2846,#2842,.T.);
#2848=ORIENTED_EDGE('',*,*,#2847,.T.);
#2849=(
BOUNDED_CURVE()
B_SPLINE_CURVE(1,(#2850,#2851),.UNSPECIFIED.,.F.,.F.)
B_SPLINE_CURVE_WITH_KNOTS((2,2),(0.000,1.000),.UNSPECIFIED.)
CURVE()
GEOMETRIC_REPRESENTATION_ITEM()
RATIONAL_B_SPLINE_CURVE((1.0000000000,1.0000000000))
REPRESENTATION_ITEM('')
);
#2850=CARTESIAN_POINT('',(22.5000000000,-17.5000000000,1.0000000000));
#2851=CARTESIAN_POINT('',(-22.5000000000,-17.5000000000,1.0000000000));

#2852=EDGE_CURVE('',#2846,#2743,#2849,.T.);
#2853=ORIENTED_EDGE('',*,*,#2852,.T.);
#2854=EDGE_LOOP('',(#2750,#2757,#2764,#2771,#2778,#2785,#2792,#2799,#2806,#2813,#2820,#2827,#2834,#2841,#2848,#2853));
#2855=FACE_OUTER_BOUND('',#2854,.T.);
#2856=CARTESIAN_POINT('',(-28.0000000000,11.0000000000,1.0000000000));
#2857=VERTEX_POINT('',#2856);
#2858=(
BOUNDED_CURVE()
B_SPLINE_CURVE(1,(#2859,#2860),.UNSPECIFIED.,.F.,.F.)
B_SPLINE_CURVE_WITH_KNOTS((2,2),(0.000,1.000),.UNSPECIFIED.)
CURVE()
GEOMETRIC_REPRESENTATION_ITEM()
RATIONAL_B_SPLINE_CURVE((1.0000000000,1.0000000000))
REPRESENTATION_ITEM('')
);
#2859=CARTESIAN_POINT('',(-28.0000000000,11.0000000000,1.0000000000));
#2860=CARTESIAN_POINT('',(-28.0000000000,-11.0000000000,1.0000000000));

#2861=CARTESIAN_POINT('',(-28.0000000000,-11.0000000000,1.0000000000));
#2862=VERTEX_POINT('',#2861);
#2863=EDGE_CURVE('',#2857,#2862,#2858,.T.);
#2864=ORIENTED_EDGE('',*,*,#2863,.T.);
#2865=(
BOUNDED_CURVE()
B_SPLINE_CURVE(1,(#2866,#2867),.UNSPECIFIED.,.F.,.F.)
B_SPLINE_CURVE_WITH_KNOTS((2,2),(0.000,1.000),.UNSPECIFIED.)
CURVE()
GEOMETRIC_REPRESENTATION_ITEM()
RATIONAL_B_SPLINE_CURVE((1.0000000000,1.0000000000))
REPRESENTATION_ITEM('')
);
#2866=CARTESIAN_POINT('',(-28.0000000000,-11.0000000000,1.0000000000));
#2867=CARTESIAN_POINT('',(28.0000000000,-11.0000000000,1.0000000000));

#2868=CARTESIAN_POINT('',(28.0000000000,-11.0000000000,1.0000000000));
#2869=VERTEX_POINT('',#2868);
#2870=EDGE_CURVE('',#2862,#2869,#2865,.T.);
#2871=ORIENTED_EDGE('',*,*,#2870,.T.);
#2872=(
BOUNDED_CURVE()
B_SPLINE_CURVE(1,(#2873,#2874),.UNSPECIFIED.,.F.,.F.)
B_SPLINE_CURVE_WITH_KNOTS((2,2),(0.000,1.000),.UNSPECIFIED.)
CURVE()
GEOMETRIC_REPRESENTATION_ITEM()
RATIONAL_B_SPLINE_CURVE((1.0000000000,1.0000000000))
REPRESENTATION_ITEM('')
);
#2873=CARTESIAN_POINT('',(28.0000000000,-11.0000000000,1.0000000000));
#2874=CARTESIAN_POINT('',(28.0000000000,11.0000000000,1.0000000000));

#2875=CARTESIAN_POINT('',(28.0000000000,11.0000000000,1.0000000000));
#2876=VERTEX_POINT('',#2875);
#2877=EDGE_CURVE('',#2869,#2876,#2872,.T.);
#2878=ORIENTED_EDGE('',*,*,#2877,.T.);
#2879=(
BOUNDED_CURVE()
B_SPLINE_CURVE(1,(#2880,#2881),.UNSPECIFIED.,.F.,.F.)
B_SPLINE_CURVE_WITH_KNOTS((2,2),(0.000,1.000),.UNSPECIFIED.)
CURVE()
GEOMETRIC_REPRESENTATION_ITEM()
RATIONAL_B_SPLINE_CURVE((1.0000000000,1.0000000000))
REPRESENTATION_ITEM('')
);
#2880=CARTESIAN_POINT('',(28.0000000000,11.0000000000,1.0000000000));
#2881=CARTESIAN_POINT('',(-28.0000000000,11.0000000000,1.0000000000));

#2882=EDGE_CURVE('',#2876,#2857,#2879,.T.);
#2883=ORIENTED_EDGE('',*,*,#2882,.T.);
#2884=EDGE_LOOP('',(#2864,#2871,#2878,#2883));
#2885=FACE_BOUND('',#2884,.T.);
#2886=ADVANCED_FACE('',(#2855,#2885),#2737,.T.);
#2887=COLOUR_RGB('',0.39,0.39,0.39);
#2888=FILL_AREA_STYLE_COLOUR('',#2887);
#2889=FILL_AREA_STYLE('',(#2888));
#2890=SURFACE_STYLE_FILL_AREA(#2889);
#2891=SURFACE_STYLE_TRANSPARENT(0.00);
#2892=SURFACE_STYLE_RENDERING_WITH_PROPERTIES(.NORMAL_SHADING.,#2887,(#2891));
#2893=SURFACE_SIDE_STYLE('',(#2890, #2892));
#2894=SURFACE_STYLE_USAGE(.BOTH.,#2893);
#2895=PRESENTATION_STYLE_ASSIGNMENT((#2894));
#2896=STYLED_ITEM('',(#2895),#2886);

#2897=(
BOUNDED_SURFACE()
B_SPLINE_SURFACE(1,1,((#2898,#2899),(#2900,#2901)),.UNSPECIFIED.,.F.,.F.,.F.)
B_SPLINE_SURFACE_WITH_KNOTS((2,2),(2,2),(0.000,1.000),(0.000,1.000),.UNSPECIFIED.)
GEOMETRIC_REPRESENTATION_ITEM()
RATIONAL_B_SPLINE_SURFACE(((1.0000000000,1.0000000000),(1.0000000000,1.0000000000)))
REPRESENTATION_ITEM('')
SURFACE()
);
#2898=CARTESIAN_POINT('',(-22.5000000000,13.5000000000,10.0000000000));
#2899=CARTESIAN_POINT('',(-22.5000000000,13.5000000000,1.0000000000));
#2900=CARTESIAN_POINT('',(-31.5000000000,13.5000000000,10.0000000000));
#2901=CARTESIAN_POINT('',(-31.5000000000,13.5000000000,1.0000000000));

#2902=CARTESIAN_POINT('',(-31.5000000000,13.5000000000,10.0000000000));
#2903=VERTEX_POINT('',#2902);
#2904=(
BOUNDED_CURVE()
B_SPLINE_CURVE(1,(#2905,#2906),.UNSPECIFIED.,.F.,.F.)
B_SPLINE_CURVE_WITH_KNOTS((2,2),(0.000,1.000),.UNSPECIFIED.)
CURVE()
GEOMETRIC_REPRESENTATION_ITEM()
RATIONAL_B_SPLINE_CURVE((1.0000000000,1.0000000000))
REPRESENTATION_ITEM('')
);
#2905=CARTESIAN_POINT('',(-31.5000000000,13.5000000000,10.0000000000));
#2906=CARTESIAN_POINT('',(-22.5000000000,13.5000000000,10.0000000000));

#2907=CARTESIAN_POINT('',(-22.5000000000,13.5000000000,10.0000000000));
#2908=VERTEX_POINT('',#2907);
#2909=EDGE_CURVE('',#2903,#2908,#2904,.T.);
#2910=ORIENTED_EDGE('',*,*,#2909,.T.);
#2911=(
BOUNDED_CURVE()
B_SPLINE_CURVE(1,(#2912,#2913),.UNSPECIFIED.,.F.,.F.)
B_SPLINE_CURVE_WITH_KNOTS((2,2),(0.000,1.000),.UNSPECIFIED.)
CURVE()
GEOMETRIC_REPRESENTATION_ITEM()
RATIONAL_B_SPLINE_CURVE((1.0000000000,1.0000000000))
REPRESENTATION_ITEM('')
);
#2912=CARTESIAN_POINT('',(-22.5000000000,13.5000000000,10.0000000000));
#2913=CARTESIAN_POINT('',(-22.5000000000,13.5000000000,1.0000000000));

#2914=CARTESIAN_POINT('',(-22.5000000000,13.5000000000,1.0000000000));
#2915=VERTEX_POINT('',#2914);
#2916=EDGE_CURVE('',#2908,#2915,#2911,.T.);
#2917=ORIENTED_EDGE('',*,*,#2916,.T.);
#2918=(
BOUNDED_CURVE()
B_SPLINE_CURVE(1,(#2919,#2920),.UNSPECIFIED.,.F.,.F.)
B_SPLINE_CURVE_WITH_KNOTS((2,2),(0.000,1.000),.UNSPECIFIED.)
CURVE()
GEOMETRIC_REPRESENTATION_ITEM()
RATIONAL_B_SPLINE_CURVE((1.0000000000,1.0000000000))
REPRESENTATION_ITEM('')
);
#2919=CARTESIAN_POINT('',(-22.5000000000,13.5000000000,1.0000000000));
#2920=CARTESIAN_POINT('',(-31.5000000000,13.5000000000,1.0000000000));

#2921=CARTESIAN_POINT('',(-31.5000000000,13.5000000000,1.0000000000));
#2922=VERTEX_POINT('',#2921);
#2923=EDGE_CURVE('',#2915,#2922,#2918,.T.);
#2924=ORIENTED_EDGE('',*,*,#2923,.T.);
#2925=(
BOUNDED_CURVE()
B_SPLINE_CURVE(1,(#2926,#2927),.UNSPECIFIED.,.F.,.F.)
B_SPLINE_CURVE_WITH_KNOTS((2,2),(0.000,1.000),.UNSPECIFIED.)
CURVE()
GEOMETRIC_REPRESENTATION_ITEM()
RATIONAL_B_SPLINE_CURVE((1.0000000000,1.0000000000))
REPRESENTATION_ITEM('')
);
#2926=CARTESIAN_POINT('',(-31.5000000000,13.5000000000,1.0000000000));
#2927=CARTESIAN_POINT('',(-31.5000000000,13.5000000000,10.0000000000));

#2928=EDGE_CURVE('',#2922,#2903,#2925,.T.);
#2929=ORIENTED_EDGE('',*,*,#2928,.T.);
#2930=EDGE_LOOP('',(#2910,#2917,#2924,#2929));
#2931=FACE_OUTER_BOUND('',#2930,.T.);
#2932=ADVANCED_FACE('',(#2931),#2897,.T.);
#2933=COLOUR_RGB('',0.39,0.39,0.39);
#2934=FILL_AREA_STYLE_COLOUR('',#2933);
#2935=FILL_AREA_STYLE('',(#2934));
#2936=SURFACE_STYLE_FILL_AREA(#2935);
#2937=SURFACE_STYLE_TRANSPARENT(0.00);
#2938=SURFACE_STYLE_RENDERING_WITH_PROPERTIES(.NORMAL_SHADING.,#2933,(#2937));
#2939=SURFACE_SIDE_STYLE('',(#2936, #2938));
#2940=SURFACE_STYLE_USAGE(.BOTH.,#2939);
#2941=PRESENTATION_STYLE_ASSIGNMENT((#2940));
#2942=STYLED_ITEM('',(#2941),#2932);

#2943=(
BOUNDED_SURFACE()
B_SPLINE_SURFACE(1,1,((#2944,#2945),(#2946,#2947)),.UNSPECIFIED.,.F.,.F.,.F.)
B_SPLINE_SURFACE_WITH_KNOTS((2,2),(2,2),(0.000,1.000),(0.000,1.000),.UNSPECIFIED.)
GEOMETRIC_REPRESENTATION_ITEM()
RATIONAL_B_SPLINE_SURFACE(((1.0000000000,1.0000000000),(1.0000000000,1.0000000000)))
REPRESENTATION_ITEM('')
SURFACE()
);
#2944=CARTESIAN_POINT('',(-22.5000000000,17.5000000000,10.0000000000));
#2945=CARTESIAN_POINT('',(-22.5000000000,17.5000000000,1.0000000000));
#2946=CARTESIAN_POINT('',(-22.5000000000,13.5000000000,10.0000000000));
#2947=CARTESIAN_POINT('',(-22.5000000000,13.5000000000,1.0000000000));

#2948=CARTESIAN_POINT('',(-22.5000000000,13.5000000000,10.0000000000));
#2949=VERTEX_POINT('',#2948);
#2950=(
BOUNDED_CURVE()
B_SPLINE_CURVE(1,(#2951,#2952),.UNSPECIFIED.,.F.,.F.)
B_SPLINE_CURVE_WITH_KNOTS((2,2),(0.000,1.000),.UNSPECIFIED.)
CURVE()
GEOMETRIC_REPRESENTATION_ITEM()
RATIONAL_B_SPLINE_CURVE((1.0000000000,1.0000000000))
REPRESENTATION_ITEM('')
);
#2951=CARTESIAN_POINT('',(-22.5000000000,13.5000000000,10.0000000000));
#2952=CARTESIAN_POINT('',(-22.5000000000,17.5000000000,10.0000000000));

#2953=CARTESIAN_POINT('',(-22.5000000000,17.5000000000,10.0000000000));
#2954=VERTEX_POINT('',#2953);
#2955=EDGE_CURVE('',#2949,#2954,#2950,.T.);
#2956=ORIENTED_EDGE('',*,*,#2955,.T.);
#2957=(
BOUNDED_CURVE()
B_SPLINE_CURVE(1,(#2958,#2959),.UNSPECIFIED.,.F.,.F.)
B_SPLINE_CURVE_WITH_KNOTS((2,2),(0.000,1.000),.UNSPECIFIED.)
CURVE()
GEOMETRIC_REPRESENTATION_ITEM()
RATIONAL_B_SPLINE_CURVE((1.0000000000,1.0000000000))
REPRESENTATION_ITEM('')
);
#2958=CARTESIAN_POINT('',(-22.5000000000,17.5000000000,10.0000000000));
#2959=CARTESIAN_POINT('',(-22.5000000000,17.5000000000,1.0000000000));

#2960=CARTESIAN_POINT('',(-22.5000000000,17.5000000000,1.0000000000));
#2961=VERTEX_POINT('',#2960);
#2962=EDGE_CURVE('',#2954,#2961,#2957,.T.);
#2963=ORIENTED_EDGE('',*,*,#2962,.T.);
#2964=(
BOUNDED_CURVE()
B_SPLINE_CURVE(1,(#2965,#2966),.UNSPECIFIED.,.F.,.F.)
B_SPLINE_CURVE_WITH_KNOTS((2,2),(0.000,1.000),.UNSPECIFIED.)
CURVE()
GEOMETRIC_REPRESENTATION_ITEM()
RATIONAL_B_SPLINE_CURVE((1.0000000000,1.0000000000))
REPRESENTATION_ITEM('')
);
#2965=CARTESIAN_POINT('',(-22.5000000000,17.5000000000,1.0000000000));
#2966=CARTESIAN_POINT('',(-22.5000000000,13.5000000000,1.0000000000));

#2967=CARTESIAN_POINT('',(-22.5000000000,13.5000000000,1.0000000000));
#2968=VERTEX_POINT('',#2967);
#2969=EDGE_CURVE('',#2961,#2968,#2964,.T.);
#2970=ORIENTED_EDGE('',*,*,#2969,.T.);
#2971=(
BOUNDED_CURVE()
B_SPLINE_CURVE(1,(#2972,#2973),.UNSPECIFIED.,.F.,.F.)
B_SPLINE_CURVE_WITH_KNOTS((2,2),(0.000,1.000),.UNSPECIFIED.)
CURVE()
GEOMETRIC_REPRESENTATION_ITEM()
RATIONAL_B_SPLINE_CURVE((1.0000000000,1.0000000000))
REPRESENTATION_ITEM('')
);
#2972=CARTESIAN_POINT('',(-22.5000000000,13.5000000000,1.0000000000));
#2973=CARTESIAN_POINT('',(-22.5000000000,13.5000000000,10.0000000000));

#2974=EDGE_CURVE('',#2968,#2949,#2971,.T.);
#2975=ORIENTED_EDGE('',*,*,#2974,.T.);
#2976=EDGE_LOOP('',(#2956,#2963,#2970,#2975));
#2977=FACE_OUTER_BOUND('',#2976,.T.);
#2978=ADVANCED_FACE('',(#2977),#2943,.T.);
#2979=COLOUR_RGB('',0.39,0.39,0.39);
#2980=FILL_AREA_STYLE_COLOUR('',#2979);
#2981=FILL_AREA_STYLE('',(#2980));
#2982=SURFACE_STYLE_FILL_AREA(#2981);
#2983=SURFACE_STYLE_TRANSPARENT(0.00);
#2984=SURFACE_STYLE_RENDERING_WITH_PROPERTIES(.NORMAL_SHADING.,#2979,(#2983));
#2985=SURFACE_SIDE_STYLE('',(#2982, #2984));
#2986=SURFACE_STYLE_USAGE(.BOTH.,#2985);
#2987=PRESENTATION_STYLE_ASSIGNMENT((#2986));
#2988=STYLED_ITEM('',(#2987),#2978);

#2989=(
BOUNDED_SURFACE()
B_SPLINE_SURFACE(1,1,((#2990,#2991),(#2992,#2993)),.UNSPECIFIED.,.F.,.F.,.F.)
B_SPLINE_SURFACE_WITH_KNOTS((2,2),(2,2),(0.000,1.000),(0.000,1.000),.UNSPECIFIED.)
GEOMETRIC_REPRESENTATION_ITEM()
RATIONAL_B_SPLINE_SURFACE(((1.0000000000,1.0000000000),(1.0000000000,1.0000000000)))
REPRESENTATION_ITEM('')
SURFACE()
);
#2990=CARTESIAN_POINT('',(22.5000000000,17.5000000000,10.0000000000));
#2991=CARTESIAN_POINT('',(22.5000000000,17.5000000000,1.0000000000));
#2992=CARTESIAN_POINT('',(-22.5000000000,17.5000000000,10.0000000000));
#2993=CARTESIAN_POINT('',(-22.5000000000,17.5000000000,1.0000000000));

#2994=CARTESIAN_POINT('',(-22.5000000000,17.5000000000,10.0000000000));
#2995=VERTEX_POINT('',#2994);
#2996=(
BOUNDED_CURVE()
B_SPLINE_CURVE(1,(#2997,#2998),.UNSPECIFIED.,.F.,.F.)
B_SPLINE_CURVE_WITH_KNOTS((2,2),(0.000,1.000),.UNSPECIFIED.)
CURVE()
GEOMETRIC_REPRESENTATION_ITEM()
RATIONAL_B_SPLINE_CURVE((1.0000000000,1.0000000000))
REPRESENTATION_ITEM('')
);
#2997=CARTESIAN_POINT('',(-22.5000000000,17.5000000000,10.0000000000));
#2998=CARTESIAN_POINT('',(22.5000000000,17.5000000000,10.0000000000));

#2999=CARTESIAN_POINT('',(22.5000000000,17.5000000000,10.0000000000));
#3000=VERTEX_POINT('',#2999);
#3001=EDGE_CURVE('',#2995,#3000,#2996,.T.);
#3002=ORIENTED_EDGE('',*,*,#3001,.T.);
#3003=(
BOUNDED_CURVE()
B_SPLINE_CURVE(1,(#3004,#3005),.UNSPECIFIED.,.F.,.F.)
B_SPLINE_CURVE_WITH_KNOTS((2,2),(0.000,1.000),.UNSPECIFIED.)
CURVE()
GEOMETRIC_REPRESENTATION_ITEM()
RATIONAL_B_SPLINE_CURVE((1.0000000000,1.0000000000))
REPRESENTATION_ITEM('')
);
#3004=CARTESIAN_POINT('',(22.5000000000,17.5000000000,10.0000000000));
#3005=CARTESIAN_POINT('',(22.5000000000,17.5000000000,1.0000000000));

#3006=CARTESIAN_POINT('',(22.5000000000,17.5000000000,1.0000000000));
#3007=VERTEX_POINT('',#3006);
#3008=EDGE_CURVE('',#3000,#3007,#3003,.T.);
#3009=ORIENTED_EDGE('',*,*,#3008,.T.);
#3010=(
BOUNDED_CURVE()
B_SPLINE_CURVE(1,(#3011,#3012),.UNSPECIFIED.,.F.,.F.)
B_SPLINE_CURVE_WITH_KNOTS((2,2),(0.000,1.000),.UNSPECIFIED.)
CURVE()
GEOMETRIC_REPRESENTATION_ITEM()
RATIONAL_B_SPLINE_CURVE((1.0000000000,1.0000000000))
REPRESENTATION_ITEM('')
);
#3011=CARTESIAN_POINT('',(22.5000000000,17.5000000000,1.0000000000));
#3012=CARTESIAN_POINT('',(-22.5000000000,17.5000000000,1.0000000000));

#3013=CARTESIAN_POINT('',(-22.5000000000,17.5000000000,1.0000000000));
#3014=VERTEX_POINT('',#3013);
#3015=EDGE_CURVE('',#3007,#3014,#3010,.T.);
#3016=ORIENTED_EDGE('',*,*,#3015,.T.);
#3017=(
BOUNDED_CURVE()
B_SPLINE_CURVE(1,(#3018,#3019),.UNSPECIFIED.,.F.,.F.)
B_SPLINE_CURVE_WITH_KNOTS((2,2),(0.000,1.000),.UNSPECIFIED.)
CURVE()
GEOMETRIC_REPRESENTATION_ITEM()
RATIONAL_B_SPLINE_CURVE((1.0000000000,1.0000000000))
REPRESENTATION_ITEM('')
);
#3018=CARTESIAN_POINT('',(-22.5000000000,17.5000000000,1.0000000000));
#3019=CARTESIAN_POINT('',(-22.5000000000,17.5000000000,10.0000000000));

#3020=EDGE_CURVE('',#3014,#2995,#3017,.T.);
#3021=ORIENTED_EDGE('',*,*,#3020,.T.);
#3022=EDGE_LOOP('',(#3002,#3009,#3016,#3021));
#3023=FACE_OUTER_BOUND('',#3022,.T.);
#3024=ADVANCED_FACE('',(#3023),#2989,.T.);
#3025=COLOUR_RGB('',0.39,0.39,0.39);
#3026=FILL_AREA_STYLE_COLOUR('',#3025);
#3027=FILL_AREA_STYLE('',(#3026));
#3028=SURFACE_STYLE_FILL_AREA(#3027);
#3029=SURFACE_STYLE_TRANSPARENT(0.00);
#3030=SURFACE_STYLE_RENDERING_WITH_PROPERTIES(.NORMAL_SHADING.,#3025,(#3029));
#3031=SURFACE_SIDE_STYLE('',(#3028, #3030));
#3032=SURFACE_STYLE_USAGE(.BOTH.,#3031);
#3033=PRESENTATION_STYLE_ASSIGNMENT((#3032));
#3034=STYLED_ITEM('',(#3033),#3024);

#3035=(
BOUNDED_SURFACE()
B_SPLINE_SURFACE(1,1,((#3036,#3037),(#3038,#3039)),.UNSPECIFIED.,.F.,.F.,.F.)
B_SPLINE_SURFACE_WITH_KNOTS((2,2),(2,2),(0.000,1.000),(0.000,1.000),.UNSPECIFIED.)
GEOMETRIC_REPRESENTATION_ITEM()
RATIONAL_B_SPLINE_SURFACE(((1.0000000000,1.0000000000),(1.0000000000,1.0000000000)))
REPRESENTATION_ITEM('')
SURFACE()
);
#3036=CARTESIAN_POINT('',(22.5000000000,13.5000000000,10.0000000000));
#3037=CARTESIAN_POINT('',(22.5000000000,13.5000000000,1.0000000000));
#3038=CARTESIAN_POINT('',(22.5000000000,17.5000000000,10.0000000000));
#3039=CARTESIAN_POINT('',(22.5000000000,17.5000000000,1.0000000000));

#3040=CARTESIAN_POINT('',(22.5000000000,17.5000000000,10.0000000000));
#3041=VERTEX_POINT('',#3040);
#3042=(
BOUNDED_CURVE()
B_SPLINE_CURVE(1,(#3043,#3044),.UNSPECIFIED.,.F.,.F.)
B_SPLINE_CURVE_WITH_KNOTS((2,2),(0.000,1.000),.UNSPECIFIED.)
CURVE()
GEOMETRIC_REPRESENTATION_ITEM()
RATIONAL_B_SPLINE_CURVE((1.0000000000,1.0000000000))
REPRESENTATION_ITEM('')
);
#3043=CARTESIAN_POINT('',(22.5000000000,17.5000000000,10.0000000000));
#3044=CARTESIAN_POINT('',(22.5000000000,13.5000000000,10.0000000000));

#3045=CARTESIAN_POINT('',(22.5000000000,13.5000000000,10.0000000000));
#3046=VERTEX_POINT('',#3045);
#3047=EDGE_CURVE('',#3041,#3046,#3042,.T.);
#3048=ORIENTED_EDGE('',*,*,#3047,.T.);
#3049=(
BOUNDED_CURVE()
B_SPLINE_CURVE(1,(#3050,#3051),.UNSPECIFIED.,.F.,.F.)
B_SPLINE_CURVE_WITH_KNOTS((2,2),(0.000,1.000),.UNSPECIFIED.)
CURVE()
GEOMETRIC_REPRESENTATION_ITEM()
RATIONAL_B_SPLINE_CURVE((1.0000000000,1.0000000000))
REPRESENTATION_ITEM('')
);
#3050=CARTESIAN_POINT('',(22.5000000000,13.5000000000,10.0000000000));
#3051=CARTESIAN_POINT('',(22.5000000000,13.5000000000,1.0000000000));

#3052=CARTESIAN_POINT('',(22.5000000000,13.5000000000,1.0000000000));
#3053=VERTEX_POINT('',#3052);
#3054=EDGE_CURVE('',#3046,#3053,#3049,.T.);
#3055=ORIENTED_EDGE('',*,*,#3054,.T.);
#3056=(
BOUNDED_CURVE()
B_SPLINE_CURVE(1,(#3057,#3058),.UNSPECIFIED.,.F.,.F.)
B_SPLINE_CURVE_WITH_KNOTS((2,2),(0.000,1.000),.UNSPECIFIED.)
CURVE()
GEOMETRIC_REPRESENTATION_ITEM()
RATIONAL_B_SPLINE_CURVE((1.0000000000,1.0000000000))
REPRESENTATION_ITEM('')
);
#3057=CARTESIAN_POINT('',(22.5000000000,13.5000000000,1.0000000000));
#3058=CARTESIAN_POINT('',(22.5000000000,17.5000000000,1.0000000000));

#3059=CARTESIAN_POINT('',(22.5000000000,17.5000000000,1.0000000000));
#3060=VERTEX_POINT('',#3059);
#3061=EDGE_CURVE('',#3053,#3060,#3056,.T.);
#3062=ORIENTED_EDGE('',*,*,#3061,.T.);
#3063=(
BOUNDED_CURVE()
B_SPLINE_CURVE(1,(#3064,#3065),.UNSPECIFIED.,.F.,.F.)
B_SPLINE_CURVE_WITH_KNOTS((2,2),(0.000,1.000),.UNSPECIFIED.)
CURVE()
GEOMETRIC_REPRESENTATION_ITEM()
RATIONAL_B_SPLINE_CURVE((1.0000000000,1.0000000000))
REPRESENTATION_ITEM('')
);
#3064=CARTESIAN_POINT('',(22.5000000000,17.5000000000,1.0000000000));
#3065=CARTESIAN_POINT('',(22.5000000000,17.5000000000,10.0000000000));

#3066=EDGE_CURVE('',#3060,#3041,#3063,.T.);
#3067=ORIENTED_EDGE('',*,*,#3066,.T.);
#3068=EDGE_LOOP('',(#3048,#3055,#3062,#3067));
#3069=FACE_OUTER_BOUND('',#3068,.T.);
#3070=ADVANCED_FACE('',(#3069),#3035,.T.);
#3071=COLOUR_RGB('',0.39,0.39,0.39);
#3072=FILL_AREA_STYLE_COLOUR('',#3071);
#3073=FILL_AREA_STYLE('',(#3072));
#3074=SURFACE_STYLE_FILL_AREA(#3073);
#3075=SURFACE_STYLE_TRANSPARENT(0.00);
#3076=SURFACE_STYLE_RENDERING_WITH_PROPERTIES(.NORMAL_SHADING.,#3071,(#3075));
#3077=SURFACE_SIDE_STYLE('',(#3074, #3076));
#3078=SURFACE_STYLE_USAGE(.BOTH.,#3077);
#3079=PRESENTATION_STYLE_ASSIGNMENT((#3078));
#3080=STYLED_ITEM('',(#3079),#3070);

#3081=(
BOUNDED_SURFACE()
B_SPLINE_SURFACE(1,1,((#3082,#3083),(#3084,#3085)),.UNSPECIFIED.,.F.,.F.,.F.)
B_SPLINE_SURFACE_WITH_KNOTS((2,2),(2,2),(0.000,1.000),(0.000,1.000),.UNSPECIFIED.)
GEOMETRIC_REPRESENTATION_ITEM()
RATIONAL_B_SPLINE_SURFACE(((1.0000000000,1.0000000000),(1.0000000000,1.0000000000)))
REPRESENTATION_ITEM('')
SURFACE()
);
#3082=CARTESIAN_POINT('',(31.5000000000,13.5000000000,10.0000000000));
#3083=CARTESIAN_POINT('',(31.5000000000,13.5000000000,1.0000000000));
#3084=CARTESIAN_POINT('',(22.5000000000,13.5000000000,10.0000000000));
#3085=CARTESIAN_POINT('',(22.5000000000,13.5000000000,1.0000000000));

#3086=CARTESIAN_POINT('',(22.5000000000,13.5000000000,10.0000000000));
#3087=VERTEX_POINT('',#3086);
#3088=(
BOUNDED_CURVE()
B_SPLINE_CURVE(1,(#3089,#3090),.UNSPECIFIED.,.F.,.F.)
B_SPLINE_CURVE_WITH_KNOTS((2,2),(0.000,1.000),.UNSPECIFIED.)
CURVE()
GEOMETRIC_REPRESENTATION_ITEM()
RATIONAL_B_SPLINE_CURVE((1.0000000000,1.0000000000))
REPRESENTATION_ITEM('')
);
#3089=CARTESIAN_POINT('',(22.5000000000,13.5000000000,10.0000000000));
#3090=CARTESIAN_POINT('',(31.5000000000,13.5000000000,10.0000000000));

#3091=CARTESIAN_POINT('',(31.5000000000,13.5000000000,10.0000000000));
#3092=VERTEX_POINT('',#3091);
#3093=EDGE_CURVE('',#3087,#3092,#3088,.T.);
#3094=ORIENTED_EDGE('',*,*,#3093,.T.);
#3095=(
BOUNDED_CURVE()
B_SPLINE_CURVE(1,(#3096,#3097),.UNSPECIFIED.,.F.,.F.)
B_SPLINE_CURVE_WITH_KNOTS((2,2),(0.000,1.000),.UNSPECIFIED.)
CURVE()
GEOMETRIC_REPRESENTATION_ITEM()
RATIONAL_B_SPLINE_CURVE((1.0000000000,1.0000000000))
REPRESENTATION_ITEM('')
);
#3096=CARTESIAN_POINT('',(31.5000000000,13.5000000000,10.0000000000));
#3097=CARTESIAN_POINT('',(31.5000000000,13.5000000000,1.0000000000));

#3098=CARTESIAN_POINT('',(31.5000000000,13.5000000000,1.0000000000));
#3099=VERTEX_POINT('',#3098);
#3100=EDGE_CURVE('',#3092,#3099,#3095,.T.);
#3101=ORIENTED_EDGE('',*,*,#3100,.T.);
#3102=(
BOUNDED_CURVE()
B_SPLINE_CURVE(1,(#3103,#3104),.UNSPECIFIED.,.F.,.F.)
B_SPLINE_CURVE_WITH_KNOTS((2,2),(0.000,1.000),.UNSPECIFIED.)
CURVE()
GEOMETRIC_REPRESENTATION_ITEM()
RATIONAL_B_SPLINE_CURVE((1.0000000000,1.0000000000))
REPRESENTATION_ITEM('')
);
#3103=CARTESIAN_POINT('',(31.5000000000,13.5000000000,1.0000000000));
#3104=CARTESIAN_POINT('',(22.5000000000,13.5000000000,1.0000000000));

#3105=CARTESIAN_POINT('',(22.5000000000,13.5000000000,1.0000000000));
#3106=VERTEX_POINT('',#3105);
#3107=EDGE_CURVE('',#3099,#3106,#3102,.T.);
#3108=ORIENTED_EDGE('',*,*,#3107,.T.);
#3109=(
BOUNDED_CURVE()
B_SPLINE_CURVE(1,(#3110,#3111),.UNSPECIFIED.,.F.,.F.)
B_SPLINE_CURVE_WITH_KNOTS((2,2),(0.000,1.000),.UNSPECIFIED.)
CURVE()
GEOMETRIC_REPRESENTATION_ITEM()
RATIONAL_B_SPLINE_CURVE((1.0000000000,1.0000000000))
REPRESENTATION_ITEM('')
);
#3110=CARTESIAN_POINT('',(22.5000000000,13.5000000000,1.0000000000));
#3111=CARTESIAN_POINT('',(22.5000000000,13.5000000000,10.0000000000));

#3112=EDGE_CURVE('',#3106,#3087,#3109,.T.);
#3113=ORIENTED_EDGE('',*,*,#3112,.T.);
#3114=EDGE_LOOP('',(#3094,#3101,#3108,#3113));
#3115=FACE_OUTER_BOUND('',#3114,.T.);
#3116=ADVANCED_FACE('',(#3115),#3081,.T.);
#3117=COLOUR_RGB('',0.39,0.39,0.39);
#3118=FILL_AREA_STYLE_COLOUR('',#3117);
#3119=FILL_AREA_STYLE('',(#3118));
#3120=SURFACE_STYLE_FILL_AREA(#3119);
#3121=SURFACE_STYLE_TRANSPARENT(0.00);
#3122=SURFACE_STYLE_RENDERING_WITH_PROPERTIES(.NORMAL_SHADING.,#3117,(#3121));
#3123=SURFACE_SIDE_STYLE('',(#3120, #3122));
#3124=SURFACE_STYLE_USAGE(.BOTH.,#3123);
#3125=PRESENTATION_STYLE_ASSIGNMENT((#3124));
#3126=STYLED_ITEM('',(#3125),#3116);

#3127=(
BOUNDED_SURFACE()
B_SPLINE_SURFACE(1,1,((#3128,#3129),(#3130,#3131)),.UNSPECIFIED.,.F.,.F.,.F.)
B_SPLINE_SURFACE_WITH_KNOTS((2,2),(2,2),(0.000,1.000),(0.000,1.000),.UNSPECIFIED.)
GEOMETRIC_REPRESENTATION_ITEM()
RATIONAL_B_SPLINE_SURFACE(((1.0000000000,1.0000000000),(1.0000000000,1.0000000000)))
REPRESENTATION_ITEM('')
SURFACE()
);
#3128=CARTESIAN_POINT('',(31.5000000000,6.0000000000,10.0000000000));
#3129=CARTESIAN_POINT('',(31.5000000000,6.0000000000,1.0000000000));
#3130=CARTESIAN_POINT('',(31.5000000000,13.5000000000,10.0000000000));
#3131=CARTESIAN_POINT('',(31.5000000000,13.5000000000,1.0000000000));

#3132=CARTESIAN_POINT('',(31.5000000000,13.5000000000,10.0000000000));
#3133=VERTEX_POINT('',#3132);
#3134=(
BOUNDED_CURVE()
B_SPLINE_CURVE(1,(#3135,#3136),.UNSPECIFIED.,.F.,.F.)
B_SPLINE_CURVE_WITH_KNOTS((2,2),(0.000,1.000),.UNSPECIFIED.)
CURVE()
GEOMETRIC_REPRESENTATION_ITEM()
RATIONAL_B_SPLINE_CURVE((1.0000000000,1.0000000000))
REPRESENTATION_ITEM('')
);
#3135=CARTESIAN_POINT('',(31.5000000000,13.5000000000,10.0000000000));
#3136=CARTESIAN_POINT('',(31.5000000000,6.0000000000,10.0000000000));

#3137=CARTESIAN_POINT('',(31.5000000000,6.0000000000,10.0000000000));
#3138=VERTEX_POINT('',#3137);
#3139=EDGE_CURVE('',#3133,#3138,#3134,.T.);
#3140=ORIENTED_EDGE('',*,*,#3139,.T.);
#3141=(
BOUNDED_CURVE()
B_SPLINE_CURVE(1,(#3142,#3143),.UNSPECIFIED.,.F.,.F.)
B_SPLINE_CURVE_WITH_KNOTS((2,2),(0.000,1.000),.UNSPECIFIED.)
CURVE()
GEOMETRIC_REPRESENTATION_ITEM()
RATIONAL_B_SPLINE_CURVE((1.0000000000,1.0000000000))
REPRESENTATION_ITEM('')
);
#3142=CARTESIAN_POINT('',(31.5000000000,6.0000000000,10.0000000000));
#3143=CARTESIAN_POINT('',(31.5000000000,6.0000000000,1.0000000000));

#3144=CARTESIAN_POINT('',(31.5000000000,6.0000000000,1.0000000000));
#3145=VERTEX_POINT('',#3144);
#3146=EDGE_CURVE('',#3138,#3145,#3141,.T.);
#3147=ORIENTED_EDGE('',*,*,#3146,.T.);
#3148=(
BOUNDED_CURVE()
B_SPLINE_CURVE(1,(#3149,#3150),.UNSPECIFIED.,.F.,.F.)
B_SPLINE_CURVE_WITH_KNOTS((2,2),(0.000,1.000),.UNSPECIFIED.)
CURVE()
GEOMETRIC_REPRESENTATION_ITEM()
RATIONAL_B_SPLINE_CURVE((1.0000000000,1.0000000000))
REPRESENTATION_ITEM('')
);
#3149=CARTESIAN_POINT('',(31.5000000000,6.0000000000,1.0000000000));
#3150=CARTESIAN_POINT('',(31.5000000000,13.5000000000,1.0000000000));

#3151=CARTESIAN_POINT('',(31.5000000000,13.5000000000,1.0000000000));
#3152=VERTEX_POINT('',#3151);
#3153=EDGE_CURVE('',#3145,#3152,#3148,.T.);
#3154=ORIENTED_EDGE('',*,*,#3153,.T.);
#3155=(
BOUNDED_CURVE()
B_SPLINE_CURVE(1,(#3156,#3157),.UNSPECIFIED.,.F.,.F.)
B_SPLINE_CURVE_WITH_KNOTS((2,2),(0.000,1.000),.UNSPECIFIED.)
CURVE()
GEOMETRIC_REPRESENTATION_ITEM()
RATIONAL_B_SPLINE_CURVE((1.0000000000,1.0000000000))
REPRESENTATION_ITEM('')
);
#3156=CARTESIAN_POINT('',(31.5000000000,13.5000000000,1.0000000000));
#3157=CARTESIAN_POINT('',(31.5000000000,13.5000000000,10.0000000000));

#3158=EDGE_CURVE('',#3152,#3133,#3155,.T.);
#3159=ORIENTED_EDGE('',*,*,#3158,.T.);
#3160=EDGE_LOOP('',(#3140,#3147,#3154,#3159));
#3161=FACE_OUTER_BOUND('',#3160,.T.);
#3162=ADVANCED_FACE('',(#3161),#3127,.T.);
#3163=COLOUR_RGB('',0.39,0.39,0.39);
#3164=FILL_AREA_STYLE_COLOUR('',#3163);
#3165=FILL_AREA_STYLE('',(#3164));
#3166=SURFACE_STYLE_FILL_AREA(#3165);
#3167=SURFACE_STYLE_TRANSPARENT(0.00);
#3168=SURFACE_STYLE_RENDERING_WITH_PROPERTIES(.NORMAL_SHADING.,#3163,(#3167));
#3169=SURFACE_SIDE_STYLE('',(#3166, #3168));
#3170=SURFACE_STYLE_USAGE(.BOTH.,#3169);
#3171=PRESENTATION_STYLE_ASSIGNMENT((#3170));
#3172=STYLED_ITEM('',(#3171),#3162);

#3173=(
BOUNDED_SURFACE()
B_SPLINE_SURFACE(1,1,((#3174,#3175),(#3176,#3177)),.UNSPECIFIED.,.F.,.F.,.F.)
B_SPLINE_SURFACE_WITH_KNOTS((2,2),(2,2),(0.000,1.000),(0.000,1.000),.UNSPECIFIED.)
GEOMETRIC_REPRESENTATION_ITEM()
RATIONAL_B_SPLINE_SURFACE(((1.0000000000,1.0000000000),(1.0000000000,1.0000000000)))
REPRESENTATION_ITEM('')
SURFACE()
);
#3174=CARTESIAN_POINT('',(38.0000000000,6.0000000000,10.0000000000));
#3175=CARTESIAN_POINT('',(38.0000000000,6.0000000000,1.0000000000));
#3176=CARTESIAN_POINT('',(31.5000000000,6.0000000000,10.0000000000));
#3177=CARTESIAN_POINT('',(31.5000000000,6.0000000000,1.0000000000));

#3178=CARTESIAN_POINT('',(31.5000000000,6.0000000000,10.0000000000));
#3179=VERTEX_POINT('',#3178);
#3180=(
BOUNDED_CURVE()
B_SPLINE_CURVE(1,(#3181,#3182),.UNSPECIFIED.,.F.,.F.)
B_SPLINE_CURVE_WITH_KNOTS((2,2),(0.000,1.000),.UNSPECIFIED.)
CURVE()
GEOMETRIC_REPRESENTATION_ITEM()
RATIONAL_B_SPLINE_CURVE((1.0000000000,1.0000000000))
REPRESENTATION_ITEM('')
);
#3181=CARTESIAN_POINT('',(31.5000000000,6.0000000000,10.0000000000));
#3182=CARTESIAN_POINT('',(38.0000000000,6.0000000000,10.0000000000));

#3183=CARTESIAN_POINT('',(38.0000000000,6.0000000000,10.0000000000));
#3184=VERTEX_POINT('',#3183);
#3185=EDGE_CURVE('',#3179,#3184,#3180,.T.);
#3186=ORIENTED_EDGE('',*,*,#3185,.T.);
#3187=(
BOUNDED_CURVE()
B_SPLINE_CURVE(1,(#3188,#3189),.UNSPECIFIED.,.F.,.F.)
B_SPLINE_CURVE_WITH_KNOTS((2,2),(0.000,1.000),.UNSPECIFIED.)
CURVE()
GEOMETRIC_REPRESENTATION_ITEM()
RATIONAL_B_SPLINE_CURVE((1.0000000000,1.0000000000))
REPRESENTATION_ITEM('')
);
#3188=CARTESIAN_POINT('',(38.0000000000,6.0000000000,10.0000000000));
#3189=CARTESIAN_POINT('',(38.0000000000,6.0000000000,1.0000000000));

#3190=CARTESIAN_POINT('',(38.0000000000,6.0000000000,1.0000000000));
#3191=VERTEX_POINT('',#3190);
#3192=EDGE_CURVE('',#3184,#3191,#3187,.T.);
#3193=ORIENTED_EDGE('',*,*,#3192,.T.);
#3194=(
BOUNDED_CURVE()
B_SPLINE_CURVE(1,(#3195,#3196),.UNSPECIFIED.,.F.,.F.)
B_SPLINE_CURVE_WITH_KNOTS((2,2),(0.000,1.000),.UNSPECIFIED.)
CURVE()
GEOMETRIC_REPRESENTATION_ITEM()
RATIONAL_B_SPLINE_CURVE((1.0000000000,1.0000000000))
REPRESENTATION_ITEM('')
);
#3195=CARTESIAN_POINT('',(38.0000000000,6.0000000000,1.0000000000));
#3196=CARTESIAN_POINT('',(31.5000000000,6.0000000000,1.0000000000));

#3197=CARTESIAN_POINT('',(31.5000000000,6.0000000000,1.0000000000));
#3198=VERTEX_POINT('',#3197);
#3199=EDGE_CURVE('',#3191,#3198,#3194,.T.);
#3200=ORIENTED_EDGE('',*,*,#3199,.T.);
#3201=(
BOUNDED_CURVE()
B_SPLINE_CURVE(1,(#3202,#3203),.UNSPECIFIED.,.F.,.F.)
B_SPLINE_CURVE_WITH_KNOTS((2,2),(0.000,1.000),.UNSPECIFIED.)
CURVE()
GEOMETRIC_REPRESENTATION_ITEM()
RATIONAL_B_SPLINE_CURVE((1.0000000000,1.0000000000))
REPRESENTATION_ITEM('')
);
#3202=CARTESIAN_POINT('',(31.5000000000,6.0000000000,1.0000000000));
#3203=CARTESIAN_POINT('',(31.5000000000,6.0000000000,10.0000000000));

#3204=EDGE_CURVE('',#3198,#3179,#3201,.T.);
#3205=ORIENTED_EDGE('',*,*,#3204,.T.);
#3206=EDGE_LOOP('',(#3186,#3193,#3200,#3205));
#3207=FACE_OUTER_BOUND('',#3206,.T.);
#3208=ADVANCED_FACE('',(#3207),#3173,.T.);
#3209=COLOUR_RGB('',0.39,0.39,0.39);
#3210=FILL_AREA_STYLE_COLOUR('',#3209);
#3211=FILL_AREA_STYLE('',(#3210));
#3212=SURFACE_STYLE_FILL_AREA(#3211);
#3213=SURFACE_STYLE_TRANSPARENT(0.00);
#3214=SURFACE_STYLE_RENDERING_WITH_PROPERTIES(.NORMAL_SHADING.,#3209,(#3213));
#3215=SURFACE_SIDE_STYLE('',(#3212, #3214));
#3216=SURFACE_STYLE_USAGE(.BOTH.,#3215);
#3217=PRESENTATION_STYLE_ASSIGNMENT((#3216));
#3218=STYLED_ITEM('',(#3217),#3208);

#3219=(
BOUNDED_SURFACE()
B_SPLINE_SURFACE(1,1,((#3220,#3221),(#3222,#3223)),.UNSPECIFIED.,.F.,.F.,.F.)
B_SPLINE_SURFACE_WITH_KNOTS((2,2),(2,2),(0.000,1.000),(0.000,1.000),.UNSPECIFIED.)
GEOMETRIC_REPRESENTATION_ITEM()
RATIONAL_B_SPLINE_SURFACE(((1.0000000000,1.0000000000),(1.0000000000,1.0000000000)))
REPRESENTATION_ITEM('')
SURFACE()
);
#3220=CARTESIAN_POINT('',(31.5000000000,-6.0000000000,10.0000000000));
#3221=CARTESIAN_POINT('',(31.5000000000,-6.0000000000,1.0000000000));
#3222=CARTESIAN_POINT('',(38.0000000000,-6.0000000000,10.0000000000));
#3223=CARTESIAN_POINT('',(38.0000000000,-6.0000000000,1.0000000000));

#3224=CARTESIAN_POINT('',(38.0000000000,-6.0000000000,10.0000000000));
#3225=VERTEX_POINT('',#3224);
#3226=(
BOUNDED_CURVE()
B_SPLINE_CURVE(1,(#3227,#3228),.UNSPECIFIED.,.F.,.F.)
B_SPLINE_CURVE_WITH_KNOTS((2,2),(0.000,1.000),.UNSPECIFIED.)
CURVE()
GEOMETRIC_REPRESENTATION_ITEM()
RATIONAL_B_SPLINE_CURVE((1.0000000000,1.0000000000))
REPRESENTATION_ITEM('')
);
#3227=CARTESIAN_POINT('',(38.0000000000,-6.0000000000,10.0000000000));
#3228=CARTESIAN_POINT('',(31.5000000000,-6.0000000000,10.0000000000));

#3229=CARTESIAN_POINT('',(31.5000000000,-6.0000000000,10.0000000000));
#3230=VERTEX_POINT('',#3229);
#3231=EDGE_CURVE('',#3225,#3230,#3226,.T.);
#3232=ORIENTED_EDGE('',*,*,#3231,.T.);
#3233=(
BOUNDED_CURVE()
B_SPLINE_CURVE(1,(#3234,#3235),.UNSPECIFIED.,.F.,.F.)
B_SPLINE_CURVE_WITH_KNOTS((2,2),(0.000,1.000),.UNSPECIFIED.)
CURVE()
GEOMETRIC_REPRESENTATION_ITEM()
RATIONAL_B_SPLINE_CURVE((1.0000000000,1.0000000000))
REPRESENTATION_ITEM('')
);
#3234=CARTESIAN_POINT('',(31.5000000000,-6.0000000000,10.0000000000));
#3235=CARTESIAN_POINT('',(31.5000000000,-6.0000000000,1.0000000000));

#3236=CARTESIAN_POINT('',(31.5000000000,-6.0000000000,1.0000000000));
#3237=VERTEX_POINT('',#3236);
#3238=EDGE_CURVE('',#3230,#3237,#3233,.T.);
#3239=ORIENTED_EDGE('',*,*,#3238,.T.);
#3240=(
BOUNDED_CURVE()
B_SPLINE_CURVE(1,(#3241,#3242),.UNSPECIFIED.,.F.,.F.)
B_SPLINE_CURVE_WITH_KNOTS((2,2),(0.000,1.000),.UNSPECIFIED.)
CURVE()
GEOMETRIC_REPRESENTATION_ITEM()
RATIONAL_B_SPLINE_CURVE((1.0000000000,1.0000000000))
REPRESENTATION_ITEM('')
);
#3241=CARTESIAN_POINT('',(31.5000000000,-6.0000000000,1.0000000000));
#3242=CARTESIAN_POINT('',(38.0000000000,-6.0000000000,1.0000000000));

#3243=CARTESIAN_POINT('',(38.0000000000,-6.0000000000,1.0000000000));
#3244=VERTEX_POINT('',#3243);
#3245=EDGE_CURVE('',#3237,#3244,#3240,.T.);
#3246=ORIENTED_EDGE('',*,*,#3245,.T.);
#3247=(
BOUNDED_CURVE()
B_SPLINE_CURVE(1,(#3248,#3249),.UNSPECIFIED.,.F.,.F.)
B_SPLINE_CURVE_WITH_KNOTS((2,2),(0.000,1.000),.UNSPECIFIED.)
CURVE()
GEOMETRIC_REPRESENTATION_ITEM()
RATIONAL_B_SPLINE_CURVE((1.0000000000,1.0000000000))
REPRESENTATION_ITEM('')
);
#3248=CARTESIAN_POINT('',(38.0000000000,-6.0000000000,1.0000000000));
#3249=CARTESIAN_POINT('',(38.0000000000,-6.0000000000,10.0000000000));

#3250=EDGE_CURVE('',#3244,#3225,#3247,.T.);
#3251=ORIENTED_EDGE('',*,*,#3250,.T.);
#3252=EDGE_LOOP('',(#3232,#3239,#3246,#3251));
#3253=FACE_OUTER_BOUND('',#3252,.T.);
#3254=ADVANCED_FACE('',(#3253),#3219,.T.);
#3255=COLOUR_RGB('',0.39,0.39,0.39);
#3256=FILL_AREA_STYLE_COLOUR('',#3255);
#3257=FILL_AREA_STYLE('',(#3256));
#3258=SURFACE_STYLE_FILL_AREA(#3257);
#3259=SURFACE_STYLE_TRANSPARENT(0.00);
#3260=SURFACE_STYLE_RENDERING_WITH_PROPERTIES(.NORMAL_SHADING.,#3255,(#3259));
#3261=SURFACE_SIDE_STYLE('',(#3258, #3260));
#3262=SURFACE_STYLE_USAGE(.BOTH.,#3261);
#3263=PRESENTATION_STYLE_ASSIGNMENT((#3262));
#3264=STYLED_ITEM('',(#3263),#3254);

#3265=(
BOUNDED_SURFACE()
B_SPLINE_SURFACE(1,1,((#3266,#3267),(#3268,#3269)),.UNSPECIFIED.,.F.,.F.,.F.)
B_SPLINE_SURFACE_WITH_KNOTS((2,2),(2,2),(0.000,1.000),(0.000,1.000),.UNSPECIFIED.)
GEOMETRIC_REPRESENTATION_ITEM()
RATIONAL_B_SPLINE_SURFACE(((1.0000000000,1.0000000000),(1.0000000000,1.0000000000)))
REPRESENTATION_ITEM('')
SURFACE()
);
#3266=CARTESIAN_POINT('',(31.5000000000,-13.5000000000,10.0000000000));
#3267=CARTESIAN_POINT('',(31.5000000000,-13.5000000000,1.0000000000));
#3268=CARTESIAN_POINT('',(31.5000000000,-6.0000000000,10.0000000000));
#3269=CARTESIAN_POINT('',(31.5000000000,-6.0000000000,1.0000000000));

#3270=CARTESIAN_POINT('',(31.5000000000,-6.0000000000,10.0000000000));
#3271=VERTEX_POINT('',#3270);
#3272=(
BOUNDED_CURVE()
B_SPLINE_CURVE(1,(#3273,#3274),.UNSPECIFIED.,.F.,.F.)
B_SPLINE_CURVE_WITH_KNOTS((2,2),(0.000,1.000),.UNSPECIFIED.)
CURVE()
GEOMETRIC_REPRESENTATION_ITEM()
RATIONAL_B_SPLINE_CURVE((1.0000000000,1.0000000000))
REPRESENTATION_ITEM('')
);
#3273=CARTESIAN_POINT('',(31.5000000000,-6.0000000000,10.0000000000));
#3274=CARTESIAN_POINT('',(31.5000000000,-13.5000000000,10.0000000000));

#3275=CARTESIAN_POINT('',(31.5000000000,-13.5000000000,10.0000000000));
#3276=VERTEX_POINT('',#3275);
#3277=EDGE_CURVE('',#3271,#3276,#3272,.T.);
#3278=ORIENTED_EDGE('',*,*,#3277,.T.);
#3279=(
BOUNDED_CURVE()
B_SPLINE_CURVE(1,(#3280,#3281),.UNSPECIFIED.,.F.,.F.)
B_SPLINE_CURVE_WITH_KNOTS((2,2),(0.000,1.000),.UNSPECIFIED.)
CURVE()
GEOMETRIC_REPRESENTATION_ITEM()
RATIONAL_B_SPLINE_CURVE((1.0000000000,1.0000000000))
REPRESENTATION_ITEM('')
);
#3280=CARTESIAN_POINT('',(31.5000000000,-13.5000000000,10.0000000000));
#3281=CARTESIAN_POINT('',(31.5000000000,-13.5000000000,1.0000000000));

#3282=CARTESIAN_POINT('',(31.5000000000,-13.5000000000,1.0000000000));
#3283=VERTEX_POINT('',#3282);
#3284=EDGE_CURVE('',#3276,#3283,#3279,.T.);
#3285=ORIENTED_EDGE('',*,*,#3284,.T.);
#3286=(
BOUNDED_CURVE()
B_SPLINE_CURVE(1,(#3287,#3288),.UNSPECIFIED.,.F.,.F.)
B_SPLINE_CURVE_WITH_KNOTS((2,2),(0.000,1.000),.UNSPECIFIED.)
CURVE()
GEOMETRIC_REPRESENTATION_ITEM()
RATIONAL_B_SPLINE_CURVE((1.0000000000,1.0000000000))
REPRESENTATION_ITEM('')
);
#3287=CARTESIAN_POINT('',(31.5000000000,-13.5000000000,1.0000000000));
#3288=CARTESIAN_POINT('',(31.5000000000,-6.0000000000,1.0000000000));

#3289=CARTESIAN_POINT('',(31.5000000000,-6.0000000000,1.0000000000));
#3290=VERTEX_POINT('',#3289);
#3291=EDGE_CURVE('',#3283,#3290,#3286,.T.);
#3292=ORIENTED_EDGE('',*,*,#3291,.T.);
#3293=(
BOUNDED_CURVE()
B_SPLINE_CURVE(1,(#3294,#3295),.UNSPECIFIED.,.F.,.F.)
B_SPLINE_CURVE_WITH_KNOTS((2,2),(0.000,1.000),.UNSPECIFIED.)
CURVE()
GEOMETRIC_REPRESENTATION_ITEM()
RATIONAL_B_SPLINE_CURVE((1.0000000000,1.0000000000))
REPRESENTATION_ITEM('')
);
#3294=CARTESIAN_POINT('',(31.5000000000,-6.0000000000,1.0000000000));
#3295=CARTESIAN_POINT('',(31.5000000000,-6.0000000000,10.0000000000));

#3296=EDGE_CURVE('',#3290,#3271,#3293,.T.);
#3297=ORIENTED_EDGE('',*,*,#3296,.T.);
#3298=EDGE_LOOP('',(#3278,#3285,#3292,#3297));
#3299=FACE_OUTER_BOUND('',#3298,.T.);
#3300=ADVANCED_FACE('',(#3299),#3265,.T.);
#3301=COLOUR_RGB('',0.39,0.39,0.39);
#3302=FILL_AREA_STYLE_COLOUR('',#3301);
#3303=FILL_AREA_STYLE('',(#3302));
#3304=SURFACE_STYLE_FILL_AREA(#3303);
#3305=SURFACE_STYLE_TRANSPARENT(0.00);
#3306=SURFACE_STYLE_RENDERING_WITH_PROPERTIES(.NORMAL_SHADING.,#3301,(#3305));
#3307=SURFACE_SIDE_STYLE('',(#3304, #3306));
#3308=SURFACE_STYLE_USAGE(.BOTH.,#3307);
#3309=PRESENTATION_STYLE_ASSIGNMENT((#3308));
#3310=STYLED_ITEM('',(#3309),#3300);

#3311=(
BOUNDED_SURFACE()
B_SPLINE_SURFACE(1,1,((#3312,#3313),(#3314,#3315)),.UNSPECIFIED.,.F.,.F.,.F.)
B_SPLINE_SURFACE_WITH_KNOTS((2,2),(2,2),(0.000,1.000),(0.000,1.000),.UNSPECIFIED.)
GEOMETRIC_REPRESENTATION_ITEM()
RATIONAL_B_SPLINE_SURFACE(((1.0000000000,1.0000000000),(1.0000000000,1.0000000000)))
REPRESENTATION_ITEM('')
SURFACE()
);
#3312=CARTESIAN_POINT('',(22.5000000000,-13.5000000000,10.0000000000));
#3313=CARTESIAN_POINT('',(22.5000000000,-13.5000000000,1.0000000000));
#3314=CARTESIAN_POINT('',(31.5000000000,-13.5000000000,10.0000000000));
#3315=CARTESIAN_POINT('',(31.5000000000,-13.5000000000,1.0000000000));

#3316=CARTESIAN_POINT('',(31.5000000000,-13.5000000000,10.0000000000));
#3317=VERTEX_POINT('',#3316);
#3318=(
BOUNDED_CURVE()
B_SPLINE_CURVE(1,(#3319,#3320),.UNSPECIFIED.,.F.,.F.)
B_SPLINE_CURVE_WITH_KNOTS((2,2),(0.000,1.000),.UNSPECIFIED.)
CURVE()
GEOMETRIC_REPRESENTATION_ITEM()
RATIONAL_B_SPLINE_CURVE((1.0000000000,1.0000000000))
REPRESENTATION_ITEM('')
);
#3319=CARTESIAN_POINT('',(31.5000000000,-13.5000000000,10.0000000000));
#3320=CARTESIAN_POINT('',(22.5000000000,-13.5000000000,10.0000000000));

#3321=CARTESIAN_POINT('',(22.5000000000,-13.5000000000,10.0000000000));
#3322=VERTEX_POINT('',#3321);
#3323=EDGE_CURVE('',#3317,#3322,#3318,.T.);
#3324=ORIENTED_EDGE('',*,*,#3323,.T.);
#3325=(
BOUNDED_CURVE()
B_SPLINE_CURVE(1,(#3326,#3327),.UNSPECIFIED.,.F.,.F.)
B_SPLINE_CURVE_WITH_KNOTS((2,2),(0.000,1.000),.UNSPECIFIED.)
CURVE()
GEOMETRIC_REPRESENTATION_ITEM()
RATIONAL_B_SPLINE_CURVE((1.0000000000,1.0000000000))
REPRESENTATION_ITEM('')
);
#3326=CARTESIAN_POINT('',(22.5000000000,-13.5000000000,10.0000000000));
#3327=CARTESIAN_POINT('',(22.5000000000,-13.5000000000,1.0000000000));

#3328=CARTESIAN_POINT('',(22.5000000000,-13.5000000000,1.0000000000));
#3329=VERTEX_POINT('',#3328);
#3330=EDGE_CURVE('',#3322,#3329,#3325,.T.);
#3331=ORIENTED_EDGE('',*,*,#3330,.T.);
#3332=(
BOUNDED_CURVE()
B_SPLINE_CURVE(1,(#3333,#3334),.UNSPECIFIED.,.F.,.F.)
B_SPLINE_CURVE_WITH_KNOTS((2,2),(0.000,1.000),.UNSPECIFIED.)
CURVE()
GEOMETRIC_REPRESENTATION_ITEM()
RATIONAL_B_SPLINE_CURVE((1.0000000000,1.0000000000))
REPRESENTATION_ITEM('')
);
#3333=CARTESIAN_POINT('',(22.5000000000,-13.5000000000,1.0000000000));
#3334=CARTESIAN_POINT('',(31.5000000000,-13.5000000000,1.0000000000));

#3335=CARTESIAN_POINT('',(31.5000000000,-13.5000000000,1.0000000000));
#3336=VERTEX_POINT('',#3335);
#3337=EDGE_CURVE('',#3329,#3336,#3332,.T.);
#3338=ORIENTED_EDGE('',*,*,#3337,.T.);
#3339=(
BOUNDED_CURVE()
B_SPLINE_CURVE(1,(#3340,#3341),.UNSPECIFIED.,.F.,.F.)
B_SPLINE_CURVE_WITH_KNOTS((2,2),(0.000,1.000),.UNSPECIFIED.)
CURVE()
GEOMETRIC_REPRESENTATION_ITEM()
RATIONAL_B_SPLINE_CURVE((1.0000000000,1.0000000000))
REPRESENTATION_ITEM('')
);
#3340=CARTESIAN_POINT('',(31.5000000000,-13.5000000000,1.0000000000));
#3341=CARTESIAN_POINT('',(31.5000000000,-13.5000000000,10.0000000000));

#3342=EDGE_CURVE('',#3336,#3317,#3339,.T.);
#3343=ORIENTED_EDGE('',*,*,#3342,.T.);
#3344=EDGE_LOOP('',(#3324,#3331,#3338,#3343));
#3345=FACE_OUTER_BOUND('',#3344,.T.);
#3346=ADVANCED_FACE('',(#3345),#3311,.T.);
#3347=COLOUR_RGB('',0.39,0.39,0.39);
#3348=FILL_AREA_STYLE_COLOUR('',#3347);
#3349=FILL_AREA_STYLE('',(#3348));
#3350=SURFACE_STYLE_FILL_AREA(#3349);
#3351=SURFACE_STYLE_TRANSPARENT(0.00);
#3352=SURFACE_STYLE_RENDERING_WITH_PROPERTIES(.NORMAL_SHADING.,#3347,(#3351));
#3353=SURFACE_SIDE_STYLE('',(#3350, #3352));
#3354=SURFACE_STYLE_USAGE(.BOTH.,#3353);
#3355=PRESENTATION_STYLE_ASSIGNMENT((#3354));
#3356=STYLED_ITEM('',(#3355),#3346);

#3357=(
BOUNDED_SURFACE()
B_SPLINE_SURFACE(1,1,((#3358,#3359),(#3360,#3361)),.UNSPECIFIED.,.F.,.F.,.F.)
B_SPLINE_SURFACE_WITH_KNOTS((2,2),(2,2),(0.000,1.000),(0.000,1.000),.UNSPECIFIED.)
GEOMETRIC_REPRESENTATION_ITEM()
RATIONAL_B_SPLINE_SURFACE(((1.0000000000,1.0000000000),(1.0000000000,1.0000000000)))
REPRESENTATION_ITEM('')
SURFACE()
);
#3358=CARTESIAN_POINT('',(22.5000000000,-17.5000000000,10.0000000000));
#3359=CARTESIAN_POINT('',(22.5000000000,-17.5000000000,1.0000000000));
#3360=CARTESIAN_POINT('',(22.5000000000,-13.5000000000,10.0000000000));
#3361=CARTESIAN_POINT('',(22.5000000000,-13.5000000000,1.0000000000));

#3362=CARTESIAN_POINT('',(22.5000000000,-13.5000000000,10.0000000000));
#3363=VERTEX_POINT('',#3362);
#3364=(
BOUNDED_CURVE()
B_SPLINE_CURVE(1,(#3365,#3366),.UNSPECIFIED.,.F.,.F.)
B_SPLINE_CURVE_WITH_KNOTS((2,2),(0.000,1.000),.UNSPECIFIED.)
CURVE()
GEOMETRIC_REPRESENTATION_ITEM()
RATIONAL_B_SPLINE_CURVE((1.0000000000,1.0000000000))
REPRESENTATION_ITEM('')
);
#3365=CARTESIAN_POINT('',(22.5000000000,-13.5000000000,10.0000000000));
#3366=CARTESIAN_POINT('',(22.5000000000,-17.5000000000,10.0000000000));

#3367=CARTESIAN_POINT('',(22.5000000000,-17.5000000000,10.0000000000));
#3368=VERTEX_POINT('',#3367);
#3369=EDGE_CURVE('',#3363,#3368,#3364,.T.);
#3370=ORIENTED_EDGE('',*,*,#3369,.T.);
#3371=(
BOUNDED_CURVE()
B_SPLINE_CURVE(1,(#3372,#3373),.UNSPECIFIED.,.F.,.F.)
B_SPLINE_CURVE_WITH_KNOTS((2,2),(0.000,1.000),.UNSPECIFIED.)
CURVE()
GEOMETRIC_REPRESENTATION_ITEM()
RATIONAL_B_SPLINE_CURVE((1.0000000000,1.0000000000))
REPRESENTATION_ITEM('')
);
#3372=CARTESIAN_POINT('',(22.5000000000,-17.5000000000,10.0000000000));
#3373=CARTESIAN_POINT('',(22.5000000000,-17.5000000000,1.0000000000));

#3374=CARTESIAN_POINT('',(22.5000000000,-17.5000000000,1.0000000000));
#3375=VERTEX_POINT('',#3374);
#3376=EDGE_CURVE('',#3368,#3375,#3371,.T.);
#3377=ORIENTED_EDGE('',*,*,#3376,.T.);
#3378=(
BOUNDED_CURVE()
B_SPLINE_CURVE(1,(#3379,#3380),.UNSPECIFIED.,.F.,.F.)
B_SPLINE_CURVE_WITH_KNOTS((2,2),(0.000,1.000),.UNSPECIFIED.)
CURVE()
GEOMETRIC_REPRESENTATION_ITEM()
RATIONAL_B_SPLINE_CURVE((1.0000000000,1.0000000000))
REPRESENTATION_ITEM('')
);
#3379=CARTESIAN_POINT('',(22.5000000000,-17.5000000000,1.0000000000));
#3380=CARTESIAN_POINT('',(22.5000000000,-13.5000000000,1.0000000000));

#3381=CARTESIAN_POINT('',(22.5000000000,-13.5000000000,1.0000000000));
#3382=VERTEX_POINT('',#3381);
#3383=EDGE_CURVE('',#3375,#3382,#3378,.T.);
#3384=ORIENTED_EDGE('',*,*,#3383,.T.);
#3385=(
BOUNDED_CURVE()
B_SPLINE_CURVE(1,(#3386,#3387),.UNSPECIFIED.,.F.,.F.)
B_SPLINE_CURVE_WITH_KNOTS((2,2),(0.000,1.000),.UNSPECIFIED.)
CURVE()
GEOMETRIC_REPRESENTATION_ITEM()
RATIONAL_B_SPLINE_CURVE((1.0000000000,1.0000000000))
REPRESENTATION_ITEM('')
);
#3386=CARTESIAN_POINT('',(22.5000000000,-13.5000000000,1.0000000000));
#3387=CARTESIAN_POINT('',(22.5000000000,-13.5000000000,10.0000000000));

#3388=EDGE_CURVE('',#3382,#3363,#3385,.T.);
#3389=ORIENTED_EDGE('',*,*,#3388,.T.);
#3390=EDGE_LOOP('',(#3370,#3377,#3384,#3389));
#3391=FACE_OUTER_BOUND('',#3390,.T.);
#3392=ADVANCED_FACE('',(#3391),#3357,.T.);
#3393=COLOUR_RGB('',0.39,0.39,0.39);
#3394=FILL_AREA_STYLE_COLOUR('',#3393);
#3395=FILL_AREA_STYLE('',(#3394));
#3396=SURFACE_STYLE_FILL_AREA(#3395);
#3397=SURFACE_STYLE_TRANSPARENT(0.00);
#3398=SURFACE_STYLE_RENDERING_WITH_PROPERTIES(.NORMAL_SHADING.,#3393,(#3397));
#3399=SURFACE_SIDE_STYLE('',(#3396, #3398));
#3400=SURFACE_STYLE_USAGE(.BOTH.,#3399);
#3401=PRESENTATION_STYLE_ASSIGNMENT((#3400));
#3402=STYLED_ITEM('',(#3401),#3392);

#3403=(
BOUNDED_SURFACE()
B_SPLINE_SURFACE(1,1,((#3404,#3405),(#3406,#3407)),.UNSPECIFIED.,.F.,.F.,.F.)
B_SPLINE_SURFACE_WITH_KNOTS((2,2),(2,2),(0.000,1.000),(0.000,1.000),.UNSPECIFIED.)
GEOMETRIC_REPRESENTATION_ITEM()
RATIONAL_B_SPLINE_SURFACE(((1.0000000000,1.0000000000),(1.0000000000,1.0000000000)))
REPRESENTATION_ITEM('')
SURFACE()
);
#3404=CARTESIAN_POINT('',(-22.5000000000,-17.5000000000,10.0000000000));
#3405=CARTESIAN_POINT('',(-22.5000000000,-17.5000000000,1.0000000000));
#3406=CARTESIAN_POINT('',(22.5000000000,-17.5000000000,10.0000000000));
#3407=CARTESIAN_POINT('',(22.5000000000,-17.5000000000,1.0000000000));

#3408=CARTESIAN_POINT('',(22.5000000000,-17.5000000000,10.0000000000));
#3409=VERTEX_POINT('',#3408);
#3410=(
BOUNDED_CURVE()
B_SPLINE_CURVE(1,(#3411,#3412),.UNSPECIFIED.,.F.,.F.)
B_SPLINE_CURVE_WITH_KNOTS((2,2),(0.000,1.000),.UNSPECIFIED.)
CURVE()
GEOMETRIC_REPRESENTATION_ITEM()
RATIONAL_B_SPLINE_CURVE((1.0000000000,1.0000000000))
REPRESENTATION_ITEM('')
);
#3411=CARTESIAN_POINT('',(22.5000000000,-17.5000000000,10.0000000000));
#3412=CARTESIAN_POINT('',(-22.5000000000,-17.5000000000,10.0000000000));

#3413=CARTESIAN_POINT('',(-22.5000000000,-17.5000000000,10.0000000000));
#3414=VERTEX_POINT('',#3413);
#3415=EDGE_CURVE('',#3409,#3414,#3410,.T.);
#3416=ORIENTED_EDGE('',*,*,#3415,.T.);
#3417=(
BOUNDED_CURVE()
B_SPLINE_CURVE(1,(#3418,#3419),.UNSPECIFIED.,.F.,.F.)
B_SPLINE_CURVE_WITH_KNOTS((2,2),(0.000,1.000),.UNSPECIFIED.)
CURVE()
GEOMETRIC_REPRESENTATION_ITEM()
RATIONAL_B_SPLINE_CURVE((1.0000000000,1.0000000000))
REPRESENTATION_ITEM('')
);
#3418=CARTESIAN_POINT('',(-22.5000000000,-17.5000000000,10.0000000000));
#3419=CARTESIAN_POINT('',(-22.5000000000,-17.5000000000,1.0000000000));

#3420=CARTESIAN_POINT('',(-22.5000000000,-17.5000000000,1.0000000000));
#3421=VERTEX_POINT('',#3420);
#3422=EDGE_CURVE('',#3414,#3421,#3417,.T.);
#3423=ORIENTED_EDGE('',*,*,#3422,.T.);
#3424=(
BOUNDED_CURVE()
B_SPLINE_CURVE(1,(#3425,#3426),.UNSPECIFIED.,.F.,.F.)
B_SPLINE_CURVE_WITH_KNOTS((2,2),(0.000,1.000),.UNSPECIFIED.)
CURVE()
GEOMETRIC_REPRESENTATION_ITEM()
RATIONAL_B_SPLINE_CURVE((1.0000000000,1.0000000000))
REPRESENTATION_ITEM('')
);
#3425=CARTESIAN_POINT('',(-22.5000000000,-17.5000000000,1.0000000000));
#3426=CARTESIAN_POINT('',(22.5000000000,-17.5000000000,1.0000000000));

#3427=CARTESIAN_POINT('',(22.5000000000,-17.5000000000,1.0000000000));
#3428=VERTEX_POINT('',#3427);
#3429=EDGE_CURVE('',#3421,#3428,#3424,.T.);
#3430=ORIENTED_EDGE('',*,*,#3429,.T.);
#3431=(
BOUNDED_CURVE()
B_SPLINE_CURVE(1,(#3432,#3433),.UNSPECIFIED.,.F.,.F.)
B_SPLINE_CURVE_WITH_KNOTS((2,2),(0.000,1.000),.UNSPECIFIED.)
CURVE()
GEOMETRIC_REPRESENTATION_ITEM()
RATIONAL_B_SPLINE_CURVE((1.0000000000,1.0000000000))
REPRESENTATION_ITEM('')
);
#3432=CARTESIAN_POINT('',(22.5000000000,-17.5000000000,1.0000000000));
#3433=CARTESIAN_POINT('',(22.5000000000,-17.5000000000,10.0000000000));

#3434=EDGE_CURVE('',#3428,#3409,#3431,.T.);
#3435=ORIENTED_EDGE('',*,*,#3434,.T.);
#3436=EDGE_LOOP('',(#3416,#3423,#3430,#3435));
#3437=FACE_OUTER_BOUND('',#3436,.T.);
#3438=ADVANCED_FACE('',(#3437),#3403,.T.);
#3439=COLOUR_RGB('',0.39,0.39,0.39);
#3440=FILL_AREA_STYLE_COLOUR('',#3439);
#3441=FILL_AREA_STYLE('',(#3440));
#3442=SURFACE_STYLE_FILL_AREA(#3441);
#3443=SURFACE_STYLE_TRANSPARENT(0.00);
#3444=SURFACE_STYLE_RENDERING_WITH_PROPERTIES(.NORMAL_SHADING.,#3439,(#3443));
#3445=SURFACE_SIDE_STYLE('',(#3442, #3444));
#3446=SURFACE_STYLE_USAGE(.BOTH.,#3445);
#3447=PRESENTATION_STYLE_ASSIGNMENT((#3446));
#3448=STYLED_ITEM('',(#3447),#3438);

#3449=(
BOUNDED_SURFACE()
B_SPLINE_SURFACE(1,1,((#3450,#3451),(#3452,#3453)),.UNSPECIFIED.,.F.,.F.,.F.)
B_SPLINE_SURFACE_WITH_KNOTS((2,2),(2,2),(0.000,1.000),(0.000,1.000),.UNSPECIFIED.)
GEOMETRIC_REPRESENTATION_ITEM()
RATIONAL_B_SPLINE_SURFACE(((1.0000000000,1.0000000000),(1.0000000000,1.0000000000)))
REPRESENTATION_ITEM('')
SURFACE()
);
#3450=CARTESIAN_POINT('',(-22.5000000000,-13.5000000000,10.0000000000));
#3451=CARTESIAN_POINT('',(-22.5000000000,-13.5000000000,1.0000000000));
#3452=CARTESIAN_POINT('',(-22.5000000000,-17.5000000000,10.0000000000));
#3453=CARTESIAN_POINT('',(-22.5000000000,-17.5000000000,1.0000000000));

#3454=CARTESIAN_POINT('',(-22.5000000000,-17.5000000000,10.0000000000));
#3455=VERTEX_POINT('',#3454);
#3456=(
BOUNDED_CURVE()
B_SPLINE_CURVE(1,(#3457,#3458),.UNSPECIFIED.,.F.,.F.)
B_SPLINE_CURVE_WITH_KNOTS((2,2),(0.000,1.000),.UNSPECIFIED.)
CURVE()
GEOMETRIC_REPRESENTATION_ITEM()
RATIONAL_B_SPLINE_CURVE((1.0000000000,1.0000000000))
REPRESENTATION_ITEM('')
);
#3457=CARTESIAN_POINT('',(-22.5000000000,-17.5000000000,10.0000000000));
#3458=CARTESIAN_POINT('',(-22.5000000000,-13.5000000000,10.0000000000));

#3459=CARTESIAN_POINT('',(-22.5000000000,-13.5000000000,10.0000000000));
#3460=VERTEX_POINT('',#3459);
#3461=EDGE_CURVE('',#3455,#3460,#3456,.T.);
#3462=ORIENTED_EDGE('',*,*,#3461,.T.);
#3463=(
BOUNDED_CURVE()
B_SPLINE_CURVE(1,(#3464,#3465),.UNSPECIFIED.,.F.,.F.)
B_SPLINE_CURVE_WITH_KNOTS((2,2),(0.000,1.000),.UNSPECIFIED.)
CURVE()
GEOMETRIC_REPRESENTATION_ITEM()
RATIONAL_B_SPLINE_CURVE((1.0000000000,1.0000000000))
REPRESENTATION_ITEM('')
);
#3464=CARTESIAN_POINT('',(-22.5000000000,-13.5000000000,10.0000000000));
#3465=CARTESIAN_POINT('',(-22.5000000000,-13.5000000000,1.0000000000));

#3466=CARTESIAN_POINT('',(-22.5000000000,-13.5000000000,1.0000000000));
#3467=VERTEX_POINT('',#3466);
#3468=EDGE_CURVE('',#3460,#3467,#3463,.T.);
#3469=ORIENTED_EDGE('',*,*,#3468,.T.);
#3470=(
BOUNDED_CURVE()
B_SPLINE_CURVE(1,(#3471,#3472),.UNSPECIFIED.,.F.,.F.)
B_SPLINE_CURVE_WITH_KNOTS((2,2),(0.000,1.000),.UNSPECIFIED.)
CURVE()
GEOMETRIC_REPRESENTATION_ITEM()
RATIONAL_B_SPLINE_CURVE((1.0000000000,1.0000000000))
REPRESENTATION_ITEM('')
);
#3471=CARTESIAN_POINT('',(-22.5000000000,-13.5000000000,1.0000000000));
#3472=CARTESIAN_POINT('',(-22.5000000000,-17.5000000000,1.0000000000));

#3473=CARTESIAN_POINT('',(-22.5000000000,-17.5000000000,1.0000000000));
#3474=VERTEX_POINT('',#3473);
#3475=EDGE_CURVE('',#3467,#3474,#3470,.T.);
#3476=ORIENTED_EDGE('',*,*,#3475,.T.);
#3477=(
BOUNDED_CURVE()
B_SPLINE_CURVE(1,(#3478,#3479),.UNSPECIFIED.,.F.,.F.)
B_SPLINE_CURVE_WITH_KNOTS((2,2),(0.000,1.000),.UNSPECIFIED.)
CURVE()
GEOMETRIC_REPRESENTATION_ITEM()
RATIONAL_B_SPLINE_CURVE((1.0000000000,1.0000000000))
REPRESENTATION_ITEM('')
);
#3478=CARTESIAN_POINT('',(-22.5000000000,-17.5000000000,1.0000000000));
#3479=CARTESIAN_POINT('',(-22.5000000000,-17.5000000000,10.0000000000));

#3480=EDGE_CURVE('',#3474,#3455,#3477,.T.);
#3481=ORIENTED_EDGE('',*,*,#3480,.T.);
#3482=EDGE_LOOP('',(#3462,#3469,#3476,#3481));
#3483=FACE_OUTER_BOUND('',#3482,.T.);
#3484=ADVANCED_FACE('',(#3483),#3449,.T.);
#3485=COLOUR_RGB('',0.39,0.39,0.39);
#3486=FILL_AREA_STYLE_COLOUR('',#3485);
#3487=FILL_AREA_STYLE('',(#3486));
#3488=SURFACE_STYLE_FILL_AREA(#3487);
#3489=SURFACE_STYLE_TRANSPARENT(0.00);
#3490=SURFACE_STYLE_RENDERING_WITH_PROPERTIES(.NORMAL_SHADING.,#3485,(#3489));
#3491=SURFACE_SIDE_STYLE('',(#3488, #3490));
#3492=SURFACE_STYLE_USAGE(.BOTH.,#3491);
#3493=PRESENTATION_STYLE_ASSIGNMENT((#3492));
#3494=STYLED_ITEM('',(#3493),#3484);

#3495=(
BOUNDED_SURFACE()
B_SPLINE_SURFACE(1,1,((#3496,#3497),(#3498,#3499)),.UNSPECIFIED.,.F.,.F.,.F.)
B_SPLINE_SURFACE_WITH_KNOTS((2,2),(2,2),(0.000,1.000),(0.000,1.000),.UNSPECIFIED.)
GEOMETRIC_REPRESENTATION_ITEM()
RATIONAL_B_SPLINE_SURFACE(((1.0000000000,1.0000000000),(1.0000000000,1.0000000000)))
REPRESENTATION_ITEM('')
SURFACE()
);
#3496=CARTESIAN_POINT('',(-31.5000000000,-13.5000000000,10.0000000000));
#3497=CARTESIAN_POINT('',(-31.5000000000,-13.5000000000,1.0000000000));
#3498=CARTESIAN_POINT('',(-22.5000000000,-13.5000000000,10.0000000000));
#3499=CARTESIAN_POINT('',(-22.5000000000,-13.5000000000,1.0000000000));

#3500=CARTESIAN_POINT('',(-22.5000000000,-13.5000000000,10.0000000000));
#3501=VERTEX_POINT('',#3500);
#3502=(
BOUNDED_CURVE()
B_SPLINE_CURVE(1,(#3503,#3504),.UNSPECIFIED.,.F.,.F.)
B_SPLINE_CURVE_WITH_KNOTS((2,2),(0.000,1.000),.UNSPECIFIED.)
CURVE()
GEOMETRIC_REPRESENTATION_ITEM()
RATIONAL_B_SPLINE_CURVE((1.0000000000,1.0000000000))
REPRESENTATION_ITEM('')
);
#3503=CARTESIAN_POINT('',(-22.5000000000,-13.5000000000,10.0000000000));
#3504=CARTESIAN_POINT('',(-31.5000000000,-13.5000000000,10.0000000000));

#3505=CARTESIAN_POINT('',(-31.5000000000,-13.5000000000,10.0000000000));
#3506=VERTEX_POINT('',#3505);
#3507=EDGE_CURVE('',#3501,#3506,#3502,.T.);
#3508=ORIENTED_EDGE('',*,*,#3507,.T.);
#3509=(
BOUNDED_CURVE()
B_SPLINE_CURVE(1,(#3510,#3511),.UNSPECIFIED.,.F.,.F.)
B_SPLINE_CURVE_WITH_KNOTS((2,2),(0.000,1.000),.UNSPECIFIED.)
CURVE()
GEOMETRIC_REPRESENTATION_ITEM()
RATIONAL_B_SPLINE_CURVE((1.0000000000,1.0000000000))
REPRESENTATION_ITEM('')
);
#3510=CARTESIAN_POINT('',(-31.5000000000,-13.5000000000,10.0000000000));
#3511=CARTESIAN_POINT('',(-31.5000000000,-13.5000000000,1.0000000000));

#3512=CARTESIAN_POINT('',(-31.5000000000,-13.5000000000,1.0000000000));
#3513=VERTEX_POINT('',#3512);
#3514=EDGE_CURVE('',#3506,#3513,#3509,.T.);
#3515=ORIENTED_EDGE('',*,*,#3514,.T.);
#3516=(
BOUNDED_CURVE()
B_SPLINE_CURVE(1,(#3517,#3518),.UNSPECIFIED.,.F.,.F.)
B_SPLINE_CURVE_WITH_KNOTS((2,2),(0.000,1.000),.UNSPECIFIED.)
CURVE()
GEOMETRIC_REPRESENTATION_ITEM()
RATIONAL_B_SPLINE_CURVE((1.0000000000,1.0000000000))
REPRESENTATION_ITEM('')
);
#3517=CARTESIAN_POINT('',(-31.5000000000,-13.5000000000,1.0000000000));
#3518=CARTESIAN_POINT('',(-22.5000000000,-13.5000000000,1.0000000000));

#3519=CARTESIAN_POINT('',(-22.5000000000,-13.5000000000,1.0000000000));
#3520=VERTEX_POINT('',#3519);
#3521=EDGE_CURVE('',#3513,#3520,#3516,.T.);
#3522=ORIENTED_EDGE('',*,*,#3521,.T.);
#3523=(
BOUNDED_CURVE()
B_SPLINE_CURVE(1,(#3524,#3525),.UNSPECIFIED.,.F.,.F.)
B_SPLINE_CURVE_WITH_KNOTS((2,2),(0.000,1.000),.UNSPECIFIED.)
CURVE()
GEOMETRIC_REPRESENTATION_ITEM()
RATIONAL_B_SPLINE_CURVE((1.0000000000,1.0000000000))
REPRESENTATION_ITEM('')
);
#3524=CARTESIAN_POINT('',(-22.5000000000,-13.5000000000,1.0000000000));
#3525=CARTESIAN_POINT('',(-22.5000000000,-13.5000000000,10.0000000000));

#3526=EDGE_CURVE('',#3520,#3501,#3523,.T.);
#3527=ORIENTED_EDGE('',*,*,#3526,.T.);
#3528=EDGE_LOOP('',(#3508,#3515,#3522,#3527));
#3529=FACE_OUTER_BOUND('',#3528,.T.);
#3530=ADVANCED_FACE('',(#3529),#3495,.T.);
#3531=COLOUR_RGB('',0.39,0.39,0.39);
#3532=FILL_AREA_STYLE_COLOUR('',#3531);
#3533=FILL_AREA_STYLE('',(#3532));
#3534=SURFACE_STYLE_FILL_AREA(#3533);
#3535=SURFACE_STYLE_TRANSPARENT(0.00);
#3536=SURFACE_STYLE_RENDERING_WITH_PROPERTIES(.NORMAL_SHADING.,#3531,(#3535));
#3537=SURFACE_SIDE_STYLE('',(#3534, #3536));
#3538=SURFACE_STYLE_USAGE(.BOTH.,#3537);
#3539=PRESENTATION_STYLE_ASSIGNMENT((#3538));
#3540=STYLED_ITEM('',(#3539),#3530);

#3541=(
BOUNDED_SURFACE()
B_SPLINE_SURFACE(1,1,((#3542,#3543),(#3544,#3545)),.UNSPECIFIED.,.F.,.F.,.F.)
B_SPLINE_SURFACE_WITH_KNOTS((2,2),(2,2),(0.000,1.000),(0.000,1.000),.UNSPECIFIED.)
GEOMETRIC_REPRESENTATION_ITEM()
RATIONAL_B_SPLINE_SURFACE(((1.0000000000,1.0000000000),(1.0000000000,1.0000000000)))
REPRESENTATION_ITEM('')
SURFACE()
);
#3542=CARTESIAN_POINT('',(-31.5000000000,13.5000000000,10.0000000000));
#3543=CARTESIAN_POINT('',(-31.5000000000,13.5000000000,1.0000000000));
#3544=CARTESIAN_POINT('',(-31.5000000000,-13.5000000000,10.0000000000));
#3545=CARTESIAN_POINT('',(-31.5000000000,-13.5000000000,1.0000000000));

#3546=CARTESIAN_POINT('',(-31.5000000000,13.5000000000,10.0000000000));
#3547=VERTEX_POINT('',#3546);
#3548=(
BOUNDED_CURVE()
B_SPLINE_CURVE(1,(#3549,#3550),.UNSPECIFIED.,.F.,.F.)
B_SPLINE_CURVE_WITH_KNOTS((2,2),(0.000,1.000),.UNSPECIFIED.)
CURVE()
GEOMETRIC_REPRESENTATION_ITEM()
RATIONAL_B_SPLINE_CURVE((1.0000000000,1.0000000000))
REPRESENTATION_ITEM('')
);
#3549=CARTESIAN_POINT('',(-31.5000000000,13.5000000000,10.0000000000));
#3550=CARTESIAN_POINT('',(-31.5000000000,13.5000000000,1.0000000000));

#3551=CARTESIAN_POINT('',(-31.5000000000,13.5000000000,1.0000000000));
#3552=VERTEX_POINT('',#3551);
#3553=EDGE_CURVE('',#3547,#3552,#3548,.T.);
#3554=ORIENTED_EDGE('',*,*,#3553,.T.);
#3555=(
BOUNDED_CURVE()
B_SPLINE_CURVE(1,(#3556,#3557),.UNSPECIFIED.,.F.,.F.)
B_SPLINE_CURVE_WITH_KNOTS((2,2),(0.000,1.000),.UNSPECIFIED.)
CURVE()
GEOMETRIC_REPRESENTATION_ITEM()
RATIONAL_B_SPLINE_CURVE((1.0000000000,1.0000000000))
REPRESENTATION_ITEM('')
);
#3556=CARTESIAN_POINT('',(-31.5000000000,13.5000000000,1.0000000000));
#3557=CARTESIAN_POINT('',(-31.5000000000,-13.5000000000,1.0000000000));

#3558=CARTESIAN_POINT('',(-31.5000000000,-13.5000000000,1.0000000000));
#3559=VERTEX_POINT('',#3558);
#3560=EDGE_CURVE('',#3552,#3559,#3555,.T.);
#3561=ORIENTED_EDGE('',*,*,#3560,.T.);
#3562=(
BOUNDED_CURVE()
B_SPLINE_CURVE(1,(#3563,#3564),.UNSPECIFIED.,.F.,.F.)
B_SPLINE_CURVE_WITH_KNOTS((2,2),(0.000,1.000),.UNSPECIFIED.)
CURVE()
GEOMETRIC_REPRESENTATION_ITEM()
RATIONAL_B_SPLINE_CURVE((1.0000000000,1.0000000000))
REPRESENTATION_ITEM('')
);
#3563=CARTESIAN_POINT('',(-31.5000000000,-13.5000000000,1.0000000000));
#3564=CARTESIAN_POINT('',(-31.5000000000,-13.5000000000,10.0000000000));

#3565=CARTESIAN_POINT('',(-31.5000000000,-13.5000000000,10.0000000000));
#3566=VERTEX_POINT('',#3565);
#3567=EDGE_CURVE('',#3559,#3566,#3562,.T.);
#3568=ORIENTED_EDGE('',*,*,#3567,.T.);
#3569=(
BOUNDED_CURVE()
B_SPLINE_CURVE(1,(#3570,#3571),.UNSPECIFIED.,.F.,.F.)
B_SPLINE_CURVE_WITH_KNOTS((2,2),(0.000,1.000),.UNSPECIFIED.)
CURVE()
GEOMETRIC_REPRESENTATION_ITEM()
RATIONAL_B_SPLINE_CURVE((1.0000000000,1.0000000000))
REPRESENTATION_ITEM('')
);
#3570=CARTESIAN_POINT('',(-31.5000000000,-13.5000000000,10.0000000000));
#3571=CARTESIAN_POINT('',(-31.5000000000,-12.0000000000,10.0000000000));

#3572=CARTESIAN_POINT('',(-31.5000000000,-12.0000000000,10.0000000000));
#3573=VERTEX_POINT('',#3572);
#3574=EDGE_CURVE('',#3566,#3573,#3569,.T.);
#3575=ORIENTED_EDGE('',*,*,#3574,.T.);
#3576=(
BOUNDED_CURVE()
B_SPLINE_CURVE(1,(#3577,#3578),.UNSPECIFIED.,.F.,.F.)
B_SPLINE_CURVE_WITH_KNOTS((2,2),(0.000,1.000),.UNSPECIFIED.)
CURVE()
GEOMETRIC_REPRESENTATION_ITEM()
RATIONAL_B_SPLINE_CURVE((1.0000000000,1.0000000000))
REPRESENTATION_ITEM('')
);
#3577=CARTESIAN_POINT('',(-31.5000000000,-12.0000000000,10.0000000000));
#3578=CARTESIAN_POINT('',(-31.5000000000,-12.0000000000,6.0000000000));

#3579=CARTESIAN_POINT('',(-31.5000000000,-12.0000000000,6.0000000000));
#3580=VERTEX_POINT('',#3579);
#3581=EDGE_CURVE('',#3573,#3580,#3576,.T.);
#3582=ORIENTED_EDGE('',*,*,#3581,.T.);
#3583=(
BOUNDED_CURVE()
B_SPLINE_CURVE(1,(#3584,#3585),.UNSPECIFIED.,.F.,.F.)
B_SPLINE_CURVE_WITH_KNOTS((2,2),(0.000,1.000),.UNSPECIFIED.)
CURVE()
GEOMETRIC_REPRESENTATION_ITEM()
RATIONAL_B_SPLINE_CURVE((1.0000000000,1.0000000000))
REPRESENTATION_ITEM('')
);
#3584=CARTESIAN_POINT('',(-31.5000000000,-12.0000000000,6.0000000000));
#3585=CARTESIAN_POINT('',(-31.5000000000,12.0000000000,6.0000000000));

#3586=CARTESIAN_POINT('',(-31.5000000000,12.0000000000,6.0000000000));
#3587=VERTEX_POINT('',#3586);
#3588=EDGE_CURVE('',#3580,#3587,#3583,.T.);
#3589=ORIENTED_EDGE('',*,*,#3588,.T.);
#3590=(
BOUNDED_CURVE()
B_SPLINE_CURVE(1,(#3591,#3592),.UNSPECIFIED.,.F.,.F.)
B_SPLINE_CURVE_WITH_KNOTS((2,2),(0.000,1.000),.UNSPECIFIED.)
CURVE()
GEOMETRIC_REPRESENTATION_ITEM()
RATIONAL_B_SPLINE_CURVE((1.0000000000,1.0000000000))
REPRESENTATION_ITEM('')
);
#3591=CARTESIAN_POINT('',(-31.5000000000,12.0000000000,6.0000000000));
#3592=CARTESIAN_POINT('',(-31.5000000000,12.0000000000,10.0000000000));

#3593=CARTESIAN_POINT('',(-31.5000000000,12.0000000000,10.0000000000));
#3594=VERTEX_POINT('',#3593);
#3595=EDGE_CURVE('',#3587,#3594,#3590,.T.);
#3596=ORIENTED_EDGE('',*,*,#3595,.T.);
#3597=(
BOUNDED_CURVE()
B_SPLINE_CURVE(1,(#3598,#3599),.UNSPECIFIED.,.F.,.F.)
B_SPLINE_CURVE_WITH_KNOTS((2,2),(0.000,1.000),.UNSPECIFIED.)
CURVE()
GEOMETRIC_REPRESENTATION_ITEM()
RATIONAL_B_SPLINE_CURVE((1.0000000000,1.0000000000))
REPRESENTATION_ITEM('')
);
#3598=CARTESIAN_POINT('',(-31.5000000000,12.0000000000,10.0000000000));
#3599=CARTESIAN_POINT('',(-31.5000000000,13.5000000000,10.0000000000));

#3600=EDGE_CURVE('',#3594,#3547,#3597,.T.);
#3601=ORIENTED_EDGE('',*,*,#3600,.T.);
#3602=EDGE_LOOP('',(#3554,#3561,#3568,#3575,#3582,#3589,#3596,#3601));
#3603=FACE_OUTER_BOUND('',#3602,.T.);
#3604=ADVANCED_FACE('',(#3603),#3541,.T.);
#3605=COLOUR_RGB('',0.39,0.39,0.39);
#3606=FILL_AREA_STYLE_COLOUR('',#3605);
#3607=FILL_AREA_STYLE('',(#3606));
#3608=SURFACE_STYLE_FILL_AREA(#3607);
#3609=SURFACE_STYLE_TRANSPARENT(0.00);
#3610=SURFACE_STYLE_RENDERING_WITH_PROPERTIES(.NORMAL_SHADING.,#3605,(#3609));
#3611=SURFACE_SIDE_STYLE('',(#3608, #3610));
#3612=SURFACE_STYLE_USAGE(.BOTH.,#3611);
#3613=PRESENTATION_STYLE_ASSIGNMENT((#3612));
#3614=STYLED_ITEM('',(#3613),#3604);

#3615=(
BOUNDED_SURFACE()
B_SPLINE_SURFACE(1,1,((#3616,#3617),(#3618,#3619)),.UNSPECIFIED.,.F.,.F.,.F.)
B_SPLINE_SURFACE_WITH_KNOTS((2,2),(2,2),(0.000,1.000),(0.000,1.000),.UNSPECIFIED.)
GEOMETRIC_REPRESENTATION_ITEM()
RATIONAL_B_SPLINE_SURFACE(((1.0000000000,1.0000000000),(1.0000000000,1.0000000000)))
REPRESENTATION_ITEM('')
SURFACE()
);
#3616=CARTESIAN_POINT('',(-46.0000000000,-19.4007441433,30.0000000000));
#3617=CARTESIAN_POINT('',(46.0000000000,-19.4007441433,30.0000000000));
#3618=CARTESIAN_POINT('',(-46.0000000000,-28.5000000000,5.0000000000));
#3619=CARTESIAN_POINT('',(46.0000000000,-28.5000000000,5.0000000000));

#3620=CARTESIAN_POINT('',(-46.0000000000,-26.0000000000,11.8686935486));
#3621=VERTEX_POINT('',#3620);
#3622=(
BOUNDED_CURVE()
B_SPLINE_CURVE(1,(#3623,#3624),.UNSPECIFIED.,.F.,.F.)
B_SPLINE_CURVE_WITH_KNOTS((2,2),(0.000,1.000),.UNSPECIFIED.)
CURVE()
GEOMETRIC_REPRESENTATION_ITEM()
RATIONAL_B_SPLINE_CURVE((1.0000000000,1.0000000000))
REPRESENTATION_ITEM('')
);
#3623=CARTESIAN_POINT('',(-46.0000000000,-26.0000000012,11.8686935454));
#3624=CARTESIAN_POINT('',(-46.0000000000,-19.4007441433,30.0000000000));

#3625=CARTESIAN_POINT('',(-46.0000000000,-19.4007441433,30.0000000000));
#3626=VERTEX_POINT('',#3625);
#3627=EDGE_CURVE('',#3621,#3626,#3622,.T.);
#3628=ORIENTED_EDGE('',*,*,#3627,.T.);
#3629=(
BOUNDED_CURVE()
B_SPLINE_CURVE(1,(#3630,#3631),.UNSPECIFIED.,.F.,.F.)
B_SPLINE_CURVE_WITH_KNOTS((2,2),(0.000,1.000),.UNSPECIFIED.)
CURVE()
GEOMETRIC_REPRESENTATION_ITEM()
RATIONAL_B_SPLINE_CURVE((1.0000000000,1.0000000000))
REPRESENTATION_ITEM('')
);
#3630=CARTESIAN_POINT('',(-46.0000000000,-19.4007441433,30.0000000000));
#3631=CARTESIAN_POINT('',(-38.0000000000,-19.4007441433,30.0000000000));

#3632=CARTESIAN_POINT('',(-38.0000000000,-19.4007441433,30.0000000000));
#3633=VERTEX_POINT('',#3632);
#3634=EDGE_CURVE('',#3626,#3633,#3629,.T.);
#3635=ORIENTED_EDGE('',*,*,#3634,.T.);
#3636=(
BOUNDED_CURVE()
B_SPLINE_CURVE(1,(#3637,#3638),.UNSPECIFIED.,.F.,.F.)
B_SPLINE_CURVE_WITH_KNOTS((2,2),(0.000,1.000),.UNSPECIFIED.)
CURVE()
GEOMETRIC_REPRESENTATION_ITEM()
RATIONAL_B_SPLINE_CURVE((1.0000000000,1.0000000000))
REPRESENTATION_ITEM('')
);
#3637=CARTESIAN_POINT('',(-38.0000000000,-19.4007441433,30.0000000000));
#3638=CARTESIAN_POINT('',(-38.0000000000,-20.5000000000,26.9798193556));

#3639=CARTESIAN_POINT('',(-38.0000000000,-20.5000000000,26.9798193556));
#3640=VERTEX_POINT('',#3639);
#3641=EDGE_CURVE('',#3633,#3640,#3636,.T.);
#3642=ORIENTED_EDGE('',*,*,#3641,.T.);
#3643=(
BOUNDED_CURVE()
B_SPLINE_CURVE(1,(#3644,#3645),.UNSPECIFIED.,.F.,.F.)
B_SPLINE_CURVE_WITH_KNOTS((2,2),(0.000,1.000),.UNSPECIFIED.)
CURVE()
GEOMETRIC_REPRESENTATION_ITEM()
RATIONAL_B_SPLINE_CURVE((1.0000000000,1.0000000000))
REPRESENTATION_ITEM('')
);
#3644=CARTESIAN_POINT('',(-38.0000000000,-20.5000000000,26.9798193556));
#3645=CARTESIAN_POINT('',(38.0000000000,-20.5000000000,26.9798193556));

#3646=CARTESIAN_POINT('',(38.0000000000,-20.5000000000,26.9798193556));
#3647=VERTEX_POINT('',#3646);
#3648=EDGE_CURVE('',#3640,#3647,#3643,.T.);
#3649=ORIENTED_EDGE('',*,*,#3648,.T.);
#3650=(
BOUNDED_CURVE()
B_SPLINE_CURVE(1,(#3651,#3652),.UNSPECIFIED.,.F.,.F.)
B_SPLINE_CURVE_WITH_KNOTS((2,2),(0.000,1.000),.UNSPECIFIED.)
CURVE()
GEOMETRIC_REPRESENTATION_ITEM()
RATIONAL_B_SPLINE_CURVE((1.0000000000,1.0000000000))
REPRESENTATION_ITEM('')
);
#3651=CARTESIAN_POINT('',(38.0000000000,-20.5000000000,26.9798193556));
#3652=CARTESIAN_POINT('',(38.0000000000,-19.4007441433,30.0000000000));

#3653=CARTESIAN_POINT('',(38.0000000000,-19.4007441433,30.0000000000));
#3654=VERTEX_POINT('',#3653);
#3655=EDGE_CURVE('',#3647,#3654,#3650,.T.);
#3656=ORIENTED_EDGE('',*,*,#3655,.T.);
#3657=(
BOUNDED_CURVE()
B_SPLINE_CURVE(1,(#3658,#3659),.UNSPECIFIED.,.F.,.F.)
B_SPLINE_CURVE_WITH_KNOTS((2,2),(0.000,1.000),.UNSPECIFIED.)
CURVE()
GEOMETRIC_REPRESENTATION_ITEM()
RATIONAL_B_SPLINE_CURVE((1.0000000000,1.0000000000))
REPRESENTATION_ITEM('')
);
#3658=CARTESIAN_POINT('',(38.0000000000,-19.4007441433,30.0000000000));
#3659=CARTESIAN_POINT('',(46.0000000000,-19.4007441433,30.0000000000));

#3660=CARTESIAN_POINT('',(46.0000000000,-19.4007441433,30.0000000000));
#3661=VERTEX_POINT('',#3660);
#3662=EDGE_CURVE('',#3654,#3661,#3657,.T.);
#3663=ORIENTED_EDGE('',*,*,#3662,.T.);
#3664=(
BOUNDED_CURVE()
B_SPLINE_CURVE(1,(#3665,#3666),.UNSPECIFIED.,.F.,.F.)
B_SPLINE_CURVE_WITH_KNOTS((2,2),(0.000,1.000),.UNSPECIFIED.)
CURVE()
GEOMETRIC_REPRESENTATION_ITEM()
RATIONAL_B_SPLINE_CURVE((1.0000000000,1.0000000000))
REPRESENTATION_ITEM('')
);
#3665=CARTESIAN_POINT('',(46.0000000000,-19.4007441433,30.0000000000));
#3666=CARTESIAN_POINT('',(46.0000000000,-26.0000000000,11.8686935486));

#3667=CARTESIAN_POINT('',(46.0000000000,-26.0000000000,11.8686935486));
#3668=VERTEX_POINT('',#3667);
#3669=EDGE_CURVE('',#3661,#3668,#3664,.T.);
#3670=ORIENTED_EDGE('',*,*,#3669,.T.);
#3671=(
BOUNDED_CURVE()
B_SPLINE_CURVE(2,(#3672,#3673,#3674),.UNSPECIFIED.,.F.,.F.)
B_SPLINE_CURVE_WITH_KNOTS((3,3),(0.000,1.000),.UNSPECIFIED.)
CURVE()
GEOMETRIC_REPRESENTATION_ITEM()
RATIONAL_B_SPLINE_CURVE((1.0000000000,0.7071067812,1.0000000000))
REPRESENTATION_ITEM('')
);
#3672=CARTESIAN_POINT('',(46.0000000000,-26.0000000000,11.8686935486));
#3673=CARTESIAN_POINT('',(46.0000000000,-28.5000000000,5.0000000000));
#3674=CARTESIAN_POINT('',(43.5000000000,-28.5000000000,5.0000000000));

#3675=CARTESIAN_POINT('',(43.5000000000,-28.5000000000,5.0000000000));
#3676=VERTEX_POINT('',#3675);
#3677=EDGE_CURVE('',#3668,#3676,#3671,.T.);
#3678=ORIENTED_EDGE('',*,*,#3677,.T.);
#3679=(
BOUNDED_CURVE()
B_SPLINE_CURVE(1,(#3680,#3681),.UNSPECIFIED.,.F.,.F.)
B_SPLINE_CURVE_WITH_KNOTS((2,2),(0.000,1.000),.UNSPECIFIED.)
CURVE()
GEOMETRIC_REPRESENTATION_ITEM()
RATIONAL_B_SPLINE_CURVE((1.0000000000,1.0000000000))
REPRESENTATION_ITEM('')
);
#3680=CARTESIAN_POINT('',(43.5000000100,-28.5000000000,5.0000000000));
#3681=CARTESIAN_POINT('',(-43.5000000000,-28.5000000000,5.0000000000));

#3682=CARTESIAN_POINT('',(-43.5000000000,-28.5000000000,5.0000000000));
#3683=VERTEX_POINT('',#3682);
#3684=EDGE_CURVE('',#3676,#3683,#3679,.T.);
#3685=ORIENTED_EDGE('',*,*,#3684,.T.);
#3686=(
BOUNDED_CURVE()
B_SPLINE_CURVE(2,(#3687,#3688,#3689),.UNSPECIFIED.,.F.,.F.)
B_SPLINE_CURVE_WITH_KNOTS((3,3),(0.000,1.000),.UNSPECIFIED.)
CURVE()
GEOMETRIC_REPRESENTATION_ITEM()
RATIONAL_B_SPLINE_CURVE((1.0000000000,0.7071067812,1.0000000000))
REPRESENTATION_ITEM('')
);
#3687=CARTESIAN_POINT('',(-43.5000000000,-28.5000000000,5.0000000000));
#3688=CARTESIAN_POINT('',(-46.0000000000,-28.5000000000,5.0000000000));
#3689=CARTESIAN_POINT('',(-46.0000000000,-26.0000000000,11.8686935486));

#3690=EDGE_CURVE('',#3683,#3621,#3686,.T.);
#3691=ORIENTED_EDGE('',*,*,#3690,.T.);
#3692=EDGE_LOOP('',(#3628,#3635,#3642,#3649,#3656,#3663,#3670,#3678,#3685,#3691));
#3693=FACE_OUTER_BOUND('',#3692,.T.);
#3694=ADVANCED_FACE('',(#3693),#3615,.T.);
#3695=COLOUR_RGB('',0.39,0.39,0.39);
#3696=FILL_AREA_STYLE_COLOUR('',#3695);
#3697=FILL_AREA_STYLE('',(#3696));
#3698=SURFACE_STYLE_FILL_AREA(#3697);
#3699=SURFACE_STYLE_TRANSPARENT(0.00);
#3700=SURFACE_STYLE_RENDERING_WITH_PROPERTIES(.NORMAL_SHADING.,#3695,(#3699));
#3701=SURFACE_SIDE_STYLE('',(#3698, #3700));
#3702=SURFACE_STYLE_USAGE(.BOTH.,#3701);
#3703=PRESENTATION_STYLE_ASSIGNMENT((#3702));
#3704=STYLED_ITEM('',(#3703),#3694);

#3705=(
BOUNDED_SURFACE()
B_SPLINE_SURFACE(1,1,((#3706,#3707),(#3708,#3709)),.UNSPECIFIED.,.F.,.F.,.F.)
B_SPLINE_SURFACE_WITH_KNOTS((2,2),(2,2),(0.000,1.000),(0.000,1.000),.UNSPECIFIED.)
GEOMETRIC_REPRESENTATION_ITEM()
RATIONAL_B_SPLINE_SURFACE(((1.0000000000,1.0000000000),(1.0000000000,1.0000000000)))
REPRESENTATION_ITEM('')
SURFACE()
);
#3706=CARTESIAN_POINT('',(-46.0000000000,28.5000000000,20.9007441433));
#3707=CARTESIAN_POINT('',(46.0000000000,28.5000000000,20.9007441433));
#3708=CARTESIAN_POINT('',(-46.0000000000,3.5000000000,30.0000000000));
#3709=CARTESIAN_POINT('',(46.0000000000,3.5000000000,30.0000000000));

#3710=CARTESIAN_POINT('',(-46.0000000000,3.5000000000,30.0000000000));
#3711=VERTEX_POINT('',#3710);
#3712=(
BOUNDED_CURVE()
B_SPLINE_CURVE(1,(#3713,#3714),.UNSPECIFIED.,.F.,.F.)
B_SPLINE_CURVE_WITH_KNOTS((2,2),(0.000,1.000),.UNSPECIFIED.)
CURVE()
GEOMETRIC_REPRESENTATION_ITEM()
RATIONAL_B_SPLINE_CURVE((1.0000000000,1.0000000000))
REPRESENTATION_ITEM('')
);
#3713=CARTESIAN_POINT('',(-46.0000000000,3.5000000000,30.0000000000));
#3714=CARTESIAN_POINT('',(-46.0000000000,26.0000000003,21.8106697289));

#3715=CARTESIAN_POINT('',(-46.0000000000,26.0000000003,21.8106697289));
#3716=VERTEX_POINT('',#3715);
#3717=EDGE_CURVE('',#3711,#3716,#3712,.T.);
#3718=ORIENTED_EDGE('',*,*,#3717,.T.);
#3719=(
BOUNDED_CURVE()
B_SPLINE_CURVE(2,(#3720,#3721,#3722),.UNSPECIFIED.,.F.,.F.)
B_SPLINE_CURVE_WITH_KNOTS((3,3),(0.000,1.000),.UNSPECIFIED.)
CURVE()
GEOMETRIC_REPRESENTATION_ITEM()
RATIONAL_B_SPLINE_CURVE((1.0000000000,0.7071067812,1.0000000000))
REPRESENTATION_ITEM('')
);
#3720=CARTESIAN_POINT('',(-46.0000000000,26.0000000000,21.8106697290));
#3721=CARTESIAN_POINT('',(-46.0000000000,28.4999999999,20.9007441434));
#3722=CARTESIAN_POINT('',(-43.5000000001,28.5000000000,20.9007441433));

#3723=CARTESIAN_POINT('',(-43.5000000001,28.5000000000,20.9007441433));
#3724=VERTEX_POINT('',#3723);
#3725=EDGE_CURVE('',#3716,#3724,#3719,.T.);
#3726=ORIENTED_EDGE('',*,*,#3725,.T.);
#3727=(
BOUNDED_CURVE()
B_SPLINE_CURVE(1,(#3728,#3729),.UNSPECIFIED.,.F.,.F.)
B_SPLINE_CURVE_WITH_KNOTS((2,2),(0.000,1.000),.UNSPECIFIED.)
CURVE()
GEOMETRIC_REPRESENTATION_ITEM()
RATIONAL_B_SPLINE_CURVE((1.0000000000,1.0000000000))
REPRESENTATION_ITEM('')
);
#3728=CARTESIAN_POINT('',(-43.5000000000,28.5000000000,20.9007441433));
#3729=CARTESIAN_POINT('',(43.5000000004,28.5000000000,20.9007441433));

#3730=CARTESIAN_POINT('',(43.5000000004,28.5000000000,20.9007441433));
#3731=VERTEX_POINT('',#3730);
#3732=EDGE_CURVE('',#3724,#3731,#3727,.T.);
#3733=ORIENTED_EDGE('',*,*,#3732,.T.);
#3734=(
BOUNDED_CURVE()
B_SPLINE_CURVE(2,(#3735,#3736,#3737),.UNSPECIFIED.,.F.,.F.)
B_SPLINE_CURVE_WITH_KNOTS((3,3),(0.000,1.000),.UNSPECIFIED.)
CURVE()
GEOMETRIC_REPRESENTATION_ITEM()
RATIONAL_B_SPLINE_CURVE((1.0000000000,0.7071067812,1.0000000000))
REPRESENTATION_ITEM('')
);
#3735=CARTESIAN_POINT('',(43.5000000000,28.5000000000,20.9007441433));
#3736=CARTESIAN_POINT('',(45.9999999999,28.5000000000,20.9007441433));
#3737=CARTESIAN_POINT('',(46.0000000000,26.0000000001,21.8106697290));

#3738=CARTESIAN_POINT('',(46.0000000000,26.0000000001,21.8106697290));
#3739=VERTEX_POINT('',#3738);
#3740=EDGE_CURVE('',#3731,#3739,#3734,.T.);
#3741=ORIENTED_EDGE('',*,*,#3740,.T.);
#3742=(
BOUNDED_CURVE()
B_SPLINE_CURVE(1,(#3743,#3744),.UNSPECIFIED.,.F.,.F.)
B_SPLINE_CURVE_WITH_KNOTS((2,2),(0.000,1.000),.UNSPECIFIED.)
CURVE()
GEOMETRIC_REPRESENTATION_ITEM()
RATIONAL_B_SPLINE_CURVE((1.0000000000,1.0000000000))
REPRESENTATION_ITEM('')
);
#3743=CARTESIAN_POINT('',(46.0000000000,26.0000000088,21.8106697258));
#3744=CARTESIAN_POINT('',(46.0000000000,3.5000000000,30.0000000000));

#3745=CARTESIAN_POINT('',(46.0000000000,3.5000000000,30.0000000000));
#3746=VERTEX_POINT('',#3745);
#3747=EDGE_CURVE('',#3739,#3746,#3742,.T.);
#3748=ORIENTED_EDGE('',*,*,#3747,.T.);
#3749=(
BOUNDED_CURVE()
B_SPLINE_CURVE(1,(#3750,#3751),.UNSPECIFIED.,.F.,.F.)
B_SPLINE_CURVE_WITH_KNOTS((2,2),(0.000,1.000),.UNSPECIFIED.)
CURVE()
GEOMETRIC_REPRESENTATION_ITEM()
RATIONAL_B_SPLINE_CURVE((1.0000000000,1.0000000000))
REPRESENTATION_ITEM('')
);
#3750=CARTESIAN_POINT('',(46.0000000000,3.5000000000,30.0000000000));
#3751=CARTESIAN_POINT('',(38.0000000000,3.5000000000,30.0000000000));

#3752=CARTESIAN_POINT('',(38.0000000000,3.5000000000,30.0000000000));
#3753=VERTEX_POINT('',#3752);
#3754=EDGE_CURVE('',#3746,#3753,#3749,.T.);
#3755=ORIENTED_EDGE('',*,*,#3754,.T.);
#3756=(
BOUNDED_CURVE()
B_SPLINE_CURVE(1,(#3757,#3758),.UNSPECIFIED.,.F.,.F.)
B_SPLINE_CURVE_WITH_KNOTS((2,2),(0.000,1.000),.UNSPECIFIED.)
CURVE()
GEOMETRIC_REPRESENTATION_ITEM()
RATIONAL_B_SPLINE_CURVE((1.0000000000,1.0000000000))
REPRESENTATION_ITEM('')
);
#3757=CARTESIAN_POINT('',(38.0000000000,3.5000000000,30.0000000000));
#3758=CARTESIAN_POINT('',(38.0000000000,20.5000000000,23.8125060175));

#3759=CARTESIAN_POINT('',(38.0000000000,20.5000000000,23.8125060175));
#3760=VERTEX_POINT('',#3759);
#3761=EDGE_CURVE('',#3753,#3760,#3756,.T.);
#3762=ORIENTED_EDGE('',*,*,#3761,.T.);
#3763=(
BOUNDED_CURVE()
B_SPLINE_CURVE(1,(#3764,#3765),.UNSPECIFIED.,.F.,.F.)
B_SPLINE_CURVE_WITH_KNOTS((2,2),(0.000,1.000),.UNSPECIFIED.)
CURVE()
GEOMETRIC_REPRESENTATION_ITEM()
RATIONAL_B_SPLINE_CURVE((1.0000000000,1.0000000000))
REPRESENTATION_ITEM('')
);
#3764=CARTESIAN_POINT('',(38.0000000000,20.5000000000,23.8125060175));
#3765=CARTESIAN_POINT('',(-38.0000000000,20.5000000000,23.8125060175));

#3766=CARTESIAN_POINT('',(-38.0000000000,20.5000000000,23.8125060175));
#3767=VERTEX_POINT('',#3766);
#3768=EDGE_CURVE('',#3760,#3767,#3763,.T.);
#3769=ORIENTED_EDGE('',*,*,#3768,.T.);
#3770=(
BOUNDED_CURVE()
B_SPLINE_CURVE(1,(#3771,#3772),.UNSPECIFIED.,.F.,.F.)
B_SPLINE_CURVE_WITH_KNOTS((2,2),(0.000,1.000),.UNSPECIFIED.)
CURVE()
GEOMETRIC_REPRESENTATION_ITEM()
RATIONAL_B_SPLINE_CURVE((1.0000000000,1.0000000000))
REPRESENTATION_ITEM('')
);
#3771=CARTESIAN_POINT('',(-38.0000000000,20.5000000000,23.8125060175));
#3772=CARTESIAN_POINT('',(-38.0000000000,3.5000000000,30.0000000000));

#3773=CARTESIAN_POINT('',(-38.0000000000,3.5000000000,30.0000000000));
#3774=VERTEX_POINT('',#3773);
#3775=EDGE_CURVE('',#3767,#3774,#3770,.T.);
#3776=ORIENTED_EDGE('',*,*,#3775,.T.);
#3777=(
BOUNDED_CURVE()
B_SPLINE_CURVE(1,(#3778,#3779),.UNSPECIFIED.,.F.,.F.)
B_SPLINE_CURVE_WITH_KNOTS((2,2),(0.000,1.000),.UNSPECIFIED.)
CURVE()
GEOMETRIC_REPRESENTATION_ITEM()
RATIONAL_B_SPLINE_CURVE((1.0000000000,1.0000000000))
REPRESENTATION_ITEM('')
);
#3778=CARTESIAN_POINT('',(-38.0000000000,3.5000000000,30.0000000000));
#3779=CARTESIAN_POINT('',(-46.0000000000,3.5000000000,30.0000000000));

#3780=EDGE_CURVE('',#3774,#3711,#3777,.T.);
#3781=ORIENTED_EDGE('',*,*,#3780,.T.);
#3782=EDGE_LOOP('',(#3718,#3726,#3733,#3741,#3748,#3755,#3762,#3769,#3776,#3781));
#3783=FACE_OUTER_BOUND('',#3782,.T.);
#3784=ADVANCED_FACE('',(#3783),#3705,.T.);
#3785=COLOUR_RGB('',0.39,0.39,0.39);
#3786=FILL_AREA_STYLE_COLOUR('',#3785);
#3787=FILL_AREA_STYLE('',(#3786));
#3788=SURFACE_STYLE_FILL_AREA(#3787);
#3789=SURFACE_STYLE_TRANSPARENT(0.00);
#3790=SURFACE_STYLE_RENDERING_WITH_PROPERTIES(.NORMAL_SHADING.,#3785,(#3789));
#3791=SURFACE_SIDE_STYLE('',(#3788, #3790));
#3792=SURFACE_STYLE_USAGE(.BOTH.,#3791);
#3793=PRESENTATION_STYLE_ASSIGNMENT((#3792));
#3794=STYLED_ITEM('',(#3793),#3784);

#3795=CLOSED_SHELL('',(#235,#276,#384,#430,#480,#540,#590,#636,#686,#746,#796,#1118,#1164,#1224,#1270,#1358,#1408,#1458,#1508,#1558,#1608,#1658,#1708,#1758,#1808,#1858,#1908,#1958,#2008,#2058,#2108,#2158,#2208,#2258,#2308,#2358,#2404,#2450,#2496,#2542,#2588,#2634,#2680,#2726,#2886,#2932,#2978,#3024,#3070,#3116,#3162,#3208,#3254,#3300,#3346,#3392,#3438,#3484,#3530,#3604,#3694,#3784));
#3796=MANIFOLD_SOLID_BREP('brep',#3795);
#3797=ADVANCED_BREP_SHAPE_REPRESENTATION('',(#3796,#170),#168);
#3798=SHAPE_REPRESENTATION_RELATIONSHIP($,$,#169,#3797);

ENDSEC;

END-ISO-10303-21;
