ISO-10303-21;
HEADER;

FILE_DESCRIPTION((''), '2;1');

FILE_NAME(
    'output_file',
    '2009-06-07T17:44:47-07:00',
    (''),
    (''),
    'SolveSpace',
    '',
    ''
);

FILE_SCHEMA (('CONFIG_CONTROL_DESIGN'));
ENDSEC;

DATA;

/**********************************************************
 * This defines the units and tolerances for the file. It
 * is always the same, independent of the actual data.
 **********************************************************/
#158=(
LENGTH_UNIT()
NAMED_UNIT(*)
SI_UNIT(.MILLI.,.METRE.)
);
#161=(
NAMED_UNIT(*)
PLANE_ANGLE_UNIT()
SI_UNIT($,.RADIAN.)
);
#166=(
NAMED_UNIT(*)
SI_UNIT($,.STERADIAN.)
SOLID_ANGLE_UNIT()
);
#167=UNCERTAINTY_MEASURE_WITH_UNIT(LENGTH_MEASURE(0.001),#158,
'DISTANCE_ACCURACY_VALUE',
'string');
#168=(
GEOMETRIC_REPRESENTATION_CONTEXT(3)
GLOBAL_UNCERTAINTY_ASSIGNED_CONTEXT((#167))
GLOBAL_UNIT_ASSIGNED_CONTEXT((#166,#161,#158))
REPRESENTATION_CONTEXT('ID1','3D')
);
#169=SHAPE_REPRESENTATION('',(#170),#168);
#170=AXIS2_PLACEMENT_3D('',#173,#171,#172);
#171=DIRECTION('',(0.,0.,1.));
#172=DIRECTION('',(1.,0.,0.));
#173=CARTESIAN_POINT('',(0.,0.,0.));

#175 = SHAPE_DEFINITION_REPRESENTATION(#176, #169);
#176 = PRODUCT_DEFINITION_SHAPE('Version', 'Test Part', #177);
#177 = PRODUCT_DEFINITION('Version', 'Test Part', #182, #178);
#178 = DESIGN_CONTEXT('3D Mechanical Parts', #181, 'design');
#179 = PRODUCT('1', 'Product', 'Test Part', (#180));
#180 = MECHANICAL_CONTEXT('3D Mechanical Parts', #181, 'mechanical');
#181 = APPLICATION_CONTEXT(
'configuration controlled 3d designs of mechanical parts and assemblies');
#182 = PRODUCT_DEFINITION_FORMATION_WITH_SPECIFIED_SOURCE('Version',
'Test Part', #179, .MADE.);

#200=(
BOUNDED_SURFACE()
B_SPLINE_SURFACE(1,1,((#201,#202),(#203,#204)),.UNSPECIFIED.,.F.,.F.,.F.)
B_SPLINE_SURFACE_WITH_KNOTS((2,2),(2,2),(0.000,1.000),(0.000,1.000),.UNSPECIFIED.)
GEOMETRIC_REPRESENTATION_ITEM()
RATIONAL_B_SPLINE_SURFACE(((1.0000000000,1.0000000000),(1.0000000000,1.0000000000)))
REPRESENTATION_ITEM('')
SURFACE()
);
#201=CARTESIAN_POINT('',(41.0000000000,23.5000000000,0.0000000000));
#202=CARTESIAN_POINT('',(-41.0000000000,23.5000000000,0.0000000000));
#203=CARTESIAN_POINT('',(41.0000000000,-23.5000000000,0.0000000000));
#204=CARTESIAN_POINT('',(-41.0000000000,-23.5000000000,0.0000000000));

#205=CARTESIAN_POINT('',(-41.0000000000,-21.0000000000,0.0000000000));
#206=VERTEX_POINT('',#205);
#207=(
BOUNDED_CURVE()
B_SPLINE_CURVE(2,(#208,#209,#210),.UNSPECIFIED.,.F.,.F.)
B_SPLINE_CURVE_WITH_KNOTS((3,3),(0.000,1.000),.UNSPECIFIED.)
CURVE()
GEOMETRIC_REPRESENTATION_ITEM()
RATIONAL_B_SPLINE_CURVE((1.0000000000,0.7071067812,1.0000000000))
REPRESENTATION_ITEM('')
);
#208=CARTESIAN_POINT('',(-41.0000000000,-21.0000000001,0.0000000000));
#209=CARTESIAN_POINT('',(-40.9999999999,-23.5000000000,0.0000000000));
#210=CARTESIAN_POINT('',(-38.5000000000,-23.5000000000,0.0000000000));

#211=CARTESIAN_POINT('',(-38.5000000000,-23.5000000000,0.0000000000));
#212=VERTEX_POINT('',#211);
#213=EDGE_CURVE('',#206,#212,#207,.T.);
#214=ORIENTED_EDGE('',*,*,#213,.T.);
#215=(
BOUNDED_CURVE()
B_SPLINE_CURVE(1,(#216,#217),.UNSPECIFIED.,.F.,.F.)
B_SPLINE_CURVE_WITH_KNOTS((2,2),(0.000,1.000),.UNSPECIFIED.)
CURVE()
GEOMETRIC_REPRESENTATION_ITEM()
RATIONAL_B_SPLINE_CURVE((1.0000000000,1.0000000000))
REPRESENTATION_ITEM('')
);
#216=CARTESIAN_POINT('',(-38.5000000000,-23.5000000000,0.0000000000));
#217=CARTESIAN_POINT('',(38.5000000000,-23.5000000000,0.0000000000));

#218=CARTESIAN_POINT('',(38.5000000000,-23.5000000000,0.0000000000));
#219=VERTEX_POINT('',#218);
#220=EDGE_CURVE('',#212,#219,#215,.T.);
#221=ORIENTED_EDGE('',*,*,#220,.T.);
#222=(
BOUNDED_CURVE()
B_SPLINE_CURVE(2,(#223,#224,#225),.UNSPECIFIED.,.F.,.F.)
B_SPLINE_CURVE_WITH_KNOTS((3,3),(0.000,1.000),.UNSPECIFIED.)
CURVE()
GEOMETRIC_REPRESENTATION_ITEM()
RATIONAL_B_SPLINE_CURVE((1.0000000000,0.7071067812,1.0000000000))
REPRESENTATION_ITEM('')
);
#223=CARTESIAN_POINT('',(38.5000000001,-23.5000000000,0.0000000000));
#224=CARTESIAN_POINT('',(41.0000000000,-23.4999999999,0.0000000000));
#225=CARTESIAN_POINT('',(41.0000000000,-21.0000000000,0.0000000000));

#226=CARTESIAN_POINT('',(41.0000000000,-21.0000000000,0.0000000000));
#227=VERTEX_POINT('',#226);
#228=EDGE_CURVE('',#219,#227,#222,.T.);
#229=ORIENTED_EDGE('',*,*,#228,.T.);
#230=(
BOUNDED_CURVE()
B_SPLINE_CURVE(1,(#231,#232),.UNSPECIFIED.,.F.,.F.)
B_SPLINE_CURVE_WITH_KNOTS((2,2),(0.000,1.000),.UNSPECIFIED.)
CURVE()
GEOMETRIC_REPRESENTATION_ITEM()
RATIONAL_B_SPLINE_CURVE((1.0000000000,1.0000000000))
REPRESENTATION_ITEM('')
);
#231=CARTESIAN_POINT('',(41.0000000000,-21.0000000000,0.0000000000));
#232=CARTESIAN_POINT('',(41.0000000000,21.0000000000,0.0000000000));

#233=CARTESIAN_POINT('',(41.0000000000,21.0000000000,0.0000000000));
#234=VERTEX_POINT('',#233);
#235=EDGE_CURVE('',#227,#234,#230,.T.);
#236=ORIENTED_EDGE('',*,*,#235,.T.);
#237=(
BOUNDED_CURVE()
B_SPLINE_CURVE(2,(#238,#239,#240),.UNSPECIFIED.,.F.,.F.)
B_SPLINE_CURVE_WITH_KNOTS((3,3),(0.000,1.000),.UNSPECIFIED.)
CURVE()
GEOMETRIC_REPRESENTATION_ITEM()
RATIONAL_B_SPLINE_CURVE((1.0000000000,0.7071067812,1.0000000000))
REPRESENTATION_ITEM('')
);
#238=CARTESIAN_POINT('',(41.0000000000,21.0000000001,0.0000000000));
#239=CARTESIAN_POINT('',(40.9999999999,23.5000000000,0.0000000000));
#240=CARTESIAN_POINT('',(38.5000000000,23.5000000000,0.0000000000));

#241=CARTESIAN_POINT('',(38.5000000000,23.5000000000,0.0000000000));
#242=VERTEX_POINT('',#241);
#243=EDGE_CURVE('',#234,#242,#237,.T.);
#244=ORIENTED_EDGE('',*,*,#243,.T.);
#245=(
BOUNDED_CURVE()
B_SPLINE_CURVE(1,(#246,#247),.UNSPECIFIED.,.F.,.F.)
B_SPLINE_CURVE_WITH_KNOTS((2,2),(0.000,1.000),.UNSPECIFIED.)
CURVE()
GEOMETRIC_REPRESENTATION_ITEM()
RATIONAL_B_SPLINE_CURVE((1.0000000000,1.0000000000))
REPRESENTATION_ITEM('')
);
#246=CARTESIAN_POINT('',(38.5000000000,23.5000000000,0.0000000000));
#247=CARTESIAN_POINT('',(-38.5000000000,23.5000000000,0.0000000000));

#248=CARTESIAN_POINT('',(-38.5000000000,23.5000000000,0.0000000000));
#249=VERTEX_POINT('',#248);
#250=EDGE_CURVE('',#242,#249,#245,.T.);
#251=ORIENTED_EDGE('',*,*,#250,.T.);
#252=(
BOUNDED_CURVE()
B_SPLINE_CURVE(2,(#253,#254,#255),.UNSPECIFIED.,.F.,.F.)
B_SPLINE_CURVE_WITH_KNOTS((3,3),(0.000,1.000),.UNSPECIFIED.)
CURVE()
GEOMETRIC_REPRESENTATION_ITEM()
RATIONAL_B_SPLINE_CURVE((1.0000000000,0.7071067812,1.0000000000))
REPRESENTATION_ITEM('')
);
#253=CARTESIAN_POINT('',(-38.5000000001,23.5000000000,0.0000000000));
#254=CARTESIAN_POINT('',(-41.0000000000,23.4999999999,0.0000000000));
#255=CARTESIAN_POINT('',(-41.0000000000,21.0000000000,0.0000000000));

#256=CARTESIAN_POINT('',(-41.0000000000,21.0000000000,0.0000000000));
#257=VERTEX_POINT('',#256);
#258=EDGE_CURVE('',#249,#257,#252,.T.);
#259=ORIENTED_EDGE('',*,*,#258,.T.);
#260=(
BOUNDED_CURVE()
B_SPLINE_CURVE(1,(#261,#262),.UNSPECIFIED.,.F.,.F.)
B_SPLINE_CURVE_WITH_KNOTS((2,2),(0.000,1.000),.UNSPECIFIED.)
CURVE()
GEOMETRIC_REPRESENTATION_ITEM()
RATIONAL_B_SPLINE_CURVE((1.0000000000,1.0000000000))
REPRESENTATION_ITEM('')
);
#261=CARTESIAN_POINT('',(-41.0000000000,21.0000000000,0.0000000000));
#262=CARTESIAN_POINT('',(-41.0000000000,-21.0000000000,0.0000000000));

#263=EDGE_CURVE('',#257,#206,#260,.T.);
#264=ORIENTED_EDGE('',*,*,#263,.T.);
#265=EDGE_LOOP('',(#214,#221,#229,#236,#244,#251,#259,#264));
#266=FACE_OUTER_BOUND('',#265,.T.);
#267=CARTESIAN_POINT('',(-37.0000000000,20.5000000000,0.0000000000));
#268=VERTEX_POINT('',#267);
#269=(
BOUNDED_CURVE()
B_SPLINE_CURVE(1,(#270,#271),.UNSPECIFIED.,.F.,.F.)
B_SPLINE_CURVE_WITH_KNOTS((2,2),(0.000,1.000),.UNSPECIFIED.)
CURVE()
GEOMETRIC_REPRESENTATION_ITEM()
RATIONAL_B_SPLINE_CURVE((1.0000000000,1.0000000000))
REPRESENTATION_ITEM('')
);
#270=CARTESIAN_POINT('',(-37.0000000000,20.5000000000,0.0000000000));
#271=CARTESIAN_POINT('',(37.0000000000,20.5000000000,0.0000000000));

#272=CARTESIAN_POINT('',(37.0000000000,20.5000000000,0.0000000000));
#273=VERTEX_POINT('',#272);
#274=EDGE_CURVE('',#268,#273,#269,.T.);
#275=ORIENTED_EDGE('',*,*,#274,.T.);
#276=(
BOUNDED_CURVE()
B_SPLINE_CURVE(2,(#277,#278,#279),.UNSPECIFIED.,.F.,.F.)
B_SPLINE_CURVE_WITH_KNOTS((3,3),(0.000,1.000),.UNSPECIFIED.)
CURVE()
GEOMETRIC_REPRESENTATION_ITEM()
RATIONAL_B_SPLINE_CURVE((1.0000000000,0.7071067812,1.0000000000))
REPRESENTATION_ITEM('')
);
#277=CARTESIAN_POINT('',(37.0000000000,20.5000000000,0.0000000000));
#278=CARTESIAN_POINT('',(38.0000000000,20.5000000000,0.0000000000));
#279=CARTESIAN_POINT('',(38.0000000000,19.5000000000,0.0000000000));

#280=CARTESIAN_POINT('',(38.0000000000,19.5000000000,0.0000000000));
#281=VERTEX_POINT('',#280);
#282=EDGE_CURVE('',#273,#281,#276,.T.);
#283=ORIENTED_EDGE('',*,*,#282,.T.);
#284=(
BOUNDED_CURVE()
B_SPLINE_CURVE(1,(#285,#286),.UNSPECIFIED.,.F.,.F.)
B_SPLINE_CURVE_WITH_KNOTS((2,2),(0.000,1.000),.UNSPECIFIED.)
CURVE()
GEOMETRIC_REPRESENTATION_ITEM()
RATIONAL_B_SPLINE_CURVE((1.0000000000,1.0000000000))
REPRESENTATION_ITEM('')
);
#285=CARTESIAN_POINT('',(38.0000000000,19.5000000000,0.0000000000));
#286=CARTESIAN_POINT('',(38.0000000000,-19.5000000000,0.0000000000));

#287=CARTESIAN_POINT('',(38.0000000000,-19.5000000000,0.0000000000));
#288=VERTEX_POINT('',#287);
#289=EDGE_CURVE('',#281,#288,#284,.T.);
#290=ORIENTED_EDGE('',*,*,#289,.T.);
#291=(
BOUNDED_CURVE()
B_SPLINE_CURVE(2,(#292,#293,#294),.UNSPECIFIED.,.F.,.F.)
B_SPLINE_CURVE_WITH_KNOTS((3,3),(0.000,1.000),.UNSPECIFIED.)
CURVE()
GEOMETRIC_REPRESENTATION_ITEM()
RATIONAL_B_SPLINE_CURVE((1.0000000000,0.7071067812,1.0000000000))
REPRESENTATION_ITEM('')
);
#292=CARTESIAN_POINT('',(38.0000000000,-19.5000000000,0.0000000000));
#293=CARTESIAN_POINT('',(38.0000000000,-20.5000000000,0.0000000000));
#294=CARTESIAN_POINT('',(37.0000000000,-20.5000000000,0.0000000000));

#295=CARTESIAN_POINT('',(37.0000000000,-20.5000000000,0.0000000000));
#296=VERTEX_POINT('',#295);
#297=EDGE_CURVE('',#288,#296,#291,.T.);
#298=ORIENTED_EDGE('',*,*,#297,.T.);
#299=(
BOUNDED_CURVE()
B_SPLINE_CURVE(1,(#300,#301),.UNSPECIFIED.,.F.,.F.)
B_SPLINE_CURVE_WITH_KNOTS((2,2),(0.000,1.000),.UNSPECIFIED.)
CURVE()
GEOMETRIC_REPRESENTATION_ITEM()
RATIONAL_B_SPLINE_CURVE((1.0000000000,1.0000000000))
REPRESENTATION_ITEM('')
);
#300=CARTESIAN_POINT('',(37.0000000000,-20.5000000000,0.0000000000));
#301=CARTESIAN_POINT('',(-37.0000000000,-20.5000000000,0.0000000000));

#302=CARTESIAN_POINT('',(-37.0000000000,-20.5000000000,0.0000000000));
#303=VERTEX_POINT('',#302);
#304=EDGE_CURVE('',#296,#303,#299,.T.);
#305=ORIENTED_EDGE('',*,*,#304,.T.);
#306=(
BOUNDED_CURVE()
B_SPLINE_CURVE(2,(#307,#308,#309),.UNSPECIFIED.,.F.,.F.)
B_SPLINE_CURVE_WITH_KNOTS((3,3),(0.000,1.000),.UNSPECIFIED.)
CURVE()
GEOMETRIC_REPRESENTATION_ITEM()
RATIONAL_B_SPLINE_CURVE((1.0000000000,0.7071067812,1.0000000000))
REPRESENTATION_ITEM('')
);
#307=CARTESIAN_POINT('',(-37.0000000000,-20.5000000000,0.0000000000));
#308=CARTESIAN_POINT('',(-38.0000000000,-20.5000000000,0.0000000000));
#309=CARTESIAN_POINT('',(-38.0000000000,-19.5000000000,0.0000000000));

#310=CARTESIAN_POINT('',(-38.0000000000,-19.5000000000,0.0000000000));
#311=VERTEX_POINT('',#310);
#312=EDGE_CURVE('',#303,#311,#306,.T.);
#313=ORIENTED_EDGE('',*,*,#312,.T.);
#314=(
BOUNDED_CURVE()
B_SPLINE_CURVE(1,(#315,#316),.UNSPECIFIED.,.F.,.F.)
B_SPLINE_CURVE_WITH_KNOTS((2,2),(0.000,1.000),.UNSPECIFIED.)
CURVE()
GEOMETRIC_REPRESENTATION_ITEM()
RATIONAL_B_SPLINE_CURVE((1.0000000000,1.0000000000))
REPRESENTATION_ITEM('')
);
#315=CARTESIAN_POINT('',(-38.0000000000,-19.5000000000,0.0000000000));
#316=CARTESIAN_POINT('',(-38.0000000000,19.5000000000,0.0000000000));

#317=CARTESIAN_POINT('',(-38.0000000000,19.5000000000,0.0000000000));
#318=VERTEX_POINT('',#317);
#319=EDGE_CURVE('',#311,#318,#314,.T.);
#320=ORIENTED_EDGE('',*,*,#319,.T.);
#321=(
BOUNDED_CURVE()
B_SPLINE_CURVE(2,(#322,#323,#324),.UNSPECIFIED.,.F.,.F.)
B_SPLINE_CURVE_WITH_KNOTS((3,3),(0.000,1.000),.UNSPECIFIED.)
CURVE()
GEOMETRIC_REPRESENTATION_ITEM()
RATIONAL_B_SPLINE_CURVE((1.0000000000,0.7071067812,1.0000000000))
REPRESENTATION_ITEM('')
);
#322=CARTESIAN_POINT('',(-38.0000000000,19.5000000000,0.0000000000));
#323=CARTESIAN_POINT('',(-38.0000000000,20.5000000000,0.0000000000));
#324=CARTESIAN_POINT('',(-37.0000000000,20.5000000000,0.0000000000));

#325=EDGE_CURVE('',#318,#268,#321,.T.);
#326=ORIENTED_EDGE('',*,*,#325,.T.);
#327=EDGE_LOOP('',(#275,#283,#290,#298,#305,#313,#320,#326));
#328=FACE_BOUND('',#327,.T.);
#329=ADVANCED_FACE('',(#266,#328),#200,.T.);
#330=COLOUR_RGB('',0.39,0.39,0.39);
#331=FILL_AREA_STYLE_COLOUR('',#330);
#332=FILL_AREA_STYLE('',(#331));
#333=SURFACE_STYLE_FILL_AREA(#332);
#334=SURFACE_STYLE_TRANSPARENT(0.00);
#335=SURFACE_STYLE_RENDERING_WITH_PROPERTIES(.NORMAL_SHADING.,#330,(#334));
#336=SURFACE_SIDE_STYLE('',(#333, #335));
#337=SURFACE_STYLE_USAGE(.BOTH.,#336);
#338=PRESENTATION_STYLE_ASSIGNMENT((#337));
#339=STYLED_ITEM('',(#338),#329);

#340=(
BOUNDED_SURFACE()
B_SPLINE_SURFACE(1,1,((#341,#342),(#343,#344)),.UNSPECIFIED.,.F.,.F.,.F.)
B_SPLINE_SURFACE_WITH_KNOTS((2,2),(2,2),(0.000,1.000),(0.000,1.000),.UNSPECIFIED.)
GEOMETRIC_REPRESENTATION_ITEM()
RATIONAL_B_SPLINE_SURFACE(((1.0000000000,1.0000000000),(1.0000000000,1.0000000000)))
REPRESENTATION_ITEM('')
SURFACE()
);
#341=CARTESIAN_POINT('',(-38.5000000000,23.5000000000,50.0000000000));
#342=CARTESIAN_POINT('',(-38.5000000000,23.5000000000,0.0000000000));
#343=CARTESIAN_POINT('',(38.5000000000,23.5000000000,50.0000000000));
#344=CARTESIAN_POINT('',(38.5000000000,23.5000000000,0.0000000000));

#345=CARTESIAN_POINT('',(-38.5000000000,23.5000000000,24.1325775953));
#346=VERTEX_POINT('',#345);
#347=(
BOUNDED_CURVE()
B_SPLINE_CURVE(1,(#348,#349),.UNSPECIFIED.,.F.,.F.)
B_SPLINE_CURVE_WITH_KNOTS((2,2),(0.000,1.000),.UNSPECIFIED.)
CURVE()
GEOMETRIC_REPRESENTATION_ITEM()
RATIONAL_B_SPLINE_CURVE((1.0000000000,1.0000000000))
REPRESENTATION_ITEM('')
);
#348=CARTESIAN_POINT('',(-38.5000000000,23.5000000000,24.1325775953));
#349=CARTESIAN_POINT('',(-38.5000000000,23.5000000000,0.0000000000));

#350=CARTESIAN_POINT('',(-38.5000000000,23.5000000000,0.0000000000));
#351=VERTEX_POINT('',#350);
#352=EDGE_CURVE('',#346,#351,#347,.T.);
#353=ORIENTED_EDGE('',*,*,#352,.T.);
#354=(
BOUNDED_CURVE()
B_SPLINE_CURVE(1,(#355,#356),.UNSPECIFIED.,.F.,.F.)
B_SPLINE_CURVE_WITH_KNOTS((2,2),(0.000,1.000),.UNSPECIFIED.)
CURVE()
GEOMETRIC_REPRESENTATION_ITEM()
RATIONAL_B_SPLINE_CURVE((1.0000000000,1.0000000000))
REPRESENTATION_ITEM('')
);
#355=CARTESIAN_POINT('',(-38.5000000000,23.5000000000,0.0000000000));
#356=CARTESIAN_POINT('',(38.5000000000,23.5000000000,0.0000000000));

#357=CARTESIAN_POINT('',(38.5000000000,23.5000000000,0.0000000000));
#358=VERTEX_POINT('',#357);
#359=EDGE_CURVE('',#351,#358,#354,.T.);
#360=ORIENTED_EDGE('',*,*,#359,.T.);
#361=(
BOUNDED_CURVE()
B_SPLINE_CURVE(1,(#362,#363),.UNSPECIFIED.,.F.,.F.)
B_SPLINE_CURVE_WITH_KNOTS((2,2),(0.000,1.000),.UNSPECIFIED.)
CURVE()
GEOMETRIC_REPRESENTATION_ITEM()
RATIONAL_B_SPLINE_CURVE((1.0000000000,1.0000000000))
REPRESENTATION_ITEM('')
);
#362=CARTESIAN_POINT('',(38.5000000000,23.5000000000,0.0000000000));
#363=CARTESIAN_POINT('',(38.5000000000,23.5000000000,24.1325775953));

#364=CARTESIAN_POINT('',(38.5000000000,23.5000000000,24.1325775953));
#365=VERTEX_POINT('',#364);
#366=EDGE_CURVE('',#358,#365,#361,.T.);
#367=ORIENTED_EDGE('',*,*,#366,.T.);
#368=(
BOUNDED_CURVE()
B_SPLINE_CURVE(1,(#369,#370),.UNSPECIFIED.,.F.,.F.)
B_SPLINE_CURVE_WITH_KNOTS((2,2),(0.000,1.000),.UNSPECIFIED.)
CURVE()
GEOMETRIC_REPRESENTATION_ITEM()
RATIONAL_B_SPLINE_CURVE((1.0000000000,1.0000000000))
REPRESENTATION_ITEM('')
);
#369=CARTESIAN_POINT('',(38.5000000000,23.5000000000,24.1325775953));
#370=CARTESIAN_POINT('',(-38.5000000000,23.5000000000,24.1325775953));

#371=EDGE_CURVE('',#365,#346,#368,.T.);
#372=ORIENTED_EDGE('',*,*,#371,.T.);
#373=EDGE_LOOP('',(#353,#360,#367,#372));
#374=FACE_OUTER_BOUND('',#373,.T.);
#375=ADVANCED_FACE('',(#374),#340,.T.);
#376=COLOUR_RGB('',0.39,0.39,0.39);
#377=FILL_AREA_STYLE_COLOUR('',#376);
#378=FILL_AREA_STYLE('',(#377));
#379=SURFACE_STYLE_FILL_AREA(#378);
#380=SURFACE_STYLE_TRANSPARENT(0.00);
#381=SURFACE_STYLE_RENDERING_WITH_PROPERTIES(.NORMAL_SHADING.,#376,(#380));
#382=SURFACE_SIDE_STYLE('',(#379, #381));
#383=SURFACE_STYLE_USAGE(.BOTH.,#382);
#384=PRESENTATION_STYLE_ASSIGNMENT((#383));
#385=STYLED_ITEM('',(#384),#375);

#386=(
BOUNDED_SURFACE()
B_SPLINE_SURFACE(2,1,((#387,#388),(#389,#390),(#391,#392)),.UNSPECIFIED.,.F.,.F.,.F.)
B_SPLINE_SURFACE_WITH_KNOTS((3,3),(2,2),(0.000,1.000),(0.000,1.000),.UNSPECIFIED.)
GEOMETRIC_REPRESENTATION_ITEM()
RATIONAL_B_SPLINE_SURFACE(((1.0000000000,1.0000000000),(0.7071067812,0.7071067812),(1.0000000000,1.0000000000)))
REPRESENTATION_ITEM('')
SURFACE()
);
#387=CARTESIAN_POINT('',(38.5000000000,23.5000000000,50.0000000000));
#388=CARTESIAN_POINT('',(38.5000000000,23.5000000000,0.0000000000));
#389=CARTESIAN_POINT('',(41.0000000000,23.5000000000,50.0000000000));
#390=CARTESIAN_POINT('',(41.0000000000,23.5000000000,0.0000000000));
#391=CARTESIAN_POINT('',(41.0000000000,21.0000000000,50.0000000000));
#392=CARTESIAN_POINT('',(41.0000000000,21.0000000000,0.0000000000));

#393=CARTESIAN_POINT('',(38.5000000000,23.5000000000,24.1325775953));
#394=VERTEX_POINT('',#393);
#395=(
BOUNDED_CURVE()
B_SPLINE_CURVE(1,(#396,#397),.UNSPECIFIED.,.F.,.F.)
B_SPLINE_CURVE_WITH_KNOTS((2,2),(0.000,1.000),.UNSPECIFIED.)
CURVE()
GEOMETRIC_REPRESENTATION_ITEM()
RATIONAL_B_SPLINE_CURVE((1.0000000000,1.0000000000))
REPRESENTATION_ITEM('')
);
#396=CARTESIAN_POINT('',(38.5000000000,23.5000000000,24.1325775953));
#397=CARTESIAN_POINT('',(38.5000000000,23.5000000000,0.0000000000));

#398=CARTESIAN_POINT('',(38.5000000000,23.5000000000,0.0000000000));
#399=VERTEX_POINT('',#398);
#400=EDGE_CURVE('',#394,#399,#395,.T.);
#401=ORIENTED_EDGE('',*,*,#400,.T.);
#402=(
BOUNDED_CURVE()
B_SPLINE_CURVE(2,(#403,#404,#405),.UNSPECIFIED.,.F.,.F.)
B_SPLINE_CURVE_WITH_KNOTS((3,3),(0.000,1.000),.UNSPECIFIED.)
CURVE()
GEOMETRIC_REPRESENTATION_ITEM()
RATIONAL_B_SPLINE_CURVE((1.0000000000,0.7071067812,1.0000000000))
REPRESENTATION_ITEM('')
);
#403=CARTESIAN_POINT('',(38.5000000000,23.5000000000,0.0000000000));
#404=CARTESIAN_POINT('',(40.9999999999,23.5000000000,0.0000000000));
#405=CARTESIAN_POINT('',(41.0000000000,21.0000000001,0.0000000000));

#406=CARTESIAN_POINT('',(41.0000000000,21.0000000001,0.0000000000));
#407=VERTEX_POINT('',#406);
#408=EDGE_CURVE('',#399,#407,#402,.T.);
#409=ORIENTED_EDGE('',*,*,#408,.T.);
#410=(
BOUNDED_CURVE()
B_SPLINE_CURVE(1,(#411,#412),.UNSPECIFIED.,.F.,.F.)
B_SPLINE_CURVE_WITH_KNOTS((2,2),(0.000,1.000),.UNSPECIFIED.)
CURVE()
GEOMETRIC_REPRESENTATION_ITEM()
RATIONAL_B_SPLINE_CURVE((1.0000000000,1.0000000000))
REPRESENTATION_ITEM('')
);
#411=CARTESIAN_POINT('',(41.0000000000,21.0000000000,0.0000000000));
#412=CARTESIAN_POINT('',(41.0000000000,21.0000000000,25.0425031810));

#413=CARTESIAN_POINT('',(41.0000000000,21.0000000000,25.0425031810));
#414=VERTEX_POINT('',#413);
#415=EDGE_CURVE('',#407,#414,#410,.T.);
#416=ORIENTED_EDGE('',*,*,#415,.T.);
#417=(
BOUNDED_CURVE()
B_SPLINE_CURVE(2,(#418,#419,#420),.UNSPECIFIED.,.F.,.F.)
B_SPLINE_CURVE_WITH_KNOTS((3,3),(0.000,1.000),.UNSPECIFIED.)
CURVE()
GEOMETRIC_REPRESENTATION_ITEM()
RATIONAL_B_SPLINE_CURVE((0.9999999985,0.7071067819,1.0000000000))
REPRESENTATION_ITEM('')
);
#418=CARTESIAN_POINT('',(41.0000000000,21.0000000089,25.0425031777));
#419=CARTESIAN_POINT('',(40.9999999911,23.5000000000,24.1325775953));
#420=CARTESIAN_POINT('',(38.5000000000,23.5000000000,24.1325775953));

#421=EDGE_CURVE('',#414,#394,#417,.T.);
#422=ORIENTED_EDGE('',*,*,#421,.T.);
#423=EDGE_LOOP('',(#401,#409,#416,#422));
#424=FACE_OUTER_BOUND('',#423,.T.);
#425=ADVANCED_FACE('',(#424),#386,.T.);
#426=COLOUR_RGB('',0.39,0.39,0.39);
#427=FILL_AREA_STYLE_COLOUR('',#426);
#428=FILL_AREA_STYLE('',(#427));
#429=SURFACE_STYLE_FILL_AREA(#428);
#430=SURFACE_STYLE_TRANSPARENT(0.00);
#431=SURFACE_STYLE_RENDERING_WITH_PROPERTIES(.NORMAL_SHADING.,#426,(#430));
#432=SURFACE_SIDE_STYLE('',(#429, #431));
#433=SURFACE_STYLE_USAGE(.BOTH.,#432);
#434=PRESENTATION_STYLE_ASSIGNMENT((#433));
#435=STYLED_ITEM('',(#434),#425);

#436=(
BOUNDED_SURFACE()
B_SPLINE_SURFACE(1,1,((#437,#438),(#439,#440)),.UNSPECIFIED.,.F.,.F.,.F.)
B_SPLINE_SURFACE_WITH_KNOTS((2,2),(2,2),(0.000,1.000),(0.000,1.000),.UNSPECIFIED.)
GEOMETRIC_REPRESENTATION_ITEM()
RATIONAL_B_SPLINE_SURFACE(((1.0000000000,1.0000000000),(1.0000000000,1.0000000000)))
REPRESENTATION_ITEM('')
SURFACE()
);
#437=CARTESIAN_POINT('',(41.0000000000,21.0000000000,50.0000000000));
#438=CARTESIAN_POINT('',(41.0000000000,21.0000000000,0.0000000000));
#439=CARTESIAN_POINT('',(41.0000000000,-21.0000000000,50.0000000000));
#440=CARTESIAN_POINT('',(41.0000000000,-21.0000000000,0.0000000000));

#441=CARTESIAN_POINT('',(41.0000000000,21.0000000000,25.0425031810));
#442=VERTEX_POINT('',#441);
#443=(
BOUNDED_CURVE()
B_SPLINE_CURVE(1,(#444,#445),.UNSPECIFIED.,.F.,.F.)
B_SPLINE_CURVE_WITH_KNOTS((2,2),(0.000,1.000),.UNSPECIFIED.)
CURVE()
GEOMETRIC_REPRESENTATION_ITEM()
RATIONAL_B_SPLINE_CURVE((1.0000000000,1.0000000000))
REPRESENTATION_ITEM('')
);
#444=CARTESIAN_POINT('',(41.0000000000,21.0000000000,25.0425031810));
#445=CARTESIAN_POINT('',(41.0000000000,21.0000000000,0.0000000000));

#446=CARTESIAN_POINT('',(41.0000000000,21.0000000000,0.0000000000));
#447=VERTEX_POINT('',#446);
#448=EDGE_CURVE('',#442,#447,#443,.T.);
#449=ORIENTED_EDGE('',*,*,#448,.T.);
#450=(
BOUNDED_CURVE()
B_SPLINE_CURVE(1,(#451,#452),.UNSPECIFIED.,.F.,.F.)
B_SPLINE_CURVE_WITH_KNOTS((2,2),(0.000,1.000),.UNSPECIFIED.)
CURVE()
GEOMETRIC_REPRESENTATION_ITEM()
RATIONAL_B_SPLINE_CURVE((1.0000000000,1.0000000000))
REPRESENTATION_ITEM('')
);
#451=CARTESIAN_POINT('',(41.0000000000,21.0000000000,0.0000000000));
#452=CARTESIAN_POINT('',(41.0000000000,-21.0000000000,0.0000000000));

#453=CARTESIAN_POINT('',(41.0000000000,-21.0000000000,0.0000000000));
#454=VERTEX_POINT('',#453);
#455=EDGE_CURVE('',#447,#454,#450,.T.);
#456=ORIENTED_EDGE('',*,*,#455,.T.);
#457=(
BOUNDED_CURVE()
B_SPLINE_CURVE(1,(#458,#459),.UNSPECIFIED.,.F.,.F.)
B_SPLINE_CURVE_WITH_KNOTS((2,2),(0.000,1.000),.UNSPECIFIED.)
CURVE()
GEOMETRIC_REPRESENTATION_ITEM()
RATIONAL_B_SPLINE_CURVE((1.0000000000,1.0000000000))
REPRESENTATION_ITEM('')
);
#458=CARTESIAN_POINT('',(41.0000000000,-21.0000000000,0.0000000000));
#459=CARTESIAN_POINT('',(41.0000000000,-21.0000000000,11.8686935486));

#460=CARTESIAN_POINT('',(41.0000000000,-21.0000000000,11.8686935486));
#461=VERTEX_POINT('',#460);
#462=EDGE_CURVE('',#454,#461,#457,.T.);
#463=ORIENTED_EDGE('',*,*,#462,.T.);
#464=(
BOUNDED_CURVE()
B_SPLINE_CURVE(1,(#465,#466),.UNSPECIFIED.,.F.,.F.)
B_SPLINE_CURVE_WITH_KNOTS((2,2),(0.000,1.000),.UNSPECIFIED.)
CURVE()
GEOMETRIC_REPRESENTATION_ITEM()
RATIONAL_B_SPLINE_CURVE((1.0000000000,1.0000000000))
REPRESENTATION_ITEM('')
);
#465=CARTESIAN_POINT('',(41.0000000000,-21.0000000000,11.8686935486));
#466=CARTESIAN_POINT('',(41.0000000000,-11.8529525035,37.0000000000));

#467=CARTESIAN_POINT('',(41.0000000000,-11.8529525035,37.0000000000));
#468=VERTEX_POINT('',#467);
#469=EDGE_CURVE('',#461,#468,#464,.T.);
#470=ORIENTED_EDGE('',*,*,#469,.T.);
#471=(
BOUNDED_CURVE()
B_SPLINE_CURVE(1,(#472,#473),.UNSPECIFIED.,.F.,.F.)
B_SPLINE_CURVE_WITH_KNOTS((2,2),(0.000,1.000),.UNSPECIFIED.)
CURVE()
GEOMETRIC_REPRESENTATION_ITEM()
RATIONAL_B_SPLINE_CURVE((1.0000000000,1.0000000000))
REPRESENTATION_ITEM('')
);
#472=CARTESIAN_POINT('',(41.0000000000,-11.8529525035,37.0000000000));
#473=CARTESIAN_POINT('',(41.0000000000,21.0000000000,25.0425031810));

#474=EDGE_CURVE('',#468,#442,#471,.T.);
#475=ORIENTED_EDGE('',*,*,#474,.T.);
#476=EDGE_LOOP('',(#449,#456,#463,#470,#475));
#477=FACE_OUTER_BOUND('',#476,.T.);
#478=ADVANCED_FACE('',(#477),#436,.T.);
#479=COLOUR_RGB('',0.39,0.39,0.39);
#480=FILL_AREA_STYLE_COLOUR('',#479);
#481=FILL_AREA_STYLE('',(#480));
#482=SURFACE_STYLE_FILL_AREA(#481);
#483=SURFACE_STYLE_TRANSPARENT(0.00);
#484=SURFACE_STYLE_RENDERING_WITH_PROPERTIES(.NORMAL_SHADING.,#479,(#483));
#485=SURFACE_SIDE_STYLE('',(#482, #484));
#486=SURFACE_STYLE_USAGE(.BOTH.,#485);
#487=PRESENTATION_STYLE_ASSIGNMENT((#486));
#488=STYLED_ITEM('',(#487),#478);

#489=(
BOUNDED_SURFACE()
B_SPLINE_SURFACE(2,1,((#490,#491),(#492,#493),(#494,#495)),.UNSPECIFIED.,.F.,.F.,.F.)
B_SPLINE_SURFACE_WITH_KNOTS((3,3),(2,2),(0.000,1.000),(0.000,1.000),.UNSPECIFIED.)
GEOMETRIC_REPRESENTATION_ITEM()
RATIONAL_B_SPLINE_SURFACE(((1.0000000000,1.0000000000),(0.7071067812,0.7071067812),(1.0000000000,1.0000000000)))
REPRESENTATION_ITEM('')
SURFACE()
);
#490=CARTESIAN_POINT('',(41.0000000000,-21.0000000000,50.0000000000));
#491=CARTESIAN_POINT('',(41.0000000000,-21.0000000000,0.0000000000));
#492=CARTESIAN_POINT('',(41.0000000000,-23.5000000000,50.0000000000));
#493=CARTESIAN_POINT('',(41.0000000000,-23.5000000000,0.0000000000));
#494=CARTESIAN_POINT('',(38.5000000000,-23.5000000000,50.0000000000));
#495=CARTESIAN_POINT('',(38.5000000000,-23.5000000000,0.0000000000));

#496=CARTESIAN_POINT('',(41.0000000000,-21.0000000000,11.8686935486));
#497=VERTEX_POINT('',#496);
#498=(
BOUNDED_CURVE()
B_SPLINE_CURVE(1,(#499,#500),.UNSPECIFIED.,.F.,.F.)
B_SPLINE_CURVE_WITH_KNOTS((2,2),(0.000,1.000),.UNSPECIFIED.)
CURVE()
GEOMETRIC_REPRESENTATION_ITEM()
RATIONAL_B_SPLINE_CURVE((1.0000000000,1.0000000000))
REPRESENTATION_ITEM('')
);
#499=CARTESIAN_POINT('',(41.0000000000,-21.0000000000,11.8686935486));
#500=CARTESIAN_POINT('',(41.0000000000,-21.0000000000,0.0000000000));

#501=CARTESIAN_POINT('',(41.0000000000,-21.0000000000,0.0000000000));
#502=VERTEX_POINT('',#501);
#503=EDGE_CURVE('',#497,#502,#498,.T.);
#504=ORIENTED_EDGE('',*,*,#503,.T.);
#505=(
BOUNDED_CURVE()
B_SPLINE_CURVE(2,(#506,#507,#508),.UNSPECIFIED.,.F.,.F.)
B_SPLINE_CURVE_WITH_KNOTS((3,3),(0.000,1.000),.UNSPECIFIED.)
CURVE()
GEOMETRIC_REPRESENTATION_ITEM()
RATIONAL_B_SPLINE_CURVE((1.0000000000,0.7071067812,1.0000000000))
REPRESENTATION_ITEM('')
);
#506=CARTESIAN_POINT('',(41.0000000000,-21.0000000000,0.0000000000));
#507=CARTESIAN_POINT('',(41.0000000000,-23.4999999999,0.0000000000));
#508=CARTESIAN_POINT('',(38.5000000001,-23.5000000000,0.0000000000));

#509=CARTESIAN_POINT('',(38.5000000001,-23.5000000000,0.0000000000));
#510=VERTEX_POINT('',#509);
#511=EDGE_CURVE('',#502,#510,#505,.T.);
#512=ORIENTED_EDGE('',*,*,#511,.T.);
#513=(
BOUNDED_CURVE()
B_SPLINE_CURVE(1,(#514,#515),.UNSPECIFIED.,.F.,.F.)
B_SPLINE_CURVE_WITH_KNOTS((2,2),(0.000,1.000),.UNSPECIFIED.)
CURVE()
GEOMETRIC_REPRESENTATION_ITEM()
RATIONAL_B_SPLINE_CURVE((1.0000000000,1.0000000000))
REPRESENTATION_ITEM('')
);
#514=CARTESIAN_POINT('',(38.5000000000,-23.5000000000,0.0000000000));
#515=CARTESIAN_POINT('',(38.5000000000,-23.5000000000,5.0000000000));

#516=CARTESIAN_POINT('',(38.5000000000,-23.5000000000,5.0000000000));
#517=VERTEX_POINT('',#516);
#518=EDGE_CURVE('',#510,#517,#513,.T.);
#519=ORIENTED_EDGE('',*,*,#518,.T.);
#520=(
BOUNDED_CURVE()
B_SPLINE_CURVE(2,(#521,#522,#523),.UNSPECIFIED.,.F.,.F.)
B_SPLINE_CURVE_WITH_KNOTS((3,3),(0.000,1.000),.UNSPECIFIED.)
CURVE()
GEOMETRIC_REPRESENTATION_ITEM()
RATIONAL_B_SPLINE_CURVE((1.0000000000,0.7071067812,1.0000000000))
REPRESENTATION_ITEM('')
);
#521=CARTESIAN_POINT('',(38.5000000000,-23.5000000000,5.0000000000));
#522=CARTESIAN_POINT('',(41.0000000000,-23.5000000000,5.0000000001));
#523=CARTESIAN_POINT('',(41.0000000000,-21.0000000000,11.8686935486));

#524=EDGE_CURVE('',#517,#497,#520,.T.);
#525=ORIENTED_EDGE('',*,*,#524,.T.);
#526=EDGE_LOOP('',(#504,#512,#519,#525));
#527=FACE_OUTER_BOUND('',#526,.T.);
#528=ADVANCED_FACE('',(#527),#489,.T.);
#529=COLOUR_RGB('',0.39,0.39,0.39);
#530=FILL_AREA_STYLE_COLOUR('',#529);
#531=FILL_AREA_STYLE('',(#530));
#532=SURFACE_STYLE_FILL_AREA(#531);
#533=SURFACE_STYLE_TRANSPARENT(0.00);
#534=SURFACE_STYLE_RENDERING_WITH_PROPERTIES(.NORMAL_SHADING.,#529,(#533));
#535=SURFACE_SIDE_STYLE('',(#532, #534));
#536=SURFACE_STYLE_USAGE(.BOTH.,#535);
#537=PRESENTATION_STYLE_ASSIGNMENT((#536));
#538=STYLED_ITEM('',(#537),#528);

#539=(
BOUNDED_SURFACE()
B_SPLINE_SURFACE(1,1,((#540,#541),(#542,#543)),.UNSPECIFIED.,.F.,.F.,.F.)
B_SPLINE_SURFACE_WITH_KNOTS((2,2),(2,2),(0.000,1.000),(0.000,1.000),.UNSPECIFIED.)
GEOMETRIC_REPRESENTATION_ITEM()
RATIONAL_B_SPLINE_SURFACE(((1.0000000000,1.0000000000),(1.0000000000,1.0000000000)))
REPRESENTATION_ITEM('')
SURFACE()
);
#540=CARTESIAN_POINT('',(38.5000000000,-23.5000000000,50.0000000000));
#541=CARTESIAN_POINT('',(38.5000000000,-23.5000000000,0.0000000000));
#542=CARTESIAN_POINT('',(-38.5000000000,-23.5000000000,50.0000000000));
#543=CARTESIAN_POINT('',(-38.5000000000,-23.5000000000,0.0000000000));

#544=CARTESIAN_POINT('',(38.5000000000,-23.5000000000,5.0000000000));
#545=VERTEX_POINT('',#544);
#546=(
BOUNDED_CURVE()
B_SPLINE_CURVE(1,(#547,#548),.UNSPECIFIED.,.F.,.F.)
B_SPLINE_CURVE_WITH_KNOTS((2,2),(0.000,1.000),.UNSPECIFIED.)
CURVE()
GEOMETRIC_REPRESENTATION_ITEM()
RATIONAL_B_SPLINE_CURVE((1.0000000000,1.0000000000))
REPRESENTATION_ITEM('')
);
#547=CARTESIAN_POINT('',(38.5000000000,-23.5000000000,5.0000000000));
#548=CARTESIAN_POINT('',(38.5000000000,-23.5000000000,0.0000000000));

#549=CARTESIAN_POINT('',(38.5000000000,-23.5000000000,0.0000000000));
#550=VERTEX_POINT('',#549);
#551=EDGE_CURVE('',#545,#550,#546,.T.);
#552=ORIENTED_EDGE('',*,*,#551,.T.);
#553=(
BOUNDED_CURVE()
B_SPLINE_CURVE(1,(#554,#555),.UNSPECIFIED.,.F.,.F.)
B_SPLINE_CURVE_WITH_KNOTS((2,2),(0.000,1.000),.UNSPECIFIED.)
CURVE()
GEOMETRIC_REPRESENTATION_ITEM()
RATIONAL_B_SPLINE_CURVE((1.0000000000,1.0000000000))
REPRESENTATION_ITEM('')
);
#554=CARTESIAN_POINT('',(38.5000000000,-23.5000000000,0.0000000000));
#555=CARTESIAN_POINT('',(-38.5000000000,-23.5000000000,0.0000000000));

#556=CARTESIAN_POINT('',(-38.5000000000,-23.5000000000,0.0000000000));
#557=VERTEX_POINT('',#556);
#558=EDGE_CURVE('',#550,#557,#553,.T.);
#559=ORIENTED_EDGE('',*,*,#558,.T.);
#560=(
BOUNDED_CURVE()
B_SPLINE_CURVE(1,(#561,#562),.UNSPECIFIED.,.F.,.F.)
B_SPLINE_CURVE_WITH_KNOTS((2,2),(0.000,1.000),.UNSPECIFIED.)
CURVE()
GEOMETRIC_REPRESENTATION_ITEM()
RATIONAL_B_SPLINE_CURVE((1.0000000000,1.0000000000))
REPRESENTATION_ITEM('')
);
#561=CARTESIAN_POINT('',(-38.5000000000,-23.5000000000,0.0000000000));
#562=CARTESIAN_POINT('',(-38.5000000000,-23.5000000000,5.0000000000));

#563=CARTESIAN_POINT('',(-38.5000000000,-23.5000000000,5.0000000000));
#564=VERTEX_POINT('',#563);
#565=EDGE_CURVE('',#557,#564,#560,.T.);
#566=ORIENTED_EDGE('',*,*,#565,.T.);
#567=(
BOUNDED_CURVE()
B_SPLINE_CURVE(1,(#568,#569),.UNSPECIFIED.,.F.,.F.)
B_SPLINE_CURVE_WITH_KNOTS((2,2),(0.000,1.000),.UNSPECIFIED.)
CURVE()
GEOMETRIC_REPRESENTATION_ITEM()
RATIONAL_B_SPLINE_CURVE((1.0000000000,1.0000000000))
REPRESENTATION_ITEM('')
);
#568=CARTESIAN_POINT('',(-38.5000000000,-23.5000000000,5.0000000000));
#569=CARTESIAN_POINT('',(38.5000000000,-23.5000000000,5.0000000000));

#570=EDGE_CURVE('',#564,#545,#567,.T.);
#571=ORIENTED_EDGE('',*,*,#570,.T.);
#572=EDGE_LOOP('',(#552,#559,#566,#571));
#573=FACE_OUTER_BOUND('',#572,.T.);
#574=ADVANCED_FACE('',(#573),#539,.T.);
#575=COLOUR_RGB('',0.39,0.39,0.39);
#576=FILL_AREA_STYLE_COLOUR('',#575);
#577=FILL_AREA_STYLE('',(#576));
#578=SURFACE_STYLE_FILL_AREA(#577);
#579=SURFACE_STYLE_TRANSPARENT(0.00);
#580=SURFACE_STYLE_RENDERING_WITH_PROPERTIES(.NORMAL_SHADING.,#575,(#579));
#581=SURFACE_SIDE_STYLE('',(#578, #580));
#582=SURFACE_STYLE_USAGE(.BOTH.,#581);
#583=PRESENTATION_STYLE_ASSIGNMENT((#582));
#584=STYLED_ITEM('',(#583),#574);

#585=(
BOUNDED_SURFACE()
B_SPLINE_SURFACE(2,1,((#586,#587),(#588,#589),(#590,#591)),.UNSPECIFIED.,.F.,.F.,.F.)
B_SPLINE_SURFACE_WITH_KNOTS((3,3),(2,2),(0.000,1.000),(0.000,1.000),.UNSPECIFIED.)
GEOMETRIC_REPRESENTATION_ITEM()
RATIONAL_B_SPLINE_SURFACE(((1.0000000000,1.0000000000),(0.7071067812,0.7071067812),(1.0000000000,1.0000000000)))
REPRESENTATION_ITEM('')
SURFACE()
);
#586=CARTESIAN_POINT('',(-38.5000000000,-23.5000000000,50.0000000000));
#587=CARTESIAN_POINT('',(-38.5000000000,-23.5000000000,0.0000000000));
#588=CARTESIAN_POINT('',(-41.0000000000,-23.5000000000,50.0000000000));
#589=CARTESIAN_POINT('',(-41.0000000000,-23.5000000000,0.0000000000));
#590=CARTESIAN_POINT('',(-41.0000000000,-21.0000000000,50.0000000000));
#591=CARTESIAN_POINT('',(-41.0000000000,-21.0000000000,0.0000000000));

#592=CARTESIAN_POINT('',(-38.5000000000,-23.5000000000,5.0000000000));
#593=VERTEX_POINT('',#592);
#594=(
BOUNDED_CURVE()
B_SPLINE_CURVE(1,(#595,#596),.UNSPECIFIED.,.F.,.F.)
B_SPLINE_CURVE_WITH_KNOTS((2,2),(0.000,1.000),.UNSPECIFIED.)
CURVE()
GEOMETRIC_REPRESENTATION_ITEM()
RATIONAL_B_SPLINE_CURVE((1.0000000000,1.0000000000))
REPRESENTATION_ITEM('')
);
#595=CARTESIAN_POINT('',(-38.5000000000,-23.5000000000,5.0000000000));
#596=CARTESIAN_POINT('',(-38.5000000000,-23.5000000000,0.0000000000));

#597=CARTESIAN_POINT('',(-38.5000000000,-23.5000000000,0.0000000000));
#598=VERTEX_POINT('',#597);
#599=EDGE_CURVE('',#593,#598,#594,.T.);
#600=ORIENTED_EDGE('',*,*,#599,.T.);
#601=(
BOUNDED_CURVE()
B_SPLINE_CURVE(2,(#602,#603,#604),.UNSPECIFIED.,.F.,.F.)
B_SPLINE_CURVE_WITH_KNOTS((3,3),(0.000,1.000),.UNSPECIFIED.)
CURVE()
GEOMETRIC_REPRESENTATION_ITEM()
RATIONAL_B_SPLINE_CURVE((1.0000000000,0.7071067812,1.0000000000))
REPRESENTATION_ITEM('')
);
#602=CARTESIAN_POINT('',(-38.5000000000,-23.5000000000,0.0000000000));
#603=CARTESIAN_POINT('',(-40.9999999999,-23.5000000000,0.0000000000));
#604=CARTESIAN_POINT('',(-41.0000000000,-21.0000000001,0.0000000000));

#605=CARTESIAN_POINT('',(-41.0000000000,-21.0000000001,0.0000000000));
#606=VERTEX_POINT('',#605);
#607=EDGE_CURVE('',#598,#606,#601,.T.);
#608=ORIENTED_EDGE('',*,*,#607,.T.);
#609=(
BOUNDED_CURVE()
B_SPLINE_CURVE(1,(#610,#611),.UNSPECIFIED.,.F.,.F.)
B_SPLINE_CURVE_WITH_KNOTS((2,2),(0.000,1.000),.UNSPECIFIED.)
CURVE()
GEOMETRIC_REPRESENTATION_ITEM()
RATIONAL_B_SPLINE_CURVE((1.0000000000,1.0000000000))
REPRESENTATION_ITEM('')
);
#610=CARTESIAN_POINT('',(-41.0000000000,-21.0000000000,0.0000000000));
#611=CARTESIAN_POINT('',(-41.0000000000,-21.0000000000,11.8686935486));

#612=CARTESIAN_POINT('',(-41.0000000000,-21.0000000000,11.8686935486));
#613=VERTEX_POINT('',#612);
#614=EDGE_CURVE('',#606,#613,#609,.T.);
#615=ORIENTED_EDGE('',*,*,#614,.T.);
#616=(
BOUNDED_CURVE()
B_SPLINE_CURVE(2,(#617,#618,#619),.UNSPECIFIED.,.F.,.F.)
B_SPLINE_CURVE_WITH_KNOTS((3,3),(0.000,1.000),.UNSPECIFIED.)
CURVE()
GEOMETRIC_REPRESENTATION_ITEM()
RATIONAL_B_SPLINE_CURVE((0.9999999998,0.7071067813,1.0000000000))
REPRESENTATION_ITEM('')
);
#617=CARTESIAN_POINT('',(-41.0000000000,-21.0000000012,11.8686935454));
#618=CARTESIAN_POINT('',(-40.9999999988,-23.5000000000,5.0000000000));
#619=CARTESIAN_POINT('',(-38.5000000000,-23.5000000000,5.0000000000));

#620=EDGE_CURVE('',#613,#593,#616,.T.);
#621=ORIENTED_EDGE('',*,*,#620,.T.);
#622=EDGE_LOOP('',(#600,#608,#615,#621));
#623=FACE_OUTER_BOUND('',#622,.T.);
#624=ADVANCED_FACE('',(#623),#585,.T.);
#625=COLOUR_RGB('',0.39,0.39,0.39);
#626=FILL_AREA_STYLE_COLOUR('',#625);
#627=FILL_AREA_STYLE('',(#626));
#628=SURFACE_STYLE_FILL_AREA(#627);
#629=SURFACE_STYLE_TRANSPARENT(0.00);
#630=SURFACE_STYLE_RENDERING_WITH_PROPERTIES(.NORMAL_SHADING.,#625,(#629));
#631=SURFACE_SIDE_STYLE('',(#628, #630));
#632=SURFACE_STYLE_USAGE(.BOTH.,#631);
#633=PRESENTATION_STYLE_ASSIGNMENT((#632));
#634=STYLED_ITEM('',(#633),#624);

#635=(
BOUNDED_SURFACE()
B_SPLINE_SURFACE(1,1,((#636,#637),(#638,#639)),.UNSPECIFIED.,.F.,.F.,.F.)
B_SPLINE_SURFACE_WITH_KNOTS((2,2),(2,2),(0.000,1.000),(0.000,1.000),.UNSPECIFIED.)
GEOMETRIC_REPRESENTATION_ITEM()
RATIONAL_B_SPLINE_SURFACE(((1.0000000000,1.0000000000),(1.0000000000,1.0000000000)))
REPRESENTATION_ITEM('')
SURFACE()
);
#636=CARTESIAN_POINT('',(-41.0000000000,-21.0000000000,50.0000000000));
#637=CARTESIAN_POINT('',(-41.0000000000,-21.0000000000,0.0000000000));
#638=CARTESIAN_POINT('',(-41.0000000000,21.0000000000,50.0000000000));
#639=CARTESIAN_POINT('',(-41.0000000000,21.0000000000,0.0000000000));

#640=CARTESIAN_POINT('',(-41.0000000000,-21.0000000000,11.8686935486));
#641=VERTEX_POINT('',#640);
#642=(
BOUNDED_CURVE()
B_SPLINE_CURVE(1,(#643,#644),.UNSPECIFIED.,.F.,.F.)
B_SPLINE_CURVE_WITH_KNOTS((2,2),(0.000,1.000),.UNSPECIFIED.)
CURVE()
GEOMETRIC_REPRESENTATION_ITEM()
RATIONAL_B_SPLINE_CURVE((1.0000000000,1.0000000000))
REPRESENTATION_ITEM('')
);
#643=CARTESIAN_POINT('',(-41.0000000000,-21.0000000000,11.8686935486));
#644=CARTESIAN_POINT('',(-41.0000000000,-21.0000000000,0.0000000000));

#645=CARTESIAN_POINT('',(-41.0000000000,-21.0000000000,0.0000000000));
#646=VERTEX_POINT('',#645);
#647=EDGE_CURVE('',#641,#646,#642,.T.);
#648=ORIENTED_EDGE('',*,*,#647,.T.);
#649=(
BOUNDED_CURVE()
B_SPLINE_CURVE(1,(#650,#651),.UNSPECIFIED.,.F.,.F.)
B_SPLINE_CURVE_WITH_KNOTS((2,2),(0.000,1.000),.UNSPECIFIED.)
CURVE()
GEOMETRIC_REPRESENTATION_ITEM()
RATIONAL_B_SPLINE_CURVE((1.0000000000,1.0000000000))
REPRESENTATION_ITEM('')
);
#650=CARTESIAN_POINT('',(-41.0000000000,-21.0000000000,0.0000000000));
#651=CARTESIAN_POINT('',(-41.0000000000,21.0000000000,0.0000000000));

#652=CARTESIAN_POINT('',(-41.0000000000,21.0000000000,0.0000000000));
#653=VERTEX_POINT('',#652);
#654=EDGE_CURVE('',#646,#653,#649,.T.);
#655=ORIENTED_EDGE('',*,*,#654,.T.);
#656=(
BOUNDED_CURVE()
B_SPLINE_CURVE(1,(#657,#658),.UNSPECIFIED.,.F.,.F.)
B_SPLINE_CURVE_WITH_KNOTS((2,2),(0.000,1.000),.UNSPECIFIED.)
CURVE()
GEOMETRIC_REPRESENTATION_ITEM()
RATIONAL_B_SPLINE_CURVE((1.0000000000,1.0000000000))
REPRESENTATION_ITEM('')
);
#657=CARTESIAN_POINT('',(-41.0000000000,21.0000000000,0.0000000000));
#658=CARTESIAN_POINT('',(-41.0000000000,21.0000000000,25.0425031810));

#659=CARTESIAN_POINT('',(-41.0000000000,21.0000000000,25.0425031810));
#660=VERTEX_POINT('',#659);
#661=EDGE_CURVE('',#653,#660,#656,.T.);
#662=ORIENTED_EDGE('',*,*,#661,.T.);
#663=(
BOUNDED_CURVE()
B_SPLINE_CURVE(1,(#664,#665),.UNSPECIFIED.,.F.,.F.)
B_SPLINE_CURVE_WITH_KNOTS((2,2),(0.000,1.000),.UNSPECIFIED.)
CURVE()
GEOMETRIC_REPRESENTATION_ITEM()
RATIONAL_B_SPLINE_CURVE((1.0000000000,1.0000000000))
REPRESENTATION_ITEM('')
);
#664=CARTESIAN_POINT('',(-41.0000000000,21.0000000000,25.0425031810));
#665=CARTESIAN_POINT('',(-41.0000000000,-11.8529525035,37.0000000000));

#666=CARTESIAN_POINT('',(-41.0000000000,-11.8529525035,37.0000000000));
#667=VERTEX_POINT('',#666);
#668=EDGE_CURVE('',#660,#667,#663,.T.);
#669=ORIENTED_EDGE('',*,*,#668,.T.);
#670=(
BOUNDED_CURVE()
B_SPLINE_CURVE(1,(#671,#672),.UNSPECIFIED.,.F.,.F.)
B_SPLINE_CURVE_WITH_KNOTS((2,2),(0.000,1.000),.UNSPECIFIED.)
CURVE()
GEOMETRIC_REPRESENTATION_ITEM()
RATIONAL_B_SPLINE_CURVE((1.0000000000,1.0000000000))
REPRESENTATION_ITEM('')
);
#671=CARTESIAN_POINT('',(-41.0000000000,-11.8529525035,37.0000000000));
#672=CARTESIAN_POINT('',(-41.0000000000,-21.0000000000,11.8686935486));

#673=EDGE_CURVE('',#667,#641,#670,.T.);
#674=ORIENTED_EDGE('',*,*,#673,.T.);
#675=EDGE_LOOP('',(#648,#655,#662,#669,#674));
#676=FACE_OUTER_BOUND('',#675,.T.);
#677=ADVANCED_FACE('',(#676),#635,.T.);
#678=COLOUR_RGB('',0.39,0.39,0.39);
#679=FILL_AREA_STYLE_COLOUR('',#678);
#680=FILL_AREA_STYLE('',(#679));
#681=SURFACE_STYLE_FILL_AREA(#680);
#682=SURFACE_STYLE_TRANSPARENT(0.00);
#683=SURFACE_STYLE_RENDERING_WITH_PROPERTIES(.NORMAL_SHADING.,#678,(#682));
#684=SURFACE_SIDE_STYLE('',(#681, #683));
#685=SURFACE_STYLE_USAGE(.BOTH.,#684);
#686=PRESENTATION_STYLE_ASSIGNMENT((#685));
#687=STYLED_ITEM('',(#686),#677);

#688=(
BOUNDED_SURFACE()
B_SPLINE_SURFACE(2,1,((#689,#690),(#691,#692),(#693,#694)),.UNSPECIFIED.,.F.,.F.,.F.)
B_SPLINE_SURFACE_WITH_KNOTS((3,3),(2,2),(0.000,1.000),(0.000,1.000),.UNSPECIFIED.)
GEOMETRIC_REPRESENTATION_ITEM()
RATIONAL_B_SPLINE_SURFACE(((1.0000000000,1.0000000000),(0.7071067812,0.7071067812),(1.0000000000,1.0000000000)))
REPRESENTATION_ITEM('')
SURFACE()
);
#689=CARTESIAN_POINT('',(-41.0000000000,21.0000000000,50.0000000000));
#690=CARTESIAN_POINT('',(-41.0000000000,21.0000000000,0.0000000000));
#691=CARTESIAN_POINT('',(-41.0000000000,23.5000000000,50.0000000000));
#692=CARTESIAN_POINT('',(-41.0000000000,23.5000000000,0.0000000000));
#693=CARTESIAN_POINT('',(-38.5000000000,23.5000000000,50.0000000000));
#694=CARTESIAN_POINT('',(-38.5000000000,23.5000000000,0.0000000000));

#695=CARTESIAN_POINT('',(-41.0000000000,21.0000000000,25.0425031810));
#696=VERTEX_POINT('',#695);
#697=(
BOUNDED_CURVE()
B_SPLINE_CURVE(1,(#698,#699),.UNSPECIFIED.,.F.,.F.)
B_SPLINE_CURVE_WITH_KNOTS((2,2),(0.000,1.000),.UNSPECIFIED.)
CURVE()
GEOMETRIC_REPRESENTATION_ITEM()
RATIONAL_B_SPLINE_CURVE((1.0000000000,1.0000000000))
REPRESENTATION_ITEM('')
);
#698=CARTESIAN_POINT('',(-41.0000000000,21.0000000000,25.0425031810));
#699=CARTESIAN_POINT('',(-41.0000000000,21.0000000000,0.0000000000));

#700=CARTESIAN_POINT('',(-41.0000000000,21.0000000000,0.0000000000));
#701=VERTEX_POINT('',#700);
#702=EDGE_CURVE('',#696,#701,#697,.T.);
#703=ORIENTED_EDGE('',*,*,#702,.T.);
#704=(
BOUNDED_CURVE()
B_SPLINE_CURVE(2,(#705,#706,#707),.UNSPECIFIED.,.F.,.F.)
B_SPLINE_CURVE_WITH_KNOTS((3,3),(0.000,1.000),.UNSPECIFIED.)
CURVE()
GEOMETRIC_REPRESENTATION_ITEM()
RATIONAL_B_SPLINE_CURVE((1.0000000000,0.7071067812,1.0000000000))
REPRESENTATION_ITEM('')
);
#705=CARTESIAN_POINT('',(-41.0000000000,21.0000000000,0.0000000000));
#706=CARTESIAN_POINT('',(-41.0000000000,23.4999999999,0.0000000000));
#707=CARTESIAN_POINT('',(-38.5000000001,23.5000000000,0.0000000000));

#708=CARTESIAN_POINT('',(-38.5000000001,23.5000000000,0.0000000000));
#709=VERTEX_POINT('',#708);
#710=EDGE_CURVE('',#701,#709,#704,.T.);
#711=ORIENTED_EDGE('',*,*,#710,.T.);
#712=(
BOUNDED_CURVE()
B_SPLINE_CURVE(1,(#713,#714),.UNSPECIFIED.,.F.,.F.)
B_SPLINE_CURVE_WITH_KNOTS((2,2),(0.000,1.000),.UNSPECIFIED.)
CURVE()
GEOMETRIC_REPRESENTATION_ITEM()
RATIONAL_B_SPLINE_CURVE((1.0000000000,1.0000000000))
REPRESENTATION_ITEM('')
);
#713=CARTESIAN_POINT('',(-38.5000000000,23.5000000000,0.0000000000));
#714=CARTESIAN_POINT('',(-38.5000000000,23.5000000000,24.1325775953));

#715=CARTESIAN_POINT('',(-38.5000000000,23.5000000000,24.1325775953));
#716=VERTEX_POINT('',#715);
#717=EDGE_CURVE('',#709,#716,#712,.T.);
#718=ORIENTED_EDGE('',*,*,#717,.T.);
#719=(
BOUNDED_CURVE()
B_SPLINE_CURVE(2,(#720,#721,#722),.UNSPECIFIED.,.F.,.F.)
B_SPLINE_CURVE_WITH_KNOTS((3,3),(0.000,1.000),.UNSPECIFIED.)
CURVE()
GEOMETRIC_REPRESENTATION_ITEM()
RATIONAL_B_SPLINE_CURVE((0.9999999983,0.7071067820,1.0000000000))
REPRESENTATION_ITEM('')
);
#720=CARTESIAN_POINT('',(-38.5000000101,23.5000000000,24.1325775953));
#721=CARTESIAN_POINT('',(-41.0000000000,23.4999999899,24.1325775990));
#722=CARTESIAN_POINT('',(-41.0000000000,21.0000000000,25.0425031810));

#723=EDGE_CURVE('',#716,#696,#719,.T.);
#724=ORIENTED_EDGE('',*,*,#723,.T.);
#725=EDGE_LOOP('',(#703,#711,#718,#724));
#726=FACE_OUTER_BOUND('',#725,.T.);
#727=ADVANCED_FACE('',(#726),#688,.T.);
#728=COLOUR_RGB('',0.39,0.39,0.39);
#729=FILL_AREA_STYLE_COLOUR('',#728);
#730=FILL_AREA_STYLE('',(#729));
#731=SURFACE_STYLE_FILL_AREA(#730);
#732=SURFACE_STYLE_TRANSPARENT(0.00);
#733=SURFACE_STYLE_RENDERING_WITH_PROPERTIES(.NORMAL_SHADING.,#728,(#732));
#734=SURFACE_SIDE_STYLE('',(#731, #733));
#735=SURFACE_STYLE_USAGE(.BOTH.,#734);
#736=PRESENTATION_STYLE_ASSIGNMENT((#735));
#737=STYLED_ITEM('',(#736),#727);

#738=(
BOUNDED_SURFACE()
B_SPLINE_SURFACE(1,1,((#739,#740),(#741,#742)),.UNSPECIFIED.,.F.,.F.,.F.)
B_SPLINE_SURFACE_WITH_KNOTS((2,2),(2,2),(0.000,1.000),(0.000,1.000),.UNSPECIFIED.)
GEOMETRIC_REPRESENTATION_ITEM()
RATIONAL_B_SPLINE_SURFACE(((1.0000000000,1.0000000000),(1.0000000000,1.0000000000)))
REPRESENTATION_ITEM('')
SURFACE()
);
#739=CARTESIAN_POINT('',(38.0000000000,-20.5000000000,8.0000000000));
#740=CARTESIAN_POINT('',(-38.0000000000,-20.5000000000,8.0000000000));
#741=CARTESIAN_POINT('',(38.0000000000,20.5000000000,8.0000000000));
#742=CARTESIAN_POINT('',(-38.0000000000,20.5000000000,8.0000000000));

#743=CARTESIAN_POINT('',(-38.0000000000,-20.5000000000,8.0000000000));
#744=VERTEX_POINT('',#743);
#745=(
BOUNDED_CURVE()
B_SPLINE_CURVE(1,(#746,#747),.UNSPECIFIED.,.F.,.F.)
B_SPLINE_CURVE_WITH_KNOTS((2,2),(0.000,1.000),.UNSPECIFIED.)
CURVE()
GEOMETRIC_REPRESENTATION_ITEM()
RATIONAL_B_SPLINE_CURVE((1.0000000000,1.0000000000))
REPRESENTATION_ITEM('')
);
#746=CARTESIAN_POINT('',(-38.0000000000,-20.5000000000,8.0000000000));
#747=CARTESIAN_POINT('',(-38.0000000000,20.5000000000,8.0000000000));

#748=CARTESIAN_POINT('',(-38.0000000000,20.5000000000,8.0000000000));
#749=VERTEX_POINT('',#748);
#750=EDGE_CURVE('',#744,#749,#745,.T.);
#751=ORIENTED_EDGE('',*,*,#750,.T.);
#752=(
BOUNDED_CURVE()
B_SPLINE_CURVE(1,(#753,#754),.UNSPECIFIED.,.F.,.F.)
B_SPLINE_CURVE_WITH_KNOTS((2,2),(0.000,1.000),.UNSPECIFIED.)
CURVE()
GEOMETRIC_REPRESENTATION_ITEM()
RATIONAL_B_SPLINE_CURVE((1.0000000000,1.0000000000))
REPRESENTATION_ITEM('')
);
#753=CARTESIAN_POINT('',(-38.0000000000,20.5000000000,8.0000000000));
#754=CARTESIAN_POINT('',(38.0000000000,20.5000000000,8.0000000000));

#755=CARTESIAN_POINT('',(38.0000000000,20.5000000000,8.0000000000));
#756=VERTEX_POINT('',#755);
#757=EDGE_CURVE('',#749,#756,#752,.T.);
#758=ORIENTED_EDGE('',*,*,#757,.T.);
#759=(
BOUNDED_CURVE()
B_SPLINE_CURVE(1,(#760,#761),.UNSPECIFIED.,.F.,.F.)
B_SPLINE_CURVE_WITH_KNOTS((2,2),(0.000,1.000),.UNSPECIFIED.)
CURVE()
GEOMETRIC_REPRESENTATION_ITEM()
RATIONAL_B_SPLINE_CURVE((1.0000000000,1.0000000000))
REPRESENTATION_ITEM('')
);
#760=CARTESIAN_POINT('',(38.0000000000,20.5000000000,8.0000000000));
#761=CARTESIAN_POINT('',(38.0000000000,-20.5000000000,8.0000000000));

#762=CARTESIAN_POINT('',(38.0000000000,-20.5000000000,8.0000000000));
#763=VERTEX_POINT('',#762);
#764=EDGE_CURVE('',#756,#763,#759,.T.);
#765=ORIENTED_EDGE('',*,*,#764,.T.);
#766=(
BOUNDED_CURVE()
B_SPLINE_CURVE(1,(#767,#768),.UNSPECIFIED.,.F.,.F.)
B_SPLINE_CURVE_WITH_KNOTS((2,2),(0.000,1.000),.UNSPECIFIED.)
CURVE()
GEOMETRIC_REPRESENTATION_ITEM()
RATIONAL_B_SPLINE_CURVE((1.0000000000,1.0000000000))
REPRESENTATION_ITEM('')
);
#767=CARTESIAN_POINT('',(38.0000000000,-20.5000000000,8.0000000000));
#768=CARTESIAN_POINT('',(-38.0000000000,-20.5000000000,8.0000000000));

#769=EDGE_CURVE('',#763,#744,#766,.T.);
#770=ORIENTED_EDGE('',*,*,#769,.T.);
#771=EDGE_LOOP('',(#751,#758,#765,#770));
#772=FACE_OUTER_BOUND('',#771,.T.);
#773=CARTESIAN_POINT('',(-35.0750000000,13.5133230568,8.0000000000));
#774=VERTEX_POINT('',#773);
#775=(
BOUNDED_CURVE()
B_SPLINE_CURVE(1,(#776,#777),.UNSPECIFIED.,.F.,.F.)
B_SPLINE_CURVE_WITH_KNOTS((2,2),(0.000,1.000),.UNSPECIFIED.)
CURVE()
GEOMETRIC_REPRESENTATION_ITEM()
RATIONAL_B_SPLINE_CURVE((1.0000000000,1.0000000000))
REPRESENTATION_ITEM('')
);
#776=CARTESIAN_POINT('',(-35.0750000000,13.5133230568,8.0000000000));
#777=CARTESIAN_POINT('',(-32.5000000000,12.0266461137,8.0000000000));

#778=CARTESIAN_POINT('',(-32.5000000000,12.0266461137,8.0000000000));
#779=VERTEX_POINT('',#778);
#780=EDGE_CURVE('',#774,#779,#775,.T.);
#781=ORIENTED_EDGE('',*,*,#780,.T.);
#782=(
BOUNDED_CURVE()
B_SPLINE_CURVE(1,(#783,#784),.UNSPECIFIED.,.F.,.F.)
B_SPLINE_CURVE_WITH_KNOTS((2,2),(0.000,1.000),.UNSPECIFIED.)
CURVE()
GEOMETRIC_REPRESENTATION_ITEM()
RATIONAL_B_SPLINE_CURVE((1.0000000000,1.0000000000))
REPRESENTATION_ITEM('')
);
#783=CARTESIAN_POINT('',(-32.5000000000,12.0266461137,8.0000000000));
#784=CARTESIAN_POINT('',(-29.9250000000,13.5133230568,8.0000000000));

#785=CARTESIAN_POINT('',(-29.9250000000,13.5133230568,8.0000000000));
#786=VERTEX_POINT('',#785);
#787=EDGE_CURVE('',#779,#786,#782,.T.);
#788=ORIENTED_EDGE('',*,*,#787,.T.);
#789=(
BOUNDED_CURVE()
B_SPLINE_CURVE(1,(#790,#791),.UNSPECIFIED.,.F.,.F.)
B_SPLINE_CURVE_WITH_KNOTS((2,2),(0.000,1.000),.UNSPECIFIED.)
CURVE()
GEOMETRIC_REPRESENTATION_ITEM()
RATIONAL_B_SPLINE_CURVE((1.0000000000,1.0000000000))
REPRESENTATION_ITEM('')
);
#790=CARTESIAN_POINT('',(-29.9250000000,13.5133230568,8.0000000000));
#791=CARTESIAN_POINT('',(-29.9250000000,16.4866769432,8.0000000000));

#792=CARTESIAN_POINT('',(-29.9250000000,16.4866769432,8.0000000000));
#793=VERTEX_POINT('',#792);
#794=EDGE_CURVE('',#786,#793,#789,.T.);
#795=ORIENTED_EDGE('',*,*,#794,.T.);
#796=(
BOUNDED_CURVE()
B_SPLINE_CURVE(1,(#797,#798),.UNSPECIFIED.,.F.,.F.)
B_SPLINE_CURVE_WITH_KNOTS((2,2),(0.000,1.000),.UNSPECIFIED.)
CURVE()
GEOMETRIC_REPRESENTATION_ITEM()
RATIONAL_B_SPLINE_CURVE((1.0000000000,1.0000000000))
REPRESENTATION_ITEM('')
);
#797=CARTESIAN_POINT('',(-29.9250000000,16.4866769432,8.0000000000));
#798=CARTESIAN_POINT('',(-32.5000000000,17.9733538863,8.0000000000));

#799=CARTESIAN_POINT('',(-32.5000000000,17.9733538863,8.0000000000));
#800=VERTEX_POINT('',#799);
#801=EDGE_CURVE('',#793,#800,#796,.T.);
#802=ORIENTED_EDGE('',*,*,#801,.T.);
#803=(
BOUNDED_CURVE()
B_SPLINE_CURVE(1,(#804,#805),.UNSPECIFIED.,.F.,.F.)
B_SPLINE_CURVE_WITH_KNOTS((2,2),(0.000,1.000),.UNSPECIFIED.)
CURVE()
GEOMETRIC_REPRESENTATION_ITEM()
RATIONAL_B_SPLINE_CURVE((1.0000000000,1.0000000000))
REPRESENTATION_ITEM('')
);
#804=CARTESIAN_POINT('',(-32.5000000000,17.9733538863,8.0000000000));
#805=CARTESIAN_POINT('',(-35.0750000000,16.4866769432,8.0000000000));

#806=CARTESIAN_POINT('',(-35.0750000000,16.4866769432,8.0000000000));
#807=VERTEX_POINT('',#806);
#808=EDGE_CURVE('',#800,#807,#803,.T.);
#809=ORIENTED_EDGE('',*,*,#808,.T.);
#810=(
BOUNDED_CURVE()
B_SPLINE_CURVE(1,(#811,#812),.UNSPECIFIED.,.F.,.F.)
B_SPLINE_CURVE_WITH_KNOTS((2,2),(0.000,1.000),.UNSPECIFIED.)
CURVE()
GEOMETRIC_REPRESENTATION_ITEM()
RATIONAL_B_SPLINE_CURVE((1.0000000000,1.0000000000))
REPRESENTATION_ITEM('')
);
#811=CARTESIAN_POINT('',(-35.0750000000,16.4866769432,8.0000000000));
#812=CARTESIAN_POINT('',(-35.0750000000,13.5133230568,8.0000000000));

#813=EDGE_CURVE('',#807,#774,#810,.T.);
#814=ORIENTED_EDGE('',*,*,#813,.T.);
#815=EDGE_LOOP('',(#781,#788,#795,#802,#809,#814));
#816=FACE_BOUND('',#815,.T.);
#817=CARTESIAN_POINT('',(29.9250000000,13.5133230568,8.0000000000));
#818=VERTEX_POINT('',#817);
#819=(
BOUNDED_CURVE()
B_SPLINE_CURVE(1,(#820,#821),.UNSPECIFIED.,.F.,.F.)
B_SPLINE_CURVE_WITH_KNOTS((2,2),(0.000,1.000),.UNSPECIFIED.)
CURVE()
GEOMETRIC_REPRESENTATION_ITEM()
RATIONAL_B_SPLINE_CURVE((1.0000000000,1.0000000000))
REPRESENTATION_ITEM('')
);
#820=CARTESIAN_POINT('',(29.9250000000,13.5133230568,8.0000000000));
#821=CARTESIAN_POINT('',(32.5000000000,12.0266461137,8.0000000000));

#822=CARTESIAN_POINT('',(32.5000000000,12.0266461137,8.0000000000));
#823=VERTEX_POINT('',#822);
#824=EDGE_CURVE('',#818,#823,#819,.T.);
#825=ORIENTED_EDGE('',*,*,#824,.T.);
#826=(
BOUNDED_CURVE()
B_SPLINE_CURVE(1,(#827,#828),.UNSPECIFIED.,.F.,.F.)
B_SPLINE_CURVE_WITH_KNOTS((2,2),(0.000,1.000),.UNSPECIFIED.)
CURVE()
GEOMETRIC_REPRESENTATION_ITEM()
RATIONAL_B_SPLINE_CURVE((1.0000000000,1.0000000000))
REPRESENTATION_ITEM('')
);
#827=CARTESIAN_POINT('',(32.5000000000,12.0266461137,8.0000000000));
#828=CARTESIAN_POINT('',(35.0750000000,13.5133230568,8.0000000000));

#829=CARTESIAN_POINT('',(35.0750000000,13.5133230568,8.0000000000));
#830=VERTEX_POINT('',#829);
#831=EDGE_CURVE('',#823,#830,#826,.T.);
#832=ORIENTED_EDGE('',*,*,#831,.T.);
#833=(
BOUNDED_CURVE()
B_SPLINE_CURVE(1,(#834,#835),.UNSPECIFIED.,.F.,.F.)
B_SPLINE_CURVE_WITH_KNOTS((2,2),(0.000,1.000),.UNSPECIFIED.)
CURVE()
GEOMETRIC_REPRESENTATION_ITEM()
RATIONAL_B_SPLINE_CURVE((1.0000000000,1.0000000000))
REPRESENTATION_ITEM('')
);
#834=CARTESIAN_POINT('',(35.0750000000,13.5133230568,8.0000000000));
#835=CARTESIAN_POINT('',(35.0750000000,16.4866769432,8.0000000000));

#836=CARTESIAN_POINT('',(35.0750000000,16.4866769432,8.0000000000));
#837=VERTEX_POINT('',#836);
#838=EDGE_CURVE('',#830,#837,#833,.T.);
#839=ORIENTED_EDGE('',*,*,#838,.T.);
#840=(
BOUNDED_CURVE()
B_SPLINE_CURVE(1,(#841,#842),.UNSPECIFIED.,.F.,.F.)
B_SPLINE_CURVE_WITH_KNOTS((2,2),(0.000,1.000),.UNSPECIFIED.)
CURVE()
GEOMETRIC_REPRESENTATION_ITEM()
RATIONAL_B_SPLINE_CURVE((1.0000000000,1.0000000000))
REPRESENTATION_ITEM('')
);
#841=CARTESIAN_POINT('',(35.0750000000,16.4866769432,8.0000000000));
#842=CARTESIAN_POINT('',(32.5000000000,17.9733538863,8.0000000000));

#843=CARTESIAN_POINT('',(32.5000000000,17.9733538863,8.0000000000));
#844=VERTEX_POINT('',#843);
#845=EDGE_CURVE('',#837,#844,#840,.T.);
#846=ORIENTED_EDGE('',*,*,#845,.T.);
#847=(
BOUNDED_CURVE()
B_SPLINE_CURVE(1,(#848,#849),.UNSPECIFIED.,.F.,.F.)
B_SPLINE_CURVE_WITH_KNOTS((2,2),(0.000,1.000),.UNSPECIFIED.)
CURVE()
GEOMETRIC_REPRESENTATION_ITEM()
RATIONAL_B_SPLINE_CURVE((1.0000000000,1.0000000000))
REPRESENTATION_ITEM('')
);
#848=CARTESIAN_POINT('',(32.5000000000,17.9733538863,8.0000000000));
#849=CARTESIAN_POINT('',(29.9250000000,16.4866769432,8.0000000000));

#850=CARTESIAN_POINT('',(29.9250000000,16.4866769432,8.0000000000));
#851=VERTEX_POINT('',#850);
#852=EDGE_CURVE('',#844,#851,#847,.T.);
#853=ORIENTED_EDGE('',*,*,#852,.T.);
#854=(
BOUNDED_CURVE()
B_SPLINE_CURVE(1,(#855,#856),.UNSPECIFIED.,.F.,.F.)
B_SPLINE_CURVE_WITH_KNOTS((2,2),(0.000,1.000),.UNSPECIFIED.)
CURVE()
GEOMETRIC_REPRESENTATION_ITEM()
RATIONAL_B_SPLINE_CURVE((1.0000000000,1.0000000000))
REPRESENTATION_ITEM('')
);
#855=CARTESIAN_POINT('',(29.9250000000,16.4866769432,8.0000000000));
#856=CARTESIAN_POINT('',(29.9250000000,13.5133230568,8.0000000000));

#857=EDGE_CURVE('',#851,#818,#854,.T.);
#858=ORIENTED_EDGE('',*,*,#857,.T.);
#859=EDGE_LOOP('',(#825,#832,#839,#846,#853,#858));
#860=FACE_BOUND('',#859,.T.);
#861=CARTESIAN_POINT('',(29.9250000000,-16.4866769432,8.0000000000));
#862=VERTEX_POINT('',#861);
#863=(
BOUNDED_CURVE()
B_SPLINE_CURVE(1,(#864,#865),.UNSPECIFIED.,.F.,.F.)
B_SPLINE_CURVE_WITH_KNOTS((2,2),(0.000,1.000),.UNSPECIFIED.)
CURVE()
GEOMETRIC_REPRESENTATION_ITEM()
RATIONAL_B_SPLINE_CURVE((1.0000000000,1.0000000000))
REPRESENTATION_ITEM('')
);
#864=CARTESIAN_POINT('',(29.9250000000,-16.4866769432,8.0000000000));
#865=CARTESIAN_POINT('',(32.5000000000,-17.9733538863,8.0000000000));

#866=CARTESIAN_POINT('',(32.5000000000,-17.9733538863,8.0000000000));
#867=VERTEX_POINT('',#866);
#868=EDGE_CURVE('',#862,#867,#863,.T.);
#869=ORIENTED_EDGE('',*,*,#868,.T.);
#870=(
BOUNDED_CURVE()
B_SPLINE_CURVE(1,(#871,#872),.UNSPECIFIED.,.F.,.F.)
B_SPLINE_CURVE_WITH_KNOTS((2,2),(0.000,1.000),.UNSPECIFIED.)
CURVE()
GEOMETRIC_REPRESENTATION_ITEM()
RATIONAL_B_SPLINE_CURVE((1.0000000000,1.0000000000))
REPRESENTATION_ITEM('')
);
#871=CARTESIAN_POINT('',(32.5000000000,-17.9733538863,8.0000000000));
#872=CARTESIAN_POINT('',(35.0750000000,-16.4866769432,8.0000000000));

#873=CARTESIAN_POINT('',(35.0750000000,-16.4866769432,8.0000000000));
#874=VERTEX_POINT('',#873);
#875=EDGE_CURVE('',#867,#874,#870,.T.);
#876=ORIENTED_EDGE('',*,*,#875,.T.);
#877=(
BOUNDED_CURVE()
B_SPLINE_CURVE(1,(#878,#879),.UNSPECIFIED.,.F.,.F.)
B_SPLINE_CURVE_WITH_KNOTS((2,2),(0.000,1.000),.UNSPECIFIED.)
CURVE()
GEOMETRIC_REPRESENTATION_ITEM()
RATIONAL_B_SPLINE_CURVE((1.0000000000,1.0000000000))
REPRESENTATION_ITEM('')
);
#878=CARTESIAN_POINT('',(35.0750000000,-16.4866769432,8.0000000000));
#879=CARTESIAN_POINT('',(35.0750000000,-13.5133230568,8.0000000000));

#880=CARTESIAN_POINT('',(35.0750000000,-13.5133230568,8.0000000000));
#881=VERTEX_POINT('',#880);
#882=EDGE_CURVE('',#874,#881,#877,.T.);
#883=ORIENTED_EDGE('',*,*,#882,.T.);
#884=(
BOUNDED_CURVE()
B_SPLINE_CURVE(1,(#885,#886),.UNSPECIFIED.,.F.,.F.)
B_SPLINE_CURVE_WITH_KNOTS((2,2),(0.000,1.000),.UNSPECIFIED.)
CURVE()
GEOMETRIC_REPRESENTATION_ITEM()
RATIONAL_B_SPLINE_CURVE((1.0000000000,1.0000000000))
REPRESENTATION_ITEM('')
);
#885=CARTESIAN_POINT('',(35.0750000000,-13.5133230568,8.0000000000));
#886=CARTESIAN_POINT('',(32.5000000000,-12.0266461137,8.0000000000));

#887=CARTESIAN_POINT('',(32.5000000000,-12.0266461137,8.0000000000));
#888=VERTEX_POINT('',#887);
#889=EDGE_CURVE('',#881,#888,#884,.T.);
#890=ORIENTED_EDGE('',*,*,#889,.T.);
#891=(
BOUNDED_CURVE()
B_SPLINE_CURVE(1,(#892,#893),.UNSPECIFIED.,.F.,.F.)
B_SPLINE_CURVE_WITH_KNOTS((2,2),(0.000,1.000),.UNSPECIFIED.)
CURVE()
GEOMETRIC_REPRESENTATION_ITEM()
RATIONAL_B_SPLINE_CURVE((1.0000000000,1.0000000000))
REPRESENTATION_ITEM('')
);
#892=CARTESIAN_POINT('',(32.5000000000,-12.0266461137,8.0000000000));
#893=CARTESIAN_POINT('',(29.9250000000,-13.5133230568,8.0000000000));

#894=CARTESIAN_POINT('',(29.9250000000,-13.5133230568,8.0000000000));
#895=VERTEX_POINT('',#894);
#896=EDGE_CURVE('',#888,#895,#891,.T.);
#897=ORIENTED_EDGE('',*,*,#896,.T.);
#898=(
BOUNDED_CURVE()
B_SPLINE_CURVE(1,(#899,#900),.UNSPECIFIED.,.F.,.F.)
B_SPLINE_CURVE_WITH_KNOTS((2,2),(0.000,1.000),.UNSPECIFIED.)
CURVE()
GEOMETRIC_REPRESENTATION_ITEM()
RATIONAL_B_SPLINE_CURVE((1.0000000000,1.0000000000))
REPRESENTATION_ITEM('')
);
#899=CARTESIAN_POINT('',(29.9250000000,-13.5133230568,8.0000000000));
#900=CARTESIAN_POINT('',(29.9250000000,-16.4866769432,8.0000000000));

#901=EDGE_CURVE('',#895,#862,#898,.T.);
#902=ORIENTED_EDGE('',*,*,#901,.T.);
#903=EDGE_LOOP('',(#869,#876,#883,#890,#897,#902));
#904=FACE_BOUND('',#903,.T.);
#905=CARTESIAN_POINT('',(-35.0750000000,-16.4866769432,8.0000000000));
#906=VERTEX_POINT('',#905);
#907=(
BOUNDED_CURVE()
B_SPLINE_CURVE(1,(#908,#909),.UNSPECIFIED.,.F.,.F.)
B_SPLINE_CURVE_WITH_KNOTS((2,2),(0.000,1.000),.UNSPECIFIED.)
CURVE()
GEOMETRIC_REPRESENTATION_ITEM()
RATIONAL_B_SPLINE_CURVE((1.0000000000,1.0000000000))
REPRESENTATION_ITEM('')
);
#908=CARTESIAN_POINT('',(-35.0750000000,-16.4866769432,8.0000000000));
#909=CARTESIAN_POINT('',(-32.5000000000,-17.9733538863,8.0000000000));

#910=CARTESIAN_POINT('',(-32.5000000000,-17.9733538863,8.0000000000));
#911=VERTEX_POINT('',#910);
#912=EDGE_CURVE('',#906,#911,#907,.T.);
#913=ORIENTED_EDGE('',*,*,#912,.T.);
#914=(
BOUNDED_CURVE()
B_SPLINE_CURVE(1,(#915,#916),.UNSPECIFIED.,.F.,.F.)
B_SPLINE_CURVE_WITH_KNOTS((2,2),(0.000,1.000),.UNSPECIFIED.)
CURVE()
GEOMETRIC_REPRESENTATION_ITEM()
RATIONAL_B_SPLINE_CURVE((1.0000000000,1.0000000000))
REPRESENTATION_ITEM('')
);
#915=CARTESIAN_POINT('',(-32.5000000000,-17.9733538863,8.0000000000));
#916=CARTESIAN_POINT('',(-29.9250000000,-16.4866769432,8.0000000000));

#917=CARTESIAN_POINT('',(-29.9250000000,-16.4866769432,8.0000000000));
#918=VERTEX_POINT('',#917);
#919=EDGE_CURVE('',#911,#918,#914,.T.);
#920=ORIENTED_EDGE('',*,*,#919,.T.);
#921=(
BOUNDED_CURVE()
B_SPLINE_CURVE(1,(#922,#923),.UNSPECIFIED.,.F.,.F.)
B_SPLINE_CURVE_WITH_KNOTS((2,2),(0.000,1.000),.UNSPECIFIED.)
CURVE()
GEOMETRIC_REPRESENTATION_ITEM()
RATIONAL_B_SPLINE_CURVE((1.0000000000,1.0000000000))
REPRESENTATION_ITEM('')
);
#922=CARTESIAN_POINT('',(-29.9250000000,-16.4866769432,8.0000000000));
#923=CARTESIAN_POINT('',(-29.9250000000,-13.5133230568,8.0000000000));

#924=CARTESIAN_POINT('',(-29.9250000000,-13.5133230568,8.0000000000));
#925=VERTEX_POINT('',#924);
#926=EDGE_CURVE('',#918,#925,#921,.T.);
#927=ORIENTED_EDGE('',*,*,#926,.T.);
#928=(
BOUNDED_CURVE()
B_SPLINE_CURVE(1,(#929,#930),.UNSPECIFIED.,.F.,.F.)
B_SPLINE_CURVE_WITH_KNOTS((2,2),(0.000,1.000),.UNSPECIFIED.)
CURVE()
GEOMETRIC_REPRESENTATION_ITEM()
RATIONAL_B_SPLINE_CURVE((1.0000000000,1.0000000000))
REPRESENTATION_ITEM('')
);
#929=CARTESIAN_POINT('',(-29.9250000000,-13.5133230568,8.0000000000));
#930=CARTESIAN_POINT('',(-32.5000000000,-12.0266461137,8.0000000000));

#931=CARTESIAN_POINT('',(-32.5000000000,-12.0266461137,8.0000000000));
#932=VERTEX_POINT('',#931);
#933=EDGE_CURVE('',#925,#932,#928,.T.);
#934=ORIENTED_EDGE('',*,*,#933,.T.);
#935=(
BOUNDED_CURVE()
B_SPLINE_CURVE(1,(#936,#937),.UNSPECIFIED.,.F.,.F.)
B_SPLINE_CURVE_WITH_KNOTS((2,2),(0.000,1.000),.UNSPECIFIED.)
CURVE()
GEOMETRIC_REPRESENTATION_ITEM()
RATIONAL_B_SPLINE_CURVE((1.0000000000,1.0000000000))
REPRESENTATION_ITEM('')
);
#936=CARTESIAN_POINT('',(-32.5000000000,-12.0266461137,8.0000000000));
#937=CARTESIAN_POINT('',(-35.0750000000,-13.5133230568,8.0000000000));

#938=CARTESIAN_POINT('',(-35.0750000000,-13.5133230568,8.0000000000));
#939=VERTEX_POINT('',#938);
#940=EDGE_CURVE('',#932,#939,#935,.T.);
#941=ORIENTED_EDGE('',*,*,#940,.T.);
#942=(
BOUNDED_CURVE()
B_SPLINE_CURVE(1,(#943,#944),.UNSPECIFIED.,.F.,.F.)
B_SPLINE_CURVE_WITH_KNOTS((2,2),(0.000,1.000),.UNSPECIFIED.)
CURVE()
GEOMETRIC_REPRESENTATION_ITEM()
RATIONAL_B_SPLINE_CURVE((1.0000000000,1.0000000000))
REPRESENTATION_ITEM('')
);
#943=CARTESIAN_POINT('',(-35.0750000000,-13.5133230568,8.0000000000));
#944=CARTESIAN_POINT('',(-35.0750000000,-16.4866769432,8.0000000000));

#945=EDGE_CURVE('',#939,#906,#942,.T.);
#946=ORIENTED_EDGE('',*,*,#945,.T.);
#947=EDGE_LOOP('',(#913,#920,#927,#934,#941,#946));
#948=FACE_BOUND('',#947,.T.);
#949=CARTESIAN_POINT('',(30.5000000000,11.5000000000,8.0000000000));
#950=VERTEX_POINT('',#949);
#951=(
BOUNDED_CURVE()
B_SPLINE_CURVE(2,(#952,#953,#954),.UNSPECIFIED.,.F.,.F.)
B_SPLINE_CURVE_WITH_KNOTS((3,3),(0.000,1.000),.UNSPECIFIED.)
CURVE()
GEOMETRIC_REPRESENTATION_ITEM()
RATIONAL_B_SPLINE_CURVE((1.0000000000,0.7071067812,1.0000000000))
REPRESENTATION_ITEM('')
);
#952=CARTESIAN_POINT('',(30.5000000000,11.5000000000,8.0000000000));
#953=CARTESIAN_POINT('',(29.0000000001,11.5000000000,8.0000000000));
#954=CARTESIAN_POINT('',(29.0000000000,12.9999999999,8.0000000000));

#955=CARTESIAN_POINT('',(29.0000000000,12.9999999999,8.0000000000));
#956=VERTEX_POINT('',#955);
#957=EDGE_CURVE('',#950,#956,#951,.T.);
#958=ORIENTED_EDGE('',*,*,#957,.T.);
#959=(
BOUNDED_CURVE()
B_SPLINE_CURVE(1,(#960,#961),.UNSPECIFIED.,.F.,.F.)
B_SPLINE_CURVE_WITH_KNOTS((2,2),(0.000,1.000),.UNSPECIFIED.)
CURVE()
GEOMETRIC_REPRESENTATION_ITEM()
RATIONAL_B_SPLINE_CURVE((1.0000000000,1.0000000000))
REPRESENTATION_ITEM('')
);
#960=CARTESIAN_POINT('',(29.0000000000,13.0000000000,8.0000000000));
#961=CARTESIAN_POINT('',(29.0000000000,17.5000000000,8.0000000000));

#962=CARTESIAN_POINT('',(29.0000000000,17.5000000000,8.0000000000));
#963=VERTEX_POINT('',#962);
#964=EDGE_CURVE('',#956,#963,#959,.T.);
#965=ORIENTED_EDGE('',*,*,#964,.T.);
#966=(
BOUNDED_CURVE()
B_SPLINE_CURVE(1,(#967,#968),.UNSPECIFIED.,.F.,.F.)
B_SPLINE_CURVE_WITH_KNOTS((2,2),(0.000,1.000),.UNSPECIFIED.)
CURVE()
GEOMETRIC_REPRESENTATION_ITEM()
RATIONAL_B_SPLINE_CURVE((1.0000000000,1.0000000000))
REPRESENTATION_ITEM('')
);
#967=CARTESIAN_POINT('',(29.0000000000,17.5000000000,8.0000000000));
#968=CARTESIAN_POINT('',(-29.0000000000,17.5000000000,8.0000000000));

#969=CARTESIAN_POINT('',(-29.0000000000,17.5000000000,8.0000000000));
#970=VERTEX_POINT('',#969);
#971=EDGE_CURVE('',#963,#970,#966,.T.);
#972=ORIENTED_EDGE('',*,*,#971,.T.);
#973=(
BOUNDED_CURVE()
B_SPLINE_CURVE(1,(#974,#975),.UNSPECIFIED.,.F.,.F.)
B_SPLINE_CURVE_WITH_KNOTS((2,2),(0.000,1.000),.UNSPECIFIED.)
CURVE()
GEOMETRIC_REPRESENTATION_ITEM()
RATIONAL_B_SPLINE_CURVE((1.0000000000,1.0000000000))
REPRESENTATION_ITEM('')
);
#974=CARTESIAN_POINT('',(-29.0000000000,17.5000000000,8.0000000000));
#975=CARTESIAN_POINT('',(-29.0000000000,13.0000000000,8.0000000000));

#976=CARTESIAN_POINT('',(-29.0000000000,13.0000000000,8.0000000000));
#977=VERTEX_POINT('',#976);
#978=EDGE_CURVE('',#970,#977,#973,.T.);
#979=ORIENTED_EDGE('',*,*,#978,.T.);
#980=(
BOUNDED_CURVE()
B_SPLINE_CURVE(2,(#981,#982,#983),.UNSPECIFIED.,.F.,.F.)
B_SPLINE_CURVE_WITH_KNOTS((3,3),(0.000,1.000),.UNSPECIFIED.)
CURVE()
GEOMETRIC_REPRESENTATION_ITEM()
RATIONAL_B_SPLINE_CURVE((1.0000000000,0.7071067812,1.0000000000))
REPRESENTATION_ITEM('')
);
#981=CARTESIAN_POINT('',(-29.0000000000,13.0000000000,8.0000000000));
#982=CARTESIAN_POINT('',(-29.0000000000,11.5000000001,8.0000000000));
#983=CARTESIAN_POINT('',(-30.4999999999,11.5000000000,8.0000000000));

#984=CARTESIAN_POINT('',(-30.4999999999,11.5000000000,8.0000000000));
#985=VERTEX_POINT('',#984);
#986=EDGE_CURVE('',#977,#985,#980,.T.);
#987=ORIENTED_EDGE('',*,*,#986,.T.);
#988=(
BOUNDED_CURVE()
B_SPLINE_CURVE(1,(#989,#990),.UNSPECIFIED.,.F.,.F.)
B_SPLINE_CURVE_WITH_KNOTS((2,2),(0.000,1.000),.UNSPECIFIED.)
CURVE()
GEOMETRIC_REPRESENTATION_ITEM()
RATIONAL_B_SPLINE_CURVE((1.0000000000,1.0000000000))
REPRESENTATION_ITEM('')
);
#989=CARTESIAN_POINT('',(-30.5000000000,11.5000000000,8.0000000000));
#990=CARTESIAN_POINT('',(-35.0000000000,11.5000000000,8.0000000000));

#991=CARTESIAN_POINT('',(-35.0000000000,11.5000000000,8.0000000000));
#992=VERTEX_POINT('',#991);
#993=EDGE_CURVE('',#985,#992,#988,.T.);
#994=ORIENTED_EDGE('',*,*,#993,.T.);
#995=(
BOUNDED_CURVE()
B_SPLINE_CURVE(1,(#996,#997),.UNSPECIFIED.,.F.,.F.)
B_SPLINE_CURVE_WITH_KNOTS((2,2),(0.000,1.000),.UNSPECIFIED.)
CURVE()
GEOMETRIC_REPRESENTATION_ITEM()
RATIONAL_B_SPLINE_CURVE((1.0000000000,1.0000000000))
REPRESENTATION_ITEM('')
);
#996=CARTESIAN_POINT('',(-35.0000000000,11.5000000000,8.0000000000));
#997=CARTESIAN_POINT('',(-35.0000000000,-11.5000000000,8.0000000000));

#998=CARTESIAN_POINT('',(-35.0000000000,-11.5000000000,8.0000000000));
#999=VERTEX_POINT('',#998);
#1000=EDGE_CURVE('',#992,#999,#995,.T.);
#1001=ORIENTED_EDGE('',*,*,#1000,.T.);
#1002=(
BOUNDED_CURVE()
B_SPLINE_CURVE(1,(#1003,#1004),.UNSPECIFIED.,.F.,.F.)
B_SPLINE_CURVE_WITH_KNOTS((2,2),(0.000,1.000),.UNSPECIFIED.)
CURVE()
GEOMETRIC_REPRESENTATION_ITEM()
RATIONAL_B_SPLINE_CURVE((1.0000000000,1.0000000000))
REPRESENTATION_ITEM('')
);
#1003=CARTESIAN_POINT('',(-35.0000000000,-11.5000000000,8.0000000000));
#1004=CARTESIAN_POINT('',(-30.5000000000,-11.5000000000,8.0000000000));

#1005=CARTESIAN_POINT('',(-30.5000000000,-11.5000000000,8.0000000000));
#1006=VERTEX_POINT('',#1005);
#1007=EDGE_CURVE('',#999,#1006,#1002,.T.);
#1008=ORIENTED_EDGE('',*,*,#1007,.T.);
#1009=(
BOUNDED_CURVE()
B_SPLINE_CURVE(2,(#1010,#1011,#1012),.UNSPECIFIED.,.F.,.F.)
B_SPLINE_CURVE_WITH_KNOTS((3,3),(0.000,1.000),.UNSPECIFIED.)
CURVE()
GEOMETRIC_REPRESENTATION_ITEM()
RATIONAL_B_SPLINE_CURVE((1.0000000000,0.7071067812,1.0000000000))
REPRESENTATION_ITEM('')
);
#1010=CARTESIAN_POINT('',(-30.5000000000,-11.5000000000,8.0000000000));
#1011=CARTESIAN_POINT('',(-29.0000000001,-11.5000000000,8.0000000000));
#1012=CARTESIAN_POINT('',(-29.0000000000,-12.9999999999,8.0000000000));

#1013=CARTESIAN_POINT('',(-29.0000000000,-12.9999999999,8.0000000000));
#1014=VERTEX_POINT('',#1013);
#1015=EDGE_CURVE('',#1006,#1014,#1009,.T.);
#1016=ORIENTED_EDGE('',*,*,#1015,.T.);
#1017=(
BOUNDED_CURVE()
B_SPLINE_CURVE(1,(#1018,#1019),.UNSPECIFIED.,.F.,.F.)
B_SPLINE_CURVE_WITH_KNOTS((2,2),(0.000,1.000),.UNSPECIFIED.)
CURVE()
GEOMETRIC_REPRESENTATION_ITEM()
RATIONAL_B_SPLINE_CURVE((1.0000000000,1.0000000000))
REPRESENTATION_ITEM('')
);
#1018=CARTESIAN_POINT('',(-29.0000000000,-13.0000000000,8.0000000000));
#1019=CARTESIAN_POINT('',(-29.0000000000,-17.5000000000,8.0000000000));

#1020=CARTESIAN_POINT('',(-29.0000000000,-17.5000000000,8.0000000000));
#1021=VERTEX_POINT('',#1020);
#1022=EDGE_CURVE('',#1014,#1021,#1017,.T.);
#1023=ORIENTED_EDGE('',*,*,#1022,.T.);
#1024=(
BOUNDED_CURVE()
B_SPLINE_CURVE(1,(#1025,#1026),.UNSPECIFIED.,.F.,.F.)
B_SPLINE_CURVE_WITH_KNOTS((2,2),(0.000,1.000),.UNSPECIFIED.)
CURVE()
GEOMETRIC_REPRESENTATION_ITEM()
RATIONAL_B_SPLINE_CURVE((1.0000000000,1.0000000000))
REPRESENTATION_ITEM('')
);
#1025=CARTESIAN_POINT('',(-29.0000000000,-17.5000000000,8.0000000000));
#1026=CARTESIAN_POINT('',(29.0000000000,-17.5000000000,8.0000000000));

#1027=CARTESIAN_POINT('',(29.0000000000,-17.5000000000,8.0000000000));
#1028=VERTEX_POINT('',#1027);
#1029=EDGE_CURVE('',#1021,#1028,#1024,.T.);
#1030=ORIENTED_EDGE('',*,*,#1029,.T.);
#1031=(
BOUNDED_CURVE()
B_SPLINE_CURVE(1,(#1032,#1033),.UNSPECIFIED.,.F.,.F.)
B_SPLINE_CURVE_WITH_KNOTS((2,2),(0.000,1.000),.UNSPECIFIED.)
CURVE()
GEOMETRIC_REPRESENTATION_ITEM()
RATIONAL_B_SPLINE_CURVE((1.0000000000,1.0000000000))
REPRESENTATION_ITEM('')
);
#1032=CARTESIAN_POINT('',(29.0000000000,-17.5000000000,8.0000000000));
#1033=CARTESIAN_POINT('',(29.0000000000,-13.0000000000,8.0000000000));

#1034=CARTESIAN_POINT('',(29.0000000000,-13.0000000000,8.0000000000));
#1035=VERTEX_POINT('',#1034);
#1036=EDGE_CURVE('',#1028,#1035,#1031,.T.);
#1037=ORIENTED_EDGE('',*,*,#1036,.T.);
#1038=(
BOUNDED_CURVE()
B_SPLINE_CURVE(2,(#1039,#1040,#1041),.UNSPECIFIED.,.F.,.F.)
B_SPLINE_CURVE_WITH_KNOTS((3,3),(0.000,1.000),.UNSPECIFIED.)
CURVE()
GEOMETRIC_REPRESENTATION_ITEM()
RATIONAL_B_SPLINE_CURVE((1.0000000000,0.7071067812,1.0000000000))
REPRESENTATION_ITEM('')
);
#1039=CARTESIAN_POINT('',(29.0000000000,-13.0000000000,8.0000000000));
#1040=CARTESIAN_POINT('',(29.0000000000,-11.5000000001,8.0000000000));
#1041=CARTESIAN_POINT('',(30.4999999999,-11.5000000000,8.0000000000));

#1042=CARTESIAN_POINT('',(30.4999999999,-11.5000000000,8.0000000000));
#1043=VERTEX_POINT('',#1042);
#1044=EDGE_CURVE('',#1035,#1043,#1038,.T.);
#1045=ORIENTED_EDGE('',*,*,#1044,.T.);
#1046=(
BOUNDED_CURVE()
B_SPLINE_CURVE(1,(#1047,#1048),.UNSPECIFIED.,.F.,.F.)
B_SPLINE_CURVE_WITH_KNOTS((2,2),(0.000,1.000),.UNSPECIFIED.)
CURVE()
GEOMETRIC_REPRESENTATION_ITEM()
RATIONAL_B_SPLINE_CURVE((1.0000000000,1.0000000000))
REPRESENTATION_ITEM('')
);
#1047=CARTESIAN_POINT('',(30.5000000000,-11.5000000000,8.0000000000));
#1048=CARTESIAN_POINT('',(35.0000000000,-11.5000000000,8.0000000000));

#1049=CARTESIAN_POINT('',(35.0000000000,-11.5000000000,8.0000000000));
#1050=VERTEX_POINT('',#1049);
#1051=EDGE_CURVE('',#1043,#1050,#1046,.T.);
#1052=ORIENTED_EDGE('',*,*,#1051,.T.);
#1053=(
BOUNDED_CURVE()
B_SPLINE_CURVE(1,(#1054,#1055),.UNSPECIFIED.,.F.,.F.)
B_SPLINE_CURVE_WITH_KNOTS((2,2),(0.000,1.000),.UNSPECIFIED.)
CURVE()
GEOMETRIC_REPRESENTATION_ITEM()
RATIONAL_B_SPLINE_CURVE((1.0000000000,1.0000000000))
REPRESENTATION_ITEM('')
);
#1054=CARTESIAN_POINT('',(35.0000000000,-11.5000000000,8.0000000000));
#1055=CARTESIAN_POINT('',(35.0000000000,11.5000000000,8.0000000000));

#1056=CARTESIAN_POINT('',(35.0000000000,11.5000000000,8.0000000000));
#1057=VERTEX_POINT('',#1056);
#1058=EDGE_CURVE('',#1050,#1057,#1053,.T.);
#1059=ORIENTED_EDGE('',*,*,#1058,.T.);
#1060=(
BOUNDED_CURVE()
B_SPLINE_CURVE(1,(#1061,#1062),.UNSPECIFIED.,.F.,.F.)
B_SPLINE_CURVE_WITH_KNOTS((2,2),(0.000,1.000),.UNSPECIFIED.)
CURVE()
GEOMETRIC_REPRESENTATION_ITEM()
RATIONAL_B_SPLINE_CURVE((1.0000000000,1.0000000000))
REPRESENTATION_ITEM('')
);
#1061=CARTESIAN_POINT('',(35.0000000000,11.5000000000,8.0000000000));
#1062=CARTESIAN_POINT('',(30.5000000000,11.5000000000,8.0000000000));

#1063=EDGE_CURVE('',#1057,#950,#1060,.T.);
#1064=ORIENTED_EDGE('',*,*,#1063,.T.);
#1065=EDGE_LOOP('',(#958,#965,#972,#979,#987,#994,#1001,#1008,#1016,#1023,#1030,#1037,#1045,#1052,#1059,#1064));
#1066=FACE_BOUND('',#1065,.T.);
#1067=ADVANCED_FACE('',(#772,#816,#860,#904,#948,#1066),#738,.T.);
#1068=COLOUR_RGB('',0.39,0.39,0.39);
#1069=FILL_AREA_STYLE_COLOUR('',#1068);
#1070=FILL_AREA_STYLE('',(#1069));
#1071=SURFACE_STYLE_FILL_AREA(#1070);
#1072=SURFACE_STYLE_TRANSPARENT(0.00);
#1073=SURFACE_STYLE_RENDERING_WITH_PROPERTIES(.NORMAL_SHADING.,#1068,(#1072));
#1074=SURFACE_SIDE_STYLE('',(#1071, #1073));
#1075=SURFACE_STYLE_USAGE(.BOTH.,#1074);
#1076=PRESENTATION_STYLE_ASSIGNMENT((#1075));
#1077=STYLED_ITEM('',(#1076),#1067);

#1078=(
BOUNDED_SURFACE()
B_SPLINE_SURFACE(1,1,((#1079,#1080),(#1081,#1082)),.UNSPECIFIED.,.F.,.F.,.F.)
B_SPLINE_SURFACE_WITH_KNOTS((2,2),(2,2),(0.000,1.000),(0.000,1.000),.UNSPECIFIED.)
GEOMETRIC_REPRESENTATION_ITEM()
RATIONAL_B_SPLINE_SURFACE(((1.0000000000,1.0000000000),(1.0000000000,1.0000000000)))
REPRESENTATION_ITEM('')
SURFACE()
);
#1079=CARTESIAN_POINT('',(-38.0000000000,-20.5000000000,50.0000000000));
#1080=CARTESIAN_POINT('',(-38.0000000000,-20.5000000000,8.0000000000));
#1081=CARTESIAN_POINT('',(38.0000000000,-20.5000000000,50.0000000000));
#1082=CARTESIAN_POINT('',(38.0000000000,-20.5000000000,8.0000000000));

#1083=CARTESIAN_POINT('',(-38.0000000000,-20.5000000000,13.2424322584));
#1084=VERTEX_POINT('',#1083);
#1085=(
BOUNDED_CURVE()
B_SPLINE_CURVE(1,(#1086,#1087),.UNSPECIFIED.,.F.,.F.)
B_SPLINE_CURVE_WITH_KNOTS((2,2),(0.000,1.000),.UNSPECIFIED.)
CURVE()
GEOMETRIC_REPRESENTATION_ITEM()
RATIONAL_B_SPLINE_CURVE((1.0000000000,1.0000000000))
REPRESENTATION_ITEM('')
);
#1086=CARTESIAN_POINT('',(-38.0000000000,-20.5000000000,13.2424322584));
#1087=CARTESIAN_POINT('',(-38.0000000000,-20.5000000000,8.0000000000));

#1088=CARTESIAN_POINT('',(-38.0000000000,-20.5000000000,8.0000000000));
#1089=VERTEX_POINT('',#1088);
#1090=EDGE_CURVE('',#1084,#1089,#1085,.T.);
#1091=ORIENTED_EDGE('',*,*,#1090,.T.);
#1092=(
BOUNDED_CURVE()
B_SPLINE_CURVE(1,(#1093,#1094),.UNSPECIFIED.,.F.,.F.)
B_SPLINE_CURVE_WITH_KNOTS((2,2),(0.000,1.000),.UNSPECIFIED.)
CURVE()
GEOMETRIC_REPRESENTATION_ITEM()
RATIONAL_B_SPLINE_CURVE((1.0000000000,1.0000000000))
REPRESENTATION_ITEM('')
);
#1093=CARTESIAN_POINT('',(-38.0000000000,-20.5000000000,8.0000000000));
#1094=CARTESIAN_POINT('',(38.0000000000,-20.5000000000,8.0000000000));

#1095=CARTESIAN_POINT('',(38.0000000000,-20.5000000000,8.0000000000));
#1096=VERTEX_POINT('',#1095);
#1097=EDGE_CURVE('',#1089,#1096,#1092,.T.);
#1098=ORIENTED_EDGE('',*,*,#1097,.T.);
#1099=(
BOUNDED_CURVE()
B_SPLINE_CURVE(1,(#1100,#1101),.UNSPECIFIED.,.F.,.F.)
B_SPLINE_CURVE_WITH_KNOTS((2,2),(0.000,1.000),.UNSPECIFIED.)
CURVE()
GEOMETRIC_REPRESENTATION_ITEM()
RATIONAL_B_SPLINE_CURVE((1.0000000000,1.0000000000))
REPRESENTATION_ITEM('')
);
#1100=CARTESIAN_POINT('',(38.0000000000,-20.5000000000,8.0000000000));
#1101=CARTESIAN_POINT('',(38.0000000000,-20.5000000000,13.2424322584));

#1102=CARTESIAN_POINT('',(38.0000000000,-20.5000000000,13.2424322584));
#1103=VERTEX_POINT('',#1102);
#1104=EDGE_CURVE('',#1096,#1103,#1099,.T.);
#1105=ORIENTED_EDGE('',*,*,#1104,.T.);
#1106=(
BOUNDED_CURVE()
B_SPLINE_CURVE(1,(#1107,#1108),.UNSPECIFIED.,.F.,.F.)
B_SPLINE_CURVE_WITH_KNOTS((2,2),(0.000,1.000),.UNSPECIFIED.)
CURVE()
GEOMETRIC_REPRESENTATION_ITEM()
RATIONAL_B_SPLINE_CURVE((1.0000000000,1.0000000000))
REPRESENTATION_ITEM('')
);
#1107=CARTESIAN_POINT('',(38.0000000000,-20.5000000000,13.2424322584));
#1108=CARTESIAN_POINT('',(-38.0000000000,-20.5000000000,13.2424322584));

#1109=EDGE_CURVE('',#1103,#1084,#1106,.T.);
#1110=ORIENTED_EDGE('',*,*,#1109,.T.);
#1111=EDGE_LOOP('',(#1091,#1098,#1105,#1110));
#1112=FACE_OUTER_BOUND('',#1111,.T.);
#1113=ADVANCED_FACE('',(#1112),#1078,.T.);
#1114=COLOUR_RGB('',0.39,0.39,0.39);
#1115=FILL_AREA_STYLE_COLOUR('',#1114);
#1116=FILL_AREA_STYLE('',(#1115));
#1117=SURFACE_STYLE_FILL_AREA(#1116);
#1118=SURFACE_STYLE_TRANSPARENT(0.00);
#1119=SURFACE_STYLE_RENDERING_WITH_PROPERTIES(.NORMAL_SHADING.,#1114,(#1118));
#1120=SURFACE_SIDE_STYLE('',(#1117, #1119));
#1121=SURFACE_STYLE_USAGE(.BOTH.,#1120);
#1122=PRESENTATION_STYLE_ASSIGNMENT((#1121));
#1123=STYLED_ITEM('',(#1122),#1113);

#1124=(
BOUNDED_SURFACE()
B_SPLINE_SURFACE(1,1,((#1125,#1126),(#1127,#1128)),.UNSPECIFIED.,.F.,.F.,.F.)
B_SPLINE_SURFACE_WITH_KNOTS((2,2),(2,2),(0.000,1.000),(0.000,1.000),.UNSPECIFIED.)
GEOMETRIC_REPRESENTATION_ITEM()
RATIONAL_B_SPLINE_SURFACE(((1.0000000000,1.0000000000),(1.0000000000,1.0000000000)))
REPRESENTATION_ITEM('')
SURFACE()
);
#1125=CARTESIAN_POINT('',(-38.0000000000,20.5000000000,50.0000000000));
#1126=CARTESIAN_POINT('',(-38.0000000000,20.5000000000,8.0000000000));
#1127=CARTESIAN_POINT('',(-38.0000000000,-20.5000000000,50.0000000000));
#1128=CARTESIAN_POINT('',(-38.0000000000,-20.5000000000,8.0000000000));

#1129=CARTESIAN_POINT('',(-38.0000000000,20.5000000000,25.2244882981));
#1130=VERTEX_POINT('',#1129);
#1131=(
BOUNDED_CURVE()
B_SPLINE_CURVE(1,(#1132,#1133),.UNSPECIFIED.,.F.,.F.)
B_SPLINE_CURVE_WITH_KNOTS((2,2),(0.000,1.000),.UNSPECIFIED.)
CURVE()
GEOMETRIC_REPRESENTATION_ITEM()
RATIONAL_B_SPLINE_CURVE((1.0000000000,1.0000000000))
REPRESENTATION_ITEM('')
);
#1132=CARTESIAN_POINT('',(-38.0000000000,20.5000000000,25.2244882981));
#1133=CARTESIAN_POINT('',(-38.0000000000,20.5000000000,8.0000000000));

#1134=CARTESIAN_POINT('',(-38.0000000000,20.5000000000,8.0000000000));
#1135=VERTEX_POINT('',#1134);
#1136=EDGE_CURVE('',#1130,#1135,#1131,.T.);
#1137=ORIENTED_EDGE('',*,*,#1136,.T.);
#1138=(
BOUNDED_CURVE()
B_SPLINE_CURVE(1,(#1139,#1140),.UNSPECIFIED.,.F.,.F.)
B_SPLINE_CURVE_WITH_KNOTS((2,2),(0.000,1.000),.UNSPECIFIED.)
CURVE()
GEOMETRIC_REPRESENTATION_ITEM()
RATIONAL_B_SPLINE_CURVE((1.0000000000,1.0000000000))
REPRESENTATION_ITEM('')
);
#1139=CARTESIAN_POINT('',(-38.0000000000,20.5000000000,8.0000000000));
#1140=CARTESIAN_POINT('',(-38.0000000000,-20.5000000000,8.0000000000));

#1141=CARTESIAN_POINT('',(-38.0000000000,-20.5000000000,8.0000000000));
#1142=VERTEX_POINT('',#1141);
#1143=EDGE_CURVE('',#1135,#1142,#1138,.T.);
#1144=ORIENTED_EDGE('',*,*,#1143,.T.);
#1145=(
BOUNDED_CURVE()
B_SPLINE_CURVE(1,(#1146,#1147),.UNSPECIFIED.,.F.,.F.)
B_SPLINE_CURVE_WITH_KNOTS((2,2),(0.000,1.000),.UNSPECIFIED.)
CURVE()
GEOMETRIC_REPRESENTATION_ITEM()
RATIONAL_B_SPLINE_CURVE((1.0000000000,1.0000000000))
REPRESENTATION_ITEM('')
);
#1146=CARTESIAN_POINT('',(-38.0000000000,-20.5000000000,8.0000000000));
#1147=CARTESIAN_POINT('',(-38.0000000000,-20.5000000000,13.2424322584));

#1148=CARTESIAN_POINT('',(-38.0000000000,-20.5000000000,13.2424322584));
#1149=VERTEX_POINT('',#1148);
#1150=EDGE_CURVE('',#1142,#1149,#1145,.T.);
#1151=ORIENTED_EDGE('',*,*,#1150,.T.);
#1152=(
BOUNDED_CURVE()
B_SPLINE_CURVE(1,(#1153,#1154),.UNSPECIFIED.,.F.,.F.)
B_SPLINE_CURVE_WITH_KNOTS((2,2),(0.000,1.000),.UNSPECIFIED.)
CURVE()
GEOMETRIC_REPRESENTATION_ITEM()
RATIONAL_B_SPLINE_CURVE((1.0000000000,1.0000000000))
REPRESENTATION_ITEM('')
);
#1153=CARTESIAN_POINT('',(-38.0000000000,-20.5000000000,13.2424322584));
#1154=CARTESIAN_POINT('',(-38.0000000000,-11.8529525035,37.0000000000));

#1155=CARTESIAN_POINT('',(-38.0000000000,-11.8529525035,37.0000000000));
#1156=VERTEX_POINT('',#1155);
#1157=EDGE_CURVE('',#1149,#1156,#1152,.T.);
#1158=ORIENTED_EDGE('',*,*,#1157,.T.);
#1159=(
BOUNDED_CURVE()
B_SPLINE_CURVE(1,(#1160,#1161),.UNSPECIFIED.,.F.,.F.)
B_SPLINE_CURVE_WITH_KNOTS((2,2),(0.000,1.000),.UNSPECIFIED.)
CURVE()
GEOMETRIC_REPRESENTATION_ITEM()
RATIONAL_B_SPLINE_CURVE((1.0000000000,1.0000000000))
REPRESENTATION_ITEM('')
);
#1160=CARTESIAN_POINT('',(-38.0000000000,-11.8529525035,37.0000000000));
#1161=CARTESIAN_POINT('',(-38.0000000000,20.5000000000,25.2244882981));

#1162=EDGE_CURVE('',#1156,#1130,#1159,.T.);
#1163=ORIENTED_EDGE('',*,*,#1162,.T.);
#1164=EDGE_LOOP('',(#1137,#1144,#1151,#1158,#1163));
#1165=FACE_OUTER_BOUND('',#1164,.T.);
#1166=ADVANCED_FACE('',(#1165),#1124,.T.);
#1167=COLOUR_RGB('',0.39,0.39,0.39);
#1168=FILL_AREA_STYLE_COLOUR('',#1167);
#1169=FILL_AREA_STYLE('',(#1168));
#1170=SURFACE_STYLE_FILL_AREA(#1169);
#1171=SURFACE_STYLE_TRANSPARENT(0.00);
#1172=SURFACE_STYLE_RENDERING_WITH_PROPERTIES(.NORMAL_SHADING.,#1167,(#1171));
#1173=SURFACE_SIDE_STYLE('',(#1170, #1172));
#1174=SURFACE_STYLE_USAGE(.BOTH.,#1173);
#1175=PRESENTATION_STYLE_ASSIGNMENT((#1174));
#1176=STYLED_ITEM('',(#1175),#1166);

#1177=(
BOUNDED_SURFACE()
B_SPLINE_SURFACE(1,1,((#1178,#1179),(#1180,#1181)),.UNSPECIFIED.,.F.,.F.,.F.)
B_SPLINE_SURFACE_WITH_KNOTS((2,2),(2,2),(0.000,1.000),(0.000,1.000),.UNSPECIFIED.)
GEOMETRIC_REPRESENTATION_ITEM()
RATIONAL_B_SPLINE_SURFACE(((1.0000000000,1.0000000000),(1.0000000000,1.0000000000)))
REPRESENTATION_ITEM('')
SURFACE()
);
#1178=CARTESIAN_POINT('',(38.0000000000,20.5000000000,50.0000000000));
#1179=CARTESIAN_POINT('',(38.0000000000,20.5000000000,8.0000000000));
#1180=CARTESIAN_POINT('',(-38.0000000000,20.5000000000,50.0000000000));
#1181=CARTESIAN_POINT('',(-38.0000000000,20.5000000000,8.0000000000));

#1182=CARTESIAN_POINT('',(38.0000000000,20.5000000000,25.2244882981));
#1183=VERTEX_POINT('',#1182);
#1184=(
BOUNDED_CURVE()
B_SPLINE_CURVE(1,(#1185,#1186),.UNSPECIFIED.,.F.,.F.)
B_SPLINE_CURVE_WITH_KNOTS((2,2),(0.000,1.000),.UNSPECIFIED.)
CURVE()
GEOMETRIC_REPRESENTATION_ITEM()
RATIONAL_B_SPLINE_CURVE((1.0000000000,1.0000000000))
REPRESENTATION_ITEM('')
);
#1185=CARTESIAN_POINT('',(38.0000000000,20.5000000000,25.2244882981));
#1186=CARTESIAN_POINT('',(38.0000000000,20.5000000000,8.0000000000));

#1187=CARTESIAN_POINT('',(38.0000000000,20.5000000000,8.0000000000));
#1188=VERTEX_POINT('',#1187);
#1189=EDGE_CURVE('',#1183,#1188,#1184,.T.);
#1190=ORIENTED_EDGE('',*,*,#1189,.T.);
#1191=(
BOUNDED_CURVE()
B_SPLINE_CURVE(1,(#1192,#1193),.UNSPECIFIED.,.F.,.F.)
B_SPLINE_CURVE_WITH_KNOTS((2,2),(0.000,1.000),.UNSPECIFIED.)
CURVE()
GEOMETRIC_REPRESENTATION_ITEM()
RATIONAL_B_SPLINE_CURVE((1.0000000000,1.0000000000))
REPRESENTATION_ITEM('')
);
#1192=CARTESIAN_POINT('',(38.0000000000,20.5000000000,8.0000000000));
#1193=CARTESIAN_POINT('',(-38.0000000000,20.5000000000,8.0000000000));

#1194=CARTESIAN_POINT('',(-38.0000000000,20.5000000000,8.0000000000));
#1195=VERTEX_POINT('',#1194);
#1196=EDGE_CURVE('',#1188,#1195,#1191,.T.);
#1197=ORIENTED_EDGE('',*,*,#1196,.T.);
#1198=(
BOUNDED_CURVE()
B_SPLINE_CURVE(1,(#1199,#1200),.UNSPECIFIED.,.F.,.F.)
B_SPLINE_CURVE_WITH_KNOTS((2,2),(0.000,1.000),.UNSPECIFIED.)
CURVE()
GEOMETRIC_REPRESENTATION_ITEM()
RATIONAL_B_SPLINE_CURVE((1.0000000000,1.0000000000))
REPRESENTATION_ITEM('')
);
#1199=CARTESIAN_POINT('',(-38.0000000000,20.5000000000,8.0000000000));
#1200=CARTESIAN_POINT('',(-38.0000000000,20.5000000000,25.2244882981));

#1201=CARTESIAN_POINT('',(-38.0000000000,20.5000000000,25.2244882981));
#1202=VERTEX_POINT('',#1201);
#1203=EDGE_CURVE('',#1195,#1202,#1198,.T.);
#1204=ORIENTED_EDGE('',*,*,#1203,.T.);
#1205=(
BOUNDED_CURVE()
B_SPLINE_CURVE(1,(#1206,#1207),.UNSPECIFIED.,.F.,.F.)
B_SPLINE_CURVE_WITH_KNOTS((2,2),(0.000,1.000),.UNSPECIFIED.)
CURVE()
GEOMETRIC_REPRESENTATION_ITEM()
RATIONAL_B_SPLINE_CURVE((1.0000000000,1.0000000000))
REPRESENTATION_ITEM('')
);
#1206=CARTESIAN_POINT('',(-38.0000000000,20.5000000000,25.2244882981));
#1207=CARTESIAN_POINT('',(38.0000000000,20.5000000000,25.2244882981));

#1208=EDGE_CURVE('',#1202,#1183,#1205,.T.);
#1209=ORIENTED_EDGE('',*,*,#1208,.T.);
#1210=EDGE_LOOP('',(#1190,#1197,#1204,#1209));
#1211=FACE_OUTER_BOUND('',#1210,.T.);
#1212=ADVANCED_FACE('',(#1211),#1177,.T.);
#1213=COLOUR_RGB('',0.39,0.39,0.39);
#1214=FILL_AREA_STYLE_COLOUR('',#1213);
#1215=FILL_AREA_STYLE('',(#1214));
#1216=SURFACE_STYLE_FILL_AREA(#1215);
#1217=SURFACE_STYLE_TRANSPARENT(0.00);
#1218=SURFACE_STYLE_RENDERING_WITH_PROPERTIES(.NORMAL_SHADING.,#1213,(#1217));
#1219=SURFACE_SIDE_STYLE('',(#1216, #1218));
#1220=SURFACE_STYLE_USAGE(.BOTH.,#1219);
#1221=PRESENTATION_STYLE_ASSIGNMENT((#1220));
#1222=STYLED_ITEM('',(#1221),#1212);

#1223=(
BOUNDED_SURFACE()
B_SPLINE_SURFACE(1,1,((#1224,#1225),(#1226,#1227)),.UNSPECIFIED.,.F.,.F.,.F.)
B_SPLINE_SURFACE_WITH_KNOTS((2,2),(2,2),(0.000,1.000),(0.000,1.000),.UNSPECIFIED.)
GEOMETRIC_REPRESENTATION_ITEM()
RATIONAL_B_SPLINE_SURFACE(((1.0000000000,1.0000000000),(1.0000000000,1.0000000000)))
REPRESENTATION_ITEM('')
SURFACE()
);
#1224=CARTESIAN_POINT('',(38.0000000000,-20.5000000000,50.0000000000));
#1225=CARTESIAN_POINT('',(38.0000000000,-20.5000000000,8.0000000000));
#1226=CARTESIAN_POINT('',(38.0000000000,20.5000000000,50.0000000000));
#1227=CARTESIAN_POINT('',(38.0000000000,20.5000000000,8.0000000000));

#1228=CARTESIAN_POINT('',(38.0000000000,-20.5000000000,13.2424322584));
#1229=VERTEX_POINT('',#1228);
#1230=(
BOUNDED_CURVE()
B_SPLINE_CURVE(1,(#1231,#1232),.UNSPECIFIED.,.F.,.F.)
B_SPLINE_CURVE_WITH_KNOTS((2,2),(0.000,1.000),.UNSPECIFIED.)
CURVE()
GEOMETRIC_REPRESENTATION_ITEM()
RATIONAL_B_SPLINE_CURVE((1.0000000000,1.0000000000))
REPRESENTATION_ITEM('')
);
#1231=CARTESIAN_POINT('',(38.0000000000,-20.5000000000,13.2424322584));
#1232=CARTESIAN_POINT('',(38.0000000000,-20.5000000000,8.0000000000));

#1233=CARTESIAN_POINT('',(38.0000000000,-20.5000000000,8.0000000000));
#1234=VERTEX_POINT('',#1233);
#1235=EDGE_CURVE('',#1229,#1234,#1230,.T.);
#1236=ORIENTED_EDGE('',*,*,#1235,.T.);
#1237=(
BOUNDED_CURVE()
B_SPLINE_CURVE(1,(#1238,#1239),.UNSPECIFIED.,.F.,.F.)
B_SPLINE_CURVE_WITH_KNOTS((2,2),(0.000,1.000),.UNSPECIFIED.)
CURVE()
GEOMETRIC_REPRESENTATION_ITEM()
RATIONAL_B_SPLINE_CURVE((1.0000000000,1.0000000000))
REPRESENTATION_ITEM('')
);
#1238=CARTESIAN_POINT('',(38.0000000000,-20.5000000000,8.0000000000));
#1239=CARTESIAN_POINT('',(38.0000000000,20.5000000000,8.0000000000));

#1240=CARTESIAN_POINT('',(38.0000000000,20.5000000000,8.0000000000));
#1241=VERTEX_POINT('',#1240);
#1242=EDGE_CURVE('',#1234,#1241,#1237,.T.);
#1243=ORIENTED_EDGE('',*,*,#1242,.T.);
#1244=(
BOUNDED_CURVE()
B_SPLINE_CURVE(1,(#1245,#1246),.UNSPECIFIED.,.F.,.F.)
B_SPLINE_CURVE_WITH_KNOTS((2,2),(0.000,1.000),.UNSPECIFIED.)
CURVE()
GEOMETRIC_REPRESENTATION_ITEM()
RATIONAL_B_SPLINE_CURVE((1.0000000000,1.0000000000))
REPRESENTATION_ITEM('')
);
#1245=CARTESIAN_POINT('',(38.0000000000,20.5000000000,8.0000000000));
#1246=CARTESIAN_POINT('',(38.0000000000,20.5000000000,25.2244882981));

#1247=CARTESIAN_POINT('',(38.0000000000,20.5000000000,25.2244882981));
#1248=VERTEX_POINT('',#1247);
#1249=EDGE_CURVE('',#1241,#1248,#1244,.T.);
#1250=ORIENTED_EDGE('',*,*,#1249,.T.);
#1251=(
BOUNDED_CURVE()
B_SPLINE_CURVE(1,(#1252,#1253),.UNSPECIFIED.,.F.,.F.)
B_SPLINE_CURVE_WITH_KNOTS((2,2),(0.000,1.000),.UNSPECIFIED.)
CURVE()
GEOMETRIC_REPRESENTATION_ITEM()
RATIONAL_B_SPLINE_CURVE((1.0000000000,1.0000000000))
REPRESENTATION_ITEM('')
);
#1252=CARTESIAN_POINT('',(38.0000000000,20.5000000000,25.2244882981));
#1253=CARTESIAN_POINT('',(38.0000000000,-11.8529525035,37.0000000000));

#1254=CARTESIAN_POINT('',(38.0000000000,-11.8529525035,37.0000000000));
#1255=VERTEX_POINT('',#1254);
#1256=EDGE_CURVE('',#1248,#1255,#1251,.T.);
#1257=ORIENTED_EDGE('',*,*,#1256,.T.);
#1258=(
BOUNDED_CURVE()
B_SPLINE_CURVE(1,(#1259,#1260),.UNSPECIFIED.,.F.,.F.)
B_SPLINE_CURVE_WITH_KNOTS((2,2),(0.000,1.000),.UNSPECIFIED.)
CURVE()
GEOMETRIC_REPRESENTATION_ITEM()
RATIONAL_B_SPLINE_CURVE((1.0000000000,1.0000000000))
REPRESENTATION_ITEM('')
);
#1259=CARTESIAN_POINT('',(38.0000000000,-11.8529525035,37.0000000000));
#1260=CARTESIAN_POINT('',(38.0000000000,-20.5000000000,13.2424322584));

#1261=EDGE_CURVE('',#1255,#1229,#1258,.T.);
#1262=ORIENTED_EDGE('',*,*,#1261,.T.);
#1263=EDGE_LOOP('',(#1236,#1243,#1250,#1257,#1262));
#1264=FACE_OUTER_BOUND('',#1263,.T.);
#1265=ADVANCED_FACE('',(#1264),#1223,.T.);
#1266=COLOUR_RGB('',0.39,0.39,0.39);
#1267=FILL_AREA_STYLE_COLOUR('',#1266);
#1268=FILL_AREA_STYLE('',(#1267));
#1269=SURFACE_STYLE_FILL_AREA(#1268);
#1270=SURFACE_STYLE_TRANSPARENT(0.00);
#1271=SURFACE_STYLE_RENDERING_WITH_PROPERTIES(.NORMAL_SHADING.,#1266,(#1270));
#1272=SURFACE_SIDE_STYLE('',(#1269, #1271));
#1273=SURFACE_STYLE_USAGE(.BOTH.,#1272);
#1274=PRESENTATION_STYLE_ASSIGNMENT((#1273));
#1275=STYLED_ITEM('',(#1274),#1265);

#1276=(
BOUNDED_SURFACE()
B_SPLINE_SURFACE(1,1,((#1277,#1278),(#1279,#1280)),.UNSPECIFIED.,.F.,.F.,.F.)
B_SPLINE_SURFACE_WITH_KNOTS((2,2),(2,2),(0.000,1.000),(0.000,1.000),.UNSPECIFIED.)
GEOMETRIC_REPRESENTATION_ITEM()
RATIONAL_B_SPLINE_SURFACE(((1.0000000000,1.0000000000),(1.0000000000,1.0000000000)))
REPRESENTATION_ITEM('')
SURFACE()
);
#1277=CARTESIAN_POINT('',(38.0000000000,20.5000000000,4.0000000000));
#1278=CARTESIAN_POINT('',(-38.0000000000,20.5000000000,4.0000000000));
#1279=CARTESIAN_POINT('',(38.0000000000,-20.5000000000,4.0000000000));
#1280=CARTESIAN_POINT('',(-38.0000000000,-20.5000000000,4.0000000000));

#1281=CARTESIAN_POINT('',(38.0000000000,19.5000000000,4.0000000000));
#1282=VERTEX_POINT('',#1281);
#1283=(
BOUNDED_CURVE()
B_SPLINE_CURVE(2,(#1284,#1285,#1286),.UNSPECIFIED.,.F.,.F.)
B_SPLINE_CURVE_WITH_KNOTS((3,3),(0.000,1.000),.UNSPECIFIED.)
CURVE()
GEOMETRIC_REPRESENTATION_ITEM()
RATIONAL_B_SPLINE_CURVE((1.0000000000,0.7071067812,1.0000000000))
REPRESENTATION_ITEM('')
);
#1284=CARTESIAN_POINT('',(38.0000000000,19.5000000000,4.0000000000));
#1285=CARTESIAN_POINT('',(38.0000000000,20.5000000000,4.0000000000));
#1286=CARTESIAN_POINT('',(37.0000000000,20.5000000000,4.0000000000));

#1287=CARTESIAN_POINT('',(37.0000000000,20.5000000000,4.0000000000));
#1288=VERTEX_POINT('',#1287);
#1289=EDGE_CURVE('',#1282,#1288,#1283,.T.);
#1290=ORIENTED_EDGE('',*,*,#1289,.T.);
#1291=(
BOUNDED_CURVE()
B_SPLINE_CURVE(1,(#1292,#1293),.UNSPECIFIED.,.F.,.F.)
B_SPLINE_CURVE_WITH_KNOTS((2,2),(0.000,1.000),.UNSPECIFIED.)
CURVE()
GEOMETRIC_REPRESENTATION_ITEM()
RATIONAL_B_SPLINE_CURVE((1.0000000000,1.0000000000))
REPRESENTATION_ITEM('')
);
#1292=CARTESIAN_POINT('',(37.0000000000,20.5000000000,4.0000000000));
#1293=CARTESIAN_POINT('',(-37.0000000000,20.5000000000,4.0000000000));

#1294=CARTESIAN_POINT('',(-37.0000000000,20.5000000000,4.0000000000));
#1295=VERTEX_POINT('',#1294);
#1296=EDGE_CURVE('',#1288,#1295,#1291,.T.);
#1297=ORIENTED_EDGE('',*,*,#1296,.T.);
#1298=(
BOUNDED_CURVE()
B_SPLINE_CURVE(2,(#1299,#1300,#1301),.UNSPECIFIED.,.F.,.F.)
B_SPLINE_CURVE_WITH_KNOTS((3,3),(0.000,1.000),.UNSPECIFIED.)
CURVE()
GEOMETRIC_REPRESENTATION_ITEM()
RATIONAL_B_SPLINE_CURVE((1.0000000000,0.7071067812,1.0000000000))
REPRESENTATION_ITEM('')
);
#1299=CARTESIAN_POINT('',(-37.0000000000,20.5000000000,4.0000000000));
#1300=CARTESIAN_POINT('',(-38.0000000000,20.5000000000,4.0000000000));
#1301=CARTESIAN_POINT('',(-38.0000000000,19.5000000000,4.0000000000));

#1302=CARTESIAN_POINT('',(-38.0000000000,19.5000000000,4.0000000000));
#1303=VERTEX_POINT('',#1302);
#1304=EDGE_CURVE('',#1295,#1303,#1298,.T.);
#1305=ORIENTED_EDGE('',*,*,#1304,.T.);
#1306=(
BOUNDED_CURVE()
B_SPLINE_CURVE(1,(#1307,#1308),.UNSPECIFIED.,.F.,.F.)
B_SPLINE_CURVE_WITH_KNOTS((2,2),(0.000,1.000),.UNSPECIFIED.)
CURVE()
GEOMETRIC_REPRESENTATION_ITEM()
RATIONAL_B_SPLINE_CURVE((1.0000000000,1.0000000000))
REPRESENTATION_ITEM('')
);
#1307=CARTESIAN_POINT('',(-38.0000000000,19.5000000000,4.0000000000));
#1308=CARTESIAN_POINT('',(-38.0000000000,-19.5000000000,4.0000000000));

#1309=CARTESIAN_POINT('',(-38.0000000000,-19.5000000000,4.0000000000));
#1310=VERTEX_POINT('',#1309);
#1311=EDGE_CURVE('',#1303,#1310,#1306,.T.);
#1312=ORIENTED_EDGE('',*,*,#1311,.T.);
#1313=(
BOUNDED_CURVE()
B_SPLINE_CURVE(2,(#1314,#1315,#1316),.UNSPECIFIED.,.F.,.F.)
B_SPLINE_CURVE_WITH_KNOTS((3,3),(0.000,1.000),.UNSPECIFIED.)
CURVE()
GEOMETRIC_REPRESENTATION_ITEM()
RATIONAL_B_SPLINE_CURVE((1.0000000000,0.7071067812,1.0000000000))
REPRESENTATION_ITEM('')
);
#1314=CARTESIAN_POINT('',(-38.0000000000,-19.5000000000,4.0000000000));
#1315=CARTESIAN_POINT('',(-38.0000000000,-20.5000000000,4.0000000000));
#1316=CARTESIAN_POINT('',(-37.0000000000,-20.5000000000,4.0000000000));

#1317=CARTESIAN_POINT('',(-37.0000000000,-20.5000000000,4.0000000000));
#1318=VERTEX_POINT('',#1317);
#1319=EDGE_CURVE('',#1310,#1318,#1313,.T.);
#1320=ORIENTED_EDGE('',*,*,#1319,.T.);
#1321=(
BOUNDED_CURVE()
B_SPLINE_CURVE(1,(#1322,#1323),.UNSPECIFIED.,.F.,.F.)
B_SPLINE_CURVE_WITH_KNOTS((2,2),(0.000,1.000),.UNSPECIFIED.)
CURVE()
GEOMETRIC_REPRESENTATION_ITEM()
RATIONAL_B_SPLINE_CURVE((1.0000000000,1.0000000000))
REPRESENTATION_ITEM('')
);
#1322=CARTESIAN_POINT('',(-37.0000000000,-20.5000000000,4.0000000000));
#1323=CARTESIAN_POINT('',(37.0000000000,-20.5000000000,4.0000000000));

#1324=CARTESIAN_POINT('',(37.0000000000,-20.5000000000,4.0000000000));
#1325=VERTEX_POINT('',#1324);
#1326=EDGE_CURVE('',#1318,#1325,#1321,.T.);
#1327=ORIENTED_EDGE('',*,*,#1326,.T.);
#1328=(
BOUNDED_CURVE()
B_SPLINE_CURVE(2,(#1329,#1330,#1331),.UNSPECIFIED.,.F.,.F.)
B_SPLINE_CURVE_WITH_KNOTS((3,3),(0.000,1.000),.UNSPECIFIED.)
CURVE()
GEOMETRIC_REPRESENTATION_ITEM()
RATIONAL_B_SPLINE_CURVE((1.0000000000,0.7071067812,1.0000000000))
REPRESENTATION_ITEM('')
);
#1329=CARTESIAN_POINT('',(37.0000000000,-20.5000000000,4.0000000000));
#1330=CARTESIAN_POINT('',(38.0000000000,-20.5000000000,4.0000000000));
#1331=CARTESIAN_POINT('',(38.0000000000,-19.5000000000,4.0000000000));

#1332=CARTESIAN_POINT('',(38.0000000000,-19.5000000000,4.0000000000));
#1333=VERTEX_POINT('',#1332);
#1334=EDGE_CURVE('',#1325,#1333,#1328,.T.);
#1335=ORIENTED_EDGE('',*,*,#1334,.T.);
#1336=(
BOUNDED_CURVE()
B_SPLINE_CURVE(1,(#1337,#1338),.UNSPECIFIED.,.F.,.F.)
B_SPLINE_CURVE_WITH_KNOTS((2,2),(0.000,1.000),.UNSPECIFIED.)
CURVE()
GEOMETRIC_REPRESENTATION_ITEM()
RATIONAL_B_SPLINE_CURVE((1.0000000000,1.0000000000))
REPRESENTATION_ITEM('')
);
#1337=CARTESIAN_POINT('',(38.0000000000,-19.5000000000,4.0000000000));
#1338=CARTESIAN_POINT('',(38.0000000000,19.5000000000,4.0000000000));

#1339=EDGE_CURVE('',#1333,#1282,#1336,.T.);
#1340=ORIENTED_EDGE('',*,*,#1339,.T.);
#1341=EDGE_LOOP('',(#1290,#1297,#1305,#1312,#1320,#1327,#1335,#1340));
#1342=FACE_OUTER_BOUND('',#1341,.T.);
#1343=CARTESIAN_POINT('',(31.1500000000,14.9999999999,4.0000000000));
#1344=VERTEX_POINT('',#1343);
#1345=(
BOUNDED_CURVE()
B_SPLINE_CURVE(2,(#1346,#1347,#1348),.UNSPECIFIED.,.F.,.F.)
B_SPLINE_CURVE_WITH_KNOTS((3,3),(0.000,1.000),.UNSPECIFIED.)
CURVE()
GEOMETRIC_REPRESENTATION_ITEM()
RATIONAL_B_SPLINE_CURVE((1.0000000000,0.7071067812,1.0000000000))
REPRESENTATION_ITEM('')
);
#1346=CARTESIAN_POINT('',(31.1500000000,15.0000000000,4.0000000000));
#1347=CARTESIAN_POINT('',(31.1500000000,16.3499999999,4.0000000000));
#1348=CARTESIAN_POINT('',(32.4999999999,16.3500000000,4.0000000000));

#1349=CARTESIAN_POINT('',(32.4999999999,16.3500000000,4.0000000000));
#1350=VERTEX_POINT('',#1349);
#1351=EDGE_CURVE('',#1344,#1350,#1345,.T.);
#1352=ORIENTED_EDGE('',*,*,#1351,.T.);
#1353=(
BOUNDED_CURVE()
B_SPLINE_CURVE(2,(#1354,#1355,#1356),.UNSPECIFIED.,.F.,.F.)
B_SPLINE_CURVE_WITH_KNOTS((3,3),(0.000,1.000),.UNSPECIFIED.)
CURVE()
GEOMETRIC_REPRESENTATION_ITEM()
RATIONAL_B_SPLINE_CURVE((1.0000000000,0.7071067812,1.0000000000))
REPRESENTATION_ITEM('')
);
#1354=CARTESIAN_POINT('',(32.5000000000,16.3500000000,4.0000000000));
#1355=CARTESIAN_POINT('',(33.8499999999,16.3500000000,4.0000000000));
#1356=CARTESIAN_POINT('',(33.8500000000,15.0000000001,4.0000000000));

#1357=CARTESIAN_POINT('',(33.8500000000,15.0000000001,4.0000000000));
#1358=VERTEX_POINT('',#1357);
#1359=EDGE_CURVE('',#1350,#1358,#1353,.T.);
#1360=ORIENTED_EDGE('',*,*,#1359,.T.);
#1361=(
BOUNDED_CURVE()
B_SPLINE_CURVE(2,(#1362,#1363,#1364),.UNSPECIFIED.,.F.,.F.)
B_SPLINE_CURVE_WITH_KNOTS((3,3),(0.000,1.000),.UNSPECIFIED.)
CURVE()
GEOMETRIC_REPRESENTATION_ITEM()
RATIONAL_B_SPLINE_CURVE((1.0000000000,0.7071067812,1.0000000000))
REPRESENTATION_ITEM('')
);
#1362=CARTESIAN_POINT('',(33.8500000000,15.0000000000,4.0000000000));
#1363=CARTESIAN_POINT('',(33.8500000000,13.6500000001,4.0000000000));
#1364=CARTESIAN_POINT('',(32.5000000001,13.6500000000,4.0000000000));

#1365=CARTESIAN_POINT('',(32.5000000001,13.6500000000,4.0000000000));
#1366=VERTEX_POINT('',#1365);
#1367=EDGE_CURVE('',#1358,#1366,#1361,.T.);
#1368=ORIENTED_EDGE('',*,*,#1367,.T.);
#1369=(
BOUNDED_CURVE()
B_SPLINE_CURVE(2,(#1370,#1371,#1372),.UNSPECIFIED.,.F.,.F.)
B_SPLINE_CURVE_WITH_KNOTS((3,3),(0.000,1.000),.UNSPECIFIED.)
CURVE()
GEOMETRIC_REPRESENTATION_ITEM()
RATIONAL_B_SPLINE_CURVE((1.0000000000,0.7071067812,1.0000000000))
REPRESENTATION_ITEM('')
);
#1370=CARTESIAN_POINT('',(32.5000000000,13.6500000000,4.0000000000));
#1371=CARTESIAN_POINT('',(31.1500000001,13.6500000000,4.0000000000));
#1372=CARTESIAN_POINT('',(31.1500000000,14.9999999999,4.0000000000));

#1373=EDGE_CURVE('',#1366,#1344,#1369,.T.);
#1374=ORIENTED_EDGE('',*,*,#1373,.T.);
#1375=EDGE_LOOP('',(#1352,#1360,#1368,#1374));
#1376=FACE_BOUND('',#1375,.T.);
#1377=CARTESIAN_POINT('',(-33.8500000000,14.9999999999,4.0000000000));
#1378=VERTEX_POINT('',#1377);
#1379=(
BOUNDED_CURVE()
B_SPLINE_CURVE(2,(#1380,#1381,#1382),.UNSPECIFIED.,.F.,.F.)
B_SPLINE_CURVE_WITH_KNOTS((3,3),(0.000,1.000),.UNSPECIFIED.)
CURVE()
GEOMETRIC_REPRESENTATION_ITEM()
RATIONAL_B_SPLINE_CURVE((1.0000000000,0.7071067812,1.0000000000))
REPRESENTATION_ITEM('')
);
#1380=CARTESIAN_POINT('',(-33.8500000000,15.0000000000,4.0000000000));
#1381=CARTESIAN_POINT('',(-33.8500000000,16.3499999999,4.0000000000));
#1382=CARTESIAN_POINT('',(-32.5000000001,16.3500000000,4.0000000000));

#1383=CARTESIAN_POINT('',(-32.5000000001,16.3500000000,4.0000000000));
#1384=VERTEX_POINT('',#1383);
#1385=EDGE_CURVE('',#1378,#1384,#1379,.T.);
#1386=ORIENTED_EDGE('',*,*,#1385,.T.);
#1387=(
BOUNDED_CURVE()
B_SPLINE_CURVE(2,(#1388,#1389,#1390),.UNSPECIFIED.,.F.,.F.)
B_SPLINE_CURVE_WITH_KNOTS((3,3),(0.000,1.000),.UNSPECIFIED.)
CURVE()
GEOMETRIC_REPRESENTATION_ITEM()
RATIONAL_B_SPLINE_CURVE((1.0000000000,0.7071067812,1.0000000000))
REPRESENTATION_ITEM('')
);
#1388=CARTESIAN_POINT('',(-32.5000000000,16.3500000000,4.0000000000));
#1389=CARTESIAN_POINT('',(-31.1500000001,16.3500000000,4.0000000000));
#1390=CARTESIAN_POINT('',(-31.1500000000,15.0000000001,4.0000000000));

#1391=CARTESIAN_POINT('',(-31.1500000000,15.0000000001,4.0000000000));
#1392=VERTEX_POINT('',#1391);
#1393=EDGE_CURVE('',#1384,#1392,#1387,.T.);
#1394=ORIENTED_EDGE('',*,*,#1393,.T.);
#1395=(
BOUNDED_CURVE()
B_SPLINE_CURVE(2,(#1396,#1397,#1398),.UNSPECIFIED.,.F.,.F.)
B_SPLINE_CURVE_WITH_KNOTS((3,3),(0.000,1.000),.UNSPECIFIED.)
CURVE()
GEOMETRIC_REPRESENTATION_ITEM()
RATIONAL_B_SPLINE_CURVE((1.0000000000,0.7071067812,1.0000000000))
REPRESENTATION_ITEM('')
);
#1396=CARTESIAN_POINT('',(-31.1500000000,15.0000000000,4.0000000000));
#1397=CARTESIAN_POINT('',(-31.1500000000,13.6500000001,4.0000000000));
#1398=CARTESIAN_POINT('',(-32.4999999999,13.6500000000,4.0000000000));

#1399=CARTESIAN_POINT('',(-32.4999999999,13.6500000000,4.0000000000));
#1400=VERTEX_POINT('',#1399);
#1401=EDGE_CURVE('',#1392,#1400,#1395,.T.);
#1402=ORIENTED_EDGE('',*,*,#1401,.T.);
#1403=(
BOUNDED_CURVE()
B_SPLINE_CURVE(2,(#1404,#1405,#1406),.UNSPECIFIED.,.F.,.F.)
B_SPLINE_CURVE_WITH_KNOTS((3,3),(0.000,1.000),.UNSPECIFIED.)
CURVE()
GEOMETRIC_REPRESENTATION_ITEM()
RATIONAL_B_SPLINE_CURVE((1.0000000000,0.7071067812,1.0000000000))
REPRESENTATION_ITEM('')
);
#1404=CARTESIAN_POINT('',(-32.5000000000,13.6500000000,4.0000000000));
#1405=CARTESIAN_POINT('',(-33.8499999999,13.6500000000,4.0000000000));
#1406=CARTESIAN_POINT('',(-33.8500000000,14.9999999999,4.0000000000));

#1407=EDGE_CURVE('',#1400,#1378,#1403,.T.);
#1408=ORIENTED_EDGE('',*,*,#1407,.T.);
#1409=EDGE_LOOP('',(#1386,#1394,#1402,#1408));
#1410=FACE_BOUND('',#1409,.T.);
#1411=CARTESIAN_POINT('',(31.1500000000,-15.0000000001,4.0000000000));
#1412=VERTEX_POINT('',#1411);
#1413=(
BOUNDED_CURVE()
B_SPLINE_CURVE(2,(#1414,#1415,#1416),.UNSPECIFIED.,.F.,.F.)
B_SPLINE_CURVE_WITH_KNOTS((3,3),(0.000,1.000),.UNSPECIFIED.)
CURVE()
GEOMETRIC_REPRESENTATION_ITEM()
RATIONAL_B_SPLINE_CURVE((1.0000000000,0.7071067812,1.0000000000))
REPRESENTATION_ITEM('')
);
#1414=CARTESIAN_POINT('',(31.1500000000,-15.0000000000,4.0000000000));
#1415=CARTESIAN_POINT('',(31.1500000000,-13.6500000001,4.0000000000));
#1416=CARTESIAN_POINT('',(32.4999999999,-13.6500000000,4.0000000000));

#1417=CARTESIAN_POINT('',(32.4999999999,-13.6500000000,4.0000000000));
#1418=VERTEX_POINT('',#1417);
#1419=EDGE_CURVE('',#1412,#1418,#1413,.T.);
#1420=ORIENTED_EDGE('',*,*,#1419,.T.);
#1421=(
BOUNDED_CURVE()
B_SPLINE_CURVE(2,(#1422,#1423,#1424),.UNSPECIFIED.,.F.,.F.)
B_SPLINE_CURVE_WITH_KNOTS((3,3),(0.000,1.000),.UNSPECIFIED.)
CURVE()
GEOMETRIC_REPRESENTATION_ITEM()
RATIONAL_B_SPLINE_CURVE((1.0000000000,0.7071067812,1.0000000000))
REPRESENTATION_ITEM('')
);
#1422=CARTESIAN_POINT('',(32.5000000000,-13.6500000000,4.0000000000));
#1423=CARTESIAN_POINT('',(33.8499999999,-13.6500000000,4.0000000000));
#1424=CARTESIAN_POINT('',(33.8500000000,-14.9999999999,4.0000000000));

#1425=CARTESIAN_POINT('',(33.8500000000,-14.9999999999,4.0000000000));
#1426=VERTEX_POINT('',#1425);
#1427=EDGE_CURVE('',#1418,#1426,#1421,.T.);
#1428=ORIENTED_EDGE('',*,*,#1427,.T.);
#1429=(
BOUNDED_CURVE()
B_SPLINE_CURVE(2,(#1430,#1431,#1432),.UNSPECIFIED.,.F.,.F.)
B_SPLINE_CURVE_WITH_KNOTS((3,3),(0.000,1.000),.UNSPECIFIED.)
CURVE()
GEOMETRIC_REPRESENTATION_ITEM()
RATIONAL_B_SPLINE_CURVE((1.0000000000,0.7071067812,1.0000000000))
REPRESENTATION_ITEM('')
);
#1430=CARTESIAN_POINT('',(33.8500000000,-15.0000000000,4.0000000000));
#1431=CARTESIAN_POINT('',(33.8500000000,-16.3499999999,4.0000000000));
#1432=CARTESIAN_POINT('',(32.5000000001,-16.3500000000,4.0000000000));

#1433=CARTESIAN_POINT('',(32.5000000001,-16.3500000000,4.0000000000));
#1434=VERTEX_POINT('',#1433);
#1435=EDGE_CURVE('',#1426,#1434,#1429,.T.);
#1436=ORIENTED_EDGE('',*,*,#1435,.T.);
#1437=(
BOUNDED_CURVE()
B_SPLINE_CURVE(2,(#1438,#1439,#1440),.UNSPECIFIED.,.F.,.F.)
B_SPLINE_CURVE_WITH_KNOTS((3,3),(0.000,1.000),.UNSPECIFIED.)
CURVE()
GEOMETRIC_REPRESENTATION_ITEM()
RATIONAL_B_SPLINE_CURVE((1.0000000000,0.7071067812,1.0000000000))
REPRESENTATION_ITEM('')
);
#1438=CARTESIAN_POINT('',(32.5000000000,-16.3500000000,4.0000000000));
#1439=CARTESIAN_POINT('',(31.1500000001,-16.3500000000,4.0000000000));
#1440=CARTESIAN_POINT('',(31.1500000000,-15.0000000001,4.0000000000));

#1441=EDGE_CURVE('',#1434,#1412,#1437,.T.);
#1442=ORIENTED_EDGE('',*,*,#1441,.T.);
#1443=EDGE_LOOP('',(#1420,#1428,#1436,#1442));
#1444=FACE_BOUND('',#1443,.T.);
#1445=CARTESIAN_POINT('',(-33.8500000000,-15.0000000001,4.0000000000));
#1446=VERTEX_POINT('',#1445);
#1447=(
BOUNDED_CURVE()
B_SPLINE_CURVE(2,(#1448,#1449,#1450),.UNSPECIFIED.,.F.,.F.)
B_SPLINE_CURVE_WITH_KNOTS((3,3),(0.000,1.000),.UNSPECIFIED.)
CURVE()
GEOMETRIC_REPRESENTATION_ITEM()
RATIONAL_B_SPLINE_CURVE((1.0000000000,0.7071067812,1.0000000000))
REPRESENTATION_ITEM('')
);
#1448=CARTESIAN_POINT('',(-33.8500000000,-15.0000000000,4.0000000000));
#1449=CARTESIAN_POINT('',(-33.8500000000,-13.6500000001,4.0000000000));
#1450=CARTESIAN_POINT('',(-32.5000000001,-13.6500000000,4.0000000000));

#1451=CARTESIAN_POINT('',(-32.5000000001,-13.6500000000,4.0000000000));
#1452=VERTEX_POINT('',#1451);
#1453=EDGE_CURVE('',#1446,#1452,#1447,.T.);
#1454=ORIENTED_EDGE('',*,*,#1453,.T.);
#1455=(
BOUNDED_CURVE()
B_SPLINE_CURVE(2,(#1456,#1457,#1458),.UNSPECIFIED.,.F.,.F.)
B_SPLINE_CURVE_WITH_KNOTS((3,3),(0.000,1.000),.UNSPECIFIED.)
CURVE()
GEOMETRIC_REPRESENTATION_ITEM()
RATIONAL_B_SPLINE_CURVE((1.0000000000,0.7071067812,1.0000000000))
REPRESENTATION_ITEM('')
);
#1456=CARTESIAN_POINT('',(-32.5000000000,-13.6500000000,4.0000000000));
#1457=CARTESIAN_POINT('',(-31.1500000001,-13.6500000000,4.0000000000));
#1458=CARTESIAN_POINT('',(-31.1500000000,-14.9999999999,4.0000000000));

#1459=CARTESIAN_POINT('',(-31.1500000000,-14.9999999999,4.0000000000));
#1460=VERTEX_POINT('',#1459);
#1461=EDGE_CURVE('',#1452,#1460,#1455,.T.);
#1462=ORIENTED_EDGE('',*,*,#1461,.T.);
#1463=(
BOUNDED_CURVE()
B_SPLINE_CURVE(2,(#1464,#1465,#1466),.UNSPECIFIED.,.F.,.F.)
B_SPLINE_CURVE_WITH_KNOTS((3,3),(0.000,1.000),.UNSPECIFIED.)
CURVE()
GEOMETRIC_REPRESENTATION_ITEM()
RATIONAL_B_SPLINE_CURVE((1.0000000000,0.7071067812,1.0000000000))
REPRESENTATION_ITEM('')
);
#1464=CARTESIAN_POINT('',(-31.1500000000,-15.0000000000,4.0000000000));
#1465=CARTESIAN_POINT('',(-31.1500000000,-16.3499999999,4.0000000000));
#1466=CARTESIAN_POINT('',(-32.4999999999,-16.3500000000,4.0000000000));

#1467=CARTESIAN_POINT('',(-32.4999999999,-16.3500000000,4.0000000000));
#1468=VERTEX_POINT('',#1467);
#1469=EDGE_CURVE('',#1460,#1468,#1463,.T.);
#1470=ORIENTED_EDGE('',*,*,#1469,.T.);
#1471=(
BOUNDED_CURVE()
B_SPLINE_CURVE(2,(#1472,#1473,#1474),.UNSPECIFIED.,.F.,.F.)
B_SPLINE_CURVE_WITH_KNOTS((3,3),(0.000,1.000),.UNSPECIFIED.)
CURVE()
GEOMETRIC_REPRESENTATION_ITEM()
RATIONAL_B_SPLINE_CURVE((1.0000000000,0.7071067812,1.0000000000))
REPRESENTATION_ITEM('')
);
#1472=CARTESIAN_POINT('',(-32.5000000000,-16.3500000000,4.0000000000));
#1473=CARTESIAN_POINT('',(-33.8499999999,-16.3500000000,4.0000000000));
#1474=CARTESIAN_POINT('',(-33.8500000000,-15.0000000001,4.0000000000));

#1475=EDGE_CURVE('',#1468,#1446,#1471,.T.);
#1476=ORIENTED_EDGE('',*,*,#1475,.T.);
#1477=EDGE_LOOP('',(#1454,#1462,#1470,#1476));
#1478=FACE_BOUND('',#1477,.T.);
#1479=CARTESIAN_POINT('',(29.0000000000,-17.5000000000,4.0000000000));
#1480=VERTEX_POINT('',#1479);
#1481=(
BOUNDED_CURVE()
B_SPLINE_CURVE(1,(#1482,#1483),.UNSPECIFIED.,.F.,.F.)
B_SPLINE_CURVE_WITH_KNOTS((2,2),(0.000,1.000),.UNSPECIFIED.)
CURVE()
GEOMETRIC_REPRESENTATION_ITEM()
RATIONAL_B_SPLINE_CURVE((1.0000000000,1.0000000000))
REPRESENTATION_ITEM('')
);
#1482=CARTESIAN_POINT('',(29.0000000000,-17.5000000000,4.0000000000));
#1483=CARTESIAN_POINT('',(-29.0000000000,-17.5000000000,4.0000000000));

#1484=CARTESIAN_POINT('',(-29.0000000000,-17.5000000000,4.0000000000));
#1485=VERTEX_POINT('',#1484);
#1486=EDGE_CURVE('',#1480,#1485,#1481,.T.);
#1487=ORIENTED_EDGE('',*,*,#1486,.T.);
#1488=(
BOUNDED_CURVE()
B_SPLINE_CURVE(1,(#1489,#1490),.UNSPECIFIED.,.F.,.F.)
B_SPLINE_CURVE_WITH_KNOTS((2,2),(0.000,1.000),.UNSPECIFIED.)
CURVE()
GEOMETRIC_REPRESENTATION_ITEM()
RATIONAL_B_SPLINE_CURVE((1.0000000000,1.0000000000))
REPRESENTATION_ITEM('')
);
#1489=CARTESIAN_POINT('',(-29.0000000000,-17.5000000000,4.0000000000));
#1490=CARTESIAN_POINT('',(-29.0000000000,-13.0000000000,4.0000000000));

#1491=CARTESIAN_POINT('',(-29.0000000000,-13.0000000000,4.0000000000));
#1492=VERTEX_POINT('',#1491);
#1493=EDGE_CURVE('',#1485,#1492,#1488,.T.);
#1494=ORIENTED_EDGE('',*,*,#1493,.T.);
#1495=(
BOUNDED_CURVE()
B_SPLINE_CURVE(2,(#1496,#1497,#1498),.UNSPECIFIED.,.F.,.F.)
B_SPLINE_CURVE_WITH_KNOTS((3,3),(0.000,1.000),.UNSPECIFIED.)
CURVE()
GEOMETRIC_REPRESENTATION_ITEM()
RATIONAL_B_SPLINE_CURVE((1.0000000000,0.7071067812,1.0000000000))
REPRESENTATION_ITEM('')
);
#1496=CARTESIAN_POINT('',(-29.0000000000,-12.9999999999,4.0000000000));
#1497=CARTESIAN_POINT('',(-29.0000000001,-11.5000000000,4.0000000000));
#1498=CARTESIAN_POINT('',(-30.5000000000,-11.5000000000,4.0000000000));

#1499=CARTESIAN_POINT('',(-30.5000000000,-11.5000000000,4.0000000000));
#1500=VERTEX_POINT('',#1499);
#1501=EDGE_CURVE('',#1492,#1500,#1495,.T.);
#1502=ORIENTED_EDGE('',*,*,#1501,.T.);
#1503=(
BOUNDED_CURVE()
B_SPLINE_CURVE(1,(#1504,#1505),.UNSPECIFIED.,.F.,.F.)
B_SPLINE_CURVE_WITH_KNOTS((2,2),(0.000,1.000),.UNSPECIFIED.)
CURVE()
GEOMETRIC_REPRESENTATION_ITEM()
RATIONAL_B_SPLINE_CURVE((1.0000000000,1.0000000000))
REPRESENTATION_ITEM('')
);
#1504=CARTESIAN_POINT('',(-30.5000000000,-11.5000000000,4.0000000000));
#1505=CARTESIAN_POINT('',(-35.0000000000,-11.5000000000,4.0000000000));

#1506=CARTESIAN_POINT('',(-35.0000000000,-11.5000000000,4.0000000000));
#1507=VERTEX_POINT('',#1506);
#1508=EDGE_CURVE('',#1500,#1507,#1503,.T.);
#1509=ORIENTED_EDGE('',*,*,#1508,.T.);
#1510=(
BOUNDED_CURVE()
B_SPLINE_CURVE(1,(#1511,#1512),.UNSPECIFIED.,.F.,.F.)
B_SPLINE_CURVE_WITH_KNOTS((2,2),(0.000,1.000),.UNSPECIFIED.)
CURVE()
GEOMETRIC_REPRESENTATION_ITEM()
RATIONAL_B_SPLINE_CURVE((1.0000000000,1.0000000000))
REPRESENTATION_ITEM('')
);
#1511=CARTESIAN_POINT('',(-35.0000000000,-11.5000000000,4.0000000000));
#1512=CARTESIAN_POINT('',(-35.0000000000,11.5000000000,4.0000000000));

#1513=CARTESIAN_POINT('',(-35.0000000000,11.5000000000,4.0000000000));
#1514=VERTEX_POINT('',#1513);
#1515=EDGE_CURVE('',#1507,#1514,#1510,.T.);
#1516=ORIENTED_EDGE('',*,*,#1515,.T.);
#1517=(
BOUNDED_CURVE()
B_SPLINE_CURVE(1,(#1518,#1519),.UNSPECIFIED.,.F.,.F.)
B_SPLINE_CURVE_WITH_KNOTS((2,2),(0.000,1.000),.UNSPECIFIED.)
CURVE()
GEOMETRIC_REPRESENTATION_ITEM()
RATIONAL_B_SPLINE_CURVE((1.0000000000,1.0000000000))
REPRESENTATION_ITEM('')
);
#1518=CARTESIAN_POINT('',(-35.0000000000,11.5000000000,4.0000000000));
#1519=CARTESIAN_POINT('',(-30.5000000000,11.5000000000,4.0000000000));

#1520=CARTESIAN_POINT('',(-30.5000000000,11.5000000000,4.0000000000));
#1521=VERTEX_POINT('',#1520);
#1522=EDGE_CURVE('',#1514,#1521,#1517,.T.);
#1523=ORIENTED_EDGE('',*,*,#1522,.T.);
#1524=(
BOUNDED_CURVE()
B_SPLINE_CURVE(2,(#1525,#1526,#1527),.UNSPECIFIED.,.F.,.F.)
B_SPLINE_CURVE_WITH_KNOTS((3,3),(0.000,1.000),.UNSPECIFIED.)
CURVE()
GEOMETRIC_REPRESENTATION_ITEM()
RATIONAL_B_SPLINE_CURVE((1.0000000000,0.7071067812,1.0000000000))
REPRESENTATION_ITEM('')
);
#1525=CARTESIAN_POINT('',(-30.4999999999,11.5000000000,4.0000000000));
#1526=CARTESIAN_POINT('',(-29.0000000000,11.5000000001,4.0000000000));
#1527=CARTESIAN_POINT('',(-29.0000000000,13.0000000000,4.0000000000));

#1528=CARTESIAN_POINT('',(-29.0000000000,13.0000000000,4.0000000000));
#1529=VERTEX_POINT('',#1528);
#1530=EDGE_CURVE('',#1521,#1529,#1524,.T.);
#1531=ORIENTED_EDGE('',*,*,#1530,.T.);
#1532=(
BOUNDED_CURVE()
B_SPLINE_CURVE(1,(#1533,#1534),.UNSPECIFIED.,.F.,.F.)
B_SPLINE_CURVE_WITH_KNOTS((2,2),(0.000,1.000),.UNSPECIFIED.)
CURVE()
GEOMETRIC_REPRESENTATION_ITEM()
RATIONAL_B_SPLINE_CURVE((1.0000000000,1.0000000000))
REPRESENTATION_ITEM('')
);
#1533=CARTESIAN_POINT('',(-29.0000000000,13.0000000000,4.0000000000));
#1534=CARTESIAN_POINT('',(-29.0000000000,17.5000000000,4.0000000000));

#1535=CARTESIAN_POINT('',(-29.0000000000,17.5000000000,4.0000000000));
#1536=VERTEX_POINT('',#1535);
#1537=EDGE_CURVE('',#1529,#1536,#1532,.T.);
#1538=ORIENTED_EDGE('',*,*,#1537,.T.);
#1539=(
BOUNDED_CURVE()
B_SPLINE_CURVE(1,(#1540,#1541),.UNSPECIFIED.,.F.,.F.)
B_SPLINE_CURVE_WITH_KNOTS((2,2),(0.000,1.000),.UNSPECIFIED.)
CURVE()
GEOMETRIC_REPRESENTATION_ITEM()
RATIONAL_B_SPLINE_CURVE((1.0000000000,1.0000000000))
REPRESENTATION_ITEM('')
);
#1540=CARTESIAN_POINT('',(-29.0000000000,17.5000000000,4.0000000000));
#1541=CARTESIAN_POINT('',(29.0000000000,17.5000000000,4.0000000000));

#1542=CARTESIAN_POINT('',(29.0000000000,17.5000000000,4.0000000000));
#1543=VERTEX_POINT('',#1542);
#1544=EDGE_CURVE('',#1536,#1543,#1539,.T.);
#1545=ORIENTED_EDGE('',*,*,#1544,.T.);
#1546=(
BOUNDED_CURVE()
B_SPLINE_CURVE(1,(#1547,#1548),.UNSPECIFIED.,.F.,.F.)
B_SPLINE_CURVE_WITH_KNOTS((2,2),(0.000,1.000),.UNSPECIFIED.)
CURVE()
GEOMETRIC_REPRESENTATION_ITEM()
RATIONAL_B_SPLINE_CURVE((1.0000000000,1.0000000000))
REPRESENTATION_ITEM('')
);
#1547=CARTESIAN_POINT('',(29.0000000000,17.5000000000,4.0000000000));
#1548=CARTESIAN_POINT('',(29.0000000000,13.0000000000,4.0000000000));

#1549=CARTESIAN_POINT('',(29.0000000000,13.0000000000,4.0000000000));
#1550=VERTEX_POINT('',#1549);
#1551=EDGE_CURVE('',#1543,#1550,#1546,.T.);
#1552=ORIENTED_EDGE('',*,*,#1551,.T.);
#1553=(
BOUNDED_CURVE()
B_SPLINE_CURVE(2,(#1554,#1555,#1556),.UNSPECIFIED.,.F.,.F.)
B_SPLINE_CURVE_WITH_KNOTS((3,3),(0.000,1.000),.UNSPECIFIED.)
CURVE()
GEOMETRIC_REPRESENTATION_ITEM()
RATIONAL_B_SPLINE_CURVE((1.0000000000,0.7071067812,1.0000000000))
REPRESENTATION_ITEM('')
);
#1554=CARTESIAN_POINT('',(29.0000000000,12.9999999999,4.0000000000));
#1555=CARTESIAN_POINT('',(29.0000000001,11.5000000000,4.0000000000));
#1556=CARTESIAN_POINT('',(30.5000000000,11.5000000000,4.0000000000));

#1557=CARTESIAN_POINT('',(30.5000000000,11.5000000000,4.0000000000));
#1558=VERTEX_POINT('',#1557);
#1559=EDGE_CURVE('',#1550,#1558,#1553,.T.);
#1560=ORIENTED_EDGE('',*,*,#1559,.T.);
#1561=(
BOUNDED_CURVE()
B_SPLINE_CURVE(1,(#1562,#1563),.UNSPECIFIED.,.F.,.F.)
B_SPLINE_CURVE_WITH_KNOTS((2,2),(0.000,1.000),.UNSPECIFIED.)
CURVE()
GEOMETRIC_REPRESENTATION_ITEM()
RATIONAL_B_SPLINE_CURVE((1.0000000000,1.0000000000))
REPRESENTATION_ITEM('')
);
#1562=CARTESIAN_POINT('',(30.5000000000,11.5000000000,4.0000000000));
#1563=CARTESIAN_POINT('',(35.0000000000,11.5000000000,4.0000000000));

#1564=CARTESIAN_POINT('',(35.0000000000,11.5000000000,4.0000000000));
#1565=VERTEX_POINT('',#1564);
#1566=EDGE_CURVE('',#1558,#1565,#1561,.T.);
#1567=ORIENTED_EDGE('',*,*,#1566,.T.);
#1568=(
BOUNDED_CURVE()
B_SPLINE_CURVE(1,(#1569,#1570),.UNSPECIFIED.,.F.,.F.)
B_SPLINE_CURVE_WITH_KNOTS((2,2),(0.000,1.000),.UNSPECIFIED.)
CURVE()
GEOMETRIC_REPRESENTATION_ITEM()
RATIONAL_B_SPLINE_CURVE((1.0000000000,1.0000000000))
REPRESENTATION_ITEM('')
);
#1569=CARTESIAN_POINT('',(35.0000000000,11.5000000000,4.0000000000));
#1570=CARTESIAN_POINT('',(35.0000000000,-11.5000000000,4.0000000000));

#1571=CARTESIAN_POINT('',(35.0000000000,-11.5000000000,4.0000000000));
#1572=VERTEX_POINT('',#1571);
#1573=EDGE_CURVE('',#1565,#1572,#1568,.T.);
#1574=ORIENTED_EDGE('',*,*,#1573,.T.);
#1575=(
BOUNDED_CURVE()
B_SPLINE_CURVE(1,(#1576,#1577),.UNSPECIFIED.,.F.,.F.)
B_SPLINE_CURVE_WITH_KNOTS((2,2),(0.000,1.000),.UNSPECIFIED.)
CURVE()
GEOMETRIC_REPRESENTATION_ITEM()
RATIONAL_B_SPLINE_CURVE((1.0000000000,1.0000000000))
REPRESENTATION_ITEM('')
);
#1576=CARTESIAN_POINT('',(35.0000000000,-11.5000000000,4.0000000000));
#1577=CARTESIAN_POINT('',(30.5000000000,-11.5000000000,4.0000000000));

#1578=CARTESIAN_POINT('',(30.5000000000,-11.5000000000,4.0000000000));
#1579=VERTEX_POINT('',#1578);
#1580=EDGE_CURVE('',#1572,#1579,#1575,.T.);
#1581=ORIENTED_EDGE('',*,*,#1580,.T.);
#1582=(
BOUNDED_CURVE()
B_SPLINE_CURVE(2,(#1583,#1584,#1585),.UNSPECIFIED.,.F.,.F.)
B_SPLINE_CURVE_WITH_KNOTS((3,3),(0.000,1.000),.UNSPECIFIED.)
CURVE()
GEOMETRIC_REPRESENTATION_ITEM()
RATIONAL_B_SPLINE_CURVE((1.0000000000,0.7071067812,1.0000000000))
REPRESENTATION_ITEM('')
);
#1583=CARTESIAN_POINT('',(30.4999999999,-11.5000000000,4.0000000000));
#1584=CARTESIAN_POINT('',(29.0000000000,-11.5000000001,4.0000000000));
#1585=CARTESIAN_POINT('',(29.0000000000,-13.0000000000,4.0000000000));

#1586=CARTESIAN_POINT('',(29.0000000000,-13.0000000000,4.0000000000));
#1587=VERTEX_POINT('',#1586);
#1588=EDGE_CURVE('',#1579,#1587,#1582,.T.);
#1589=ORIENTED_EDGE('',*,*,#1588,.T.);
#1590=(
BOUNDED_CURVE()
B_SPLINE_CURVE(1,(#1591,#1592),.UNSPECIFIED.,.F.,.F.)
B_SPLINE_CURVE_WITH_KNOTS((2,2),(0.000,1.000),.UNSPECIFIED.)
CURVE()
GEOMETRIC_REPRESENTATION_ITEM()
RATIONAL_B_SPLINE_CURVE((1.0000000000,1.0000000000))
REPRESENTATION_ITEM('')
);
#1591=CARTESIAN_POINT('',(29.0000000000,-13.0000000000,4.0000000000));
#1592=CARTESIAN_POINT('',(29.0000000000,-17.5000000000,4.0000000000));

#1593=EDGE_CURVE('',#1587,#1480,#1590,.T.);
#1594=ORIENTED_EDGE('',*,*,#1593,.T.);
#1595=EDGE_LOOP('',(#1487,#1494,#1502,#1509,#1516,#1523,#1531,#1538,#1545,#1552,#1560,#1567,#1574,#1581,#1589,#1594));
#1596=FACE_BOUND('',#1595,.T.);
#1597=ADVANCED_FACE('',(#1342,#1376,#1410,#1444,#1478,#1596),#1276,.T.);
#1598=COLOUR_RGB('',0.39,0.39,0.39);
#1599=FILL_AREA_STYLE_COLOUR('',#1598);
#1600=FILL_AREA_STYLE('',(#1599));
#1601=SURFACE_STYLE_FILL_AREA(#1600);
#1602=SURFACE_STYLE_TRANSPARENT(0.00);
#1603=SURFACE_STYLE_RENDERING_WITH_PROPERTIES(.NORMAL_SHADING.,#1598,(#1602));
#1604=SURFACE_SIDE_STYLE('',(#1601, #1603));
#1605=SURFACE_STYLE_USAGE(.BOTH.,#1604);
#1606=PRESENTATION_STYLE_ASSIGNMENT((#1605));
#1607=STYLED_ITEM('',(#1606),#1597);

#1608=(
BOUNDED_SURFACE()
B_SPLINE_SURFACE(1,1,((#1609,#1610),(#1611,#1612)),.UNSPECIFIED.,.F.,.F.,.F.)
B_SPLINE_SURFACE_WITH_KNOTS((2,2),(2,2),(0.000,1.000),(0.000,1.000),.UNSPECIFIED.)
GEOMETRIC_REPRESENTATION_ITEM()
RATIONAL_B_SPLINE_SURFACE(((1.0000000000,1.0000000000),(1.0000000000,1.0000000000)))
REPRESENTATION_ITEM('')
SURFACE()
);
#1609=CARTESIAN_POINT('',(-37.0000000000,20.5000000000,0.0000000000));
#1610=CARTESIAN_POINT('',(-37.0000000000,20.5000000000,4.0000000000));
#1611=CARTESIAN_POINT('',(37.0000000000,20.5000000000,0.0000000000));
#1612=CARTESIAN_POINT('',(37.0000000000,20.5000000000,4.0000000000));

#1613=CARTESIAN_POINT('',(-37.0000000000,20.5000000000,0.0000000000));
#1614=VERTEX_POINT('',#1613);
#1615=(
BOUNDED_CURVE()
B_SPLINE_CURVE(1,(#1616,#1617),.UNSPECIFIED.,.F.,.F.)
B_SPLINE_CURVE_WITH_KNOTS((2,2),(0.000,1.000),.UNSPECIFIED.)
CURVE()
GEOMETRIC_REPRESENTATION_ITEM()
RATIONAL_B_SPLINE_CURVE((1.0000000000,1.0000000000))
REPRESENTATION_ITEM('')
);
#1616=CARTESIAN_POINT('',(-37.0000000000,20.5000000000,0.0000000000));
#1617=CARTESIAN_POINT('',(-37.0000000000,20.5000000000,4.0000000000));

#1618=CARTESIAN_POINT('',(-37.0000000000,20.5000000000,4.0000000000));
#1619=VERTEX_POINT('',#1618);
#1620=EDGE_CURVE('',#1614,#1619,#1615,.T.);
#1621=ORIENTED_EDGE('',*,*,#1620,.T.);
#1622=(
BOUNDED_CURVE()
B_SPLINE_CURVE(1,(#1623,#1624),.UNSPECIFIED.,.F.,.F.)
B_SPLINE_CURVE_WITH_KNOTS((2,2),(0.000,1.000),.UNSPECIFIED.)
CURVE()
GEOMETRIC_REPRESENTATION_ITEM()
RATIONAL_B_SPLINE_CURVE((1.0000000000,1.0000000000))
REPRESENTATION_ITEM('')
);
#1623=CARTESIAN_POINT('',(-37.0000000000,20.5000000000,4.0000000000));
#1624=CARTESIAN_POINT('',(37.0000000000,20.5000000000,4.0000000000));

#1625=CARTESIAN_POINT('',(37.0000000000,20.5000000000,4.0000000000));
#1626=VERTEX_POINT('',#1625);
#1627=EDGE_CURVE('',#1619,#1626,#1622,.T.);
#1628=ORIENTED_EDGE('',*,*,#1627,.T.);
#1629=(
BOUNDED_CURVE()
B_SPLINE_CURVE(1,(#1630,#1631),.UNSPECIFIED.,.F.,.F.)
B_SPLINE_CURVE_WITH_KNOTS((2,2),(0.000,1.000),.UNSPECIFIED.)
CURVE()
GEOMETRIC_REPRESENTATION_ITEM()
RATIONAL_B_SPLINE_CURVE((1.0000000000,1.0000000000))
REPRESENTATION_ITEM('')
);
#1630=CARTESIAN_POINT('',(37.0000000000,20.5000000000,4.0000000000));
#1631=CARTESIAN_POINT('',(37.0000000000,20.5000000000,0.0000000000));

#1632=CARTESIAN_POINT('',(37.0000000000,20.5000000000,0.0000000000));
#1633=VERTEX_POINT('',#1632);
#1634=EDGE_CURVE('',#1626,#1633,#1629,.T.);
#1635=ORIENTED_EDGE('',*,*,#1634,.T.);
#1636=(
BOUNDED_CURVE()
B_SPLINE_CURVE(1,(#1637,#1638),.UNSPECIFIED.,.F.,.F.)
B_SPLINE_CURVE_WITH_KNOTS((2,2),(0.000,1.000),.UNSPECIFIED.)
CURVE()
GEOMETRIC_REPRESENTATION_ITEM()
RATIONAL_B_SPLINE_CURVE((1.0000000000,1.0000000000))
REPRESENTATION_ITEM('')
);
#1637=CARTESIAN_POINT('',(37.0000000000,20.5000000000,0.0000000000));
#1638=CARTESIAN_POINT('',(-37.0000000000,20.5000000000,0.0000000000));

#1639=EDGE_CURVE('',#1633,#1614,#1636,.T.);
#1640=ORIENTED_EDGE('',*,*,#1639,.T.);
#1641=EDGE_LOOP('',(#1621,#1628,#1635,#1640));
#1642=FACE_OUTER_BOUND('',#1641,.T.);
#1643=ADVANCED_FACE('',(#1642),#1608,.T.);
#1644=COLOUR_RGB('',0.39,0.39,0.39);
#1645=FILL_AREA_STYLE_COLOUR('',#1644);
#1646=FILL_AREA_STYLE('',(#1645));
#1647=SURFACE_STYLE_FILL_AREA(#1646);
#1648=SURFACE_STYLE_TRANSPARENT(0.00);
#1649=SURFACE_STYLE_RENDERING_WITH_PROPERTIES(.NORMAL_SHADING.,#1644,(#1648));
#1650=SURFACE_SIDE_STYLE('',(#1647, #1649));
#1651=SURFACE_STYLE_USAGE(.BOTH.,#1650);
#1652=PRESENTATION_STYLE_ASSIGNMENT((#1651));
#1653=STYLED_ITEM('',(#1652),#1643);

#1654=(
BOUNDED_SURFACE()
B_SPLINE_SURFACE(2,1,((#1655,#1656),(#1657,#1658),(#1659,#1660)),.UNSPECIFIED.,.F.,.F.,.F.)
B_SPLINE_SURFACE_WITH_KNOTS((3,3),(2,2),(0.000,1.000),(0.000,1.000),.UNSPECIFIED.)
GEOMETRIC_REPRESENTATION_ITEM()
RATIONAL_B_SPLINE_SURFACE(((1.0000000000,1.0000000000),(0.7071067812,0.7071067812),(1.0000000000,1.0000000000)))
REPRESENTATION_ITEM('')
SURFACE()
);
#1655=CARTESIAN_POINT('',(-38.0000000000,19.5000000000,0.0000000000));
#1656=CARTESIAN_POINT('',(-38.0000000000,19.5000000000,4.0000000000));
#1657=CARTESIAN_POINT('',(-38.0000000000,20.5000000000,0.0000000000));
#1658=CARTESIAN_POINT('',(-38.0000000000,20.5000000000,4.0000000000));
#1659=CARTESIAN_POINT('',(-37.0000000000,20.5000000000,0.0000000000));
#1660=CARTESIAN_POINT('',(-37.0000000000,20.5000000000,4.0000000000));

#1661=CARTESIAN_POINT('',(-37.0000000000,20.5000000000,4.0000000000));
#1662=VERTEX_POINT('',#1661);
#1663=(
BOUNDED_CURVE()
B_SPLINE_CURVE(1,(#1664,#1665),.UNSPECIFIED.,.F.,.F.)
B_SPLINE_CURVE_WITH_KNOTS((2,2),(0.000,1.000),.UNSPECIFIED.)
CURVE()
GEOMETRIC_REPRESENTATION_ITEM()
RATIONAL_B_SPLINE_CURVE((1.0000000000,1.0000000000))
REPRESENTATION_ITEM('')
);
#1664=CARTESIAN_POINT('',(-37.0000000000,20.5000000000,4.0000000000));
#1665=CARTESIAN_POINT('',(-37.0000000000,20.5000000000,0.0000000000));

#1666=CARTESIAN_POINT('',(-37.0000000000,20.5000000000,0.0000000000));
#1667=VERTEX_POINT('',#1666);
#1668=EDGE_CURVE('',#1662,#1667,#1663,.T.);
#1669=ORIENTED_EDGE('',*,*,#1668,.T.);
#1670=(
BOUNDED_CURVE()
B_SPLINE_CURVE(2,(#1671,#1672,#1673),.UNSPECIFIED.,.F.,.F.)
B_SPLINE_CURVE_WITH_KNOTS((3,3),(0.000,1.000),.UNSPECIFIED.)
CURVE()
GEOMETRIC_REPRESENTATION_ITEM()
RATIONAL_B_SPLINE_CURVE((1.0000000000,0.7071067812,1.0000000000))
REPRESENTATION_ITEM('')
);
#1671=CARTESIAN_POINT('',(-37.0000000000,20.5000000000,0.0000000000));
#1672=CARTESIAN_POINT('',(-38.0000000000,20.5000000000,0.0000000000));
#1673=CARTESIAN_POINT('',(-38.0000000000,19.5000000000,0.0000000000));

#1674=CARTESIAN_POINT('',(-38.0000000000,19.5000000000,0.0000000000));
#1675=VERTEX_POINT('',#1674);
#1676=EDGE_CURVE('',#1667,#1675,#1670,.T.);
#1677=ORIENTED_EDGE('',*,*,#1676,.T.);
#1678=(
BOUNDED_CURVE()
B_SPLINE_CURVE(1,(#1679,#1680),.UNSPECIFIED.,.F.,.F.)
B_SPLINE_CURVE_WITH_KNOTS((2,2),(0.000,1.000),.UNSPECIFIED.)
CURVE()
GEOMETRIC_REPRESENTATION_ITEM()
RATIONAL_B_SPLINE_CURVE((1.0000000000,1.0000000000))
REPRESENTATION_ITEM('')
);
#1679=CARTESIAN_POINT('',(-38.0000000000,19.5000000000,0.0000000000));
#1680=CARTESIAN_POINT('',(-38.0000000000,19.5000000000,4.0000000000));

#1681=CARTESIAN_POINT('',(-38.0000000000,19.5000000000,4.0000000000));
#1682=VERTEX_POINT('',#1681);
#1683=EDGE_CURVE('',#1675,#1682,#1678,.T.);
#1684=ORIENTED_EDGE('',*,*,#1683,.T.);
#1685=(
BOUNDED_CURVE()
B_SPLINE_CURVE(2,(#1686,#1687,#1688),.UNSPECIFIED.,.F.,.F.)
B_SPLINE_CURVE_WITH_KNOTS((3,3),(0.000,1.000),.UNSPECIFIED.)
CURVE()
GEOMETRIC_REPRESENTATION_ITEM()
RATIONAL_B_SPLINE_CURVE((1.0000000000,0.7071067812,1.0000000000))
REPRESENTATION_ITEM('')
);
#1686=CARTESIAN_POINT('',(-38.0000000000,19.5000000000,4.0000000000));
#1687=CARTESIAN_POINT('',(-38.0000000000,20.5000000000,4.0000000000));
#1688=CARTESIAN_POINT('',(-37.0000000000,20.5000000000,4.0000000000));

#1689=EDGE_CURVE('',#1682,#1662,#1685,.T.);
#1690=ORIENTED_EDGE('',*,*,#1689,.T.);
#1691=EDGE_LOOP('',(#1669,#1677,#1684,#1690));
#1692=FACE_OUTER_BOUND('',#1691,.T.);
#1693=ADVANCED_FACE('',(#1692),#1654,.T.);
#1694=COLOUR_RGB('',0.39,0.39,0.39);
#1695=FILL_AREA_STYLE_COLOUR('',#1694);
#1696=FILL_AREA_STYLE('',(#1695));
#1697=SURFACE_STYLE_FILL_AREA(#1696);
#1698=SURFACE_STYLE_TRANSPARENT(0.00);
#1699=SURFACE_STYLE_RENDERING_WITH_PROPERTIES(.NORMAL_SHADING.,#1694,(#1698));
#1700=SURFACE_SIDE_STYLE('',(#1697, #1699));
#1701=SURFACE_STYLE_USAGE(.BOTH.,#1700);
#1702=PRESENTATION_STYLE_ASSIGNMENT((#1701));
#1703=STYLED_ITEM('',(#1702),#1693);

#1704=(
BOUNDED_SURFACE()
B_SPLINE_SURFACE(1,1,((#1705,#1706),(#1707,#1708)),.UNSPECIFIED.,.F.,.F.,.F.)
B_SPLINE_SURFACE_WITH_KNOTS((2,2),(2,2),(0.000,1.000),(0.000,1.000),.UNSPECIFIED.)
GEOMETRIC_REPRESENTATION_ITEM()
RATIONAL_B_SPLINE_SURFACE(((1.0000000000,1.0000000000),(1.0000000000,1.0000000000)))
REPRESENTATION_ITEM('')
SURFACE()
);
#1705=CARTESIAN_POINT('',(-38.0000000000,-19.5000000000,0.0000000000));
#1706=CARTESIAN_POINT('',(-38.0000000000,-19.5000000000,4.0000000000));
#1707=CARTESIAN_POINT('',(-38.0000000000,19.5000000000,0.0000000000));
#1708=CARTESIAN_POINT('',(-38.0000000000,19.5000000000,4.0000000000));

#1709=CARTESIAN_POINT('',(-38.0000000000,-19.5000000000,0.0000000000));
#1710=VERTEX_POINT('',#1709);
#1711=(
BOUNDED_CURVE()
B_SPLINE_CURVE(1,(#1712,#1713),.UNSPECIFIED.,.F.,.F.)
B_SPLINE_CURVE_WITH_KNOTS((2,2),(0.000,1.000),.UNSPECIFIED.)
CURVE()
GEOMETRIC_REPRESENTATION_ITEM()
RATIONAL_B_SPLINE_CURVE((1.0000000000,1.0000000000))
REPRESENTATION_ITEM('')
);
#1712=CARTESIAN_POINT('',(-38.0000000000,-19.5000000000,0.0000000000));
#1713=CARTESIAN_POINT('',(-38.0000000000,-19.5000000000,4.0000000000));

#1714=CARTESIAN_POINT('',(-38.0000000000,-19.5000000000,4.0000000000));
#1715=VERTEX_POINT('',#1714);
#1716=EDGE_CURVE('',#1710,#1715,#1711,.T.);
#1717=ORIENTED_EDGE('',*,*,#1716,.T.);
#1718=(
BOUNDED_CURVE()
B_SPLINE_CURVE(1,(#1719,#1720),.UNSPECIFIED.,.F.,.F.)
B_SPLINE_CURVE_WITH_KNOTS((2,2),(0.000,1.000),.UNSPECIFIED.)
CURVE()
GEOMETRIC_REPRESENTATION_ITEM()
RATIONAL_B_SPLINE_CURVE((1.0000000000,1.0000000000))
REPRESENTATION_ITEM('')
);
#1719=CARTESIAN_POINT('',(-38.0000000000,-19.5000000000,4.0000000000));
#1720=CARTESIAN_POINT('',(-38.0000000000,19.5000000000,4.0000000000));

#1721=CARTESIAN_POINT('',(-38.0000000000,19.5000000000,4.0000000000));
#1722=VERTEX_POINT('',#1721);
#1723=EDGE_CURVE('',#1715,#1722,#1718,.T.);
#1724=ORIENTED_EDGE('',*,*,#1723,.T.);
#1725=(
BOUNDED_CURVE()
B_SPLINE_CURVE(1,(#1726,#1727),.UNSPECIFIED.,.F.,.F.)
B_SPLINE_CURVE_WITH_KNOTS((2,2),(0.000,1.000),.UNSPECIFIED.)
CURVE()
GEOMETRIC_REPRESENTATION_ITEM()
RATIONAL_B_SPLINE_CURVE((1.0000000000,1.0000000000))
REPRESENTATION_ITEM('')
);
#1726=CARTESIAN_POINT('',(-38.0000000000,19.5000000000,4.0000000000));
#1727=CARTESIAN_POINT('',(-38.0000000000,19.5000000000,0.0000000000));

#1728=CARTESIAN_POINT('',(-38.0000000000,19.5000000000,0.0000000000));
#1729=VERTEX_POINT('',#1728);
#1730=EDGE_CURVE('',#1722,#1729,#1725,.T.);
#1731=ORIENTED_EDGE('',*,*,#1730,.T.);
#1732=(
BOUNDED_CURVE()
B_SPLINE_CURVE(1,(#1733,#1734),.UNSPECIFIED.,.F.,.F.)
B_SPLINE_CURVE_WITH_KNOTS((2,2),(0.000,1.000),.UNSPECIFIED.)
CURVE()
GEOMETRIC_REPRESENTATION_ITEM()
RATIONAL_B_SPLINE_CURVE((1.0000000000,1.0000000000))
REPRESENTATION_ITEM('')
);
#1733=CARTESIAN_POINT('',(-38.0000000000,19.5000000000,0.0000000000));
#1734=CARTESIAN_POINT('',(-38.0000000000,-19.5000000000,0.0000000000));

#1735=EDGE_CURVE('',#1729,#1710,#1732,.T.);
#1736=ORIENTED_EDGE('',*,*,#1735,.T.);
#1737=EDGE_LOOP('',(#1717,#1724,#1731,#1736));
#1738=FACE_OUTER_BOUND('',#1737,.T.);
#1739=ADVANCED_FACE('',(#1738),#1704,.T.);
#1740=COLOUR_RGB('',0.39,0.39,0.39);
#1741=FILL_AREA_STYLE_COLOUR('',#1740);
#1742=FILL_AREA_STYLE('',(#1741));
#1743=SURFACE_STYLE_FILL_AREA(#1742);
#1744=SURFACE_STYLE_TRANSPARENT(0.00);
#1745=SURFACE_STYLE_RENDERING_WITH_PROPERTIES(.NORMAL_SHADING.,#1740,(#1744));
#1746=SURFACE_SIDE_STYLE('',(#1743, #1745));
#1747=SURFACE_STYLE_USAGE(.BOTH.,#1746);
#1748=PRESENTATION_STYLE_ASSIGNMENT((#1747));
#1749=STYLED_ITEM('',(#1748),#1739);

#1750=(
BOUNDED_SURFACE()
B_SPLINE_SURFACE(2,1,((#1751,#1752),(#1753,#1754),(#1755,#1756)),.UNSPECIFIED.,.F.,.F.,.F.)
B_SPLINE_SURFACE_WITH_KNOTS((3,3),(2,2),(0.000,1.000),(0.000,1.000),.UNSPECIFIED.)
GEOMETRIC_REPRESENTATION_ITEM()
RATIONAL_B_SPLINE_SURFACE(((1.0000000000,1.0000000000),(0.7071067812,0.7071067812),(1.0000000000,1.0000000000)))
REPRESENTATION_ITEM('')
SURFACE()
);
#1751=CARTESIAN_POINT('',(-37.0000000000,-20.5000000000,0.0000000000));
#1752=CARTESIAN_POINT('',(-37.0000000000,-20.5000000000,4.0000000000));
#1753=CARTESIAN_POINT('',(-38.0000000000,-20.5000000000,0.0000000000));
#1754=CARTESIAN_POINT('',(-38.0000000000,-20.5000000000,4.0000000000));
#1755=CARTESIAN_POINT('',(-38.0000000000,-19.5000000000,0.0000000000));
#1756=CARTESIAN_POINT('',(-38.0000000000,-19.5000000000,4.0000000000));

#1757=CARTESIAN_POINT('',(-38.0000000000,-19.5000000000,4.0000000000));
#1758=VERTEX_POINT('',#1757);
#1759=(
BOUNDED_CURVE()
B_SPLINE_CURVE(1,(#1760,#1761),.UNSPECIFIED.,.F.,.F.)
B_SPLINE_CURVE_WITH_KNOTS((2,2),(0.000,1.000),.UNSPECIFIED.)
CURVE()
GEOMETRIC_REPRESENTATION_ITEM()
RATIONAL_B_SPLINE_CURVE((1.0000000000,1.0000000000))
REPRESENTATION_ITEM('')
);
#1760=CARTESIAN_POINT('',(-38.0000000000,-19.5000000000,4.0000000000));
#1761=CARTESIAN_POINT('',(-38.0000000000,-19.5000000000,0.0000000000));

#1762=CARTESIAN_POINT('',(-38.0000000000,-19.5000000000,0.0000000000));
#1763=VERTEX_POINT('',#1762);
#1764=EDGE_CURVE('',#1758,#1763,#1759,.T.);
#1765=ORIENTED_EDGE('',*,*,#1764,.T.);
#1766=(
BOUNDED_CURVE()
B_SPLINE_CURVE(2,(#1767,#1768,#1769),.UNSPECIFIED.,.F.,.F.)
B_SPLINE_CURVE_WITH_KNOTS((3,3),(0.000,1.000),.UNSPECIFIED.)
CURVE()
GEOMETRIC_REPRESENTATION_ITEM()
RATIONAL_B_SPLINE_CURVE((1.0000000000,0.7071067812,1.0000000000))
REPRESENTATION_ITEM('')
);
#1767=CARTESIAN_POINT('',(-38.0000000000,-19.5000000000,0.0000000000));
#1768=CARTESIAN_POINT('',(-38.0000000000,-20.5000000000,0.0000000000));
#1769=CARTESIAN_POINT('',(-37.0000000000,-20.5000000000,0.0000000000));

#1770=CARTESIAN_POINT('',(-37.0000000000,-20.5000000000,0.0000000000));
#1771=VERTEX_POINT('',#1770);
#1772=EDGE_CURVE('',#1763,#1771,#1766,.T.);
#1773=ORIENTED_EDGE('',*,*,#1772,.T.);
#1774=(
BOUNDED_CURVE()
B_SPLINE_CURVE(1,(#1775,#1776),.UNSPECIFIED.,.F.,.F.)
B_SPLINE_CURVE_WITH_KNOTS((2,2),(0.000,1.000),.UNSPECIFIED.)
CURVE()
GEOMETRIC_REPRESENTATION_ITEM()
RATIONAL_B_SPLINE_CURVE((1.0000000000,1.0000000000))
REPRESENTATION_ITEM('')
);
#1775=CARTESIAN_POINT('',(-37.0000000000,-20.5000000000,0.0000000000));
#1776=CARTESIAN_POINT('',(-37.0000000000,-20.5000000000,4.0000000000));

#1777=CARTESIAN_POINT('',(-37.0000000000,-20.5000000000,4.0000000000));
#1778=VERTEX_POINT('',#1777);
#1779=EDGE_CURVE('',#1771,#1778,#1774,.T.);
#1780=ORIENTED_EDGE('',*,*,#1779,.T.);
#1781=(
BOUNDED_CURVE()
B_SPLINE_CURVE(2,(#1782,#1783,#1784),.UNSPECIFIED.,.F.,.F.)
B_SPLINE_CURVE_WITH_KNOTS((3,3),(0.000,1.000),.UNSPECIFIED.)
CURVE()
GEOMETRIC_REPRESENTATION_ITEM()
RATIONAL_B_SPLINE_CURVE((1.0000000000,0.7071067812,1.0000000000))
REPRESENTATION_ITEM('')
);
#1782=CARTESIAN_POINT('',(-37.0000000000,-20.5000000000,4.0000000000));
#1783=CARTESIAN_POINT('',(-38.0000000000,-20.5000000000,4.0000000000));
#1784=CARTESIAN_POINT('',(-38.0000000000,-19.5000000000,4.0000000000));

#1785=EDGE_CURVE('',#1778,#1758,#1781,.T.);
#1786=ORIENTED_EDGE('',*,*,#1785,.T.);
#1787=EDGE_LOOP('',(#1765,#1773,#1780,#1786));
#1788=FACE_OUTER_BOUND('',#1787,.T.);
#1789=ADVANCED_FACE('',(#1788),#1750,.T.);
#1790=COLOUR_RGB('',0.39,0.39,0.39);
#1791=FILL_AREA_STYLE_COLOUR('',#1790);
#1792=FILL_AREA_STYLE('',(#1791));
#1793=SURFACE_STYLE_FILL_AREA(#1792);
#1794=SURFACE_STYLE_TRANSPARENT(0.00);
#1795=SURFACE_STYLE_RENDERING_WITH_PROPERTIES(.NORMAL_SHADING.,#1790,(#1794));
#1796=SURFACE_SIDE_STYLE('',(#1793, #1795));
#1797=SURFACE_STYLE_USAGE(.BOTH.,#1796);
#1798=PRESENTATION_STYLE_ASSIGNMENT((#1797));
#1799=STYLED_ITEM('',(#1798),#1789);

#1800=(
BOUNDED_SURFACE()
B_SPLINE_SURFACE(1,1,((#1801,#1802),(#1803,#1804)),.UNSPECIFIED.,.F.,.F.,.F.)
B_SPLINE_SURFACE_WITH_KNOTS((2,2),(2,2),(0.000,1.000),(0.000,1.000),.UNSPECIFIED.)
GEOMETRIC_REPRESENTATION_ITEM()
RATIONAL_B_SPLINE_SURFACE(((1.0000000000,1.0000000000),(1.0000000000,1.0000000000)))
REPRESENTATION_ITEM('')
SURFACE()
);
#1801=CARTESIAN_POINT('',(37.0000000000,-20.5000000000,0.0000000000));
#1802=CARTESIAN_POINT('',(37.0000000000,-20.5000000000,4.0000000000));
#1803=CARTESIAN_POINT('',(-37.0000000000,-20.5000000000,0.0000000000));
#1804=CARTESIAN_POINT('',(-37.0000000000,-20.5000000000,4.0000000000));

#1805=CARTESIAN_POINT('',(37.0000000000,-20.5000000000,0.0000000000));
#1806=VERTEX_POINT('',#1805);
#1807=(
BOUNDED_CURVE()
B_SPLINE_CURVE(1,(#1808,#1809),.UNSPECIFIED.,.F.,.F.)
B_SPLINE_CURVE_WITH_KNOTS((2,2),(0.000,1.000),.UNSPECIFIED.)
CURVE()
GEOMETRIC_REPRESENTATION_ITEM()
RATIONAL_B_SPLINE_CURVE((1.0000000000,1.0000000000))
REPRESENTATION_ITEM('')
);
#1808=CARTESIAN_POINT('',(37.0000000000,-20.5000000000,0.0000000000));
#1809=CARTESIAN_POINT('',(37.0000000000,-20.5000000000,4.0000000000));

#1810=CARTESIAN_POINT('',(37.0000000000,-20.5000000000,4.0000000000));
#1811=VERTEX_POINT('',#1810);
#1812=EDGE_CURVE('',#1806,#1811,#1807,.T.);
#1813=ORIENTED_EDGE('',*,*,#1812,.T.);
#1814=(
BOUNDED_CURVE()
B_SPLINE_CURVE(1,(#1815,#1816),.UNSPECIFIED.,.F.,.F.)
B_SPLINE_CURVE_WITH_KNOTS((2,2),(0.000,1.000),.UNSPECIFIED.)
CURVE()
GEOMETRIC_REPRESENTATION_ITEM()
RATIONAL_B_SPLINE_CURVE((1.0000000000,1.0000000000))
REPRESENTATION_ITEM('')
);
#1815=CARTESIAN_POINT('',(37.0000000000,-20.5000000000,4.0000000000));
#1816=CARTESIAN_POINT('',(-37.0000000000,-20.5000000000,4.0000000000));

#1817=CARTESIAN_POINT('',(-37.0000000000,-20.5000000000,4.0000000000));
#1818=VERTEX_POINT('',#1817);
#1819=EDGE_CURVE('',#1811,#1818,#1814,.T.);
#1820=ORIENTED_EDGE('',*,*,#1819,.T.);
#1821=(
BOUNDED_CURVE()
B_SPLINE_CURVE(1,(#1822,#1823),.UNSPECIFIED.,.F.,.F.)
B_SPLINE_CURVE_WITH_KNOTS((2,2),(0.000,1.000),.UNSPECIFIED.)
CURVE()
GEOMETRIC_REPRESENTATION_ITEM()
RATIONAL_B_SPLINE_CURVE((1.0000000000,1.0000000000))
REPRESENTATION_ITEM('')
);
#1822=CARTESIAN_POINT('',(-37.0000000000,-20.5000000000,4.0000000000));
#1823=CARTESIAN_POINT('',(-37.0000000000,-20.5000000000,0.0000000000));

#1824=CARTESIAN_POINT('',(-37.0000000000,-20.5000000000,0.0000000000));
#1825=VERTEX_POINT('',#1824);
#1826=EDGE_CURVE('',#1818,#1825,#1821,.T.);
#1827=ORIENTED_EDGE('',*,*,#1826,.T.);
#1828=(
BOUNDED_CURVE()
B_SPLINE_CURVE(1,(#1829,#1830),.UNSPECIFIED.,.F.,.F.)
B_SPLINE_CURVE_WITH_KNOTS((2,2),(0.000,1.000),.UNSPECIFIED.)
CURVE()
GEOMETRIC_REPRESENTATION_ITEM()
RATIONAL_B_SPLINE_CURVE((1.0000000000,1.0000000000))
REPRESENTATION_ITEM('')
);
#1829=CARTESIAN_POINT('',(-37.0000000000,-20.5000000000,0.0000000000));
#1830=CARTESIAN_POINT('',(37.0000000000,-20.5000000000,0.0000000000));

#1831=EDGE_CURVE('',#1825,#1806,#1828,.T.);
#1832=ORIENTED_EDGE('',*,*,#1831,.T.);
#1833=EDGE_LOOP('',(#1813,#1820,#1827,#1832));
#1834=FACE_OUTER_BOUND('',#1833,.T.);
#1835=ADVANCED_FACE('',(#1834),#1800,.T.);
#1836=COLOUR_RGB('',0.39,0.39,0.39);
#1837=FILL_AREA_STYLE_COLOUR('',#1836);
#1838=FILL_AREA_STYLE('',(#1837));
#1839=SURFACE_STYLE_FILL_AREA(#1838);
#1840=SURFACE_STYLE_TRANSPARENT(0.00);
#1841=SURFACE_STYLE_RENDERING_WITH_PROPERTIES(.NORMAL_SHADING.,#1836,(#1840));
#1842=SURFACE_SIDE_STYLE('',(#1839, #1841));
#1843=SURFACE_STYLE_USAGE(.BOTH.,#1842);
#1844=PRESENTATION_STYLE_ASSIGNMENT((#1843));
#1845=STYLED_ITEM('',(#1844),#1835);

#1846=(
BOUNDED_SURFACE()
B_SPLINE_SURFACE(2,1,((#1847,#1848),(#1849,#1850),(#1851,#1852)),.UNSPECIFIED.,.F.,.F.,.F.)
B_SPLINE_SURFACE_WITH_KNOTS((3,3),(2,2),(0.000,1.000),(0.000,1.000),.UNSPECIFIED.)
GEOMETRIC_REPRESENTATION_ITEM()
RATIONAL_B_SPLINE_SURFACE(((1.0000000000,1.0000000000),(0.7071067812,0.7071067812),(1.0000000000,1.0000000000)))
REPRESENTATION_ITEM('')
SURFACE()
);
#1847=CARTESIAN_POINT('',(38.0000000000,-19.5000000000,0.0000000000));
#1848=CARTESIAN_POINT('',(38.0000000000,-19.5000000000,4.0000000000));
#1849=CARTESIAN_POINT('',(38.0000000000,-20.5000000000,0.0000000000));
#1850=CARTESIAN_POINT('',(38.0000000000,-20.5000000000,4.0000000000));
#1851=CARTESIAN_POINT('',(37.0000000000,-20.5000000000,0.0000000000));
#1852=CARTESIAN_POINT('',(37.0000000000,-20.5000000000,4.0000000000));

#1853=CARTESIAN_POINT('',(37.0000000000,-20.5000000000,4.0000000000));
#1854=VERTEX_POINT('',#1853);
#1855=(
BOUNDED_CURVE()
B_SPLINE_CURVE(1,(#1856,#1857),.UNSPECIFIED.,.F.,.F.)
B_SPLINE_CURVE_WITH_KNOTS((2,2),(0.000,1.000),.UNSPECIFIED.)
CURVE()
GEOMETRIC_REPRESENTATION_ITEM()
RATIONAL_B_SPLINE_CURVE((1.0000000000,1.0000000000))
REPRESENTATION_ITEM('')
);
#1856=CARTESIAN_POINT('',(37.0000000000,-20.5000000000,4.0000000000));
#1857=CARTESIAN_POINT('',(37.0000000000,-20.5000000000,0.0000000000));

#1858=CARTESIAN_POINT('',(37.0000000000,-20.5000000000,0.0000000000));
#1859=VERTEX_POINT('',#1858);
#1860=EDGE_CURVE('',#1854,#1859,#1855,.T.);
#1861=ORIENTED_EDGE('',*,*,#1860,.T.);
#1862=(
BOUNDED_CURVE()
B_SPLINE_CURVE(2,(#1863,#1864,#1865),.UNSPECIFIED.,.F.,.F.)
B_SPLINE_CURVE_WITH_KNOTS((3,3),(0.000,1.000),.UNSPECIFIED.)
CURVE()
GEOMETRIC_REPRESENTATION_ITEM()
RATIONAL_B_SPLINE_CURVE((1.0000000000,0.7071067812,1.0000000000))
REPRESENTATION_ITEM('')
);
#1863=CARTESIAN_POINT('',(37.0000000000,-20.5000000000,0.0000000000));
#1864=CARTESIAN_POINT('',(38.0000000000,-20.5000000000,0.0000000000));
#1865=CARTESIAN_POINT('',(38.0000000000,-19.5000000000,0.0000000000));

#1866=CARTESIAN_POINT('',(38.0000000000,-19.5000000000,0.0000000000));
#1867=VERTEX_POINT('',#1866);
#1868=EDGE_CURVE('',#1859,#1867,#1862,.T.);
#1869=ORIENTED_EDGE('',*,*,#1868,.T.);
#1870=(
BOUNDED_CURVE()
B_SPLINE_CURVE(1,(#1871,#1872),.UNSPECIFIED.,.F.,.F.)
B_SPLINE_CURVE_WITH_KNOTS((2,2),(0.000,1.000),.UNSPECIFIED.)
CURVE()
GEOMETRIC_REPRESENTATION_ITEM()
RATIONAL_B_SPLINE_CURVE((1.0000000000,1.0000000000))
REPRESENTATION_ITEM('')
);
#1871=CARTESIAN_POINT('',(38.0000000000,-19.5000000000,0.0000000000));
#1872=CARTESIAN_POINT('',(38.0000000000,-19.5000000000,4.0000000000));

#1873=CARTESIAN_POINT('',(38.0000000000,-19.5000000000,4.0000000000));
#1874=VERTEX_POINT('',#1873);
#1875=EDGE_CURVE('',#1867,#1874,#1870,.T.);
#1876=ORIENTED_EDGE('',*,*,#1875,.T.);
#1877=(
BOUNDED_CURVE()
B_SPLINE_CURVE(2,(#1878,#1879,#1880),.UNSPECIFIED.,.F.,.F.)
B_SPLINE_CURVE_WITH_KNOTS((3,3),(0.000,1.000),.UNSPECIFIED.)
CURVE()
GEOMETRIC_REPRESENTATION_ITEM()
RATIONAL_B_SPLINE_CURVE((1.0000000000,0.7071067812,1.0000000000))
REPRESENTATION_ITEM('')
);
#1878=CARTESIAN_POINT('',(38.0000000000,-19.5000000000,4.0000000000));
#1879=CARTESIAN_POINT('',(38.0000000000,-20.5000000000,4.0000000000));
#1880=CARTESIAN_POINT('',(37.0000000000,-20.5000000000,4.0000000000));

#1881=EDGE_CURVE('',#1874,#1854,#1877,.T.);
#1882=ORIENTED_EDGE('',*,*,#1881,.T.);
#1883=EDGE_LOOP('',(#1861,#1869,#1876,#1882));
#1884=FACE_OUTER_BOUND('',#1883,.T.);
#1885=ADVANCED_FACE('',(#1884),#1846,.T.);
#1886=COLOUR_RGB('',0.39,0.39,0.39);
#1887=FILL_AREA_STYLE_COLOUR('',#1886);
#1888=FILL_AREA_STYLE('',(#1887));
#1889=SURFACE_STYLE_FILL_AREA(#1888);
#1890=SURFACE_STYLE_TRANSPARENT(0.00);
#1891=SURFACE_STYLE_RENDERING_WITH_PROPERTIES(.NORMAL_SHADING.,#1886,(#1890));
#1892=SURFACE_SIDE_STYLE('',(#1889, #1891));
#1893=SURFACE_STYLE_USAGE(.BOTH.,#1892);
#1894=PRESENTATION_STYLE_ASSIGNMENT((#1893));
#1895=STYLED_ITEM('',(#1894),#1885);

#1896=(
BOUNDED_SURFACE()
B_SPLINE_SURFACE(1,1,((#1897,#1898),(#1899,#1900)),.UNSPECIFIED.,.F.,.F.,.F.)
B_SPLINE_SURFACE_WITH_KNOTS((2,2),(2,2),(0.000,1.000),(0.000,1.000),.UNSPECIFIED.)
GEOMETRIC_REPRESENTATION_ITEM()
RATIONAL_B_SPLINE_SURFACE(((1.0000000000,1.0000000000),(1.0000000000,1.0000000000)))
REPRESENTATION_ITEM('')
SURFACE()
);
#1897=CARTESIAN_POINT('',(38.0000000000,19.5000000000,0.0000000000));
#1898=CARTESIAN_POINT('',(38.0000000000,19.5000000000,4.0000000000));
#1899=CARTESIAN_POINT('',(38.0000000000,-19.5000000000,0.0000000000));
#1900=CARTESIAN_POINT('',(38.0000000000,-19.5000000000,4.0000000000));

#1901=CARTESIAN_POINT('',(38.0000000000,19.5000000000,0.0000000000));
#1902=VERTEX_POINT('',#1901);
#1903=(
BOUNDED_CURVE()
B_SPLINE_CURVE(1,(#1904,#1905),.UNSPECIFIED.,.F.,.F.)
B_SPLINE_CURVE_WITH_KNOTS((2,2),(0.000,1.000),.UNSPECIFIED.)
CURVE()
GEOMETRIC_REPRESENTATION_ITEM()
RATIONAL_B_SPLINE_CURVE((1.0000000000,1.0000000000))
REPRESENTATION_ITEM('')
);
#1904=CARTESIAN_POINT('',(38.0000000000,19.5000000000,0.0000000000));
#1905=CARTESIAN_POINT('',(38.0000000000,19.5000000000,4.0000000000));

#1906=CARTESIAN_POINT('',(38.0000000000,19.5000000000,4.0000000000));
#1907=VERTEX_POINT('',#1906);
#1908=EDGE_CURVE('',#1902,#1907,#1903,.T.);
#1909=ORIENTED_EDGE('',*,*,#1908,.T.);
#1910=(
BOUNDED_CURVE()
B_SPLINE_CURVE(1,(#1911,#1912),.UNSPECIFIED.,.F.,.F.)
B_SPLINE_CURVE_WITH_KNOTS((2,2),(0.000,1.000),.UNSPECIFIED.)
CURVE()
GEOMETRIC_REPRESENTATION_ITEM()
RATIONAL_B_SPLINE_CURVE((1.0000000000,1.0000000000))
REPRESENTATION_ITEM('')
);
#1911=CARTESIAN_POINT('',(38.0000000000,19.5000000000,4.0000000000));
#1912=CARTESIAN_POINT('',(38.0000000000,-19.5000000000,4.0000000000));

#1913=CARTESIAN_POINT('',(38.0000000000,-19.5000000000,4.0000000000));
#1914=VERTEX_POINT('',#1913);
#1915=EDGE_CURVE('',#1907,#1914,#1910,.T.);
#1916=ORIENTED_EDGE('',*,*,#1915,.T.);
#1917=(
BOUNDED_CURVE()
B_SPLINE_CURVE(1,(#1918,#1919),.UNSPECIFIED.,.F.,.F.)
B_SPLINE_CURVE_WITH_KNOTS((2,2),(0.000,1.000),.UNSPECIFIED.)
CURVE()
GEOMETRIC_REPRESENTATION_ITEM()
RATIONAL_B_SPLINE_CURVE((1.0000000000,1.0000000000))
REPRESENTATION_ITEM('')
);
#1918=CARTESIAN_POINT('',(38.0000000000,-19.5000000000,4.0000000000));
#1919=CARTESIAN_POINT('',(38.0000000000,-19.5000000000,0.0000000000));

#1920=CARTESIAN_POINT('',(38.0000000000,-19.5000000000,0.0000000000));
#1921=VERTEX_POINT('',#1920);
#1922=EDGE_CURVE('',#1914,#1921,#1917,.T.);
#1923=ORIENTED_EDGE('',*,*,#1922,.T.);
#1924=(
BOUNDED_CURVE()
B_SPLINE_CURVE(1,(#1925,#1926),.UNSPECIFIED.,.F.,.F.)
B_SPLINE_CURVE_WITH_KNOTS((2,2),(0.000,1.000),.UNSPECIFIED.)
CURVE()
GEOMETRIC_REPRESENTATION_ITEM()
RATIONAL_B_SPLINE_CURVE((1.0000000000,1.0000000000))
REPRESENTATION_ITEM('')
);
#1925=CARTESIAN_POINT('',(38.0000000000,-19.5000000000,0.0000000000));
#1926=CARTESIAN_POINT('',(38.0000000000,19.5000000000,0.0000000000));

#1927=EDGE_CURVE('',#1921,#1902,#1924,.T.);
#1928=ORIENTED_EDGE('',*,*,#1927,.T.);
#1929=EDGE_LOOP('',(#1909,#1916,#1923,#1928));
#1930=FACE_OUTER_BOUND('',#1929,.T.);
#1931=ADVANCED_FACE('',(#1930),#1896,.T.);
#1932=COLOUR_RGB('',0.39,0.39,0.39);
#1933=FILL_AREA_STYLE_COLOUR('',#1932);
#1934=FILL_AREA_STYLE('',(#1933));
#1935=SURFACE_STYLE_FILL_AREA(#1934);
#1936=SURFACE_STYLE_TRANSPARENT(0.00);
#1937=SURFACE_STYLE_RENDERING_WITH_PROPERTIES(.NORMAL_SHADING.,#1932,(#1936));
#1938=SURFACE_SIDE_STYLE('',(#1935, #1937));
#1939=SURFACE_STYLE_USAGE(.BOTH.,#1938);
#1940=PRESENTATION_STYLE_ASSIGNMENT((#1939));
#1941=STYLED_ITEM('',(#1940),#1931);

#1942=(
BOUNDED_SURFACE()
B_SPLINE_SURFACE(2,1,((#1943,#1944),(#1945,#1946),(#1947,#1948)),.UNSPECIFIED.,.F.,.F.,.F.)
B_SPLINE_SURFACE_WITH_KNOTS((3,3),(2,2),(0.000,1.000),(0.000,1.000),.UNSPECIFIED.)
GEOMETRIC_REPRESENTATION_ITEM()
RATIONAL_B_SPLINE_SURFACE(((1.0000000000,1.0000000000),(0.7071067812,0.7071067812),(1.0000000000,1.0000000000)))
REPRESENTATION_ITEM('')
SURFACE()
);
#1943=CARTESIAN_POINT('',(37.0000000000,20.5000000000,0.0000000000));
#1944=CARTESIAN_POINT('',(37.0000000000,20.5000000000,4.0000000000));
#1945=CARTESIAN_POINT('',(38.0000000000,20.5000000000,0.0000000000));
#1946=CARTESIAN_POINT('',(38.0000000000,20.5000000000,4.0000000000));
#1947=CARTESIAN_POINT('',(38.0000000000,19.5000000000,0.0000000000));
#1948=CARTESIAN_POINT('',(38.0000000000,19.5000000000,4.0000000000));

#1949=CARTESIAN_POINT('',(38.0000000000,19.5000000000,4.0000000000));
#1950=VERTEX_POINT('',#1949);
#1951=(
BOUNDED_CURVE()
B_SPLINE_CURVE(1,(#1952,#1953),.UNSPECIFIED.,.F.,.F.)
B_SPLINE_CURVE_WITH_KNOTS((2,2),(0.000,1.000),.UNSPECIFIED.)
CURVE()
GEOMETRIC_REPRESENTATION_ITEM()
RATIONAL_B_SPLINE_CURVE((1.0000000000,1.0000000000))
REPRESENTATION_ITEM('')
);
#1952=CARTESIAN_POINT('',(38.0000000000,19.5000000000,4.0000000000));
#1953=CARTESIAN_POINT('',(38.0000000000,19.5000000000,0.0000000000));

#1954=CARTESIAN_POINT('',(38.0000000000,19.5000000000,0.0000000000));
#1955=VERTEX_POINT('',#1954);
#1956=EDGE_CURVE('',#1950,#1955,#1951,.T.);
#1957=ORIENTED_EDGE('',*,*,#1956,.T.);
#1958=(
BOUNDED_CURVE()
B_SPLINE_CURVE(2,(#1959,#1960,#1961),.UNSPECIFIED.,.F.,.F.)
B_SPLINE_CURVE_WITH_KNOTS((3,3),(0.000,1.000),.UNSPECIFIED.)
CURVE()
GEOMETRIC_REPRESENTATION_ITEM()
RATIONAL_B_SPLINE_CURVE((1.0000000000,0.7071067812,1.0000000000))
REPRESENTATION_ITEM('')
);
#1959=CARTESIAN_POINT('',(38.0000000000,19.5000000000,0.0000000000));
#1960=CARTESIAN_POINT('',(38.0000000000,20.5000000000,0.0000000000));
#1961=CARTESIAN_POINT('',(37.0000000000,20.5000000000,0.0000000000));

#1962=CARTESIAN_POINT('',(37.0000000000,20.5000000000,0.0000000000));
#1963=VERTEX_POINT('',#1962);
#1964=EDGE_CURVE('',#1955,#1963,#1958,.T.);
#1965=ORIENTED_EDGE('',*,*,#1964,.T.);
#1966=(
BOUNDED_CURVE()
B_SPLINE_CURVE(1,(#1967,#1968),.UNSPECIFIED.,.F.,.F.)
B_SPLINE_CURVE_WITH_KNOTS((2,2),(0.000,1.000),.UNSPECIFIED.)
CURVE()
GEOMETRIC_REPRESENTATION_ITEM()
RATIONAL_B_SPLINE_CURVE((1.0000000000,1.0000000000))
REPRESENTATION_ITEM('')
);
#1967=CARTESIAN_POINT('',(37.0000000000,20.5000000000,0.0000000000));
#1968=CARTESIAN_POINT('',(37.0000000000,20.5000000000,4.0000000000));

#1969=CARTESIAN_POINT('',(37.0000000000,20.5000000000,4.0000000000));
#1970=VERTEX_POINT('',#1969);
#1971=EDGE_CURVE('',#1963,#1970,#1966,.T.);
#1972=ORIENTED_EDGE('',*,*,#1971,.T.);
#1973=(
BOUNDED_CURVE()
B_SPLINE_CURVE(2,(#1974,#1975,#1976),.UNSPECIFIED.,.F.,.F.)
B_SPLINE_CURVE_WITH_KNOTS((3,3),(0.000,1.000),.UNSPECIFIED.)
CURVE()
GEOMETRIC_REPRESENTATION_ITEM()
RATIONAL_B_SPLINE_CURVE((1.0000000000,0.7071067812,1.0000000000))
REPRESENTATION_ITEM('')
);
#1974=CARTESIAN_POINT('',(37.0000000000,20.5000000000,4.0000000000));
#1975=CARTESIAN_POINT('',(38.0000000000,20.5000000000,4.0000000000));
#1976=CARTESIAN_POINT('',(38.0000000000,19.5000000000,4.0000000000));

#1977=EDGE_CURVE('',#1970,#1950,#1973,.T.);
#1978=ORIENTED_EDGE('',*,*,#1977,.T.);
#1979=EDGE_LOOP('',(#1957,#1965,#1972,#1978));
#1980=FACE_OUTER_BOUND('',#1979,.T.);
#1981=ADVANCED_FACE('',(#1980),#1942,.T.);
#1982=COLOUR_RGB('',0.39,0.39,0.39);
#1983=FILL_AREA_STYLE_COLOUR('',#1982);
#1984=FILL_AREA_STYLE('',(#1983));
#1985=SURFACE_STYLE_FILL_AREA(#1984);
#1986=SURFACE_STYLE_TRANSPARENT(0.00);
#1987=SURFACE_STYLE_RENDERING_WITH_PROPERTIES(.NORMAL_SHADING.,#1982,(#1986));
#1988=SURFACE_SIDE_STYLE('',(#1985, #1987));
#1989=SURFACE_STYLE_USAGE(.BOTH.,#1988);
#1990=PRESENTATION_STYLE_ASSIGNMENT((#1989));
#1991=STYLED_ITEM('',(#1990),#1981);

#1992=(
BOUNDED_SURFACE()
B_SPLINE_SURFACE(2,1,((#1993,#1994),(#1995,#1996),(#1997,#1998)),.UNSPECIFIED.,.F.,.F.,.F.)
B_SPLINE_SURFACE_WITH_KNOTS((3,3),(2,2),(0.000,1.000),(0.000,1.000),.UNSPECIFIED.)
GEOMETRIC_REPRESENTATION_ITEM()
RATIONAL_B_SPLINE_SURFACE(((1.0000000000,1.0000000000),(0.7071067812,0.7071067812),(1.0000000000,1.0000000000)))
REPRESENTATION_ITEM('')
SURFACE()
);
#1993=CARTESIAN_POINT('',(32.5000000000,16.3500000000,8.0000000000));
#1994=CARTESIAN_POINT('',(32.5000000000,16.3500000000,4.0000000000));
#1995=CARTESIAN_POINT('',(31.1500000000,16.3500000000,8.0000000000));
#1996=CARTESIAN_POINT('',(31.1500000000,16.3500000000,4.0000000000));
#1997=CARTESIAN_POINT('',(31.1500000000,15.0000000000,8.0000000000));
#1998=CARTESIAN_POINT('',(31.1500000000,15.0000000000,4.0000000000));

#1999=CARTESIAN_POINT('',(31.1500000000,15.0000000000,4.0000000000));
#2000=VERTEX_POINT('',#1999);
#2001=(
BOUNDED_CURVE()
B_SPLINE_CURVE(1,(#2002,#2003),.UNSPECIFIED.,.F.,.F.)
B_SPLINE_CURVE_WITH_KNOTS((2,2),(0.000,1.000),.UNSPECIFIED.)
CURVE()
GEOMETRIC_REPRESENTATION_ITEM()
RATIONAL_B_SPLINE_CURVE((1.0000000000,1.0000000000))
REPRESENTATION_ITEM('')
);
#2002=CARTESIAN_POINT('',(31.1500000000,15.0000000000,4.0000000000));
#2003=CARTESIAN_POINT('',(31.1500000000,15.0000000000,5.2000000000));

#2004=CARTESIAN_POINT('',(31.1500000000,15.0000000000,5.2000000000));
#2005=VERTEX_POINT('',#2004);
#2006=EDGE_CURVE('',#2000,#2005,#2001,.T.);
#2007=ORIENTED_EDGE('',*,*,#2006,.T.);
#2008=(
BOUNDED_CURVE()
B_SPLINE_CURVE(2,(#2009,#2010,#2011),.UNSPECIFIED.,.F.,.F.)
B_SPLINE_CURVE_WITH_KNOTS((3,3),(0.000,1.000),.UNSPECIFIED.)
CURVE()
GEOMETRIC_REPRESENTATION_ITEM()
RATIONAL_B_SPLINE_CURVE((1.0000000000,0.7071067812,1.0000000000))
REPRESENTATION_ITEM('')
);
#2009=CARTESIAN_POINT('',(31.1500000000,15.0000000001,5.2000000000));
#2010=CARTESIAN_POINT('',(31.1500000001,16.3500000000,5.2000000000));
#2011=CARTESIAN_POINT('',(32.5000000000,16.3500000000,5.2000000000));

#2012=CARTESIAN_POINT('',(32.5000000000,16.3500000000,5.2000000000));
#2013=VERTEX_POINT('',#2012);
#2014=EDGE_CURVE('',#2005,#2013,#2008,.T.);
#2015=ORIENTED_EDGE('',*,*,#2014,.T.);
#2016=(
BOUNDED_CURVE()
B_SPLINE_CURVE(1,(#2017,#2018),.UNSPECIFIED.,.F.,.F.)
B_SPLINE_CURVE_WITH_KNOTS((2,2),(0.000,1.000),.UNSPECIFIED.)
CURVE()
GEOMETRIC_REPRESENTATION_ITEM()
RATIONAL_B_SPLINE_CURVE((1.0000000000,1.0000000000))
REPRESENTATION_ITEM('')
);
#2017=CARTESIAN_POINT('',(32.5000000000,16.3500000000,5.2000000000));
#2018=CARTESIAN_POINT('',(32.5000000000,16.3500000000,4.0000000000));

#2019=CARTESIAN_POINT('',(32.5000000000,16.3500000000,4.0000000000));
#2020=VERTEX_POINT('',#2019);
#2021=EDGE_CURVE('',#2013,#2020,#2016,.T.);
#2022=ORIENTED_EDGE('',*,*,#2021,.T.);
#2023=(
BOUNDED_CURVE()
B_SPLINE_CURVE(2,(#2024,#2025,#2026),.UNSPECIFIED.,.F.,.F.)
B_SPLINE_CURVE_WITH_KNOTS((3,3),(0.000,1.000),.UNSPECIFIED.)
CURVE()
GEOMETRIC_REPRESENTATION_ITEM()
RATIONAL_B_SPLINE_CURVE((1.0000000000,0.7071067812,1.0000000000))
REPRESENTATION_ITEM('')
);
#2024=CARTESIAN_POINT('',(32.4999999999,16.3500000000,4.0000000000));
#2025=CARTESIAN_POINT('',(31.1500000000,16.3499999999,4.0000000000));
#2026=CARTESIAN_POINT('',(31.1500000000,15.0000000000,4.0000000000));

#2027=EDGE_CURVE('',#2020,#2000,#2023,.T.);
#2028=ORIENTED_EDGE('',*,*,#2027,.T.);
#2029=EDGE_LOOP('',(#2007,#2015,#2022,#2028));
#2030=FACE_OUTER_BOUND('',#2029,.T.);
#2031=ADVANCED_FACE('',(#2030),#1992,.T.);
#2032=COLOUR_RGB('',0.39,0.39,0.39);
#2033=FILL_AREA_STYLE_COLOUR('',#2032);
#2034=FILL_AREA_STYLE('',(#2033));
#2035=SURFACE_STYLE_FILL_AREA(#2034);
#2036=SURFACE_STYLE_TRANSPARENT(0.00);
#2037=SURFACE_STYLE_RENDERING_WITH_PROPERTIES(.NORMAL_SHADING.,#2032,(#2036));
#2038=SURFACE_SIDE_STYLE('',(#2035, #2037));
#2039=SURFACE_STYLE_USAGE(.BOTH.,#2038);
#2040=PRESENTATION_STYLE_ASSIGNMENT((#2039));
#2041=STYLED_ITEM('',(#2040),#2031);

#2042=(
BOUNDED_SURFACE()
B_SPLINE_SURFACE(2,1,((#2043,#2044),(#2045,#2046),(#2047,#2048)),.UNSPECIFIED.,.F.,.F.,.F.)
B_SPLINE_SURFACE_WITH_KNOTS((3,3),(2,2),(0.000,1.000),(0.000,1.000),.UNSPECIFIED.)
GEOMETRIC_REPRESENTATION_ITEM()
RATIONAL_B_SPLINE_SURFACE(((1.0000000000,1.0000000000),(0.7071067812,0.7071067812),(1.0000000000,1.0000000000)))
REPRESENTATION_ITEM('')
SURFACE()
);
#2043=CARTESIAN_POINT('',(33.8500000000,15.0000000000,8.0000000000));
#2044=CARTESIAN_POINT('',(33.8500000000,15.0000000000,4.0000000000));
#2045=CARTESIAN_POINT('',(33.8500000000,16.3500000000,8.0000000000));
#2046=CARTESIAN_POINT('',(33.8500000000,16.3500000000,4.0000000000));
#2047=CARTESIAN_POINT('',(32.5000000000,16.3500000000,8.0000000000));
#2048=CARTESIAN_POINT('',(32.5000000000,16.3500000000,4.0000000000));

#2049=CARTESIAN_POINT('',(32.5000000000,16.3500000000,4.0000000000));
#2050=VERTEX_POINT('',#2049);
#2051=(
BOUNDED_CURVE()
B_SPLINE_CURVE(1,(#2052,#2053),.UNSPECIFIED.,.F.,.F.)
B_SPLINE_CURVE_WITH_KNOTS((2,2),(0.000,1.000),.UNSPECIFIED.)
CURVE()
GEOMETRIC_REPRESENTATION_ITEM()
RATIONAL_B_SPLINE_CURVE((1.0000000000,1.0000000000))
REPRESENTATION_ITEM('')
);
#2052=CARTESIAN_POINT('',(32.5000000000,16.3500000000,4.0000000000));
#2053=CARTESIAN_POINT('',(32.5000000000,16.3500000000,5.2000000000));

#2054=CARTESIAN_POINT('',(32.5000000000,16.3500000000,5.2000000000));
#2055=VERTEX_POINT('',#2054);
#2056=EDGE_CURVE('',#2050,#2055,#2051,.T.);
#2057=ORIENTED_EDGE('',*,*,#2056,.T.);
#2058=(
BOUNDED_CURVE()
B_SPLINE_CURVE(2,(#2059,#2060,#2061),.UNSPECIFIED.,.F.,.F.)
B_SPLINE_CURVE_WITH_KNOTS((3,3),(0.000,1.000),.UNSPECIFIED.)
CURVE()
GEOMETRIC_REPRESENTATION_ITEM()
RATIONAL_B_SPLINE_CURVE((1.0000000000,0.7071067812,1.0000000000))
REPRESENTATION_ITEM('')
);
#2059=CARTESIAN_POINT('',(32.5000000001,16.3500000000,5.2000000000));
#2060=CARTESIAN_POINT('',(33.8500000000,16.3499999999,5.2000000000));
#2061=CARTESIAN_POINT('',(33.8500000000,15.0000000000,5.2000000000));

#2062=CARTESIAN_POINT('',(33.8500000000,15.0000000000,5.2000000000));
#2063=VERTEX_POINT('',#2062);
#2064=EDGE_CURVE('',#2055,#2063,#2058,.T.);
#2065=ORIENTED_EDGE('',*,*,#2064,.T.);
#2066=(
BOUNDED_CURVE()
B_SPLINE_CURVE(1,(#2067,#2068),.UNSPECIFIED.,.F.,.F.)
B_SPLINE_CURVE_WITH_KNOTS((2,2),(0.000,1.000),.UNSPECIFIED.)
CURVE()
GEOMETRIC_REPRESENTATION_ITEM()
RATIONAL_B_SPLINE_CURVE((1.0000000000,1.0000000000))
REPRESENTATION_ITEM('')
);
#2067=CARTESIAN_POINT('',(33.8500000000,15.0000000000,5.2000000000));
#2068=CARTESIAN_POINT('',(33.8500000000,15.0000000000,4.0000000000));

#2069=CARTESIAN_POINT('',(33.8500000000,15.0000000000,4.0000000000));
#2070=VERTEX_POINT('',#2069);
#2071=EDGE_CURVE('',#2063,#2070,#2066,.T.);
#2072=ORIENTED_EDGE('',*,*,#2071,.T.);
#2073=(
BOUNDED_CURVE()
B_SPLINE_CURVE(2,(#2074,#2075,#2076),.UNSPECIFIED.,.F.,.F.)
B_SPLINE_CURVE_WITH_KNOTS((3,3),(0.000,1.000),.UNSPECIFIED.)
CURVE()
GEOMETRIC_REPRESENTATION_ITEM()
RATIONAL_B_SPLINE_CURVE((1.0000000000,0.7071067812,1.0000000000))
REPRESENTATION_ITEM('')
);
#2074=CARTESIAN_POINT('',(33.8500000000,15.0000000001,4.0000000000));
#2075=CARTESIAN_POINT('',(33.8499999999,16.3500000000,4.0000000000));
#2076=CARTESIAN_POINT('',(32.5000000000,16.3500000000,4.0000000000));

#2077=EDGE_CURVE('',#2070,#2050,#2073,.T.);
#2078=ORIENTED_EDGE('',*,*,#2077,.T.);
#2079=EDGE_LOOP('',(#2057,#2065,#2072,#2078));
#2080=FACE_OUTER_BOUND('',#2079,.T.);
#2081=ADVANCED_FACE('',(#2080),#2042,.T.);
#2082=COLOUR_RGB('',0.39,0.39,0.39);
#2083=FILL_AREA_STYLE_COLOUR('',#2082);
#2084=FILL_AREA_STYLE('',(#2083));
#2085=SURFACE_STYLE_FILL_AREA(#2084);
#2086=SURFACE_STYLE_TRANSPARENT(0.00);
#2087=SURFACE_STYLE_RENDERING_WITH_PROPERTIES(.NORMAL_SHADING.,#2082,(#2086));
#2088=SURFACE_SIDE_STYLE('',(#2085, #2087));
#2089=SURFACE_STYLE_USAGE(.BOTH.,#2088);
#2090=PRESENTATION_STYLE_ASSIGNMENT((#2089));
#2091=STYLED_ITEM('',(#2090),#2081);

#2092=(
BOUNDED_SURFACE()
B_SPLINE_SURFACE(2,1,((#2093,#2094),(#2095,#2096),(#2097,#2098)),.UNSPECIFIED.,.F.,.F.,.F.)
B_SPLINE_SURFACE_WITH_KNOTS((3,3),(2,2),(0.000,1.000),(0.000,1.000),.UNSPECIFIED.)
GEOMETRIC_REPRESENTATION_ITEM()
RATIONAL_B_SPLINE_SURFACE(((1.0000000000,1.0000000000),(0.7071067812,0.7071067812),(1.0000000000,1.0000000000)))
REPRESENTATION_ITEM('')
SURFACE()
);
#2093=CARTESIAN_POINT('',(32.5000000000,13.6500000000,8.0000000000));
#2094=CARTESIAN_POINT('',(32.5000000000,13.6500000000,4.0000000000));
#2095=CARTESIAN_POINT('',(33.8500000000,13.6500000000,8.0000000000));
#2096=CARTESIAN_POINT('',(33.8500000000,13.6500000000,4.0000000000));
#2097=CARTESIAN_POINT('',(33.8500000000,15.0000000000,8.0000000000));
#2098=CARTESIAN_POINT('',(33.8500000000,15.0000000000,4.0000000000));

#2099=CARTESIAN_POINT('',(33.8500000000,15.0000000000,4.0000000000));
#2100=VERTEX_POINT('',#2099);
#2101=(
BOUNDED_CURVE()
B_SPLINE_CURVE(1,(#2102,#2103),.UNSPECIFIED.,.F.,.F.)
B_SPLINE_CURVE_WITH_KNOTS((2,2),(0.000,1.000),.UNSPECIFIED.)
CURVE()
GEOMETRIC_REPRESENTATION_ITEM()
RATIONAL_B_SPLINE_CURVE((1.0000000000,1.0000000000))
REPRESENTATION_ITEM('')
);
#2102=CARTESIAN_POINT('',(33.8500000000,15.0000000000,4.0000000000));
#2103=CARTESIAN_POINT('',(33.8500000000,15.0000000000,5.2000000000));

#2104=CARTESIAN_POINT('',(33.8500000000,15.0000000000,5.2000000000));
#2105=VERTEX_POINT('',#2104);
#2106=EDGE_CURVE('',#2100,#2105,#2101,.T.);
#2107=ORIENTED_EDGE('',*,*,#2106,.T.);
#2108=(
BOUNDED_CURVE()
B_SPLINE_CURVE(2,(#2109,#2110,#2111),.UNSPECIFIED.,.F.,.F.)
B_SPLINE_CURVE_WITH_KNOTS((3,3),(0.000,1.000),.UNSPECIFIED.)
CURVE()
GEOMETRIC_REPRESENTATION_ITEM()
RATIONAL_B_SPLINE_CURVE((1.0000000000,0.7071067812,1.0000000000))
REPRESENTATION_ITEM('')
);
#2109=CARTESIAN_POINT('',(33.8500000000,14.9999999999,5.2000000000));
#2110=CARTESIAN_POINT('',(33.8499999999,13.6500000000,5.2000000000));
#2111=CARTESIAN_POINT('',(32.5000000000,13.6500000000,5.2000000000));

#2112=CARTESIAN_POINT('',(32.5000000000,13.6500000000,5.2000000000));
#2113=VERTEX_POINT('',#2112);
#2114=EDGE_CURVE('',#2105,#2113,#2108,.T.);
#2115=ORIENTED_EDGE('',*,*,#2114,.T.);
#2116=(
BOUNDED_CURVE()
B_SPLINE_CURVE(1,(#2117,#2118),.UNSPECIFIED.,.F.,.F.)
B_SPLINE_CURVE_WITH_KNOTS((2,2),(0.000,1.000),.UNSPECIFIED.)
CURVE()
GEOMETRIC_REPRESENTATION_ITEM()
RATIONAL_B_SPLINE_CURVE((1.0000000000,1.0000000000))
REPRESENTATION_ITEM('')
);
#2117=CARTESIAN_POINT('',(32.5000000000,13.6500000000,5.2000000000));
#2118=CARTESIAN_POINT('',(32.5000000000,13.6500000000,4.0000000000));

#2119=CARTESIAN_POINT('',(32.5000000000,13.6500000000,4.0000000000));
#2120=VERTEX_POINT('',#2119);
#2121=EDGE_CURVE('',#2113,#2120,#2116,.T.);
#2122=ORIENTED_EDGE('',*,*,#2121,.T.);
#2123=(
BOUNDED_CURVE()
B_SPLINE_CURVE(2,(#2124,#2125,#2126),.UNSPECIFIED.,.F.,.F.)
B_SPLINE_CURVE_WITH_KNOTS((3,3),(0.000,1.000),.UNSPECIFIED.)
CURVE()
GEOMETRIC_REPRESENTATION_ITEM()
RATIONAL_B_SPLINE_CURVE((1.0000000000,0.7071067812,1.0000000000))
REPRESENTATION_ITEM('')
);
#2124=CARTESIAN_POINT('',(32.5000000001,13.6500000000,4.0000000000));
#2125=CARTESIAN_POINT('',(33.8500000000,13.6500000001,4.0000000000));
#2126=CARTESIAN_POINT('',(33.8500000000,15.0000000000,4.0000000000));

#2127=EDGE_CURVE('',#2120,#2100,#2123,.T.);
#2128=ORIENTED_EDGE('',*,*,#2127,.T.);
#2129=EDGE_LOOP('',(#2107,#2115,#2122,#2128));
#2130=FACE_OUTER_BOUND('',#2129,.T.);
#2131=ADVANCED_FACE('',(#2130),#2092,.T.);
#2132=COLOUR_RGB('',0.39,0.39,0.39);
#2133=FILL_AREA_STYLE_COLOUR('',#2132);
#2134=FILL_AREA_STYLE('',(#2133));
#2135=SURFACE_STYLE_FILL_AREA(#2134);
#2136=SURFACE_STYLE_TRANSPARENT(0.00);
#2137=SURFACE_STYLE_RENDERING_WITH_PROPERTIES(.NORMAL_SHADING.,#2132,(#2136));
#2138=SURFACE_SIDE_STYLE('',(#2135, #2137));
#2139=SURFACE_STYLE_USAGE(.BOTH.,#2138);
#2140=PRESENTATION_STYLE_ASSIGNMENT((#2139));
#2141=STYLED_ITEM('',(#2140),#2131);

#2142=(
BOUNDED_SURFACE()
B_SPLINE_SURFACE(2,1,((#2143,#2144),(#2145,#2146),(#2147,#2148)),.UNSPECIFIED.,.F.,.F.,.F.)
B_SPLINE_SURFACE_WITH_KNOTS((3,3),(2,2),(0.000,1.000),(0.000,1.000),.UNSPECIFIED.)
GEOMETRIC_REPRESENTATION_ITEM()
RATIONAL_B_SPLINE_SURFACE(((1.0000000000,1.0000000000),(0.7071067812,0.7071067812),(1.0000000000,1.0000000000)))
REPRESENTATION_ITEM('')
SURFACE()
);
#2143=CARTESIAN_POINT('',(31.1500000000,15.0000000000,8.0000000000));
#2144=CARTESIAN_POINT('',(31.1500000000,15.0000000000,4.0000000000));
#2145=CARTESIAN_POINT('',(31.1500000000,13.6500000000,8.0000000000));
#2146=CARTESIAN_POINT('',(31.1500000000,13.6500000000,4.0000000000));
#2147=CARTESIAN_POINT('',(32.5000000000,13.6500000000,8.0000000000));
#2148=CARTESIAN_POINT('',(32.5000000000,13.6500000000,4.0000000000));

#2149=CARTESIAN_POINT('',(32.5000000000,13.6500000000,4.0000000000));
#2150=VERTEX_POINT('',#2149);
#2151=(
BOUNDED_CURVE()
B_SPLINE_CURVE(1,(#2152,#2153),.UNSPECIFIED.,.F.,.F.)
B_SPLINE_CURVE_WITH_KNOTS((2,2),(0.000,1.000),.UNSPECIFIED.)
CURVE()
GEOMETRIC_REPRESENTATION_ITEM()
RATIONAL_B_SPLINE_CURVE((1.0000000000,1.0000000000))
REPRESENTATION_ITEM('')
);
#2152=CARTESIAN_POINT('',(32.5000000000,13.6500000000,4.0000000000));
#2153=CARTESIAN_POINT('',(32.5000000000,13.6500000000,5.2000000000));

#2154=CARTESIAN_POINT('',(32.5000000000,13.6500000000,5.2000000000));
#2155=VERTEX_POINT('',#2154);
#2156=EDGE_CURVE('',#2150,#2155,#2151,.T.);
#2157=ORIENTED_EDGE('',*,*,#2156,.T.);
#2158=(
BOUNDED_CURVE()
B_SPLINE_CURVE(2,(#2159,#2160,#2161),.UNSPECIFIED.,.F.,.F.)
B_SPLINE_CURVE_WITH_KNOTS((3,3),(0.000,1.000),.UNSPECIFIED.)
CURVE()
GEOMETRIC_REPRESENTATION_ITEM()
RATIONAL_B_SPLINE_CURVE((1.0000000000,0.7071067812,1.0000000000))
REPRESENTATION_ITEM('')
);
#2159=CARTESIAN_POINT('',(32.4999999999,13.6500000000,5.2000000000));
#2160=CARTESIAN_POINT('',(31.1500000000,13.6500000001,5.2000000000));
#2161=CARTESIAN_POINT('',(31.1500000000,15.0000000000,5.2000000000));

#2162=CARTESIAN_POINT('',(31.1500000000,15.0000000000,5.2000000000));
#2163=VERTEX_POINT('',#2162);
#2164=EDGE_CURVE('',#2155,#2163,#2158,.T.);
#2165=ORIENTED_EDGE('',*,*,#2164,.T.);
#2166=(
BOUNDED_CURVE()
B_SPLINE_CURVE(1,(#2167,#2168),.UNSPECIFIED.,.F.,.F.)
B_SPLINE_CURVE_WITH_KNOTS((2,2),(0.000,1.000),.UNSPECIFIED.)
CURVE()
GEOMETRIC_REPRESENTATION_ITEM()
RATIONAL_B_SPLINE_CURVE((1.0000000000,1.0000000000))
REPRESENTATION_ITEM('')
);
#2167=CARTESIAN_POINT('',(31.1500000000,15.0000000000,5.2000000000));
#2168=CARTESIAN_POINT('',(31.1500000000,15.0000000000,4.0000000000));

#2169=CARTESIAN_POINT('',(31.1500000000,15.0000000000,4.0000000000));
#2170=VERTEX_POINT('',#2169);
#2171=EDGE_CURVE('',#2163,#2170,#2166,.T.);
#2172=ORIENTED_EDGE('',*,*,#2171,.T.);
#2173=(
BOUNDED_CURVE()
B_SPLINE_CURVE(2,(#2174,#2175,#2176),.UNSPECIFIED.,.F.,.F.)
B_SPLINE_CURVE_WITH_KNOTS((3,3),(0.000,1.000),.UNSPECIFIED.)
CURVE()
GEOMETRIC_REPRESENTATION_ITEM()
RATIONAL_B_SPLINE_CURVE((1.0000000000,0.7071067812,1.0000000000))
REPRESENTATION_ITEM('')
);
#2174=CARTESIAN_POINT('',(31.1500000000,14.9999999999,4.0000000000));
#2175=CARTESIAN_POINT('',(31.1500000001,13.6500000000,4.0000000000));
#2176=CARTESIAN_POINT('',(32.5000000000,13.6500000000,4.0000000000));

#2177=EDGE_CURVE('',#2170,#2150,#2173,.T.);
#2178=ORIENTED_EDGE('',*,*,#2177,.T.);
#2179=EDGE_LOOP('',(#2157,#2165,#2172,#2178));
#2180=FACE_OUTER_BOUND('',#2179,.T.);
#2181=ADVANCED_FACE('',(#2180),#2142,.T.);
#2182=COLOUR_RGB('',0.39,0.39,0.39);
#2183=FILL_AREA_STYLE_COLOUR('',#2182);
#2184=FILL_AREA_STYLE('',(#2183));
#2185=SURFACE_STYLE_FILL_AREA(#2184);
#2186=SURFACE_STYLE_TRANSPARENT(0.00);
#2187=SURFACE_STYLE_RENDERING_WITH_PROPERTIES(.NORMAL_SHADING.,#2182,(#2186));
#2188=SURFACE_SIDE_STYLE('',(#2185, #2187));
#2189=SURFACE_STYLE_USAGE(.BOTH.,#2188);
#2190=PRESENTATION_STYLE_ASSIGNMENT((#2189));
#2191=STYLED_ITEM('',(#2190),#2181);

#2192=(
BOUNDED_SURFACE()
B_SPLINE_SURFACE(2,1,((#2193,#2194),(#2195,#2196),(#2197,#2198)),.UNSPECIFIED.,.F.,.F.,.F.)
B_SPLINE_SURFACE_WITH_KNOTS((3,3),(2,2),(0.000,1.000),(0.000,1.000),.UNSPECIFIED.)
GEOMETRIC_REPRESENTATION_ITEM()
RATIONAL_B_SPLINE_SURFACE(((1.0000000000,1.0000000000),(0.7071067812,0.7071067812),(1.0000000000,1.0000000000)))
REPRESENTATION_ITEM('')
SURFACE()
);
#2193=CARTESIAN_POINT('',(-32.5000000000,16.3500000000,8.0000000000));
#2194=CARTESIAN_POINT('',(-32.5000000000,16.3500000000,4.0000000000));
#2195=CARTESIAN_POINT('',(-33.8500000000,16.3500000000,8.0000000000));
#2196=CARTESIAN_POINT('',(-33.8500000000,16.3500000000,4.0000000000));
#2197=CARTESIAN_POINT('',(-33.8500000000,15.0000000000,8.0000000000));
#2198=CARTESIAN_POINT('',(-33.8500000000,15.0000000000,4.0000000000));

#2199=CARTESIAN_POINT('',(-33.8500000000,15.0000000000,4.0000000000));
#2200=VERTEX_POINT('',#2199);
#2201=(
BOUNDED_CURVE()
B_SPLINE_CURVE(1,(#2202,#2203),.UNSPECIFIED.,.F.,.F.)
B_SPLINE_CURVE_WITH_KNOTS((2,2),(0.000,1.000),.UNSPECIFIED.)
CURVE()
GEOMETRIC_REPRESENTATION_ITEM()
RATIONAL_B_SPLINE_CURVE((1.0000000000,1.0000000000))
REPRESENTATION_ITEM('')
);
#2202=CARTESIAN_POINT('',(-33.8500000000,15.0000000000,4.0000000000));
#2203=CARTESIAN_POINT('',(-33.8500000000,15.0000000000,5.2000000000));

#2204=CARTESIAN_POINT('',(-33.8500000000,15.0000000000,5.2000000000));
#2205=VERTEX_POINT('',#2204);
#2206=EDGE_CURVE('',#2200,#2205,#2201,.T.);
#2207=ORIENTED_EDGE('',*,*,#2206,.T.);
#2208=(
BOUNDED_CURVE()
B_SPLINE_CURVE(2,(#2209,#2210,#2211),.UNSPECIFIED.,.F.,.F.)
B_SPLINE_CURVE_WITH_KNOTS((3,3),(0.000,1.000),.UNSPECIFIED.)
CURVE()
GEOMETRIC_REPRESENTATION_ITEM()
RATIONAL_B_SPLINE_CURVE((1.0000000000,0.7071067812,1.0000000000))
REPRESENTATION_ITEM('')
);
#2209=CARTESIAN_POINT('',(-33.8500000000,15.0000000001,5.2000000000));
#2210=CARTESIAN_POINT('',(-33.8499999999,16.3500000000,5.2000000000));
#2211=CARTESIAN_POINT('',(-32.5000000000,16.3500000000,5.2000000000));

#2212=CARTESIAN_POINT('',(-32.5000000000,16.3500000000,5.2000000000));
#2213=VERTEX_POINT('',#2212);
#2214=EDGE_CURVE('',#2205,#2213,#2208,.T.);
#2215=ORIENTED_EDGE('',*,*,#2214,.T.);
#2216=(
BOUNDED_CURVE()
B_SPLINE_CURVE(1,(#2217,#2218),.UNSPECIFIED.,.F.,.F.)
B_SPLINE_CURVE_WITH_KNOTS((2,2),(0.000,1.000),.UNSPECIFIED.)
CURVE()
GEOMETRIC_REPRESENTATION_ITEM()
RATIONAL_B_SPLINE_CURVE((1.0000000000,1.0000000000))
REPRESENTATION_ITEM('')
);
#2217=CARTESIAN_POINT('',(-32.5000000000,16.3500000000,5.2000000000));
#2218=CARTESIAN_POINT('',(-32.5000000000,16.3500000000,4.0000000000));

#2219=CARTESIAN_POINT('',(-32.5000000000,16.3500000000,4.0000000000));
#2220=VERTEX_POINT('',#2219);
#2221=EDGE_CURVE('',#2213,#2220,#2216,.T.);
#2222=ORIENTED_EDGE('',*,*,#2221,.T.);
#2223=(
BOUNDED_CURVE()
B_SPLINE_CURVE(2,(#2224,#2225,#2226),.UNSPECIFIED.,.F.,.F.)
B_SPLINE_CURVE_WITH_KNOTS((3,3),(0.000,1.000),.UNSPECIFIED.)
CURVE()
GEOMETRIC_REPRESENTATION_ITEM()
RATIONAL_B_SPLINE_CURVE((1.0000000000,0.7071067812,1.0000000000))
REPRESENTATION_ITEM('')
);
#2224=CARTESIAN_POINT('',(-32.5000000001,16.3500000000,4.0000000000));
#2225=CARTESIAN_POINT('',(-33.8500000000,16.3499999999,4.0000000000));
#2226=CARTESIAN_POINT('',(-33.8500000000,15.0000000000,4.0000000000));

#2227=EDGE_CURVE('',#2220,#2200,#2223,.T.);
#2228=ORIENTED_EDGE('',*,*,#2227,.T.);
#2229=EDGE_LOOP('',(#2207,#2215,#2222,#2228));
#2230=FACE_OUTER_BOUND('',#2229,.T.);
#2231=ADVANCED_FACE('',(#2230),#2192,.T.);
#2232=COLOUR_RGB('',0.39,0.39,0.39);
#2233=FILL_AREA_STYLE_COLOUR('',#2232);
#2234=FILL_AREA_STYLE('',(#2233));
#2235=SURFACE_STYLE_FILL_AREA(#2234);
#2236=SURFACE_STYLE_TRANSPARENT(0.00);
#2237=SURFACE_STYLE_RENDERING_WITH_PROPERTIES(.NORMAL_SHADING.,#2232,(#2236));
#2238=SURFACE_SIDE_STYLE('',(#2235, #2237));
#2239=SURFACE_STYLE_USAGE(.BOTH.,#2238);
#2240=PRESENTATION_STYLE_ASSIGNMENT((#2239));
#2241=STYLED_ITEM('',(#2240),#2231);

#2242=(
BOUNDED_SURFACE()
B_SPLINE_SURFACE(2,1,((#2243,#2244),(#2245,#2246),(#2247,#2248)),.UNSPECIFIED.,.F.,.F.,.F.)
B_SPLINE_SURFACE_WITH_KNOTS((3,3),(2,2),(0.000,1.000),(0.000,1.000),.UNSPECIFIED.)
GEOMETRIC_REPRESENTATION_ITEM()
RATIONAL_B_SPLINE_SURFACE(((1.0000000000,1.0000000000),(0.7071067812,0.7071067812),(1.0000000000,1.0000000000)))
REPRESENTATION_ITEM('')
SURFACE()
);
#2243=CARTESIAN_POINT('',(-31.1500000000,15.0000000000,8.0000000000));
#2244=CARTESIAN_POINT('',(-31.1500000000,15.0000000000,4.0000000000));
#2245=CARTESIAN_POINT('',(-31.1500000000,16.3500000000,8.0000000000));
#2246=CARTESIAN_POINT('',(-31.1500000000,16.3500000000,4.0000000000));
#2247=CARTESIAN_POINT('',(-32.5000000000,16.3500000000,8.0000000000));
#2248=CARTESIAN_POINT('',(-32.5000000000,16.3500000000,4.0000000000));

#2249=CARTESIAN_POINT('',(-32.5000000000,16.3500000000,4.0000000000));
#2250=VERTEX_POINT('',#2249);
#2251=(
BOUNDED_CURVE()
B_SPLINE_CURVE(1,(#2252,#2253),.UNSPECIFIED.,.F.,.F.)
B_SPLINE_CURVE_WITH_KNOTS((2,2),(0.000,1.000),.UNSPECIFIED.)
CURVE()
GEOMETRIC_REPRESENTATION_ITEM()
RATIONAL_B_SPLINE_CURVE((1.0000000000,1.0000000000))
REPRESENTATION_ITEM('')
);
#2252=CARTESIAN_POINT('',(-32.5000000000,16.3500000000,4.0000000000));
#2253=CARTESIAN_POINT('',(-32.5000000000,16.3500000000,5.2000000000));

#2254=CARTESIAN_POINT('',(-32.5000000000,16.3500000000,5.2000000000));
#2255=VERTEX_POINT('',#2254);
#2256=EDGE_CURVE('',#2250,#2255,#2251,.T.);
#2257=ORIENTED_EDGE('',*,*,#2256,.T.);
#2258=(
BOUNDED_CURVE()
B_SPLINE_CURVE(2,(#2259,#2260,#2261),.UNSPECIFIED.,.F.,.F.)
B_SPLINE_CURVE_WITH_KNOTS((3,3),(0.000,1.000),.UNSPECIFIED.)
CURVE()
GEOMETRIC_REPRESENTATION_ITEM()
RATIONAL_B_SPLINE_CURVE((1.0000000000,0.7071067812,1.0000000000))
REPRESENTATION_ITEM('')
);
#2259=CARTESIAN_POINT('',(-32.4999999999,16.3500000000,5.2000000000));
#2260=CARTESIAN_POINT('',(-31.1500000000,16.3499999999,5.2000000000));
#2261=CARTESIAN_POINT('',(-31.1500000000,15.0000000000,5.2000000000));

#2262=CARTESIAN_POINT('',(-31.1500000000,15.0000000000,5.2000000000));
#2263=VERTEX_POINT('',#2262);
#2264=EDGE_CURVE('',#2255,#2263,#2258,.T.);
#2265=ORIENTED_EDGE('',*,*,#2264,.T.);
#2266=(
BOUNDED_CURVE()
B_SPLINE_CURVE(1,(#2267,#2268),.UNSPECIFIED.,.F.,.F.)
B_SPLINE_CURVE_WITH_KNOTS((2,2),(0.000,1.000),.UNSPECIFIED.)
CURVE()
GEOMETRIC_REPRESENTATION_ITEM()
RATIONAL_B_SPLINE_CURVE((1.0000000000,1.0000000000))
REPRESENTATION_ITEM('')
);
#2267=CARTESIAN_POINT('',(-31.1500000000,15.0000000000,5.2000000000));
#2268=CARTESIAN_POINT('',(-31.1500000000,15.0000000000,4.0000000000));

#2269=CARTESIAN_POINT('',(-31.1500000000,15.0000000000,4.0000000000));
#2270=VERTEX_POINT('',#2269);
#2271=EDGE_CURVE('',#2263,#2270,#2266,.T.);
#2272=ORIENTED_EDGE('',*,*,#2271,.T.);
#2273=(
BOUNDED_CURVE()
B_SPLINE_CURVE(2,(#2274,#2275,#2276),.UNSPECIFIED.,.F.,.F.)
B_SPLINE_CURVE_WITH_KNOTS((3,3),(0.000,1.000),.UNSPECIFIED.)
CURVE()
GEOMETRIC_REPRESENTATION_ITEM()
RATIONAL_B_SPLINE_CURVE((1.0000000000,0.7071067812,1.0000000000))
REPRESENTATION_ITEM('')
);
#2274=CARTESIAN_POINT('',(-31.1500000000,15.0000000001,4.0000000000));
#2275=CARTESIAN_POINT('',(-31.1500000001,16.3500000000,4.0000000000));
#2276=CARTESIAN_POINT('',(-32.5000000000,16.3500000000,4.0000000000));

#2277=EDGE_CURVE('',#2270,#2250,#2273,.T.);
#2278=ORIENTED_EDGE('',*,*,#2277,.T.);
#2279=EDGE_LOOP('',(#2257,#2265,#2272,#2278));
#2280=FACE_OUTER_BOUND('',#2279,.T.);
#2281=ADVANCED_FACE('',(#2280),#2242,.T.);
#2282=COLOUR_RGB('',0.39,0.39,0.39);
#2283=FILL_AREA_STYLE_COLOUR('',#2282);
#2284=FILL_AREA_STYLE('',(#2283));
#2285=SURFACE_STYLE_FILL_AREA(#2284);
#2286=SURFACE_STYLE_TRANSPARENT(0.00);
#2287=SURFACE_STYLE_RENDERING_WITH_PROPERTIES(.NORMAL_SHADING.,#2282,(#2286));
#2288=SURFACE_SIDE_STYLE('',(#2285, #2287));
#2289=SURFACE_STYLE_USAGE(.BOTH.,#2288);
#2290=PRESENTATION_STYLE_ASSIGNMENT((#2289));
#2291=STYLED_ITEM('',(#2290),#2281);

#2292=(
BOUNDED_SURFACE()
B_SPLINE_SURFACE(2,1,((#2293,#2294),(#2295,#2296),(#2297,#2298)),.UNSPECIFIED.,.F.,.F.,.F.)
B_SPLINE_SURFACE_WITH_KNOTS((3,3),(2,2),(0.000,1.000),(0.000,1.000),.UNSPECIFIED.)
GEOMETRIC_REPRESENTATION_ITEM()
RATIONAL_B_SPLINE_SURFACE(((1.0000000000,1.0000000000),(0.7071067812,0.7071067812),(1.0000000000,1.0000000000)))
REPRESENTATION_ITEM('')
SURFACE()
);
#2293=CARTESIAN_POINT('',(-32.5000000000,13.6500000000,8.0000000000));
#2294=CARTESIAN_POINT('',(-32.5000000000,13.6500000000,4.0000000000));
#2295=CARTESIAN_POINT('',(-31.1500000000,13.6500000000,8.0000000000));
#2296=CARTESIAN_POINT('',(-31.1500000000,13.6500000000,4.0000000000));
#2297=CARTESIAN_POINT('',(-31.1500000000,15.0000000000,8.0000000000));
#2298=CARTESIAN_POINT('',(-31.1500000000,15.0000000000,4.0000000000));

#2299=CARTESIAN_POINT('',(-31.1500000000,15.0000000000,4.0000000000));
#2300=VERTEX_POINT('',#2299);
#2301=(
BOUNDED_CURVE()
B_SPLINE_CURVE(1,(#2302,#2303),.UNSPECIFIED.,.F.,.F.)
B_SPLINE_CURVE_WITH_KNOTS((2,2),(0.000,1.000),.UNSPECIFIED.)
CURVE()
GEOMETRIC_REPRESENTATION_ITEM()
RATIONAL_B_SPLINE_CURVE((1.0000000000,1.0000000000))
REPRESENTATION_ITEM('')
);
#2302=CARTESIAN_POINT('',(-31.1500000000,15.0000000000,4.0000000000));
#2303=CARTESIAN_POINT('',(-31.1500000000,15.0000000000,5.2000000000));

#2304=CARTESIAN_POINT('',(-31.1500000000,15.0000000000,5.2000000000));
#2305=VERTEX_POINT('',#2304);
#2306=EDGE_CURVE('',#2300,#2305,#2301,.T.);
#2307=ORIENTED_EDGE('',*,*,#2306,.T.);
#2308=(
BOUNDED_CURVE()
B_SPLINE_CURVE(2,(#2309,#2310,#2311),.UNSPECIFIED.,.F.,.F.)
B_SPLINE_CURVE_WITH_KNOTS((3,3),(0.000,1.000),.UNSPECIFIED.)
CURVE()
GEOMETRIC_REPRESENTATION_ITEM()
RATIONAL_B_SPLINE_CURVE((1.0000000000,0.7071067812,1.0000000000))
REPRESENTATION_ITEM('')
);
#2309=CARTESIAN_POINT('',(-31.1500000000,14.9999999999,5.2000000000));
#2310=CARTESIAN_POINT('',(-31.1500000001,13.6500000000,5.2000000000));
#2311=CARTESIAN_POINT('',(-32.5000000000,13.6500000000,5.2000000000));

#2312=CARTESIAN_POINT('',(-32.5000000000,13.6500000000,5.2000000000));
#2313=VERTEX_POINT('',#2312);
#2314=EDGE_CURVE('',#2305,#2313,#2308,.T.);
#2315=ORIENTED_EDGE('',*,*,#2314,.T.);
#2316=(
BOUNDED_CURVE()
B_SPLINE_CURVE(1,(#2317,#2318),.UNSPECIFIED.,.F.,.F.)
B_SPLINE_CURVE_WITH_KNOTS((2,2),(0.000,1.000),.UNSPECIFIED.)
CURVE()
GEOMETRIC_REPRESENTATION_ITEM()
RATIONAL_B_SPLINE_CURVE((1.0000000000,1.0000000000))
REPRESENTATION_ITEM('')
);
#2317=CARTESIAN_POINT('',(-32.5000000000,13.6500000000,5.2000000000));
#2318=CARTESIAN_POINT('',(-32.5000000000,13.6500000000,4.0000000000));

#2319=CARTESIAN_POINT('',(-32.5000000000,13.6500000000,4.0000000000));
#2320=VERTEX_POINT('',#2319);
#2321=EDGE_CURVE('',#2313,#2320,#2316,.T.);
#2322=ORIENTED_EDGE('',*,*,#2321,.T.);
#2323=(
BOUNDED_CURVE()
B_SPLINE_CURVE(2,(#2324,#2325,#2326),.UNSPECIFIED.,.F.,.F.)
B_SPLINE_CURVE_WITH_KNOTS((3,3),(0.000,1.000),.UNSPECIFIED.)
CURVE()
GEOMETRIC_REPRESENTATION_ITEM()
RATIONAL_B_SPLINE_CURVE((1.0000000000,0.7071067812,1.0000000000))
REPRESENTATION_ITEM('')
);
#2324=CARTESIAN_POINT('',(-32.4999999999,13.6500000000,4.0000000000));
#2325=CARTESIAN_POINT('',(-31.1500000000,13.6500000001,4.0000000000));
#2326=CARTESIAN_POINT('',(-31.1500000000,15.0000000000,4.0000000000));

#2327=EDGE_CURVE('',#2320,#2300,#2323,.T.);
#2328=ORIENTED_EDGE('',*,*,#2327,.T.);
#2329=EDGE_LOOP('',(#2307,#2315,#2322,#2328));
#2330=FACE_OUTER_BOUND('',#2329,.T.);
#2331=ADVANCED_FACE('',(#2330),#2292,.T.);
#2332=COLOUR_RGB('',0.39,0.39,0.39);
#2333=FILL_AREA_STYLE_COLOUR('',#2332);
#2334=FILL_AREA_STYLE('',(#2333));
#2335=SURFACE_STYLE_FILL_AREA(#2334);
#2336=SURFACE_STYLE_TRANSPARENT(0.00);
#2337=SURFACE_STYLE_RENDERING_WITH_PROPERTIES(.NORMAL_SHADING.,#2332,(#2336));
#2338=SURFACE_SIDE_STYLE('',(#2335, #2337));
#2339=SURFACE_STYLE_USAGE(.BOTH.,#2338);
#2340=PRESENTATION_STYLE_ASSIGNMENT((#2339));
#2341=STYLED_ITEM('',(#2340),#2331);

#2342=(
BOUNDED_SURFACE()
B_SPLINE_SURFACE(2,1,((#2343,#2344),(#2345,#2346),(#2347,#2348)),.UNSPECIFIED.,.F.,.F.,.F.)
B_SPLINE_SURFACE_WITH_KNOTS((3,3),(2,2),(0.000,1.000),(0.000,1.000),.UNSPECIFIED.)
GEOMETRIC_REPRESENTATION_ITEM()
RATIONAL_B_SPLINE_SURFACE(((1.0000000000,1.0000000000),(0.7071067812,0.7071067812),(1.0000000000,1.0000000000)))
REPRESENTATION_ITEM('')
SURFACE()
);
#2343=CARTESIAN_POINT('',(-33.8500000000,15.0000000000,8.0000000000));
#2344=CARTESIAN_POINT('',(-33.8500000000,15.0000000000,4.0000000000));
#2345=CARTESIAN_POINT('',(-33.8500000000,13.6500000000,8.0000000000));
#2346=CARTESIAN_POINT('',(-33.8500000000,13.6500000000,4.0000000000));
#2347=CARTESIAN_POINT('',(-32.5000000000,13.6500000000,8.0000000000));
#2348=CARTESIAN_POINT('',(-32.5000000000,13.6500000000,4.0000000000));

#2349=CARTESIAN_POINT('',(-32.5000000000,13.6500000000,4.0000000000));
#2350=VERTEX_POINT('',#2349);
#2351=(
BOUNDED_CURVE()
B_SPLINE_CURVE(1,(#2352,#2353),.UNSPECIFIED.,.F.,.F.)
B_SPLINE_CURVE_WITH_KNOTS((2,2),(0.000,1.000),.UNSPECIFIED.)
CURVE()
GEOMETRIC_REPRESENTATION_ITEM()
RATIONAL_B_SPLINE_CURVE((1.0000000000,1.0000000000))
REPRESENTATION_ITEM('')
);
#2352=CARTESIAN_POINT('',(-32.5000000000,13.6500000000,4.0000000000));
#2353=CARTESIAN_POINT('',(-32.5000000000,13.6500000000,5.2000000000));

#2354=CARTESIAN_POINT('',(-32.5000000000,13.6500000000,5.2000000000));
#2355=VERTEX_POINT('',#2354);
#2356=EDGE_CURVE('',#2350,#2355,#2351,.T.);
#2357=ORIENTED_EDGE('',*,*,#2356,.T.);
#2358=(
BOUNDED_CURVE()
B_SPLINE_CURVE(2,(#2359,#2360,#2361),.UNSPECIFIED.,.F.,.F.)
B_SPLINE_CURVE_WITH_KNOTS((3,3),(0.000,1.000),.UNSPECIFIED.)
CURVE()
GEOMETRIC_REPRESENTATION_ITEM()
RATIONAL_B_SPLINE_CURVE((1.0000000000,0.7071067812,1.0000000000))
REPRESENTATION_ITEM('')
);
#2359=CARTESIAN_POINT('',(-32.5000000001,13.6500000000,5.2000000000));
#2360=CARTESIAN_POINT('',(-33.8500000000,13.6500000001,5.2000000000));
#2361=CARTESIAN_POINT('',(-33.8500000000,15.0000000000,5.2000000000));

#2362=CARTESIAN_POINT('',(-33.8500000000,15.0000000000,5.2000000000));
#2363=VERTEX_POINT('',#2362);
#2364=EDGE_CURVE('',#2355,#2363,#2358,.T.);
#2365=ORIENTED_EDGE('',*,*,#2364,.T.);
#2366=(
BOUNDED_CURVE()
B_SPLINE_CURVE(1,(#2367,#2368),.UNSPECIFIED.,.F.,.F.)
B_SPLINE_CURVE_WITH_KNOTS((2,2),(0.000,1.000),.UNSPECIFIED.)
CURVE()
GEOMETRIC_REPRESENTATION_ITEM()
RATIONAL_B_SPLINE_CURVE((1.0000000000,1.0000000000))
REPRESENTATION_ITEM('')
);
#2367=CARTESIAN_POINT('',(-33.8500000000,15.0000000000,5.2000000000));
#2368=CARTESIAN_POINT('',(-33.8500000000,15.0000000000,4.0000000000));

#2369=CARTESIAN_POINT('',(-33.8500000000,15.0000000000,4.0000000000));
#2370=VERTEX_POINT('',#2369);
#2371=EDGE_CURVE('',#2363,#2370,#2366,.T.);
#2372=ORIENTED_EDGE('',*,*,#2371,.T.);
#2373=(
BOUNDED_CURVE()
B_SPLINE_CURVE(2,(#2374,#2375,#2376),.UNSPECIFIED.,.F.,.F.)
B_SPLINE_CURVE_WITH_KNOTS((3,3),(0.000,1.000),.UNSPECIFIED.)
CURVE()
GEOMETRIC_REPRESENTATION_ITEM()
RATIONAL_B_SPLINE_CURVE((1.0000000000,0.7071067812,1.0000000000))
REPRESENTATION_ITEM('')
);
#2374=CARTESIAN_POINT('',(-33.8500000000,14.9999999999,4.0000000000));
#2375=CARTESIAN_POINT('',(-33.8499999999,13.6500000000,4.0000000000));
#2376=CARTESIAN_POINT('',(-32.5000000000,13.6500000000,4.0000000000));

#2377=EDGE_CURVE('',#2370,#2350,#2373,.T.);
#2378=ORIENTED_EDGE('',*,*,#2377,.T.);
#2379=EDGE_LOOP('',(#2357,#2365,#2372,#2378));
#2380=FACE_OUTER_BOUND('',#2379,.T.);
#2381=ADVANCED_FACE('',(#2380),#2342,.T.);
#2382=COLOUR_RGB('',0.39,0.39,0.39);
#2383=FILL_AREA_STYLE_COLOUR('',#2382);
#2384=FILL_AREA_STYLE('',(#2383));
#2385=SURFACE_STYLE_FILL_AREA(#2384);
#2386=SURFACE_STYLE_TRANSPARENT(0.00);
#2387=SURFACE_STYLE_RENDERING_WITH_PROPERTIES(.NORMAL_SHADING.,#2382,(#2386));
#2388=SURFACE_SIDE_STYLE('',(#2385, #2387));
#2389=SURFACE_STYLE_USAGE(.BOTH.,#2388);
#2390=PRESENTATION_STYLE_ASSIGNMENT((#2389));
#2391=STYLED_ITEM('',(#2390),#2381);

#2392=(
BOUNDED_SURFACE()
B_SPLINE_SURFACE(2,1,((#2393,#2394),(#2395,#2396),(#2397,#2398)),.UNSPECIFIED.,.F.,.F.,.F.)
B_SPLINE_SURFACE_WITH_KNOTS((3,3),(2,2),(0.000,1.000),(0.000,1.000),.UNSPECIFIED.)
GEOMETRIC_REPRESENTATION_ITEM()
RATIONAL_B_SPLINE_SURFACE(((1.0000000000,1.0000000000),(0.7071067812,0.7071067812),(1.0000000000,1.0000000000)))
REPRESENTATION_ITEM('')
SURFACE()
);
#2393=CARTESIAN_POINT('',(32.5000000000,-13.6500000000,8.0000000000));
#2394=CARTESIAN_POINT('',(32.5000000000,-13.6500000000,4.0000000000));
#2395=CARTESIAN_POINT('',(31.1500000000,-13.6500000000,8.0000000000));
#2396=CARTESIAN_POINT('',(31.1500000000,-13.6500000000,4.0000000000));
#2397=CARTESIAN_POINT('',(31.1500000000,-15.0000000000,8.0000000000));
#2398=CARTESIAN_POINT('',(31.1500000000,-15.0000000000,4.0000000000));

#2399=CARTESIAN_POINT('',(31.1500000000,-15.0000000000,4.0000000000));
#2400=VERTEX_POINT('',#2399);
#2401=(
BOUNDED_CURVE()
B_SPLINE_CURVE(1,(#2402,#2403),.UNSPECIFIED.,.F.,.F.)
B_SPLINE_CURVE_WITH_KNOTS((2,2),(0.000,1.000),.UNSPECIFIED.)
CURVE()
GEOMETRIC_REPRESENTATION_ITEM()
RATIONAL_B_SPLINE_CURVE((1.0000000000,1.0000000000))
REPRESENTATION_ITEM('')
);
#2402=CARTESIAN_POINT('',(31.1500000000,-15.0000000000,4.0000000000));
#2403=CARTESIAN_POINT('',(31.1500000000,-15.0000000000,5.2000000000));

#2404=CARTESIAN_POINT('',(31.1500000000,-15.0000000000,5.2000000000));
#2405=VERTEX_POINT('',#2404);
#2406=EDGE_CURVE('',#2400,#2405,#2401,.T.);
#2407=ORIENTED_EDGE('',*,*,#2406,.T.);
#2408=(
BOUNDED_CURVE()
B_SPLINE_CURVE(2,(#2409,#2410,#2411),.UNSPECIFIED.,.F.,.F.)
B_SPLINE_CURVE_WITH_KNOTS((3,3),(0.000,1.000),.UNSPECIFIED.)
CURVE()
GEOMETRIC_REPRESENTATION_ITEM()
RATIONAL_B_SPLINE_CURVE((1.0000000000,0.7071067812,1.0000000000))
REPRESENTATION_ITEM('')
);
#2409=CARTESIAN_POINT('',(31.1500000000,-14.9999999999,5.2000000000));
#2410=CARTESIAN_POINT('',(31.1500000001,-13.6500000000,5.2000000000));
#2411=CARTESIAN_POINT('',(32.5000000000,-13.6500000000,5.2000000000));

#2412=CARTESIAN_POINT('',(32.5000000000,-13.6500000000,5.2000000000));
#2413=VERTEX_POINT('',#2412);
#2414=EDGE_CURVE('',#2405,#2413,#2408,.T.);
#2415=ORIENTED_EDGE('',*,*,#2414,.T.);
#2416=(
BOUNDED_CURVE()
B_SPLINE_CURVE(1,(#2417,#2418),.UNSPECIFIED.,.F.,.F.)
B_SPLINE_CURVE_WITH_KNOTS((2,2),(0.000,1.000),.UNSPECIFIED.)
CURVE()
GEOMETRIC_REPRESENTATION_ITEM()
RATIONAL_B_SPLINE_CURVE((1.0000000000,1.0000000000))
REPRESENTATION_ITEM('')
);
#2417=CARTESIAN_POINT('',(32.5000000000,-13.6500000000,5.2000000000));
#2418=CARTESIAN_POINT('',(32.5000000000,-13.6500000000,4.0000000000));

#2419=CARTESIAN_POINT('',(32.5000000000,-13.6500000000,4.0000000000));
#2420=VERTEX_POINT('',#2419);
#2421=EDGE_CURVE('',#2413,#2420,#2416,.T.);
#2422=ORIENTED_EDGE('',*,*,#2421,.T.);
#2423=(
BOUNDED_CURVE()
B_SPLINE_CURVE(2,(#2424,#2425,#2426),.UNSPECIFIED.,.F.,.F.)
B_SPLINE_CURVE_WITH_KNOTS((3,3),(0.000,1.000),.UNSPECIFIED.)
CURVE()
GEOMETRIC_REPRESENTATION_ITEM()
RATIONAL_B_SPLINE_CURVE((1.0000000000,0.7071067812,1.0000000000))
REPRESENTATION_ITEM('')
);
#2424=CARTESIAN_POINT('',(32.4999999999,-13.6500000000,4.0000000000));
#2425=CARTESIAN_POINT('',(31.1500000000,-13.6500000001,4.0000000000));
#2426=CARTESIAN_POINT('',(31.1500000000,-15.0000000000,4.0000000000));

#2427=EDGE_CURVE('',#2420,#2400,#2423,.T.);
#2428=ORIENTED_EDGE('',*,*,#2427,.T.);
#2429=EDGE_LOOP('',(#2407,#2415,#2422,#2428));
#2430=FACE_OUTER_BOUND('',#2429,.T.);
#2431=ADVANCED_FACE('',(#2430),#2392,.T.);
#2432=COLOUR_RGB('',0.39,0.39,0.39);
#2433=FILL_AREA_STYLE_COLOUR('',#2432);
#2434=FILL_AREA_STYLE('',(#2433));
#2435=SURFACE_STYLE_FILL_AREA(#2434);
#2436=SURFACE_STYLE_TRANSPARENT(0.00);
#2437=SURFACE_STYLE_RENDERING_WITH_PROPERTIES(.NORMAL_SHADING.,#2432,(#2436));
#2438=SURFACE_SIDE_STYLE('',(#2435, #2437));
#2439=SURFACE_STYLE_USAGE(.BOTH.,#2438);
#2440=PRESENTATION_STYLE_ASSIGNMENT((#2439));
#2441=STYLED_ITEM('',(#2440),#2431);

#2442=(
BOUNDED_SURFACE()
B_SPLINE_SURFACE(2,1,((#2443,#2444),(#2445,#2446),(#2447,#2448)),.UNSPECIFIED.,.F.,.F.,.F.)
B_SPLINE_SURFACE_WITH_KNOTS((3,3),(2,2),(0.000,1.000),(0.000,1.000),.UNSPECIFIED.)
GEOMETRIC_REPRESENTATION_ITEM()
RATIONAL_B_SPLINE_SURFACE(((1.0000000000,1.0000000000),(0.7071067812,0.7071067812),(1.0000000000,1.0000000000)))
REPRESENTATION_ITEM('')
SURFACE()
);
#2443=CARTESIAN_POINT('',(33.8500000000,-15.0000000000,8.0000000000));
#2444=CARTESIAN_POINT('',(33.8500000000,-15.0000000000,4.0000000000));
#2445=CARTESIAN_POINT('',(33.8500000000,-13.6500000000,8.0000000000));
#2446=CARTESIAN_POINT('',(33.8500000000,-13.6500000000,4.0000000000));
#2447=CARTESIAN_POINT('',(32.5000000000,-13.6500000000,8.0000000000));
#2448=CARTESIAN_POINT('',(32.5000000000,-13.6500000000,4.0000000000));

#2449=CARTESIAN_POINT('',(32.5000000000,-13.6500000000,4.0000000000));
#2450=VERTEX_POINT('',#2449);
#2451=(
BOUNDED_CURVE()
B_SPLINE_CURVE(1,(#2452,#2453),.UNSPECIFIED.,.F.,.F.)
B_SPLINE_CURVE_WITH_KNOTS((2,2),(0.000,1.000),.UNSPECIFIED.)
CURVE()
GEOMETRIC_REPRESENTATION_ITEM()
RATIONAL_B_SPLINE_CURVE((1.0000000000,1.0000000000))
REPRESENTATION_ITEM('')
);
#2452=CARTESIAN_POINT('',(32.5000000000,-13.6500000000,4.0000000000));
#2453=CARTESIAN_POINT('',(32.5000000000,-13.6500000000,5.2000000000));

#2454=CARTESIAN_POINT('',(32.5000000000,-13.6500000000,5.2000000000));
#2455=VERTEX_POINT('',#2454);
#2456=EDGE_CURVE('',#2450,#2455,#2451,.T.);
#2457=ORIENTED_EDGE('',*,*,#2456,.T.);
#2458=(
BOUNDED_CURVE()
B_SPLINE_CURVE(2,(#2459,#2460,#2461),.UNSPECIFIED.,.F.,.F.)
B_SPLINE_CURVE_WITH_KNOTS((3,3),(0.000,1.000),.UNSPECIFIED.)
CURVE()
GEOMETRIC_REPRESENTATION_ITEM()
RATIONAL_B_SPLINE_CURVE((1.0000000000,0.7071067812,1.0000000000))
REPRESENTATION_ITEM('')
);
#2459=CARTESIAN_POINT('',(32.5000000001,-13.6500000000,5.2000000000));
#2460=CARTESIAN_POINT('',(33.8500000000,-13.6500000001,5.2000000000));
#2461=CARTESIAN_POINT('',(33.8500000000,-15.0000000000,5.2000000000));

#2462=CARTESIAN_POINT('',(33.8500000000,-15.0000000000,5.2000000000));
#2463=VERTEX_POINT('',#2462);
#2464=EDGE_CURVE('',#2455,#2463,#2458,.T.);
#2465=ORIENTED_EDGE('',*,*,#2464,.T.);
#2466=(
BOUNDED_CURVE()
B_SPLINE_CURVE(1,(#2467,#2468),.UNSPECIFIED.,.F.,.F.)
B_SPLINE_CURVE_WITH_KNOTS((2,2),(0.000,1.000),.UNSPECIFIED.)
CURVE()
GEOMETRIC_REPRESENTATION_ITEM()
RATIONAL_B_SPLINE_CURVE((1.0000000000,1.0000000000))
REPRESENTATION_ITEM('')
);
#2467=CARTESIAN_POINT('',(33.8500000000,-15.0000000000,5.2000000000));
#2468=CARTESIAN_POINT('',(33.8500000000,-15.0000000000,4.0000000000));

#2469=CARTESIAN_POINT('',(33.8500000000,-15.0000000000,4.0000000000));
#2470=VERTEX_POINT('',#2469);
#2471=EDGE_CURVE('',#2463,#2470,#2466,.T.);
#2472=ORIENTED_EDGE('',*,*,#2471,.T.);
#2473=(
BOUNDED_CURVE()
B_SPLINE_CURVE(2,(#2474,#2475,#2476),.UNSPECIFIED.,.F.,.F.)
B_SPLINE_CURVE_WITH_KNOTS((3,3),(0.000,1.000),.UNSPECIFIED.)
CURVE()
GEOMETRIC_REPRESENTATION_ITEM()
RATIONAL_B_SPLINE_CURVE((1.0000000000,0.7071067812,1.0000000000))
REPRESENTATION_ITEM('')
);
#2474=CARTESIAN_POINT('',(33.8500000000,-14.9999999999,4.0000000000));
#2475=CARTESIAN_POINT('',(33.8499999999,-13.6500000000,4.0000000000));
#2476=CARTESIAN_POINT('',(32.5000000000,-13.6500000000,4.0000000000));

#2477=EDGE_CURVE('',#2470,#2450,#2473,.T.);
#2478=ORIENTED_EDGE('',*,*,#2477,.T.);
#2479=EDGE_LOOP('',(#2457,#2465,#2472,#2478));
#2480=FACE_OUTER_BOUND('',#2479,.T.);
#2481=ADVANCED_FACE('',(#2480),#2442,.T.);
#2482=COLOUR_RGB('',0.39,0.39,0.39);
#2483=FILL_AREA_STYLE_COLOUR('',#2482);
#2484=FILL_AREA_STYLE('',(#2483));
#2485=SURFACE_STYLE_FILL_AREA(#2484);
#2486=SURFACE_STYLE_TRANSPARENT(0.00);
#2487=SURFACE_STYLE_RENDERING_WITH_PROPERTIES(.NORMAL_SHADING.,#2482,(#2486));
#2488=SURFACE_SIDE_STYLE('',(#2485, #2487));
#2489=SURFACE_STYLE_USAGE(.BOTH.,#2488);
#2490=PRESENTATION_STYLE_ASSIGNMENT((#2489));
#2491=STYLED_ITEM('',(#2490),#2481);

#2492=(
BOUNDED_SURFACE()
B_SPLINE_SURFACE(2,1,((#2493,#2494),(#2495,#2496),(#2497,#2498)),.UNSPECIFIED.,.F.,.F.,.F.)
B_SPLINE_SURFACE_WITH_KNOTS((3,3),(2,2),(0.000,1.000),(0.000,1.000),.UNSPECIFIED.)
GEOMETRIC_REPRESENTATION_ITEM()
RATIONAL_B_SPLINE_SURFACE(((1.0000000000,1.0000000000),(0.7071067812,0.7071067812),(1.0000000000,1.0000000000)))
REPRESENTATION_ITEM('')
SURFACE()
);
#2493=CARTESIAN_POINT('',(32.5000000000,-16.3500000000,8.0000000000));
#2494=CARTESIAN_POINT('',(32.5000000000,-16.3500000000,4.0000000000));
#2495=CARTESIAN_POINT('',(33.8500000000,-16.3500000000,8.0000000000));
#2496=CARTESIAN_POINT('',(33.8500000000,-16.3500000000,4.0000000000));
#2497=CARTESIAN_POINT('',(33.8500000000,-15.0000000000,8.0000000000));
#2498=CARTESIAN_POINT('',(33.8500000000,-15.0000000000,4.0000000000));

#2499=CARTESIAN_POINT('',(33.8500000000,-15.0000000000,4.0000000000));
#2500=VERTEX_POINT('',#2499);
#2501=(
BOUNDED_CURVE()
B_SPLINE_CURVE(1,(#2502,#2503),.UNSPECIFIED.,.F.,.F.)
B_SPLINE_CURVE_WITH_KNOTS((2,2),(0.000,1.000),.UNSPECIFIED.)
CURVE()
GEOMETRIC_REPRESENTATION_ITEM()
RATIONAL_B_SPLINE_CURVE((1.0000000000,1.0000000000))
REPRESENTATION_ITEM('')
);
#2502=CARTESIAN_POINT('',(33.8500000000,-15.0000000000,4.0000000000));
#2503=CARTESIAN_POINT('',(33.8500000000,-15.0000000000,5.2000000000));

#2504=CARTESIAN_POINT('',(33.8500000000,-15.0000000000,5.2000000000));
#2505=VERTEX_POINT('',#2504);
#2506=EDGE_CURVE('',#2500,#2505,#2501,.T.);
#2507=ORIENTED_EDGE('',*,*,#2506,.T.);
#2508=(
BOUNDED_CURVE()
B_SPLINE_CURVE(2,(#2509,#2510,#2511),.UNSPECIFIED.,.F.,.F.)
B_SPLINE_CURVE_WITH_KNOTS((3,3),(0.000,1.000),.UNSPECIFIED.)
CURVE()
GEOMETRIC_REPRESENTATION_ITEM()
RATIONAL_B_SPLINE_CURVE((1.0000000000,0.7071067812,1.0000000000))
REPRESENTATION_ITEM('')
);
#2509=CARTESIAN_POINT('',(33.8500000000,-15.0000000001,5.2000000000));
#2510=CARTESIAN_POINT('',(33.8499999999,-16.3500000000,5.2000000000));
#2511=CARTESIAN_POINT('',(32.5000000000,-16.3500000000,5.2000000000));

#2512=CARTESIAN_POINT('',(32.5000000000,-16.3500000000,5.2000000000));
#2513=VERTEX_POINT('',#2512);
#2514=EDGE_CURVE('',#2505,#2513,#2508,.T.);
#2515=ORIENTED_EDGE('',*,*,#2514,.T.);
#2516=(
BOUNDED_CURVE()
B_SPLINE_CURVE(1,(#2517,#2518),.UNSPECIFIED.,.F.,.F.)
B_SPLINE_CURVE_WITH_KNOTS((2,2),(0.000,1.000),.UNSPECIFIED.)
CURVE()
GEOMETRIC_REPRESENTATION_ITEM()
RATIONAL_B_SPLINE_CURVE((1.0000000000,1.0000000000))
REPRESENTATION_ITEM('')
);
#2517=CARTESIAN_POINT('',(32.5000000000,-16.3500000000,5.2000000000));
#2518=CARTESIAN_POINT('',(32.5000000000,-16.3500000000,4.0000000000));

#2519=CARTESIAN_POINT('',(32.5000000000,-16.3500000000,4.0000000000));
#2520=VERTEX_POINT('',#2519);
#2521=EDGE_CURVE('',#2513,#2520,#2516,.T.);
#2522=ORIENTED_EDGE('',*,*,#2521,.T.);
#2523=(
BOUNDED_CURVE()
B_SPLINE_CURVE(2,(#2524,#2525,#2526),.UNSPECIFIED.,.F.,.F.)
B_SPLINE_CURVE_WITH_KNOTS((3,3),(0.000,1.000),.UNSPECIFIED.)
CURVE()
GEOMETRIC_REPRESENTATION_ITEM()
RATIONAL_B_SPLINE_CURVE((1.0000000000,0.7071067812,1.0000000000))
REPRESENTATION_ITEM('')
);
#2524=CARTESIAN_POINT('',(32.5000000001,-16.3500000000,4.0000000000));
#2525=CARTESIAN_POINT('',(33.8500000000,-16.3499999999,4.0000000000));
#2526=CARTESIAN_POINT('',(33.8500000000,-15.0000000000,4.0000000000));

#2527=EDGE_CURVE('',#2520,#2500,#2523,.T.);
#2528=ORIENTED_EDGE('',*,*,#2527,.T.);
#2529=EDGE_LOOP('',(#2507,#2515,#2522,#2528));
#2530=FACE_OUTER_BOUND('',#2529,.T.);
#2531=ADVANCED_FACE('',(#2530),#2492,.T.);
#2532=COLOUR_RGB('',0.39,0.39,0.39);
#2533=FILL_AREA_STYLE_COLOUR('',#2532);
#2534=FILL_AREA_STYLE('',(#2533));
#2535=SURFACE_STYLE_FILL_AREA(#2534);
#2536=SURFACE_STYLE_TRANSPARENT(0.00);
#2537=SURFACE_STYLE_RENDERING_WITH_PROPERTIES(.NORMAL_SHADING.,#2532,(#2536));
#2538=SURFACE_SIDE_STYLE('',(#2535, #2537));
#2539=SURFACE_STYLE_USAGE(.BOTH.,#2538);
#2540=PRESENTATION_STYLE_ASSIGNMENT((#2539));
#2541=STYLED_ITEM('',(#2540),#2531);

#2542=(
BOUNDED_SURFACE()
B_SPLINE_SURFACE(2,1,((#2543,#2544),(#2545,#2546),(#2547,#2548)),.UNSPECIFIED.,.F.,.F.,.F.)
B_SPLINE_SURFACE_WITH_KNOTS((3,3),(2,2),(0.000,1.000),(0.000,1.000),.UNSPECIFIED.)
GEOMETRIC_REPRESENTATION_ITEM()
RATIONAL_B_SPLINE_SURFACE(((1.0000000000,1.0000000000),(0.7071067812,0.7071067812),(1.0000000000,1.0000000000)))
REPRESENTATION_ITEM('')
SURFACE()
);
#2543=CARTESIAN_POINT('',(31.1500000000,-15.0000000000,8.0000000000));
#2544=CARTESIAN_POINT('',(31.1500000000,-15.0000000000,4.0000000000));
#2545=CARTESIAN_POINT('',(31.1500000000,-16.3500000000,8.0000000000));
#2546=CARTESIAN_POINT('',(31.1500000000,-16.3500000000,4.0000000000));
#2547=CARTESIAN_POINT('',(32.5000000000,-16.3500000000,8.0000000000));
#2548=CARTESIAN_POINT('',(32.5000000000,-16.3500000000,4.0000000000));

#2549=CARTESIAN_POINT('',(32.5000000000,-16.3500000000,4.0000000000));
#2550=VERTEX_POINT('',#2549);
#2551=(
BOUNDED_CURVE()
B_SPLINE_CURVE(1,(#2552,#2553),.UNSPECIFIED.,.F.,.F.)
B_SPLINE_CURVE_WITH_KNOTS((2,2),(0.000,1.000),.UNSPECIFIED.)
CURVE()
GEOMETRIC_REPRESENTATION_ITEM()
RATIONAL_B_SPLINE_CURVE((1.0000000000,1.0000000000))
REPRESENTATION_ITEM('')
);
#2552=CARTESIAN_POINT('',(32.5000000000,-16.3500000000,4.0000000000));
#2553=CARTESIAN_POINT('',(32.5000000000,-16.3500000000,5.2000000000));

#2554=CARTESIAN_POINT('',(32.5000000000,-16.3500000000,5.2000000000));
#2555=VERTEX_POINT('',#2554);
#2556=EDGE_CURVE('',#2550,#2555,#2551,.T.);
#2557=ORIENTED_EDGE('',*,*,#2556,.T.);
#2558=(
BOUNDED_CURVE()
B_SPLINE_CURVE(2,(#2559,#2560,#2561),.UNSPECIFIED.,.F.,.F.)
B_SPLINE_CURVE_WITH_KNOTS((3,3),(0.000,1.000),.UNSPECIFIED.)
CURVE()
GEOMETRIC_REPRESENTATION_ITEM()
RATIONAL_B_SPLINE_CURVE((1.0000000000,0.7071067812,1.0000000000))
REPRESENTATION_ITEM('')
);
#2559=CARTESIAN_POINT('',(32.4999999999,-16.3500000000,5.2000000000));
#2560=CARTESIAN_POINT('',(31.1500000000,-16.3499999999,5.2000000000));
#2561=CARTESIAN_POINT('',(31.1500000000,-15.0000000000,5.2000000000));

#2562=CARTESIAN_POINT('',(31.1500000000,-15.0000000000,5.2000000000));
#2563=VERTEX_POINT('',#2562);
#2564=EDGE_CURVE('',#2555,#2563,#2558,.T.);
#2565=ORIENTED_EDGE('',*,*,#2564,.T.);
#2566=(
BOUNDED_CURVE()
B_SPLINE_CURVE(1,(#2567,#2568),.UNSPECIFIED.,.F.,.F.)
B_SPLINE_CURVE_WITH_KNOTS((2,2),(0.000,1.000),.UNSPECIFIED.)
CURVE()
GEOMETRIC_REPRESENTATION_ITEM()
RATIONAL_B_SPLINE_CURVE((1.0000000000,1.0000000000))
REPRESENTATION_ITEM('')
);
#2567=CARTESIAN_POINT('',(31.1500000000,-15.0000000000,5.2000000000));
#2568=CARTESIAN_POINT('',(31.1500000000,-15.0000000000,4.0000000000));

#2569=CARTESIAN_POINT('',(31.1500000000,-15.0000000000,4.0000000000));
#2570=VERTEX_POINT('',#2569);
#2571=EDGE_CURVE('',#2563,#2570,#2566,.T.);
#2572=ORIENTED_EDGE('',*,*,#2571,.T.);
#2573=(
BOUNDED_CURVE()
B_SPLINE_CURVE(2,(#2574,#2575,#2576),.UNSPECIFIED.,.F.,.F.)
B_SPLINE_CURVE_WITH_KNOTS((3,3),(0.000,1.000),.UNSPECIFIED.)
CURVE()
GEOMETRIC_REPRESENTATION_ITEM()
RATIONAL_B_SPLINE_CURVE((1.0000000000,0.7071067812,1.0000000000))
REPRESENTATION_ITEM('')
);
#2574=CARTESIAN_POINT('',(31.1500000000,-15.0000000001,4.0000000000));
#2575=CARTESIAN_POINT('',(31.1500000001,-16.3500000000,4.0000000000));
#2576=CARTESIAN_POINT('',(32.5000000000,-16.3500000000,4.0000000000));

#2577=EDGE_CURVE('',#2570,#2550,#2573,.T.);
#2578=ORIENTED_EDGE('',*,*,#2577,.T.);
#2579=EDGE_LOOP('',(#2557,#2565,#2572,#2578));
#2580=FACE_OUTER_BOUND('',#2579,.T.);
#2581=ADVANCED_FACE('',(#2580),#2542,.T.);
#2582=COLOUR_RGB('',0.39,0.39,0.39);
#2583=FILL_AREA_STYLE_COLOUR('',#2582);
#2584=FILL_AREA_STYLE('',(#2583));
#2585=SURFACE_STYLE_FILL_AREA(#2584);
#2586=SURFACE_STYLE_TRANSPARENT(0.00);
#2587=SURFACE_STYLE_RENDERING_WITH_PROPERTIES(.NORMAL_SHADING.,#2582,(#2586));
#2588=SURFACE_SIDE_STYLE('',(#2585, #2587));
#2589=SURFACE_STYLE_USAGE(.BOTH.,#2588);
#2590=PRESENTATION_STYLE_ASSIGNMENT((#2589));
#2591=STYLED_ITEM('',(#2590),#2581);

#2592=(
BOUNDED_SURFACE()
B_SPLINE_SURFACE(2,1,((#2593,#2594),(#2595,#2596),(#2597,#2598)),.UNSPECIFIED.,.F.,.F.,.F.)
B_SPLINE_SURFACE_WITH_KNOTS((3,3),(2,2),(0.000,1.000),(0.000,1.000),.UNSPECIFIED.)
GEOMETRIC_REPRESENTATION_ITEM()
RATIONAL_B_SPLINE_SURFACE(((1.0000000000,1.0000000000),(0.7071067812,0.7071067812),(1.0000000000,1.0000000000)))
REPRESENTATION_ITEM('')
SURFACE()
);
#2593=CARTESIAN_POINT('',(-32.5000000000,-13.6500000000,8.0000000000));
#2594=CARTESIAN_POINT('',(-32.5000000000,-13.6500000000,4.0000000000));
#2595=CARTESIAN_POINT('',(-33.8500000000,-13.6500000000,8.0000000000));
#2596=CARTESIAN_POINT('',(-33.8500000000,-13.6500000000,4.0000000000));
#2597=CARTESIAN_POINT('',(-33.8500000000,-15.0000000000,8.0000000000));
#2598=CARTESIAN_POINT('',(-33.8500000000,-15.0000000000,4.0000000000));

#2599=CARTESIAN_POINT('',(-33.8500000000,-15.0000000000,4.0000000000));
#2600=VERTEX_POINT('',#2599);
#2601=(
BOUNDED_CURVE()
B_SPLINE_CURVE(1,(#2602,#2603),.UNSPECIFIED.,.F.,.F.)
B_SPLINE_CURVE_WITH_KNOTS((2,2),(0.000,1.000),.UNSPECIFIED.)
CURVE()
GEOMETRIC_REPRESENTATION_ITEM()
RATIONAL_B_SPLINE_CURVE((1.0000000000,1.0000000000))
REPRESENTATION_ITEM('')
);
#2602=CARTESIAN_POINT('',(-33.8500000000,-15.0000000000,4.0000000000));
#2603=CARTESIAN_POINT('',(-33.8500000000,-15.0000000000,5.2000000000));

#2604=CARTESIAN_POINT('',(-33.8500000000,-15.0000000000,5.2000000000));
#2605=VERTEX_POINT('',#2604);
#2606=EDGE_CURVE('',#2600,#2605,#2601,.T.);
#2607=ORIENTED_EDGE('',*,*,#2606,.T.);
#2608=(
BOUNDED_CURVE()
B_SPLINE_CURVE(2,(#2609,#2610,#2611),.UNSPECIFIED.,.F.,.F.)
B_SPLINE_CURVE_WITH_KNOTS((3,3),(0.000,1.000),.UNSPECIFIED.)
CURVE()
GEOMETRIC_REPRESENTATION_ITEM()
RATIONAL_B_SPLINE_CURVE((1.0000000000,0.7071067812,1.0000000000))
REPRESENTATION_ITEM('')
);
#2609=CARTESIAN_POINT('',(-33.8500000000,-14.9999999999,5.2000000000));
#2610=CARTESIAN_POINT('',(-33.8499999999,-13.6500000000,5.2000000000));
#2611=CARTESIAN_POINT('',(-32.5000000000,-13.6500000000,5.2000000000));

#2612=CARTESIAN_POINT('',(-32.5000000000,-13.6500000000,5.2000000000));
#2613=VERTEX_POINT('',#2612);
#2614=EDGE_CURVE('',#2605,#2613,#2608,.T.);
#2615=ORIENTED_EDGE('',*,*,#2614,.T.);
#2616=(
BOUNDED_CURVE()
B_SPLINE_CURVE(1,(#2617,#2618),.UNSPECIFIED.,.F.,.F.)
B_SPLINE_CURVE_WITH_KNOTS((2,2),(0.000,1.000),.UNSPECIFIED.)
CURVE()
GEOMETRIC_REPRESENTATION_ITEM()
RATIONAL_B_SPLINE_CURVE((1.0000000000,1.0000000000))
REPRESENTATION_ITEM('')
);
#2617=CARTESIAN_POINT('',(-32.5000000000,-13.6500000000,5.2000000000));
#2618=CARTESIAN_POINT('',(-32.5000000000,-13.6500000000,4.0000000000));

#2619=CARTESIAN_POINT('',(-32.5000000000,-13.6500000000,4.0000000000));
#2620=VERTEX_POINT('',#2619);
#2621=EDGE_CURVE('',#2613,#2620,#2616,.T.);
#2622=ORIENTED_EDGE('',*,*,#2621,.T.);
#2623=(
BOUNDED_CURVE()
B_SPLINE_CURVE(2,(#2624,#2625,#2626),.UNSPECIFIED.,.F.,.F.)
B_SPLINE_CURVE_WITH_KNOTS((3,3),(0.000,1.000),.UNSPECIFIED.)
CURVE()
GEOMETRIC_REPRESENTATION_ITEM()
RATIONAL_B_SPLINE_CURVE((1.0000000000,0.7071067812,1.0000000000))
REPRESENTATION_ITEM('')
);
#2624=CARTESIAN_POINT('',(-32.5000000001,-13.6500000000,4.0000000000));
#2625=CARTESIAN_POINT('',(-33.8500000000,-13.6500000001,4.0000000000));
#2626=CARTESIAN_POINT('',(-33.8500000000,-15.0000000000,4.0000000000));

#2627=EDGE_CURVE('',#2620,#2600,#2623,.T.);
#2628=ORIENTED_EDGE('',*,*,#2627,.T.);
#2629=EDGE_LOOP('',(#2607,#2615,#2622,#2628));
#2630=FACE_OUTER_BOUND('',#2629,.T.);
#2631=ADVANCED_FACE('',(#2630),#2592,.T.);
#2632=COLOUR_RGB('',0.39,0.39,0.39);
#2633=FILL_AREA_STYLE_COLOUR('',#2632);
#2634=FILL_AREA_STYLE('',(#2633));
#2635=SURFACE_STYLE_FILL_AREA(#2634);
#2636=SURFACE_STYLE_TRANSPARENT(0.00);
#2637=SURFACE_STYLE_RENDERING_WITH_PROPERTIES(.NORMAL_SHADING.,#2632,(#2636));
#2638=SURFACE_SIDE_STYLE('',(#2635, #2637));
#2639=SURFACE_STYLE_USAGE(.BOTH.,#2638);
#2640=PRESENTATION_STYLE_ASSIGNMENT((#2639));
#2641=STYLED_ITEM('',(#2640),#2631);

#2642=(
BOUNDED_SURFACE()
B_SPLINE_SURFACE(2,1,((#2643,#2644),(#2645,#2646),(#2647,#2648)),.UNSPECIFIED.,.F.,.F.,.F.)
B_SPLINE_SURFACE_WITH_KNOTS((3,3),(2,2),(0.000,1.000),(0.000,1.000),.UNSPECIFIED.)
GEOMETRIC_REPRESENTATION_ITEM()
RATIONAL_B_SPLINE_SURFACE(((1.0000000000,1.0000000000),(0.7071067812,0.7071067812),(1.0000000000,1.0000000000)))
REPRESENTATION_ITEM('')
SURFACE()
);
#2643=CARTESIAN_POINT('',(-31.1500000000,-15.0000000000,8.0000000000));
#2644=CARTESIAN_POINT('',(-31.1500000000,-15.0000000000,4.0000000000));
#2645=CARTESIAN_POINT('',(-31.1500000000,-13.6500000000,8.0000000000));
#2646=CARTESIAN_POINT('',(-31.1500000000,-13.6500000000,4.0000000000));
#2647=CARTESIAN_POINT('',(-32.5000000000,-13.6500000000,8.0000000000));
#2648=CARTESIAN_POINT('',(-32.5000000000,-13.6500000000,4.0000000000));

#2649=CARTESIAN_POINT('',(-32.5000000000,-13.6500000000,4.0000000000));
#2650=VERTEX_POINT('',#2649);
#2651=(
BOUNDED_CURVE()
B_SPLINE_CURVE(1,(#2652,#2653),.UNSPECIFIED.,.F.,.F.)
B_SPLINE_CURVE_WITH_KNOTS((2,2),(0.000,1.000),.UNSPECIFIED.)
CURVE()
GEOMETRIC_REPRESENTATION_ITEM()
RATIONAL_B_SPLINE_CURVE((1.0000000000,1.0000000000))
REPRESENTATION_ITEM('')
);
#2652=CARTESIAN_POINT('',(-32.5000000000,-13.6500000000,4.0000000000));
#2653=CARTESIAN_POINT('',(-32.5000000000,-13.6500000000,5.2000000000));

#2654=CARTESIAN_POINT('',(-32.5000000000,-13.6500000000,5.2000000000));
#2655=VERTEX_POINT('',#2654);
#2656=EDGE_CURVE('',#2650,#2655,#2651,.T.);
#2657=ORIENTED_EDGE('',*,*,#2656,.T.);
#2658=(
BOUNDED_CURVE()
B_SPLINE_CURVE(2,(#2659,#2660,#2661),.UNSPECIFIED.,.F.,.F.)
B_SPLINE_CURVE_WITH_KNOTS((3,3),(0.000,1.000),.UNSPECIFIED.)
CURVE()
GEOMETRIC_REPRESENTATION_ITEM()
RATIONAL_B_SPLINE_CURVE((1.0000000000,0.7071067812,1.0000000000))
REPRESENTATION_ITEM('')
);
#2659=CARTESIAN_POINT('',(-32.4999999999,-13.6500000000,5.2000000000));
#2660=CARTESIAN_POINT('',(-31.1500000000,-13.6500000001,5.2000000000));
#2661=CARTESIAN_POINT('',(-31.1500000000,-15.0000000000,5.2000000000));

#2662=CARTESIAN_POINT('',(-31.1500000000,-15.0000000000,5.2000000000));
#2663=VERTEX_POINT('',#2662);
#2664=EDGE_CURVE('',#2655,#2663,#2658,.T.);
#2665=ORIENTED_EDGE('',*,*,#2664,.T.);
#2666=(
BOUNDED_CURVE()
B_SPLINE_CURVE(1,(#2667,#2668),.UNSPECIFIED.,.F.,.F.)
B_SPLINE_CURVE_WITH_KNOTS((2,2),(0.000,1.000),.UNSPECIFIED.)
CURVE()
GEOMETRIC_REPRESENTATION_ITEM()
RATIONAL_B_SPLINE_CURVE((1.0000000000,1.0000000000))
REPRESENTATION_ITEM('')
);
#2667=CARTESIAN_POINT('',(-31.1500000000,-15.0000000000,5.2000000000));
#2668=CARTESIAN_POINT('',(-31.1500000000,-15.0000000000,4.0000000000));

#2669=CARTESIAN_POINT('',(-31.1500000000,-15.0000000000,4.0000000000));
#2670=VERTEX_POINT('',#2669);
#2671=EDGE_CURVE('',#2663,#2670,#2666,.T.);
#2672=ORIENTED_EDGE('',*,*,#2671,.T.);
#2673=(
BOUNDED_CURVE()
B_SPLINE_CURVE(2,(#2674,#2675,#2676),.UNSPECIFIED.,.F.,.F.)
B_SPLINE_CURVE_WITH_KNOTS((3,3),(0.000,1.000),.UNSPECIFIED.)
CURVE()
GEOMETRIC_REPRESENTATION_ITEM()
RATIONAL_B_SPLINE_CURVE((1.0000000000,0.7071067812,1.0000000000))
REPRESENTATION_ITEM('')
);
#2674=CARTESIAN_POINT('',(-31.1500000000,-14.9999999999,4.0000000000));
#2675=CARTESIAN_POINT('',(-31.1500000001,-13.6500000000,4.0000000000));
#2676=CARTESIAN_POINT('',(-32.5000000000,-13.6500000000,4.0000000000));

#2677=EDGE_CURVE('',#2670,#2650,#2673,.T.);
#2678=ORIENTED_EDGE('',*,*,#2677,.T.);
#2679=EDGE_LOOP('',(#2657,#2665,#2672,#2678));
#2680=FACE_OUTER_BOUND('',#2679,.T.);
#2681=ADVANCED_FACE('',(#2680),#2642,.T.);
#2682=COLOUR_RGB('',0.39,0.39,0.39);
#2683=FILL_AREA_STYLE_COLOUR('',#2682);
#2684=FILL_AREA_STYLE('',(#2683));
#2685=SURFACE_STYLE_FILL_AREA(#2684);
#2686=SURFACE_STYLE_TRANSPARENT(0.00);
#2687=SURFACE_STYLE_RENDERING_WITH_PROPERTIES(.NORMAL_SHADING.,#2682,(#2686));
#2688=SURFACE_SIDE_STYLE('',(#2685, #2687));
#2689=SURFACE_STYLE_USAGE(.BOTH.,#2688);
#2690=PRESENTATION_STYLE_ASSIGNMENT((#2689));
#2691=STYLED_ITEM('',(#2690),#2681);

#2692=(
BOUNDED_SURFACE()
B_SPLINE_SURFACE(2,1,((#2693,#2694),(#2695,#2696),(#2697,#2698)),.UNSPECIFIED.,.F.,.F.,.F.)
B_SPLINE_SURFACE_WITH_KNOTS((3,3),(2,2),(0.000,1.000),(0.000,1.000),.UNSPECIFIED.)
GEOMETRIC_REPRESENTATION_ITEM()
RATIONAL_B_SPLINE_SURFACE(((1.0000000000,1.0000000000),(0.7071067812,0.7071067812),(1.0000000000,1.0000000000)))
REPRESENTATION_ITEM('')
SURFACE()
);
#2693=CARTESIAN_POINT('',(-32.5000000000,-16.3500000000,8.0000000000));
#2694=CARTESIAN_POINT('',(-32.5000000000,-16.3500000000,4.0000000000));
#2695=CARTESIAN_POINT('',(-31.1500000000,-16.3500000000,8.0000000000));
#2696=CARTESIAN_POINT('',(-31.1500000000,-16.3500000000,4.0000000000));
#2697=CARTESIAN_POINT('',(-31.1500000000,-15.0000000000,8.0000000000));
#2698=CARTESIAN_POINT('',(-31.1500000000,-15.0000000000,4.0000000000));

#2699=CARTESIAN_POINT('',(-31.1500000000,-15.0000000000,4.0000000000));
#2700=VERTEX_POINT('',#2699);
#2701=(
BOUNDED_CURVE()
B_SPLINE_CURVE(1,(#2702,#2703),.UNSPECIFIED.,.F.,.F.)
B_SPLINE_CURVE_WITH_KNOTS((2,2),(0.000,1.000),.UNSPECIFIED.)
CURVE()
GEOMETRIC_REPRESENTATION_ITEM()
RATIONAL_B_SPLINE_CURVE((1.0000000000,1.0000000000))
REPRESENTATION_ITEM('')
);
#2702=CARTESIAN_POINT('',(-31.1500000000,-15.0000000000,4.0000000000));
#2703=CARTESIAN_POINT('',(-31.1500000000,-15.0000000000,5.2000000000));

#2704=CARTESIAN_POINT('',(-31.1500000000,-15.0000000000,5.2000000000));
#2705=VERTEX_POINT('',#2704);
#2706=EDGE_CURVE('',#2700,#2705,#2701,.T.);
#2707=ORIENTED_EDGE('',*,*,#2706,.T.);
#2708=(
BOUNDED_CURVE()
B_SPLINE_CURVE(2,(#2709,#2710,#2711),.UNSPECIFIED.,.F.,.F.)
B_SPLINE_CURVE_WITH_KNOTS((3,3),(0.000,1.000),.UNSPECIFIED.)
CURVE()
GEOMETRIC_REPRESENTATION_ITEM()
RATIONAL_B_SPLINE_CURVE((1.0000000000,0.7071067812,1.0000000000))
REPRESENTATION_ITEM('')
);
#2709=CARTESIAN_POINT('',(-31.1500000000,-15.0000000001,5.2000000000));
#2710=CARTESIAN_POINT('',(-31.1500000001,-16.3500000000,5.2000000000));
#2711=CARTESIAN_POINT('',(-32.5000000000,-16.3500000000,5.2000000000));

#2712=CARTESIAN_POINT('',(-32.5000000000,-16.3500000000,5.2000000000));
#2713=VERTEX_POINT('',#2712);
#2714=EDGE_CURVE('',#2705,#2713,#2708,.T.);
#2715=ORIENTED_EDGE('',*,*,#2714,.T.);
#2716=(
BOUNDED_CURVE()
B_SPLINE_CURVE(1,(#2717,#2718),.UNSPECIFIED.,.F.,.F.)
B_SPLINE_CURVE_WITH_KNOTS((2,2),(0.000,1.000),.UNSPECIFIED.)
CURVE()
GEOMETRIC_REPRESENTATION_ITEM()
RATIONAL_B_SPLINE_CURVE((1.0000000000,1.0000000000))
REPRESENTATION_ITEM('')
);
#2717=CARTESIAN_POINT('',(-32.5000000000,-16.3500000000,5.2000000000));
#2718=CARTESIAN_POINT('',(-32.5000000000,-16.3500000000,4.0000000000));

#2719=CARTESIAN_POINT('',(-32.5000000000,-16.3500000000,4.0000000000));
#2720=VERTEX_POINT('',#2719);
#2721=EDGE_CURVE('',#2713,#2720,#2716,.T.);
#2722=ORIENTED_EDGE('',*,*,#2721,.T.);
#2723=(
BOUNDED_CURVE()
B_SPLINE_CURVE(2,(#2724,#2725,#2726),.UNSPECIFIED.,.F.,.F.)
B_SPLINE_CURVE_WITH_KNOTS((3,3),(0.000,1.000),.UNSPECIFIED.)
CURVE()
GEOMETRIC_REPRESENTATION_ITEM()
RATIONAL_B_SPLINE_CURVE((1.0000000000,0.7071067812,1.0000000000))
REPRESENTATION_ITEM('')
);
#2724=CARTESIAN_POINT('',(-32.4999999999,-16.3500000000,4.0000000000));
#2725=CARTESIAN_POINT('',(-31.1500000000,-16.3499999999,4.0000000000));
#2726=CARTESIAN_POINT('',(-31.1500000000,-15.0000000000,4.0000000000));

#2727=EDGE_CURVE('',#2720,#2700,#2723,.T.);
#2728=ORIENTED_EDGE('',*,*,#2727,.T.);
#2729=EDGE_LOOP('',(#2707,#2715,#2722,#2728));
#2730=FACE_OUTER_BOUND('',#2729,.T.);
#2731=ADVANCED_FACE('',(#2730),#2692,.T.);
#2732=COLOUR_RGB('',0.39,0.39,0.39);
#2733=FILL_AREA_STYLE_COLOUR('',#2732);
#2734=FILL_AREA_STYLE('',(#2733));
#2735=SURFACE_STYLE_FILL_AREA(#2734);
#2736=SURFACE_STYLE_TRANSPARENT(0.00);
#2737=SURFACE_STYLE_RENDERING_WITH_PROPERTIES(.NORMAL_SHADING.,#2732,(#2736));
#2738=SURFACE_SIDE_STYLE('',(#2735, #2737));
#2739=SURFACE_STYLE_USAGE(.BOTH.,#2738);
#2740=PRESENTATION_STYLE_ASSIGNMENT((#2739));
#2741=STYLED_ITEM('',(#2740),#2731);

#2742=(
BOUNDED_SURFACE()
B_SPLINE_SURFACE(2,1,((#2743,#2744),(#2745,#2746),(#2747,#2748)),.UNSPECIFIED.,.F.,.F.,.F.)
B_SPLINE_SURFACE_WITH_KNOTS((3,3),(2,2),(0.000,1.000),(0.000,1.000),.UNSPECIFIED.)
GEOMETRIC_REPRESENTATION_ITEM()
RATIONAL_B_SPLINE_SURFACE(((1.0000000000,1.0000000000),(0.7071067812,0.7071067812),(1.0000000000,1.0000000000)))
REPRESENTATION_ITEM('')
SURFACE()
);
#2743=CARTESIAN_POINT('',(-33.8500000000,-15.0000000000,8.0000000000));
#2744=CARTESIAN_POINT('',(-33.8500000000,-15.0000000000,4.0000000000));
#2745=CARTESIAN_POINT('',(-33.8500000000,-16.3500000000,8.0000000000));
#2746=CARTESIAN_POINT('',(-33.8500000000,-16.3500000000,4.0000000000));
#2747=CARTESIAN_POINT('',(-32.5000000000,-16.3500000000,8.0000000000));
#2748=CARTESIAN_POINT('',(-32.5000000000,-16.3500000000,4.0000000000));

#2749=CARTESIAN_POINT('',(-32.5000000000,-16.3500000000,4.0000000000));
#2750=VERTEX_POINT('',#2749);
#2751=(
BOUNDED_CURVE()
B_SPLINE_CURVE(1,(#2752,#2753),.UNSPECIFIED.,.F.,.F.)
B_SPLINE_CURVE_WITH_KNOTS((2,2),(0.000,1.000),.UNSPECIFIED.)
CURVE()
GEOMETRIC_REPRESENTATION_ITEM()
RATIONAL_B_SPLINE_CURVE((1.0000000000,1.0000000000))
REPRESENTATION_ITEM('')
);
#2752=CARTESIAN_POINT('',(-32.5000000000,-16.3500000000,4.0000000000));
#2753=CARTESIAN_POINT('',(-32.5000000000,-16.3500000000,5.2000000000));

#2754=CARTESIAN_POINT('',(-32.5000000000,-16.3500000000,5.2000000000));
#2755=VERTEX_POINT('',#2754);
#2756=EDGE_CURVE('',#2750,#2755,#2751,.T.);
#2757=ORIENTED_EDGE('',*,*,#2756,.T.);
#2758=(
BOUNDED_CURVE()
B_SPLINE_CURVE(2,(#2759,#2760,#2761),.UNSPECIFIED.,.F.,.F.)
B_SPLINE_CURVE_WITH_KNOTS((3,3),(0.000,1.000),.UNSPECIFIED.)
CURVE()
GEOMETRIC_REPRESENTATION_ITEM()
RATIONAL_B_SPLINE_CURVE((1.0000000000,0.7071067812,1.0000000000))
REPRESENTATION_ITEM('')
);
#2759=CARTESIAN_POINT('',(-32.5000000001,-16.3500000000,5.2000000000));
#2760=CARTESIAN_POINT('',(-33.8500000000,-16.3499999999,5.2000000000));
#2761=CARTESIAN_POINT('',(-33.8500000000,-15.0000000000,5.2000000000));

#2762=CARTESIAN_POINT('',(-33.8500000000,-15.0000000000,5.2000000000));
#2763=VERTEX_POINT('',#2762);
#2764=EDGE_CURVE('',#2755,#2763,#2758,.T.);
#2765=ORIENTED_EDGE('',*,*,#2764,.T.);
#2766=(
BOUNDED_CURVE()
B_SPLINE_CURVE(1,(#2767,#2768),.UNSPECIFIED.,.F.,.F.)
B_SPLINE_CURVE_WITH_KNOTS((2,2),(0.000,1.000),.UNSPECIFIED.)
CURVE()
GEOMETRIC_REPRESENTATION_ITEM()
RATIONAL_B_SPLINE_CURVE((1.0000000000,1.0000000000))
REPRESENTATION_ITEM('')
);
#2767=CARTESIAN_POINT('',(-33.8500000000,-15.0000000000,5.2000000000));
#2768=CARTESIAN_POINT('',(-33.8500000000,-15.0000000000,4.0000000000));

#2769=CARTESIAN_POINT('',(-33.8500000000,-15.0000000000,4.0000000000));
#2770=VERTEX_POINT('',#2769);
#2771=EDGE_CURVE('',#2763,#2770,#2766,.T.);
#2772=ORIENTED_EDGE('',*,*,#2771,.T.);
#2773=(
BOUNDED_CURVE()
B_SPLINE_CURVE(2,(#2774,#2775,#2776),.UNSPECIFIED.,.F.,.F.)
B_SPLINE_CURVE_WITH_KNOTS((3,3),(0.000,1.000),.UNSPECIFIED.)
CURVE()
GEOMETRIC_REPRESENTATION_ITEM()
RATIONAL_B_SPLINE_CURVE((1.0000000000,0.7071067812,1.0000000000))
REPRESENTATION_ITEM('')
);
#2774=CARTESIAN_POINT('',(-33.8500000000,-15.0000000001,4.0000000000));
#2775=CARTESIAN_POINT('',(-33.8499999999,-16.3500000000,4.0000000000));
#2776=CARTESIAN_POINT('',(-32.5000000000,-16.3500000000,4.0000000000));

#2777=EDGE_CURVE('',#2770,#2750,#2773,.T.);
#2778=ORIENTED_EDGE('',*,*,#2777,.T.);
#2779=EDGE_LOOP('',(#2757,#2765,#2772,#2778));
#2780=FACE_OUTER_BOUND('',#2779,.T.);
#2781=ADVANCED_FACE('',(#2780),#2742,.T.);
#2782=COLOUR_RGB('',0.39,0.39,0.39);
#2783=FILL_AREA_STYLE_COLOUR('',#2782);
#2784=FILL_AREA_STYLE('',(#2783));
#2785=SURFACE_STYLE_FILL_AREA(#2784);
#2786=SURFACE_STYLE_TRANSPARENT(0.00);
#2787=SURFACE_STYLE_RENDERING_WITH_PROPERTIES(.NORMAL_SHADING.,#2782,(#2786));
#2788=SURFACE_SIDE_STYLE('',(#2785, #2787));
#2789=SURFACE_STYLE_USAGE(.BOTH.,#2788);
#2790=PRESENTATION_STYLE_ASSIGNMENT((#2789));
#2791=STYLED_ITEM('',(#2790),#2781);

#2792=(
BOUNDED_SURFACE()
B_SPLINE_SURFACE(1,1,((#2793,#2794),(#2795,#2796)),.UNSPECIFIED.,.F.,.F.,.F.)
B_SPLINE_SURFACE_WITH_KNOTS((2,2),(2,2),(0.000,1.000),(0.000,1.000),.UNSPECIFIED.)
GEOMETRIC_REPRESENTATION_ITEM()
RATIONAL_B_SPLINE_SURFACE(((1.0000000000,1.0000000000),(1.0000000000,1.0000000000)))
REPRESENTATION_ITEM('')
SURFACE()
);
#2793=CARTESIAN_POINT('',(-29.9250000000,12.0266461137,5.2000000000));
#2794=CARTESIAN_POINT('',(-35.0750000000,12.0266461137,5.2000000000));
#2795=CARTESIAN_POINT('',(-29.9250000000,17.9733538863,5.2000000000));
#2796=CARTESIAN_POINT('',(-35.0750000000,17.9733538863,5.2000000000));

#2797=CARTESIAN_POINT('',(-29.9250000000,16.4866769432,5.2000000000));
#2798=VERTEX_POINT('',#2797);
#2799=(
BOUNDED_CURVE()
B_SPLINE_CURVE(1,(#2800,#2801),.UNSPECIFIED.,.F.,.F.)
B_SPLINE_CURVE_WITH_KNOTS((2,2),(0.000,1.000),.UNSPECIFIED.)
CURVE()
GEOMETRIC_REPRESENTATION_ITEM()
RATIONAL_B_SPLINE_CURVE((1.0000000000,1.0000000000))
REPRESENTATION_ITEM('')
);
#2800=CARTESIAN_POINT('',(-29.9250000000,16.4866769432,5.2000000000));
#2801=CARTESIAN_POINT('',(-29.9250000000,13.5133230568,5.2000000000));

#2802=CARTESIAN_POINT('',(-29.9250000000,13.5133230568,5.2000000000));
#2803=VERTEX_POINT('',#2802);
#2804=EDGE_CURVE('',#2798,#2803,#2799,.T.);
#2805=ORIENTED_EDGE('',*,*,#2804,.T.);
#2806=(
BOUNDED_CURVE()
B_SPLINE_CURVE(1,(#2807,#2808),.UNSPECIFIED.,.F.,.F.)
B_SPLINE_CURVE_WITH_KNOTS((2,2),(0.000,1.000),.UNSPECIFIED.)
CURVE()
GEOMETRIC_REPRESENTATION_ITEM()
RATIONAL_B_SPLINE_CURVE((1.0000000000,1.0000000000))
REPRESENTATION_ITEM('')
);
#2807=CARTESIAN_POINT('',(-29.9250000000,13.5133230568,5.2000000000));
#2808=CARTESIAN_POINT('',(-32.5000000000,12.0266461137,5.2000000000));

#2809=CARTESIAN_POINT('',(-32.5000000000,12.0266461137,5.2000000000));
#2810=VERTEX_POINT('',#2809);
#2811=EDGE_CURVE('',#2803,#2810,#2806,.T.);
#2812=ORIENTED_EDGE('',*,*,#2811,.T.);
#2813=(
BOUNDED_CURVE()
B_SPLINE_CURVE(1,(#2814,#2815),.UNSPECIFIED.,.F.,.F.)
B_SPLINE_CURVE_WITH_KNOTS((2,2),(0.000,1.000),.UNSPECIFIED.)
CURVE()
GEOMETRIC_REPRESENTATION_ITEM()
RATIONAL_B_SPLINE_CURVE((1.0000000000,1.0000000000))
REPRESENTATION_ITEM('')
);
#2814=CARTESIAN_POINT('',(-32.5000000000,12.0266461137,5.2000000000));
#2815=CARTESIAN_POINT('',(-35.0750000000,13.5133230568,5.2000000000));

#2816=CARTESIAN_POINT('',(-35.0750000000,13.5133230568,5.2000000000));
#2817=VERTEX_POINT('',#2816);
#2818=EDGE_CURVE('',#2810,#2817,#2813,.T.);
#2819=ORIENTED_EDGE('',*,*,#2818,.T.);
#2820=(
BOUNDED_CURVE()
B_SPLINE_CURVE(1,(#2821,#2822),.UNSPECIFIED.,.F.,.F.)
B_SPLINE_CURVE_WITH_KNOTS((2,2),(0.000,1.000),.UNSPECIFIED.)
CURVE()
GEOMETRIC_REPRESENTATION_ITEM()
RATIONAL_B_SPLINE_CURVE((1.0000000000,1.0000000000))
REPRESENTATION_ITEM('')
);
#2821=CARTESIAN_POINT('',(-35.0750000000,13.5133230568,5.2000000000));
#2822=CARTESIAN_POINT('',(-35.0750000000,16.4866769432,5.2000000000));

#2823=CARTESIAN_POINT('',(-35.0750000000,16.4866769432,5.2000000000));
#2824=VERTEX_POINT('',#2823);
#2825=EDGE_CURVE('',#2817,#2824,#2820,.T.);
#2826=ORIENTED_EDGE('',*,*,#2825,.T.);
#2827=(
BOUNDED_CURVE()
B_SPLINE_CURVE(1,(#2828,#2829),.UNSPECIFIED.,.F.,.F.)
B_SPLINE_CURVE_WITH_KNOTS((2,2),(0.000,1.000),.UNSPECIFIED.)
CURVE()
GEOMETRIC_REPRESENTATION_ITEM()
RATIONAL_B_SPLINE_CURVE((1.0000000000,1.0000000000))
REPRESENTATION_ITEM('')
);
#2828=CARTESIAN_POINT('',(-35.0750000000,16.4866769432,5.2000000000));
#2829=CARTESIAN_POINT('',(-32.5000000000,17.9733538863,5.2000000000));

#2830=CARTESIAN_POINT('',(-32.5000000000,17.9733538863,5.2000000000));
#2831=VERTEX_POINT('',#2830);
#2832=EDGE_CURVE('',#2824,#2831,#2827,.T.);
#2833=ORIENTED_EDGE('',*,*,#2832,.T.);
#2834=(
BOUNDED_CURVE()
B_SPLINE_CURVE(1,(#2835,#2836),.UNSPECIFIED.,.F.,.F.)
B_SPLINE_CURVE_WITH_KNOTS((2,2),(0.000,1.000),.UNSPECIFIED.)
CURVE()
GEOMETRIC_REPRESENTATION_ITEM()
RATIONAL_B_SPLINE_CURVE((1.0000000000,1.0000000000))
REPRESENTATION_ITEM('')
);
#2835=CARTESIAN_POINT('',(-32.5000000000,17.9733538863,5.2000000000));
#2836=CARTESIAN_POINT('',(-29.9250000000,16.4866769432,5.2000000000));

#2837=EDGE_CURVE('',#2831,#2798,#2834,.T.);
#2838=ORIENTED_EDGE('',*,*,#2837,.T.);
#2839=EDGE_LOOP('',(#2805,#2812,#2819,#2826,#2833,#2838));
#2840=FACE_OUTER_BOUND('',#2839,.T.);
#2841=CARTESIAN_POINT('',(-32.4999999999,16.3500000000,5.2000000000));
#2842=VERTEX_POINT('',#2841);
#2843=(
BOUNDED_CURVE()
B_SPLINE_CURVE(2,(#2844,#2845,#2846),.UNSPECIFIED.,.F.,.F.)
B_SPLINE_CURVE_WITH_KNOTS((3,3),(0.000,1.000),.UNSPECIFIED.)
CURVE()
GEOMETRIC_REPRESENTATION_ITEM()
RATIONAL_B_SPLINE_CURVE((1.0000000000,0.7071067812,1.0000000000))
REPRESENTATION_ITEM('')
);
#2844=CARTESIAN_POINT('',(-32.5000000000,16.3500000000,5.2000000000));
#2845=CARTESIAN_POINT('',(-33.8499999999,16.3500000000,5.2000000000));
#2846=CARTESIAN_POINT('',(-33.8500000000,15.0000000001,5.2000000000));

#2847=CARTESIAN_POINT('',(-33.8500000000,15.0000000001,5.2000000000));
#2848=VERTEX_POINT('',#2847);
#2849=EDGE_CURVE('',#2842,#2848,#2843,.T.);
#2850=ORIENTED_EDGE('',*,*,#2849,.T.);
#2851=(
BOUNDED_CURVE()
B_SPLINE_CURVE(2,(#2852,#2853,#2854),.UNSPECIFIED.,.F.,.F.)
B_SPLINE_CURVE_WITH_KNOTS((3,3),(0.000,1.000),.UNSPECIFIED.)
CURVE()
GEOMETRIC_REPRESENTATION_ITEM()
RATIONAL_B_SPLINE_CURVE((1.0000000000,0.7071067812,1.0000000000))
REPRESENTATION_ITEM('')
);
#2852=CARTESIAN_POINT('',(-33.8500000000,15.0000000000,5.2000000000));
#2853=CARTESIAN_POINT('',(-33.8500000000,13.6500000001,5.2000000000));
#2854=CARTESIAN_POINT('',(-32.5000000001,13.6500000000,5.2000000000));

#2855=CARTESIAN_POINT('',(-32.5000000001,13.6500000000,5.2000000000));
#2856=VERTEX_POINT('',#2855);
#2857=EDGE_CURVE('',#2848,#2856,#2851,.T.);
#2858=ORIENTED_EDGE('',*,*,#2857,.T.);
#2859=(
BOUNDED_CURVE()
B_SPLINE_CURVE(2,(#2860,#2861,#2862),.UNSPECIFIED.,.F.,.F.)
B_SPLINE_CURVE_WITH_KNOTS((3,3),(0.000,1.000),.UNSPECIFIED.)
CURVE()
GEOMETRIC_REPRESENTATION_ITEM()
RATIONAL_B_SPLINE_CURVE((1.0000000000,0.7071067812,1.0000000000))
REPRESENTATION_ITEM('')
);
#2860=CARTESIAN_POINT('',(-32.5000000000,13.6500000000,5.2000000000));
#2861=CARTESIAN_POINT('',(-31.1500000001,13.6500000000,5.2000000000));
#2862=CARTESIAN_POINT('',(-31.1500000000,14.9999999999,5.2000000000));

#2863=CARTESIAN_POINT('',(-31.1500000000,14.9999999999,5.2000000000));
#2864=VERTEX_POINT('',#2863);
#2865=EDGE_CURVE('',#2856,#2864,#2859,.T.);
#2866=ORIENTED_EDGE('',*,*,#2865,.T.);
#2867=(
BOUNDED_CURVE()
B_SPLINE_CURVE(2,(#2868,#2869,#2870),.UNSPECIFIED.,.F.,.F.)
B_SPLINE_CURVE_WITH_KNOTS((3,3),(0.000,1.000),.UNSPECIFIED.)
CURVE()
GEOMETRIC_REPRESENTATION_ITEM()
RATIONAL_B_SPLINE_CURVE((1.0000000000,0.7071067812,1.0000000000))
REPRESENTATION_ITEM('')
);
#2868=CARTESIAN_POINT('',(-31.1500000000,15.0000000000,5.2000000000));
#2869=CARTESIAN_POINT('',(-31.1500000000,16.3499999999,5.2000000000));
#2870=CARTESIAN_POINT('',(-32.4999999999,16.3500000000,5.2000000000));

#2871=EDGE_CURVE('',#2864,#2842,#2867,.T.);
#2872=ORIENTED_EDGE('',*,*,#2871,.T.);
#2873=EDGE_LOOP('',(#2850,#2858,#2866,#2872));
#2874=FACE_BOUND('',#2873,.T.);
#2875=ADVANCED_FACE('',(#2840,#2874),#2792,.T.);
#2876=COLOUR_RGB('',0.39,0.39,0.39);
#2877=FILL_AREA_STYLE_COLOUR('',#2876);
#2878=FILL_AREA_STYLE('',(#2877));
#2879=SURFACE_STYLE_FILL_AREA(#2878);
#2880=SURFACE_STYLE_TRANSPARENT(0.00);
#2881=SURFACE_STYLE_RENDERING_WITH_PROPERTIES(.NORMAL_SHADING.,#2876,(#2880));
#2882=SURFACE_SIDE_STYLE('',(#2879, #2881));
#2883=SURFACE_STYLE_USAGE(.BOTH.,#2882);
#2884=PRESENTATION_STYLE_ASSIGNMENT((#2883));
#2885=STYLED_ITEM('',(#2884),#2875);

#2886=(
BOUNDED_SURFACE()
B_SPLINE_SURFACE(1,1,((#2887,#2888),(#2889,#2890)),.UNSPECIFIED.,.F.,.F.,.F.)
B_SPLINE_SURFACE_WITH_KNOTS((2,2),(2,2),(0.000,1.000),(0.000,1.000),.UNSPECIFIED.)
GEOMETRIC_REPRESENTATION_ITEM()
RATIONAL_B_SPLINE_SURFACE(((1.0000000000,1.0000000000),(1.0000000000,1.0000000000)))
REPRESENTATION_ITEM('')
SURFACE()
);
#2887=CARTESIAN_POINT('',(-29.9250000000,16.4866769432,8.0000000000));
#2888=CARTESIAN_POINT('',(-29.9250000000,16.4866769432,5.2000000000));
#2889=CARTESIAN_POINT('',(-32.5000000000,17.9733538863,8.0000000000));
#2890=CARTESIAN_POINT('',(-32.5000000000,17.9733538863,5.2000000000));

#2891=CARTESIAN_POINT('',(-29.9250000000,16.4866769432,8.0000000000));
#2892=VERTEX_POINT('',#2891);
#2893=(
BOUNDED_CURVE()
B_SPLINE_CURVE(1,(#2894,#2895),.UNSPECIFIED.,.F.,.F.)
B_SPLINE_CURVE_WITH_KNOTS((2,2),(0.000,1.000),.UNSPECIFIED.)
CURVE()
GEOMETRIC_REPRESENTATION_ITEM()
RATIONAL_B_SPLINE_CURVE((1.0000000000,1.0000000000))
REPRESENTATION_ITEM('')
);
#2894=CARTESIAN_POINT('',(-29.9250000000,16.4866769432,8.0000000000));
#2895=CARTESIAN_POINT('',(-29.9250000000,16.4866769432,5.2000000000));

#2896=CARTESIAN_POINT('',(-29.9250000000,16.4866769432,5.2000000000));
#2897=VERTEX_POINT('',#2896);
#2898=EDGE_CURVE('',#2892,#2897,#2893,.T.);
#2899=ORIENTED_EDGE('',*,*,#2898,.T.);
#2900=(
BOUNDED_CURVE()
B_SPLINE_CURVE(1,(#2901,#2902),.UNSPECIFIED.,.F.,.F.)
B_SPLINE_CURVE_WITH_KNOTS((2,2),(0.000,1.000),.UNSPECIFIED.)
CURVE()
GEOMETRIC_REPRESENTATION_ITEM()
RATIONAL_B_SPLINE_CURVE((1.0000000000,1.0000000000))
REPRESENTATION_ITEM('')
);
#2901=CARTESIAN_POINT('',(-29.9250000000,16.4866769432,5.2000000000));
#2902=CARTESIAN_POINT('',(-32.5000000000,17.9733538863,5.2000000000));

#2903=CARTESIAN_POINT('',(-32.5000000000,17.9733538863,5.2000000000));
#2904=VERTEX_POINT('',#2903);
#2905=EDGE_CURVE('',#2897,#2904,#2900,.T.);
#2906=ORIENTED_EDGE('',*,*,#2905,.T.);
#2907=(
BOUNDED_CURVE()
B_SPLINE_CURVE(1,(#2908,#2909),.UNSPECIFIED.,.F.,.F.)
B_SPLINE_CURVE_WITH_KNOTS((2,2),(0.000,1.000),.UNSPECIFIED.)
CURVE()
GEOMETRIC_REPRESENTATION_ITEM()
RATIONAL_B_SPLINE_CURVE((1.0000000000,1.0000000000))
REPRESENTATION_ITEM('')
);
#2908=CARTESIAN_POINT('',(-32.5000000000,17.9733538863,5.2000000000));
#2909=CARTESIAN_POINT('',(-32.5000000000,17.9733538863,8.0000000000));

#2910=CARTESIAN_POINT('',(-32.5000000000,17.9733538863,8.0000000000));
#2911=VERTEX_POINT('',#2910);
#2912=EDGE_CURVE('',#2904,#2911,#2907,.T.);
#2913=ORIENTED_EDGE('',*,*,#2912,.T.);
#2914=(
BOUNDED_CURVE()
B_SPLINE_CURVE(1,(#2915,#2916),.UNSPECIFIED.,.F.,.F.)
B_SPLINE_CURVE_WITH_KNOTS((2,2),(0.000,1.000),.UNSPECIFIED.)
CURVE()
GEOMETRIC_REPRESENTATION_ITEM()
RATIONAL_B_SPLINE_CURVE((1.0000000000,1.0000000000))
REPRESENTATION_ITEM('')
);
#2915=CARTESIAN_POINT('',(-32.5000000000,17.9733538863,8.0000000000));
#2916=CARTESIAN_POINT('',(-29.9250000000,16.4866769432,8.0000000000));

#2917=EDGE_CURVE('',#2911,#2892,#2914,.T.);
#2918=ORIENTED_EDGE('',*,*,#2917,.T.);
#2919=EDGE_LOOP('',(#2899,#2906,#2913,#2918));
#2920=FACE_OUTER_BOUND('',#2919,.T.);
#2921=ADVANCED_FACE('',(#2920),#2886,.T.);
#2922=COLOUR_RGB('',0.39,0.39,0.39);
#2923=FILL_AREA_STYLE_COLOUR('',#2922);
#2924=FILL_AREA_STYLE('',(#2923));
#2925=SURFACE_STYLE_FILL_AREA(#2924);
#2926=SURFACE_STYLE_TRANSPARENT(0.00);
#2927=SURFACE_STYLE_RENDERING_WITH_PROPERTIES(.NORMAL_SHADING.,#2922,(#2926));
#2928=SURFACE_SIDE_STYLE('',(#2925, #2927));
#2929=SURFACE_STYLE_USAGE(.BOTH.,#2928);
#2930=PRESENTATION_STYLE_ASSIGNMENT((#2929));
#2931=STYLED_ITEM('',(#2930),#2921);

#2932=(
BOUNDED_SURFACE()
B_SPLINE_SURFACE(1,1,((#2933,#2934),(#2935,#2936)),.UNSPECIFIED.,.F.,.F.,.F.)
B_SPLINE_SURFACE_WITH_KNOTS((2,2),(2,2),(0.000,1.000),(0.000,1.000),.UNSPECIFIED.)
GEOMETRIC_REPRESENTATION_ITEM()
RATIONAL_B_SPLINE_SURFACE(((1.0000000000,1.0000000000),(1.0000000000,1.0000000000)))
REPRESENTATION_ITEM('')
SURFACE()
);
#2933=CARTESIAN_POINT('',(-29.9250000000,13.5133230568,8.0000000000));
#2934=CARTESIAN_POINT('',(-29.9250000000,13.5133230568,5.2000000000));
#2935=CARTESIAN_POINT('',(-29.9250000000,16.4866769432,8.0000000000));
#2936=CARTESIAN_POINT('',(-29.9250000000,16.4866769432,5.2000000000));

#2937=CARTESIAN_POINT('',(-29.9250000000,13.5133230568,8.0000000000));
#2938=VERTEX_POINT('',#2937);
#2939=(
BOUNDED_CURVE()
B_SPLINE_CURVE(1,(#2940,#2941),.UNSPECIFIED.,.F.,.F.)
B_SPLINE_CURVE_WITH_KNOTS((2,2),(0.000,1.000),.UNSPECIFIED.)
CURVE()
GEOMETRIC_REPRESENTATION_ITEM()
RATIONAL_B_SPLINE_CURVE((1.0000000000,1.0000000000))
REPRESENTATION_ITEM('')
);
#2940=CARTESIAN_POINT('',(-29.9250000000,13.5133230568,8.0000000000));
#2941=CARTESIAN_POINT('',(-29.9250000000,13.5133230568,5.2000000000));

#2942=CARTESIAN_POINT('',(-29.9250000000,13.5133230568,5.2000000000));
#2943=VERTEX_POINT('',#2942);
#2944=EDGE_CURVE('',#2938,#2943,#2939,.T.);
#2945=ORIENTED_EDGE('',*,*,#2944,.T.);
#2946=(
BOUNDED_CURVE()
B_SPLINE_CURVE(1,(#2947,#2948),.UNSPECIFIED.,.F.,.F.)
B_SPLINE_CURVE_WITH_KNOTS((2,2),(0.000,1.000),.UNSPECIFIED.)
CURVE()
GEOMETRIC_REPRESENTATION_ITEM()
RATIONAL_B_SPLINE_CURVE((1.0000000000,1.0000000000))
REPRESENTATION_ITEM('')
);
#2947=CARTESIAN_POINT('',(-29.9250000000,13.5133230568,5.2000000000));
#2948=CARTESIAN_POINT('',(-29.9250000000,16.4866769432,5.2000000000));

#2949=CARTESIAN_POINT('',(-29.9250000000,16.4866769432,5.2000000000));
#2950=VERTEX_POINT('',#2949);
#2951=EDGE_CURVE('',#2943,#2950,#2946,.T.);
#2952=ORIENTED_EDGE('',*,*,#2951,.T.);
#2953=(
BOUNDED_CURVE()
B_SPLINE_CURVE(1,(#2954,#2955),.UNSPECIFIED.,.F.,.F.)
B_SPLINE_CURVE_WITH_KNOTS((2,2),(0.000,1.000),.UNSPECIFIED.)
CURVE()
GEOMETRIC_REPRESENTATION_ITEM()
RATIONAL_B_SPLINE_CURVE((1.0000000000,1.0000000000))
REPRESENTATION_ITEM('')
);
#2954=CARTESIAN_POINT('',(-29.9250000000,16.4866769432,5.2000000000));
#2955=CARTESIAN_POINT('',(-29.9250000000,16.4866769432,8.0000000000));

#2956=CARTESIAN_POINT('',(-29.9250000000,16.4866769432,8.0000000000));
#2957=VERTEX_POINT('',#2956);
#2958=EDGE_CURVE('',#2950,#2957,#2953,.T.);
#2959=ORIENTED_EDGE('',*,*,#2958,.T.);
#2960=(
BOUNDED_CURVE()
B_SPLINE_CURVE(1,(#2961,#2962),.UNSPECIFIED.,.F.,.F.)
B_SPLINE_CURVE_WITH_KNOTS((2,2),(0.000,1.000),.UNSPECIFIED.)
CURVE()
GEOMETRIC_REPRESENTATION_ITEM()
RATIONAL_B_SPLINE_CURVE((1.0000000000,1.0000000000))
REPRESENTATION_ITEM('')
);
#2961=CARTESIAN_POINT('',(-29.9250000000,16.4866769432,8.0000000000));
#2962=CARTESIAN_POINT('',(-29.9250000000,13.5133230568,8.0000000000));

#2963=EDGE_CURVE('',#2957,#2938,#2960,.T.);
#2964=ORIENTED_EDGE('',*,*,#2963,.T.);
#2965=EDGE_LOOP('',(#2945,#2952,#2959,#2964));
#2966=FACE_OUTER_BOUND('',#2965,.T.);
#2967=ADVANCED_FACE('',(#2966),#2932,.T.);
#2968=COLOUR_RGB('',0.39,0.39,0.39);
#2969=FILL_AREA_STYLE_COLOUR('',#2968);
#2970=FILL_AREA_STYLE('',(#2969));
#2971=SURFACE_STYLE_FILL_AREA(#2970);
#2972=SURFACE_STYLE_TRANSPARENT(0.00);
#2973=SURFACE_STYLE_RENDERING_WITH_PROPERTIES(.NORMAL_SHADING.,#2968,(#2972));
#2974=SURFACE_SIDE_STYLE('',(#2971, #2973));
#2975=SURFACE_STYLE_USAGE(.BOTH.,#2974);
#2976=PRESENTATION_STYLE_ASSIGNMENT((#2975));
#2977=STYLED_ITEM('',(#2976),#2967);

#2978=(
BOUNDED_SURFACE()
B_SPLINE_SURFACE(1,1,((#2979,#2980),(#2981,#2982)),.UNSPECIFIED.,.F.,.F.,.F.)
B_SPLINE_SURFACE_WITH_KNOTS((2,2),(2,2),(0.000,1.000),(0.000,1.000),.UNSPECIFIED.)
GEOMETRIC_REPRESENTATION_ITEM()
RATIONAL_B_SPLINE_SURFACE(((1.0000000000,1.0000000000),(1.0000000000,1.0000000000)))
REPRESENTATION_ITEM('')
SURFACE()
);
#2979=CARTESIAN_POINT('',(-32.5000000000,12.0266461137,8.0000000000));
#2980=CARTESIAN_POINT('',(-32.5000000000,12.0266461137,5.2000000000));
#2981=CARTESIAN_POINT('',(-29.9250000000,13.5133230568,8.0000000000));
#2982=CARTESIAN_POINT('',(-29.9250000000,13.5133230568,5.2000000000));

#2983=CARTESIAN_POINT('',(-32.5000000000,12.0266461137,8.0000000000));
#2984=VERTEX_POINT('',#2983);
#2985=(
BOUNDED_CURVE()
B_SPLINE_CURVE(1,(#2986,#2987),.UNSPECIFIED.,.F.,.F.)
B_SPLINE_CURVE_WITH_KNOTS((2,2),(0.000,1.000),.UNSPECIFIED.)
CURVE()
GEOMETRIC_REPRESENTATION_ITEM()
RATIONAL_B_SPLINE_CURVE((1.0000000000,1.0000000000))
REPRESENTATION_ITEM('')
);
#2986=CARTESIAN_POINT('',(-32.5000000000,12.0266461137,8.0000000000));
#2987=CARTESIAN_POINT('',(-32.5000000000,12.0266461137,5.2000000000));

#2988=CARTESIAN_POINT('',(-32.5000000000,12.0266461137,5.2000000000));
#2989=VERTEX_POINT('',#2988);
#2990=EDGE_CURVE('',#2984,#2989,#2985,.T.);
#2991=ORIENTED_EDGE('',*,*,#2990,.T.);
#2992=(
BOUNDED_CURVE()
B_SPLINE_CURVE(1,(#2993,#2994),.UNSPECIFIED.,.F.,.F.)
B_SPLINE_CURVE_WITH_KNOTS((2,2),(0.000,1.000),.UNSPECIFIED.)
CURVE()
GEOMETRIC_REPRESENTATION_ITEM()
RATIONAL_B_SPLINE_CURVE((1.0000000000,1.0000000000))
REPRESENTATION_ITEM('')
);
#2993=CARTESIAN_POINT('',(-32.5000000000,12.0266461137,5.2000000000));
#2994=CARTESIAN_POINT('',(-29.9250000000,13.5133230568,5.2000000000));

#2995=CARTESIAN_POINT('',(-29.9250000000,13.5133230568,5.2000000000));
#2996=VERTEX_POINT('',#2995);
#2997=EDGE_CURVE('',#2989,#2996,#2992,.T.);
#2998=ORIENTED_EDGE('',*,*,#2997,.T.);
#2999=(
BOUNDED_CURVE()
B_SPLINE_CURVE(1,(#3000,#3001),.UNSPECIFIED.,.F.,.F.)
B_SPLINE_CURVE_WITH_KNOTS((2,2),(0.000,1.000),.UNSPECIFIED.)
CURVE()
GEOMETRIC_REPRESENTATION_ITEM()
RATIONAL_B_SPLINE_CURVE((1.0000000000,1.0000000000))
REPRESENTATION_ITEM('')
);
#3000=CARTESIAN_POINT('',(-29.9250000000,13.5133230568,5.2000000000));
#3001=CARTESIAN_POINT('',(-29.9250000000,13.5133230568,8.0000000000));

#3002=CARTESIAN_POINT('',(-29.9250000000,13.5133230568,8.0000000000));
#3003=VERTEX_POINT('',#3002);
#3004=EDGE_CURVE('',#2996,#3003,#2999,.T.);
#3005=ORIENTED_EDGE('',*,*,#3004,.T.);
#3006=(
BOUNDED_CURVE()
B_SPLINE_CURVE(1,(#3007,#3008),.UNSPECIFIED.,.F.,.F.)
B_SPLINE_CURVE_WITH_KNOTS((2,2),(0.000,1.000),.UNSPECIFIED.)
CURVE()
GEOMETRIC_REPRESENTATION_ITEM()
RATIONAL_B_SPLINE_CURVE((1.0000000000,1.0000000000))
REPRESENTATION_ITEM('')
);
#3007=CARTESIAN_POINT('',(-29.9250000000,13.5133230568,8.0000000000));
#3008=CARTESIAN_POINT('',(-32.5000000000,12.0266461137,8.0000000000));

#3009=EDGE_CURVE('',#3003,#2984,#3006,.T.);
#3010=ORIENTED_EDGE('',*,*,#3009,.T.);
#3011=EDGE_LOOP('',(#2991,#2998,#3005,#3010));
#3012=FACE_OUTER_BOUND('',#3011,.T.);
#3013=ADVANCED_FACE('',(#3012),#2978,.T.);
#3014=COLOUR_RGB('',0.39,0.39,0.39);
#3015=FILL_AREA_STYLE_COLOUR('',#3014);
#3016=FILL_AREA_STYLE('',(#3015));
#3017=SURFACE_STYLE_FILL_AREA(#3016);
#3018=SURFACE_STYLE_TRANSPARENT(0.00);
#3019=SURFACE_STYLE_RENDERING_WITH_PROPERTIES(.NORMAL_SHADING.,#3014,(#3018));
#3020=SURFACE_SIDE_STYLE('',(#3017, #3019));
#3021=SURFACE_STYLE_USAGE(.BOTH.,#3020);
#3022=PRESENTATION_STYLE_ASSIGNMENT((#3021));
#3023=STYLED_ITEM('',(#3022),#3013);

#3024=(
BOUNDED_SURFACE()
B_SPLINE_SURFACE(1,1,((#3025,#3026),(#3027,#3028)),.UNSPECIFIED.,.F.,.F.,.F.)
B_SPLINE_SURFACE_WITH_KNOTS((2,2),(2,2),(0.000,1.000),(0.000,1.000),.UNSPECIFIED.)
GEOMETRIC_REPRESENTATION_ITEM()
RATIONAL_B_SPLINE_SURFACE(((1.0000000000,1.0000000000),(1.0000000000,1.0000000000)))
REPRESENTATION_ITEM('')
SURFACE()
);
#3025=CARTESIAN_POINT('',(-35.0750000000,13.5133230568,8.0000000000));
#3026=CARTESIAN_POINT('',(-35.0750000000,13.5133230568,5.2000000000));
#3027=CARTESIAN_POINT('',(-32.5000000000,12.0266461137,8.0000000000));
#3028=CARTESIAN_POINT('',(-32.5000000000,12.0266461137,5.2000000000));

#3029=CARTESIAN_POINT('',(-35.0750000000,13.5133230568,8.0000000000));
#3030=VERTEX_POINT('',#3029);
#3031=(
BOUNDED_CURVE()
B_SPLINE_CURVE(1,(#3032,#3033),.UNSPECIFIED.,.F.,.F.)
B_SPLINE_CURVE_WITH_KNOTS((2,2),(0.000,1.000),.UNSPECIFIED.)
CURVE()
GEOMETRIC_REPRESENTATION_ITEM()
RATIONAL_B_SPLINE_CURVE((1.0000000000,1.0000000000))
REPRESENTATION_ITEM('')
);
#3032=CARTESIAN_POINT('',(-35.0750000000,13.5133230568,8.0000000000));
#3033=CARTESIAN_POINT('',(-35.0750000000,13.5133230568,5.2000000000));

#3034=CARTESIAN_POINT('',(-35.0750000000,13.5133230568,5.2000000000));
#3035=VERTEX_POINT('',#3034);
#3036=EDGE_CURVE('',#3030,#3035,#3031,.T.);
#3037=ORIENTED_EDGE('',*,*,#3036,.T.);
#3038=(
BOUNDED_CURVE()
B_SPLINE_CURVE(1,(#3039,#3040),.UNSPECIFIED.,.F.,.F.)
B_SPLINE_CURVE_WITH_KNOTS((2,2),(0.000,1.000),.UNSPECIFIED.)
CURVE()
GEOMETRIC_REPRESENTATION_ITEM()
RATIONAL_B_SPLINE_CURVE((1.0000000000,1.0000000000))
REPRESENTATION_ITEM('')
);
#3039=CARTESIAN_POINT('',(-35.0750000000,13.5133230568,5.2000000000));
#3040=CARTESIAN_POINT('',(-32.5000000000,12.0266461137,5.2000000000));

#3041=CARTESIAN_POINT('',(-32.5000000000,12.0266461137,5.2000000000));
#3042=VERTEX_POINT('',#3041);
#3043=EDGE_CURVE('',#3035,#3042,#3038,.T.);
#3044=ORIENTED_EDGE('',*,*,#3043,.T.);
#3045=(
BOUNDED_CURVE()
B_SPLINE_CURVE(1,(#3046,#3047),.UNSPECIFIED.,.F.,.F.)
B_SPLINE_CURVE_WITH_KNOTS((2,2),(0.000,1.000),.UNSPECIFIED.)
CURVE()
GEOMETRIC_REPRESENTATION_ITEM()
RATIONAL_B_SPLINE_CURVE((1.0000000000,1.0000000000))
REPRESENTATION_ITEM('')
);
#3046=CARTESIAN_POINT('',(-32.5000000000,12.0266461137,5.2000000000));
#3047=CARTESIAN_POINT('',(-32.5000000000,12.0266461137,8.0000000000));

#3048=CARTESIAN_POINT('',(-32.5000000000,12.0266461137,8.0000000000));
#3049=VERTEX_POINT('',#3048);
#3050=EDGE_CURVE('',#3042,#3049,#3045,.T.);
#3051=ORIENTED_EDGE('',*,*,#3050,.T.);
#3052=(
BOUNDED_CURVE()
B_SPLINE_CURVE(1,(#3053,#3054),.UNSPECIFIED.,.F.,.F.)
B_SPLINE_CURVE_WITH_KNOTS((2,2),(0.000,1.000),.UNSPECIFIED.)
CURVE()
GEOMETRIC_REPRESENTATION_ITEM()
RATIONAL_B_SPLINE_CURVE((1.0000000000,1.0000000000))
REPRESENTATION_ITEM('')
);
#3053=CARTESIAN_POINT('',(-32.5000000000,12.0266461137,8.0000000000));
#3054=CARTESIAN_POINT('',(-35.0750000000,13.5133230568,8.0000000000));

#3055=EDGE_CURVE('',#3049,#3030,#3052,.T.);
#3056=ORIENTED_EDGE('',*,*,#3055,.T.);
#3057=EDGE_LOOP('',(#3037,#3044,#3051,#3056));
#3058=FACE_OUTER_BOUND('',#3057,.T.);
#3059=ADVANCED_FACE('',(#3058),#3024,.T.);
#3060=COLOUR_RGB('',0.39,0.39,0.39);
#3061=FILL_AREA_STYLE_COLOUR('',#3060);
#3062=FILL_AREA_STYLE('',(#3061));
#3063=SURFACE_STYLE_FILL_AREA(#3062);
#3064=SURFACE_STYLE_TRANSPARENT(0.00);
#3065=SURFACE_STYLE_RENDERING_WITH_PROPERTIES(.NORMAL_SHADING.,#3060,(#3064));
#3066=SURFACE_SIDE_STYLE('',(#3063, #3065));
#3067=SURFACE_STYLE_USAGE(.BOTH.,#3066);
#3068=PRESENTATION_STYLE_ASSIGNMENT((#3067));
#3069=STYLED_ITEM('',(#3068),#3059);

#3070=(
BOUNDED_SURFACE()
B_SPLINE_SURFACE(1,1,((#3071,#3072),(#3073,#3074)),.UNSPECIFIED.,.F.,.F.,.F.)
B_SPLINE_SURFACE_WITH_KNOTS((2,2),(2,2),(0.000,1.000),(0.000,1.000),.UNSPECIFIED.)
GEOMETRIC_REPRESENTATION_ITEM()
RATIONAL_B_SPLINE_SURFACE(((1.0000000000,1.0000000000),(1.0000000000,1.0000000000)))
REPRESENTATION_ITEM('')
SURFACE()
);
#3071=CARTESIAN_POINT('',(-35.0750000000,16.4866769432,8.0000000000));
#3072=CARTESIAN_POINT('',(-35.0750000000,16.4866769432,5.2000000000));
#3073=CARTESIAN_POINT('',(-35.0750000000,13.5133230568,8.0000000000));
#3074=CARTESIAN_POINT('',(-35.0750000000,13.5133230568,5.2000000000));

#3075=CARTESIAN_POINT('',(-35.0750000000,16.4866769432,8.0000000000));
#3076=VERTEX_POINT('',#3075);
#3077=(
BOUNDED_CURVE()
B_SPLINE_CURVE(1,(#3078,#3079),.UNSPECIFIED.,.F.,.F.)
B_SPLINE_CURVE_WITH_KNOTS((2,2),(0.000,1.000),.UNSPECIFIED.)
CURVE()
GEOMETRIC_REPRESENTATION_ITEM()
RATIONAL_B_SPLINE_CURVE((1.0000000000,1.0000000000))
REPRESENTATION_ITEM('')
);
#3078=CARTESIAN_POINT('',(-35.0750000000,16.4866769432,8.0000000000));
#3079=CARTESIAN_POINT('',(-35.0750000000,16.4866769432,5.2000000000));

#3080=CARTESIAN_POINT('',(-35.0750000000,16.4866769432,5.2000000000));
#3081=VERTEX_POINT('',#3080);
#3082=EDGE_CURVE('',#3076,#3081,#3077,.T.);
#3083=ORIENTED_EDGE('',*,*,#3082,.T.);
#3084=(
BOUNDED_CURVE()
B_SPLINE_CURVE(1,(#3085,#3086),.UNSPECIFIED.,.F.,.F.)
B_SPLINE_CURVE_WITH_KNOTS((2,2),(0.000,1.000),.UNSPECIFIED.)
CURVE()
GEOMETRIC_REPRESENTATION_ITEM()
RATIONAL_B_SPLINE_CURVE((1.0000000000,1.0000000000))
REPRESENTATION_ITEM('')
);
#3085=CARTESIAN_POINT('',(-35.0750000000,16.4866769432,5.2000000000));
#3086=CARTESIAN_POINT('',(-35.0750000000,13.5133230568,5.2000000000));

#3087=CARTESIAN_POINT('',(-35.0750000000,13.5133230568,5.2000000000));
#3088=VERTEX_POINT('',#3087);
#3089=EDGE_CURVE('',#3081,#3088,#3084,.T.);
#3090=ORIENTED_EDGE('',*,*,#3089,.T.);
#3091=(
BOUNDED_CURVE()
B_SPLINE_CURVE(1,(#3092,#3093),.UNSPECIFIED.,.F.,.F.)
B_SPLINE_CURVE_WITH_KNOTS((2,2),(0.000,1.000),.UNSPECIFIED.)
CURVE()
GEOMETRIC_REPRESENTATION_ITEM()
RATIONAL_B_SPLINE_CURVE((1.0000000000,1.0000000000))
REPRESENTATION_ITEM('')
);
#3092=CARTESIAN_POINT('',(-35.0750000000,13.5133230568,5.2000000000));
#3093=CARTESIAN_POINT('',(-35.0750000000,13.5133230568,8.0000000000));

#3094=CARTESIAN_POINT('',(-35.0750000000,13.5133230568,8.0000000000));
#3095=VERTEX_POINT('',#3094);
#3096=EDGE_CURVE('',#3088,#3095,#3091,.T.);
#3097=ORIENTED_EDGE('',*,*,#3096,.T.);
#3098=(
BOUNDED_CURVE()
B_SPLINE_CURVE(1,(#3099,#3100),.UNSPECIFIED.,.F.,.F.)
B_SPLINE_CURVE_WITH_KNOTS((2,2),(0.000,1.000),.UNSPECIFIED.)
CURVE()
GEOMETRIC_REPRESENTATION_ITEM()
RATIONAL_B_SPLINE_CURVE((1.0000000000,1.0000000000))
REPRESENTATION_ITEM('')
);
#3099=CARTESIAN_POINT('',(-35.0750000000,13.5133230568,8.0000000000));
#3100=CARTESIAN_POINT('',(-35.0750000000,16.4866769432,8.0000000000));

#3101=EDGE_CURVE('',#3095,#3076,#3098,.T.);
#3102=ORIENTED_EDGE('',*,*,#3101,.T.);
#3103=EDGE_LOOP('',(#3083,#3090,#3097,#3102));
#3104=FACE_OUTER_BOUND('',#3103,.T.);
#3105=ADVANCED_FACE('',(#3104),#3070,.T.);
#3106=COLOUR_RGB('',0.39,0.39,0.39);
#3107=FILL_AREA_STYLE_COLOUR('',#3106);
#3108=FILL_AREA_STYLE('',(#3107));
#3109=SURFACE_STYLE_FILL_AREA(#3108);
#3110=SURFACE_STYLE_TRANSPARENT(0.00);
#3111=SURFACE_STYLE_RENDERING_WITH_PROPERTIES(.NORMAL_SHADING.,#3106,(#3110));
#3112=SURFACE_SIDE_STYLE('',(#3109, #3111));
#3113=SURFACE_STYLE_USAGE(.BOTH.,#3112);
#3114=PRESENTATION_STYLE_ASSIGNMENT((#3113));
#3115=STYLED_ITEM('',(#3114),#3105);

#3116=(
BOUNDED_SURFACE()
B_SPLINE_SURFACE(1,1,((#3117,#3118),(#3119,#3120)),.UNSPECIFIED.,.F.,.F.,.F.)
B_SPLINE_SURFACE_WITH_KNOTS((2,2),(2,2),(0.000,1.000),(0.000,1.000),.UNSPECIFIED.)
GEOMETRIC_REPRESENTATION_ITEM()
RATIONAL_B_SPLINE_SURFACE(((1.0000000000,1.0000000000),(1.0000000000,1.0000000000)))
REPRESENTATION_ITEM('')
SURFACE()
);
#3117=CARTESIAN_POINT('',(-32.5000000000,17.9733538863,8.0000000000));
#3118=CARTESIAN_POINT('',(-32.5000000000,17.9733538863,5.2000000000));
#3119=CARTESIAN_POINT('',(-35.0750000000,16.4866769432,8.0000000000));
#3120=CARTESIAN_POINT('',(-35.0750000000,16.4866769432,5.2000000000));

#3121=CARTESIAN_POINT('',(-32.5000000000,17.9733538863,8.0000000000));
#3122=VERTEX_POINT('',#3121);
#3123=(
BOUNDED_CURVE()
B_SPLINE_CURVE(1,(#3124,#3125),.UNSPECIFIED.,.F.,.F.)
B_SPLINE_CURVE_WITH_KNOTS((2,2),(0.000,1.000),.UNSPECIFIED.)
CURVE()
GEOMETRIC_REPRESENTATION_ITEM()
RATIONAL_B_SPLINE_CURVE((1.0000000000,1.0000000000))
REPRESENTATION_ITEM('')
);
#3124=CARTESIAN_POINT('',(-32.5000000000,17.9733538863,8.0000000000));
#3125=CARTESIAN_POINT('',(-32.5000000000,17.9733538863,5.2000000000));

#3126=CARTESIAN_POINT('',(-32.5000000000,17.9733538863,5.2000000000));
#3127=VERTEX_POINT('',#3126);
#3128=EDGE_CURVE('',#3122,#3127,#3123,.T.);
#3129=ORIENTED_EDGE('',*,*,#3128,.T.);
#3130=(
BOUNDED_CURVE()
B_SPLINE_CURVE(1,(#3131,#3132),.UNSPECIFIED.,.F.,.F.)
B_SPLINE_CURVE_WITH_KNOTS((2,2),(0.000,1.000),.UNSPECIFIED.)
CURVE()
GEOMETRIC_REPRESENTATION_ITEM()
RATIONAL_B_SPLINE_CURVE((1.0000000000,1.0000000000))
REPRESENTATION_ITEM('')
);
#3131=CARTESIAN_POINT('',(-32.5000000000,17.9733538863,5.2000000000));
#3132=CARTESIAN_POINT('',(-35.0750000000,16.4866769432,5.2000000000));

#3133=CARTESIAN_POINT('',(-35.0750000000,16.4866769432,5.2000000000));
#3134=VERTEX_POINT('',#3133);
#3135=EDGE_CURVE('',#3127,#3134,#3130,.T.);
#3136=ORIENTED_EDGE('',*,*,#3135,.T.);
#3137=(
BOUNDED_CURVE()
B_SPLINE_CURVE(1,(#3138,#3139),.UNSPECIFIED.,.F.,.F.)
B_SPLINE_CURVE_WITH_KNOTS((2,2),(0.000,1.000),.UNSPECIFIED.)
CURVE()
GEOMETRIC_REPRESENTATION_ITEM()
RATIONAL_B_SPLINE_CURVE((1.0000000000,1.0000000000))
REPRESENTATION_ITEM('')
);
#3138=CARTESIAN_POINT('',(-35.0750000000,16.4866769432,5.2000000000));
#3139=CARTESIAN_POINT('',(-35.0750000000,16.4866769432,8.0000000000));

#3140=CARTESIAN_POINT('',(-35.0750000000,16.4866769432,8.0000000000));
#3141=VERTEX_POINT('',#3140);
#3142=EDGE_CURVE('',#3134,#3141,#3137,.T.);
#3143=ORIENTED_EDGE('',*,*,#3142,.T.);
#3144=(
BOUNDED_CURVE()
B_SPLINE_CURVE(1,(#3145,#3146),.UNSPECIFIED.,.F.,.F.)
B_SPLINE_CURVE_WITH_KNOTS((2,2),(0.000,1.000),.UNSPECIFIED.)
CURVE()
GEOMETRIC_REPRESENTATION_ITEM()
RATIONAL_B_SPLINE_CURVE((1.0000000000,1.0000000000))
REPRESENTATION_ITEM('')
);
#3145=CARTESIAN_POINT('',(-35.0750000000,16.4866769432,8.0000000000));
#3146=CARTESIAN_POINT('',(-32.5000000000,17.9733538863,8.0000000000));

#3147=EDGE_CURVE('',#3141,#3122,#3144,.T.);
#3148=ORIENTED_EDGE('',*,*,#3147,.T.);
#3149=EDGE_LOOP('',(#3129,#3136,#3143,#3148));
#3150=FACE_OUTER_BOUND('',#3149,.T.);
#3151=ADVANCED_FACE('',(#3150),#3116,.T.);
#3152=COLOUR_RGB('',0.39,0.39,0.39);
#3153=FILL_AREA_STYLE_COLOUR('',#3152);
#3154=FILL_AREA_STYLE('',(#3153));
#3155=SURFACE_STYLE_FILL_AREA(#3154);
#3156=SURFACE_STYLE_TRANSPARENT(0.00);
#3157=SURFACE_STYLE_RENDERING_WITH_PROPERTIES(.NORMAL_SHADING.,#3152,(#3156));
#3158=SURFACE_SIDE_STYLE('',(#3155, #3157));
#3159=SURFACE_STYLE_USAGE(.BOTH.,#3158);
#3160=PRESENTATION_STYLE_ASSIGNMENT((#3159));
#3161=STYLED_ITEM('',(#3160),#3151);

#3162=(
BOUNDED_SURFACE()
B_SPLINE_SURFACE(1,1,((#3163,#3164),(#3165,#3166)),.UNSPECIFIED.,.F.,.F.,.F.)
B_SPLINE_SURFACE_WITH_KNOTS((2,2),(2,2),(0.000,1.000),(0.000,1.000),.UNSPECIFIED.)
GEOMETRIC_REPRESENTATION_ITEM()
RATIONAL_B_SPLINE_SURFACE(((1.0000000000,1.0000000000),(1.0000000000,1.0000000000)))
REPRESENTATION_ITEM('')
SURFACE()
);
#3163=CARTESIAN_POINT('',(35.0750000000,12.0266461137,5.2000000000));
#3164=CARTESIAN_POINT('',(29.9250000000,12.0266461137,5.2000000000));
#3165=CARTESIAN_POINT('',(35.0750000000,17.9733538863,5.2000000000));
#3166=CARTESIAN_POINT('',(29.9250000000,17.9733538863,5.2000000000));

#3167=CARTESIAN_POINT('',(35.0750000000,16.4866769432,5.2000000000));
#3168=VERTEX_POINT('',#3167);
#3169=(
BOUNDED_CURVE()
B_SPLINE_CURVE(1,(#3170,#3171),.UNSPECIFIED.,.F.,.F.)
B_SPLINE_CURVE_WITH_KNOTS((2,2),(0.000,1.000),.UNSPECIFIED.)
CURVE()
GEOMETRIC_REPRESENTATION_ITEM()
RATIONAL_B_SPLINE_CURVE((1.0000000000,1.0000000000))
REPRESENTATION_ITEM('')
);
#3170=CARTESIAN_POINT('',(35.0750000000,16.4866769432,5.2000000000));
#3171=CARTESIAN_POINT('',(35.0750000000,13.5133230568,5.2000000000));

#3172=CARTESIAN_POINT('',(35.0750000000,13.5133230568,5.2000000000));
#3173=VERTEX_POINT('',#3172);
#3174=EDGE_CURVE('',#3168,#3173,#3169,.T.);
#3175=ORIENTED_EDGE('',*,*,#3174,.T.);
#3176=(
BOUNDED_CURVE()
B_SPLINE_CURVE(1,(#3177,#3178),.UNSPECIFIED.,.F.,.F.)
B_SPLINE_CURVE_WITH_KNOTS((2,2),(0.000,1.000),.UNSPECIFIED.)
CURVE()
GEOMETRIC_REPRESENTATION_ITEM()
RATIONAL_B_SPLINE_CURVE((1.0000000000,1.0000000000))
REPRESENTATION_ITEM('')
);
#3177=CARTESIAN_POINT('',(35.0750000000,13.5133230568,5.2000000000));
#3178=CARTESIAN_POINT('',(32.5000000000,12.0266461137,5.2000000000));

#3179=CARTESIAN_POINT('',(32.5000000000,12.0266461137,5.2000000000));
#3180=VERTEX_POINT('',#3179);
#3181=EDGE_CURVE('',#3173,#3180,#3176,.T.);
#3182=ORIENTED_EDGE('',*,*,#3181,.T.);
#3183=(
BOUNDED_CURVE()
B_SPLINE_CURVE(1,(#3184,#3185),.UNSPECIFIED.,.F.,.F.)
B_SPLINE_CURVE_WITH_KNOTS((2,2),(0.000,1.000),.UNSPECIFIED.)
CURVE()
GEOMETRIC_REPRESENTATION_ITEM()
RATIONAL_B_SPLINE_CURVE((1.0000000000,1.0000000000))
REPRESENTATION_ITEM('')
);
#3184=CARTESIAN_POINT('',(32.5000000000,12.0266461137,5.2000000000));
#3185=CARTESIAN_POINT('',(29.9250000000,13.5133230568,5.2000000000));

#3186=CARTESIAN_POINT('',(29.9250000000,13.5133230568,5.2000000000));
#3187=VERTEX_POINT('',#3186);
#3188=EDGE_CURVE('',#3180,#3187,#3183,.T.);
#3189=ORIENTED_EDGE('',*,*,#3188,.T.);
#3190=(
BOUNDED_CURVE()
B_SPLINE_CURVE(1,(#3191,#3192),.UNSPECIFIED.,.F.,.F.)
B_SPLINE_CURVE_WITH_KNOTS((2,2),(0.000,1.000),.UNSPECIFIED.)
CURVE()
GEOMETRIC_REPRESENTATION_ITEM()
RATIONAL_B_SPLINE_CURVE((1.0000000000,1.0000000000))
REPRESENTATION_ITEM('')
);
#3191=CARTESIAN_POINT('',(29.9250000000,13.5133230568,5.2000000000));
#3192=CARTESIAN_POINT('',(29.9250000000,16.4866769432,5.2000000000));

#3193=CARTESIAN_POINT('',(29.9250000000,16.4866769432,5.2000000000));
#3194=VERTEX_POINT('',#3193);
#3195=EDGE_CURVE('',#3187,#3194,#3190,.T.);
#3196=ORIENTED_EDGE('',*,*,#3195,.T.);
#3197=(
BOUNDED_CURVE()
B_SPLINE_CURVE(1,(#3198,#3199),.UNSPECIFIED.,.F.,.F.)
B_SPLINE_CURVE_WITH_KNOTS((2,2),(0.000,1.000),.UNSPECIFIED.)
CURVE()
GEOMETRIC_REPRESENTATION_ITEM()
RATIONAL_B_SPLINE_CURVE((1.0000000000,1.0000000000))
REPRESENTATION_ITEM('')
);
#3198=CARTESIAN_POINT('',(29.9250000000,16.4866769432,5.2000000000));
#3199=CARTESIAN_POINT('',(32.5000000000,17.9733538863,5.2000000000));

#3200=CARTESIAN_POINT('',(32.5000000000,17.9733538863,5.2000000000));
#3201=VERTEX_POINT('',#3200);
#3202=EDGE_CURVE('',#3194,#3201,#3197,.T.);
#3203=ORIENTED_EDGE('',*,*,#3202,.T.);
#3204=(
BOUNDED_CURVE()
B_SPLINE_CURVE(1,(#3205,#3206),.UNSPECIFIED.,.F.,.F.)
B_SPLINE_CURVE_WITH_KNOTS((2,2),(0.000,1.000),.UNSPECIFIED.)
CURVE()
GEOMETRIC_REPRESENTATION_ITEM()
RATIONAL_B_SPLINE_CURVE((1.0000000000,1.0000000000))
REPRESENTATION_ITEM('')
);
#3205=CARTESIAN_POINT('',(32.5000000000,17.9733538863,5.2000000000));
#3206=CARTESIAN_POINT('',(35.0750000000,16.4866769432,5.2000000000));

#3207=EDGE_CURVE('',#3201,#3168,#3204,.T.);
#3208=ORIENTED_EDGE('',*,*,#3207,.T.);
#3209=EDGE_LOOP('',(#3175,#3182,#3189,#3196,#3203,#3208));
#3210=FACE_OUTER_BOUND('',#3209,.T.);
#3211=CARTESIAN_POINT('',(32.5000000001,16.3500000000,5.2000000000));
#3212=VERTEX_POINT('',#3211);
#3213=(
BOUNDED_CURVE()
B_SPLINE_CURVE(2,(#3214,#3215,#3216),.UNSPECIFIED.,.F.,.F.)
B_SPLINE_CURVE_WITH_KNOTS((3,3),(0.000,1.000),.UNSPECIFIED.)
CURVE()
GEOMETRIC_REPRESENTATION_ITEM()
RATIONAL_B_SPLINE_CURVE((1.0000000000,0.7071067812,1.0000000000))
REPRESENTATION_ITEM('')
);
#3214=CARTESIAN_POINT('',(32.5000000000,16.3500000000,5.2000000000));
#3215=CARTESIAN_POINT('',(31.1500000001,16.3500000000,5.2000000000));
#3216=CARTESIAN_POINT('',(31.1500000000,15.0000000001,5.2000000000));

#3217=CARTESIAN_POINT('',(31.1500000000,15.0000000001,5.2000000000));
#3218=VERTEX_POINT('',#3217);
#3219=EDGE_CURVE('',#3212,#3218,#3213,.T.);
#3220=ORIENTED_EDGE('',*,*,#3219,.T.);
#3221=(
BOUNDED_CURVE()
B_SPLINE_CURVE(2,(#3222,#3223,#3224),.UNSPECIFIED.,.F.,.F.)
B_SPLINE_CURVE_WITH_KNOTS((3,3),(0.000,1.000),.UNSPECIFIED.)
CURVE()
GEOMETRIC_REPRESENTATION_ITEM()
RATIONAL_B_SPLINE_CURVE((1.0000000000,0.7071067812,1.0000000000))
REPRESENTATION_ITEM('')
);
#3222=CARTESIAN_POINT('',(31.1500000000,15.0000000000,5.2000000000));
#3223=CARTESIAN_POINT('',(31.1500000000,13.6500000001,5.2000000000));
#3224=CARTESIAN_POINT('',(32.4999999999,13.6500000000,5.2000000000));

#3225=CARTESIAN_POINT('',(32.4999999999,13.6500000000,5.2000000000));
#3226=VERTEX_POINT('',#3225);
#3227=EDGE_CURVE('',#3218,#3226,#3221,.T.);
#3228=ORIENTED_EDGE('',*,*,#3227,.T.);
#3229=(
BOUNDED_CURVE()
B_SPLINE_CURVE(2,(#3230,#3231,#3232),.UNSPECIFIED.,.F.,.F.)
B_SPLINE_CURVE_WITH_KNOTS((3,3),(0.000,1.000),.UNSPECIFIED.)
CURVE()
GEOMETRIC_REPRESENTATION_ITEM()
RATIONAL_B_SPLINE_CURVE((1.0000000000,0.7071067812,1.0000000000))
REPRESENTATION_ITEM('')
);
#3230=CARTESIAN_POINT('',(32.5000000000,13.6500000000,5.2000000000));
#3231=CARTESIAN_POINT('',(33.8499999999,13.6500000000,5.2000000000));
#3232=CARTESIAN_POINT('',(33.8500000000,14.9999999999,5.2000000000));

#3233=CARTESIAN_POINT('',(33.8500000000,14.9999999999,5.2000000000));
#3234=VERTEX_POINT('',#3233);
#3235=EDGE_CURVE('',#3226,#3234,#3229,.T.);
#3236=ORIENTED_EDGE('',*,*,#3235,.T.);
#3237=(
BOUNDED_CURVE()
B_SPLINE_CURVE(2,(#3238,#3239,#3240),.UNSPECIFIED.,.F.,.F.)
B_SPLINE_CURVE_WITH_KNOTS((3,3),(0.000,1.000),.UNSPECIFIED.)
CURVE()
GEOMETRIC_REPRESENTATION_ITEM()
RATIONAL_B_SPLINE_CURVE((1.0000000000,0.7071067812,1.0000000000))
REPRESENTATION_ITEM('')
);
#3238=CARTESIAN_POINT('',(33.8500000000,15.0000000000,5.2000000000));
#3239=CARTESIAN_POINT('',(33.8500000000,16.3499999999,5.2000000000));
#3240=CARTESIAN_POINT('',(32.5000000001,16.3500000000,5.2000000000));

#3241=EDGE_CURVE('',#3234,#3212,#3237,.T.);
#3242=ORIENTED_EDGE('',*,*,#3241,.T.);
#3243=EDGE_LOOP('',(#3220,#3228,#3236,#3242));
#3244=FACE_BOUND('',#3243,.T.);
#3245=ADVANCED_FACE('',(#3210,#3244),#3162,.T.);
#3246=COLOUR_RGB('',0.39,0.39,0.39);
#3247=FILL_AREA_STYLE_COLOUR('',#3246);
#3248=FILL_AREA_STYLE('',(#3247));
#3249=SURFACE_STYLE_FILL_AREA(#3248);
#3250=SURFACE_STYLE_TRANSPARENT(0.00);
#3251=SURFACE_STYLE_RENDERING_WITH_PROPERTIES(.NORMAL_SHADING.,#3246,(#3250));
#3252=SURFACE_SIDE_STYLE('',(#3249, #3251));
#3253=SURFACE_STYLE_USAGE(.BOTH.,#3252);
#3254=PRESENTATION_STYLE_ASSIGNMENT((#3253));
#3255=STYLED_ITEM('',(#3254),#3245);

#3256=(
BOUNDED_SURFACE()
B_SPLINE_SURFACE(1,1,((#3257,#3258),(#3259,#3260)),.UNSPECIFIED.,.F.,.F.,.F.)
B_SPLINE_SURFACE_WITH_KNOTS((2,2),(2,2),(0.000,1.000),(0.000,1.000),.UNSPECIFIED.)
GEOMETRIC_REPRESENTATION_ITEM()
RATIONAL_B_SPLINE_SURFACE(((1.0000000000,1.0000000000),(1.0000000000,1.0000000000)))
REPRESENTATION_ITEM('')
SURFACE()
);
#3257=CARTESIAN_POINT('',(35.0750000000,16.4866769432,8.0000000000));
#3258=CARTESIAN_POINT('',(35.0750000000,16.4866769432,5.2000000000));
#3259=CARTESIAN_POINT('',(32.5000000000,17.9733538863,8.0000000000));
#3260=CARTESIAN_POINT('',(32.5000000000,17.9733538863,5.2000000000));

#3261=CARTESIAN_POINT('',(35.0750000000,16.4866769432,8.0000000000));
#3262=VERTEX_POINT('',#3261);
#3263=(
BOUNDED_CURVE()
B_SPLINE_CURVE(1,(#3264,#3265),.UNSPECIFIED.,.F.,.F.)
B_SPLINE_CURVE_WITH_KNOTS((2,2),(0.000,1.000),.UNSPECIFIED.)
CURVE()
GEOMETRIC_REPRESENTATION_ITEM()
RATIONAL_B_SPLINE_CURVE((1.0000000000,1.0000000000))
REPRESENTATION_ITEM('')
);
#3264=CARTESIAN_POINT('',(35.0750000000,16.4866769432,8.0000000000));
#3265=CARTESIAN_POINT('',(35.0750000000,16.4866769432,5.2000000000));

#3266=CARTESIAN_POINT('',(35.0750000000,16.4866769432,5.2000000000));
#3267=VERTEX_POINT('',#3266);
#3268=EDGE_CURVE('',#3262,#3267,#3263,.T.);
#3269=ORIENTED_EDGE('',*,*,#3268,.T.);
#3270=(
BOUNDED_CURVE()
B_SPLINE_CURVE(1,(#3271,#3272),.UNSPECIFIED.,.F.,.F.)
B_SPLINE_CURVE_WITH_KNOTS((2,2),(0.000,1.000),.UNSPECIFIED.)
CURVE()
GEOMETRIC_REPRESENTATION_ITEM()
RATIONAL_B_SPLINE_CURVE((1.0000000000,1.0000000000))
REPRESENTATION_ITEM('')
);
#3271=CARTESIAN_POINT('',(35.0750000000,16.4866769432,5.2000000000));
#3272=CARTESIAN_POINT('',(32.5000000000,17.9733538863,5.2000000000));

#3273=CARTESIAN_POINT('',(32.5000000000,17.9733538863,5.2000000000));
#3274=VERTEX_POINT('',#3273);
#3275=EDGE_CURVE('',#3267,#3274,#3270,.T.);
#3276=ORIENTED_EDGE('',*,*,#3275,.T.);
#3277=(
BOUNDED_CURVE()
B_SPLINE_CURVE(1,(#3278,#3279),.UNSPECIFIED.,.F.,.F.)
B_SPLINE_CURVE_WITH_KNOTS((2,2),(0.000,1.000),.UNSPECIFIED.)
CURVE()
GEOMETRIC_REPRESENTATION_ITEM()
RATIONAL_B_SPLINE_CURVE((1.0000000000,1.0000000000))
REPRESENTATION_ITEM('')
);
#3278=CARTESIAN_POINT('',(32.5000000000,17.9733538863,5.2000000000));
#3279=CARTESIAN_POINT('',(32.5000000000,17.9733538863,8.0000000000));

#3280=CARTESIAN_POINT('',(32.5000000000,17.9733538863,8.0000000000));
#3281=VERTEX_POINT('',#3280);
#3282=EDGE_CURVE('',#3274,#3281,#3277,.T.);
#3283=ORIENTED_EDGE('',*,*,#3282,.T.);
#3284=(
BOUNDED_CURVE()
B_SPLINE_CURVE(1,(#3285,#3286),.UNSPECIFIED.,.F.,.F.)
B_SPLINE_CURVE_WITH_KNOTS((2,2),(0.000,1.000),.UNSPECIFIED.)
CURVE()
GEOMETRIC_REPRESENTATION_ITEM()
RATIONAL_B_SPLINE_CURVE((1.0000000000,1.0000000000))
REPRESENTATION_ITEM('')
);
#3285=CARTESIAN_POINT('',(32.5000000000,17.9733538863,8.0000000000));
#3286=CARTESIAN_POINT('',(35.0750000000,16.4866769432,8.0000000000));

#3287=EDGE_CURVE('',#3281,#3262,#3284,.T.);
#3288=ORIENTED_EDGE('',*,*,#3287,.T.);
#3289=EDGE_LOOP('',(#3269,#3276,#3283,#3288));
#3290=FACE_OUTER_BOUND('',#3289,.T.);
#3291=ADVANCED_FACE('',(#3290),#3256,.T.);
#3292=COLOUR_RGB('',0.39,0.39,0.39);
#3293=FILL_AREA_STYLE_COLOUR('',#3292);
#3294=FILL_AREA_STYLE('',(#3293));
#3295=SURFACE_STYLE_FILL_AREA(#3294);
#3296=SURFACE_STYLE_TRANSPARENT(0.00);
#3297=SURFACE_STYLE_RENDERING_WITH_PROPERTIES(.NORMAL_SHADING.,#3292,(#3296));
#3298=SURFACE_SIDE_STYLE('',(#3295, #3297));
#3299=SURFACE_STYLE_USAGE(.BOTH.,#3298);
#3300=PRESENTATION_STYLE_ASSIGNMENT((#3299));
#3301=STYLED_ITEM('',(#3300),#3291);

#3302=(
BOUNDED_SURFACE()
B_SPLINE_SURFACE(1,1,((#3303,#3304),(#3305,#3306)),.UNSPECIFIED.,.F.,.F.,.F.)
B_SPLINE_SURFACE_WITH_KNOTS((2,2),(2,2),(0.000,1.000),(0.000,1.000),.UNSPECIFIED.)
GEOMETRIC_REPRESENTATION_ITEM()
RATIONAL_B_SPLINE_SURFACE(((1.0000000000,1.0000000000),(1.0000000000,1.0000000000)))
REPRESENTATION_ITEM('')
SURFACE()
);
#3303=CARTESIAN_POINT('',(35.0750000000,13.5133230568,8.0000000000));
#3304=CARTESIAN_POINT('',(35.0750000000,13.5133230568,5.2000000000));
#3305=CARTESIAN_POINT('',(35.0750000000,16.4866769432,8.0000000000));
#3306=CARTESIAN_POINT('',(35.0750000000,16.4866769432,5.2000000000));

#3307=CARTESIAN_POINT('',(35.0750000000,13.5133230568,8.0000000000));
#3308=VERTEX_POINT('',#3307);
#3309=(
BOUNDED_CURVE()
B_SPLINE_CURVE(1,(#3310,#3311),.UNSPECIFIED.,.F.,.F.)
B_SPLINE_CURVE_WITH_KNOTS((2,2),(0.000,1.000),.UNSPECIFIED.)
CURVE()
GEOMETRIC_REPRESENTATION_ITEM()
RATIONAL_B_SPLINE_CURVE((1.0000000000,1.0000000000))
REPRESENTATION_ITEM('')
);
#3310=CARTESIAN_POINT('',(35.0750000000,13.5133230568,8.0000000000));
#3311=CARTESIAN_POINT('',(35.0750000000,13.5133230568,5.2000000000));

#3312=CARTESIAN_POINT('',(35.0750000000,13.5133230568,5.2000000000));
#3313=VERTEX_POINT('',#3312);
#3314=EDGE_CURVE('',#3308,#3313,#3309,.T.);
#3315=ORIENTED_EDGE('',*,*,#3314,.T.);
#3316=(
BOUNDED_CURVE()
B_SPLINE_CURVE(1,(#3317,#3318),.UNSPECIFIED.,.F.,.F.)
B_SPLINE_CURVE_WITH_KNOTS((2,2),(0.000,1.000),.UNSPECIFIED.)
CURVE()
GEOMETRIC_REPRESENTATION_ITEM()
RATIONAL_B_SPLINE_CURVE((1.0000000000,1.0000000000))
REPRESENTATION_ITEM('')
);
#3317=CARTESIAN_POINT('',(35.0750000000,13.5133230568,5.2000000000));
#3318=CARTESIAN_POINT('',(35.0750000000,16.4866769432,5.2000000000));

#3319=CARTESIAN_POINT('',(35.0750000000,16.4866769432,5.2000000000));
#3320=VERTEX_POINT('',#3319);
#3321=EDGE_CURVE('',#3313,#3320,#3316,.T.);
#3322=ORIENTED_EDGE('',*,*,#3321,.T.);
#3323=(
BOUNDED_CURVE()
B_SPLINE_CURVE(1,(#3324,#3325),.UNSPECIFIED.,.F.,.F.)
B_SPLINE_CURVE_WITH_KNOTS((2,2),(0.000,1.000),.UNSPECIFIED.)
CURVE()
GEOMETRIC_REPRESENTATION_ITEM()
RATIONAL_B_SPLINE_CURVE((1.0000000000,1.0000000000))
REPRESENTATION_ITEM('')
);
#3324=CARTESIAN_POINT('',(35.0750000000,16.4866769432,5.2000000000));
#3325=CARTESIAN_POINT('',(35.0750000000,16.4866769432,8.0000000000));

#3326=CARTESIAN_POINT('',(35.0750000000,16.4866769432,8.0000000000));
#3327=VERTEX_POINT('',#3326);
#3328=EDGE_CURVE('',#3320,#3327,#3323,.T.);
#3329=ORIENTED_EDGE('',*,*,#3328,.T.);
#3330=(
BOUNDED_CURVE()
B_SPLINE_CURVE(1,(#3331,#3332),.UNSPECIFIED.,.F.,.F.)
B_SPLINE_CURVE_WITH_KNOTS((2,2),(0.000,1.000),.UNSPECIFIED.)
CURVE()
GEOMETRIC_REPRESENTATION_ITEM()
RATIONAL_B_SPLINE_CURVE((1.0000000000,1.0000000000))
REPRESENTATION_ITEM('')
);
#3331=CARTESIAN_POINT('',(35.0750000000,16.4866769432,8.0000000000));
#3332=CARTESIAN_POINT('',(35.0750000000,13.5133230568,8.0000000000));

#3333=EDGE_CURVE('',#3327,#3308,#3330,.T.);
#3334=ORIENTED_EDGE('',*,*,#3333,.T.);
#3335=EDGE_LOOP('',(#3315,#3322,#3329,#3334));
#3336=FACE_OUTER_BOUND('',#3335,.T.);
#3337=ADVANCED_FACE('',(#3336),#3302,.T.);
#3338=COLOUR_RGB('',0.39,0.39,0.39);
#3339=FILL_AREA_STYLE_COLOUR('',#3338);
#3340=FILL_AREA_STYLE('',(#3339));
#3341=SURFACE_STYLE_FILL_AREA(#3340);
#3342=SURFACE_STYLE_TRANSPARENT(0.00);
#3343=SURFACE_STYLE_RENDERING_WITH_PROPERTIES(.NORMAL_SHADING.,#3338,(#3342));
#3344=SURFACE_SIDE_STYLE('',(#3341, #3343));
#3345=SURFACE_STYLE_USAGE(.BOTH.,#3344);
#3346=PRESENTATION_STYLE_ASSIGNMENT((#3345));
#3347=STYLED_ITEM('',(#3346),#3337);

#3348=(
BOUNDED_SURFACE()
B_SPLINE_SURFACE(1,1,((#3349,#3350),(#3351,#3352)),.UNSPECIFIED.,.F.,.F.,.F.)
B_SPLINE_SURFACE_WITH_KNOTS((2,2),(2,2),(0.000,1.000),(0.000,1.000),.UNSPECIFIED.)
GEOMETRIC_REPRESENTATION_ITEM()
RATIONAL_B_SPLINE_SURFACE(((1.0000000000,1.0000000000),(1.0000000000,1.0000000000)))
REPRESENTATION_ITEM('')
SURFACE()
);
#3349=CARTESIAN_POINT('',(32.5000000000,12.0266461137,8.0000000000));
#3350=CARTESIAN_POINT('',(32.5000000000,12.0266461137,5.2000000000));
#3351=CARTESIAN_POINT('',(35.0750000000,13.5133230568,8.0000000000));
#3352=CARTESIAN_POINT('',(35.0750000000,13.5133230568,5.2000000000));

#3353=CARTESIAN_POINT('',(32.5000000000,12.0266461137,8.0000000000));
#3354=VERTEX_POINT('',#3353);
#3355=(
BOUNDED_CURVE()
B_SPLINE_CURVE(1,(#3356,#3357),.UNSPECIFIED.,.F.,.F.)
B_SPLINE_CURVE_WITH_KNOTS((2,2),(0.000,1.000),.UNSPECIFIED.)
CURVE()
GEOMETRIC_REPRESENTATION_ITEM()
RATIONAL_B_SPLINE_CURVE((1.0000000000,1.0000000000))
REPRESENTATION_ITEM('')
);
#3356=CARTESIAN_POINT('',(32.5000000000,12.0266461137,8.0000000000));
#3357=CARTESIAN_POINT('',(32.5000000000,12.0266461137,5.2000000000));

#3358=CARTESIAN_POINT('',(32.5000000000,12.0266461137,5.2000000000));
#3359=VERTEX_POINT('',#3358);
#3360=EDGE_CURVE('',#3354,#3359,#3355,.T.);
#3361=ORIENTED_EDGE('',*,*,#3360,.T.);
#3362=(
BOUNDED_CURVE()
B_SPLINE_CURVE(1,(#3363,#3364),.UNSPECIFIED.,.F.,.F.)
B_SPLINE_CURVE_WITH_KNOTS((2,2),(0.000,1.000),.UNSPECIFIED.)
CURVE()
GEOMETRIC_REPRESENTATION_ITEM()
RATIONAL_B_SPLINE_CURVE((1.0000000000,1.0000000000))
REPRESENTATION_ITEM('')
);
#3363=CARTESIAN_POINT('',(32.5000000000,12.0266461137,5.2000000000));
#3364=CARTESIAN_POINT('',(35.0750000000,13.5133230568,5.2000000000));

#3365=CARTESIAN_POINT('',(35.0750000000,13.5133230568,5.2000000000));
#3366=VERTEX_POINT('',#3365);
#3367=EDGE_CURVE('',#3359,#3366,#3362,.T.);
#3368=ORIENTED_EDGE('',*,*,#3367,.T.);
#3369=(
BOUNDED_CURVE()
B_SPLINE_CURVE(1,(#3370,#3371),.UNSPECIFIED.,.F.,.F.)
B_SPLINE_CURVE_WITH_KNOTS((2,2),(0.000,1.000),.UNSPECIFIED.)
CURVE()
GEOMETRIC_REPRESENTATION_ITEM()
RATIONAL_B_SPLINE_CURVE((1.0000000000,1.0000000000))
REPRESENTATION_ITEM('')
);
#3370=CARTESIAN_POINT('',(35.0750000000,13.5133230568,5.2000000000));
#3371=CARTESIAN_POINT('',(35.0750000000,13.5133230568,8.0000000000));

#3372=CARTESIAN_POINT('',(35.0750000000,13.5133230568,8.0000000000));
#3373=VERTEX_POINT('',#3372);
#3374=EDGE_CURVE('',#3366,#3373,#3369,.T.);
#3375=ORIENTED_EDGE('',*,*,#3374,.T.);
#3376=(
BOUNDED_CURVE()
B_SPLINE_CURVE(1,(#3377,#3378),.UNSPECIFIED.,.F.,.F.)
B_SPLINE_CURVE_WITH_KNOTS((2,2),(0.000,1.000),.UNSPECIFIED.)
CURVE()
GEOMETRIC_REPRESENTATION_ITEM()
RATIONAL_B_SPLINE_CURVE((1.0000000000,1.0000000000))
REPRESENTATION_ITEM('')
);
#3377=CARTESIAN_POINT('',(35.0750000000,13.5133230568,8.0000000000));
#3378=CARTESIAN_POINT('',(32.5000000000,12.0266461137,8.0000000000));

#3379=EDGE_CURVE('',#3373,#3354,#3376,.T.);
#3380=ORIENTED_EDGE('',*,*,#3379,.T.);
#3381=EDGE_LOOP('',(#3361,#3368,#3375,#3380));
#3382=FACE_OUTER_BOUND('',#3381,.T.);
#3383=ADVANCED_FACE('',(#3382),#3348,.T.);
#3384=COLOUR_RGB('',0.39,0.39,0.39);
#3385=FILL_AREA_STYLE_COLOUR('',#3384);
#3386=FILL_AREA_STYLE('',(#3385));
#3387=SURFACE_STYLE_FILL_AREA(#3386);
#3388=SURFACE_STYLE_TRANSPARENT(0.00);
#3389=SURFACE_STYLE_RENDERING_WITH_PROPERTIES(.NORMAL_SHADING.,#3384,(#3388));
#3390=SURFACE_SIDE_STYLE('',(#3387, #3389));
#3391=SURFACE_STYLE_USAGE(.BOTH.,#3390);
#3392=PRESENTATION_STYLE_ASSIGNMENT((#3391));
#3393=STYLED_ITEM('',(#3392),#3383);

#3394=(
BOUNDED_SURFACE()
B_SPLINE_SURFACE(1,1,((#3395,#3396),(#3397,#3398)),.UNSPECIFIED.,.F.,.F.,.F.)
B_SPLINE_SURFACE_WITH_KNOTS((2,2),(2,2),(0.000,1.000),(0.000,1.000),.UNSPECIFIED.)
GEOMETRIC_REPRESENTATION_ITEM()
RATIONAL_B_SPLINE_SURFACE(((1.0000000000,1.0000000000),(1.0000000000,1.0000000000)))
REPRESENTATION_ITEM('')
SURFACE()
);
#3395=CARTESIAN_POINT('',(29.9250000000,13.5133230568,8.0000000000));
#3396=CARTESIAN_POINT('',(29.9250000000,13.5133230568,5.2000000000));
#3397=CARTESIAN_POINT('',(32.5000000000,12.0266461137,8.0000000000));
#3398=CARTESIAN_POINT('',(32.5000000000,12.0266461137,5.2000000000));

#3399=CARTESIAN_POINT('',(29.9250000000,13.5133230568,8.0000000000));
#3400=VERTEX_POINT('',#3399);
#3401=(
BOUNDED_CURVE()
B_SPLINE_CURVE(1,(#3402,#3403),.UNSPECIFIED.,.F.,.F.)
B_SPLINE_CURVE_WITH_KNOTS((2,2),(0.000,1.000),.UNSPECIFIED.)
CURVE()
GEOMETRIC_REPRESENTATION_ITEM()
RATIONAL_B_SPLINE_CURVE((1.0000000000,1.0000000000))
REPRESENTATION_ITEM('')
);
#3402=CARTESIAN_POINT('',(29.9250000000,13.5133230568,8.0000000000));
#3403=CARTESIAN_POINT('',(29.9250000000,13.5133230568,5.2000000000));

#3404=CARTESIAN_POINT('',(29.9250000000,13.5133230568,5.2000000000));
#3405=VERTEX_POINT('',#3404);
#3406=EDGE_CURVE('',#3400,#3405,#3401,.T.);
#3407=ORIENTED_EDGE('',*,*,#3406,.T.);
#3408=(
BOUNDED_CURVE()
B_SPLINE_CURVE(1,(#3409,#3410),.UNSPECIFIED.,.F.,.F.)
B_SPLINE_CURVE_WITH_KNOTS((2,2),(0.000,1.000),.UNSPECIFIED.)
CURVE()
GEOMETRIC_REPRESENTATION_ITEM()
RATIONAL_B_SPLINE_CURVE((1.0000000000,1.0000000000))
REPRESENTATION_ITEM('')
);
#3409=CARTESIAN_POINT('',(29.9250000000,13.5133230568,5.2000000000));
#3410=CARTESIAN_POINT('',(32.5000000000,12.0266461137,5.2000000000));

#3411=CARTESIAN_POINT('',(32.5000000000,12.0266461137,5.2000000000));
#3412=VERTEX_POINT('',#3411);
#3413=EDGE_CURVE('',#3405,#3412,#3408,.T.);
#3414=ORIENTED_EDGE('',*,*,#3413,.T.);
#3415=(
BOUNDED_CURVE()
B_SPLINE_CURVE(1,(#3416,#3417),.UNSPECIFIED.,.F.,.F.)
B_SPLINE_CURVE_WITH_KNOTS((2,2),(0.000,1.000),.UNSPECIFIED.)
CURVE()
GEOMETRIC_REPRESENTATION_ITEM()
RATIONAL_B_SPLINE_CURVE((1.0000000000,1.0000000000))
REPRESENTATION_ITEM('')
);
#3416=CARTESIAN_POINT('',(32.5000000000,12.0266461137,5.2000000000));
#3417=CARTESIAN_POINT('',(32.5000000000,12.0266461137,8.0000000000));

#3418=CARTESIAN_POINT('',(32.5000000000,12.0266461137,8.0000000000));
#3419=VERTEX_POINT('',#3418);
#3420=EDGE_CURVE('',#3412,#3419,#3415,.T.);
#3421=ORIENTED_EDGE('',*,*,#3420,.T.);
#3422=(
BOUNDED_CURVE()
B_SPLINE_CURVE(1,(#3423,#3424),.UNSPECIFIED.,.F.,.F.)
B_SPLINE_CURVE_WITH_KNOTS((2,2),(0.000,1.000),.UNSPECIFIED.)
CURVE()
GEOMETRIC_REPRESENTATION_ITEM()
RATIONAL_B_SPLINE_CURVE((1.0000000000,1.0000000000))
REPRESENTATION_ITEM('')
);
#3423=CARTESIAN_POINT('',(32.5000000000,12.0266461137,8.0000000000));
#3424=CARTESIAN_POINT('',(29.9250000000,13.5133230568,8.0000000000));

#3425=EDGE_CURVE('',#3419,#3400,#3422,.T.);
#3426=ORIENTED_EDGE('',*,*,#3425,.T.);
#3427=EDGE_LOOP('',(#3407,#3414,#3421,#3426));
#3428=FACE_OUTER_BOUND('',#3427,.T.);
#3429=ADVANCED_FACE('',(#3428),#3394,.T.);
#3430=COLOUR_RGB('',0.39,0.39,0.39);
#3431=FILL_AREA_STYLE_COLOUR('',#3430);
#3432=FILL_AREA_STYLE('',(#3431));
#3433=SURFACE_STYLE_FILL_AREA(#3432);
#3434=SURFACE_STYLE_TRANSPARENT(0.00);
#3435=SURFACE_STYLE_RENDERING_WITH_PROPERTIES(.NORMAL_SHADING.,#3430,(#3434));
#3436=SURFACE_SIDE_STYLE('',(#3433, #3435));
#3437=SURFACE_STYLE_USAGE(.BOTH.,#3436);
#3438=PRESENTATION_STYLE_ASSIGNMENT((#3437));
#3439=STYLED_ITEM('',(#3438),#3429);

#3440=(
BOUNDED_SURFACE()
B_SPLINE_SURFACE(1,1,((#3441,#3442),(#3443,#3444)),.UNSPECIFIED.,.F.,.F.,.F.)
B_SPLINE_SURFACE_WITH_KNOTS((2,2),(2,2),(0.000,1.000),(0.000,1.000),.UNSPECIFIED.)
GEOMETRIC_REPRESENTATION_ITEM()
RATIONAL_B_SPLINE_SURFACE(((1.0000000000,1.0000000000),(1.0000000000,1.0000000000)))
REPRESENTATION_ITEM('')
SURFACE()
);
#3441=CARTESIAN_POINT('',(29.9250000000,16.4866769432,8.0000000000));
#3442=CARTESIAN_POINT('',(29.9250000000,16.4866769432,5.2000000000));
#3443=CARTESIAN_POINT('',(29.9250000000,13.5133230568,8.0000000000));
#3444=CARTESIAN_POINT('',(29.9250000000,13.5133230568,5.2000000000));

#3445=CARTESIAN_POINT('',(29.9250000000,16.4866769432,8.0000000000));
#3446=VERTEX_POINT('',#3445);
#3447=(
BOUNDED_CURVE()
B_SPLINE_CURVE(1,(#3448,#3449),.UNSPECIFIED.,.F.,.F.)
B_SPLINE_CURVE_WITH_KNOTS((2,2),(0.000,1.000),.UNSPECIFIED.)
CURVE()
GEOMETRIC_REPRESENTATION_ITEM()
RATIONAL_B_SPLINE_CURVE((1.0000000000,1.0000000000))
REPRESENTATION_ITEM('')
);
#3448=CARTESIAN_POINT('',(29.9250000000,16.4866769432,8.0000000000));
#3449=CARTESIAN_POINT('',(29.9250000000,16.4866769432,5.2000000000));

#3450=CARTESIAN_POINT('',(29.9250000000,16.4866769432,5.2000000000));
#3451=VERTEX_POINT('',#3450);
#3452=EDGE_CURVE('',#3446,#3451,#3447,.T.);
#3453=ORIENTED_EDGE('',*,*,#3452,.T.);
#3454=(
BOUNDED_CURVE()
B_SPLINE_CURVE(1,(#3455,#3456),.UNSPECIFIED.,.F.,.F.)
B_SPLINE_CURVE_WITH_KNOTS((2,2),(0.000,1.000),.UNSPECIFIED.)
CURVE()
GEOMETRIC_REPRESENTATION_ITEM()
RATIONAL_B_SPLINE_CURVE((1.0000000000,1.0000000000))
REPRESENTATION_ITEM('')
);
#3455=CARTESIAN_POINT('',(29.9250000000,16.4866769432,5.2000000000));
#3456=CARTESIAN_POINT('',(29.9250000000,13.5133230568,5.2000000000));

#3457=CARTESIAN_POINT('',(29.9250000000,13.5133230568,5.2000000000));
#3458=VERTEX_POINT('',#3457);
#3459=EDGE_CURVE('',#3451,#3458,#3454,.T.);
#3460=ORIENTED_EDGE('',*,*,#3459,.T.);
#3461=(
BOUNDED_CURVE()
B_SPLINE_CURVE(1,(#3462,#3463),.UNSPECIFIED.,.F.,.F.)
B_SPLINE_CURVE_WITH_KNOTS((2,2),(0.000,1.000),.UNSPECIFIED.)
CURVE()
GEOMETRIC_REPRESENTATION_ITEM()
RATIONAL_B_SPLINE_CURVE((1.0000000000,1.0000000000))
REPRESENTATION_ITEM('')
);
#3462=CARTESIAN_POINT('',(29.9250000000,13.5133230568,5.2000000000));
#3463=CARTESIAN_POINT('',(29.9250000000,13.5133230568,8.0000000000));

#3464=CARTESIAN_POINT('',(29.9250000000,13.5133230568,8.0000000000));
#3465=VERTEX_POINT('',#3464);
#3466=EDGE_CURVE('',#3458,#3465,#3461,.T.);
#3467=ORIENTED_EDGE('',*,*,#3466,.T.);
#3468=(
BOUNDED_CURVE()
B_SPLINE_CURVE(1,(#3469,#3470),.UNSPECIFIED.,.F.,.F.)
B_SPLINE_CURVE_WITH_KNOTS((2,2),(0.000,1.000),.UNSPECIFIED.)
CURVE()
GEOMETRIC_REPRESENTATION_ITEM()
RATIONAL_B_SPLINE_CURVE((1.0000000000,1.0000000000))
REPRESENTATION_ITEM('')
);
#3469=CARTESIAN_POINT('',(29.9250000000,13.5133230568,8.0000000000));
#3470=CARTESIAN_POINT('',(29.9250000000,16.4866769432,8.0000000000));

#3471=EDGE_CURVE('',#3465,#3446,#3468,.T.);
#3472=ORIENTED_EDGE('',*,*,#3471,.T.);
#3473=EDGE_LOOP('',(#3453,#3460,#3467,#3472));
#3474=FACE_OUTER_BOUND('',#3473,.T.);
#3475=ADVANCED_FACE('',(#3474),#3440,.T.);
#3476=COLOUR_RGB('',0.39,0.39,0.39);
#3477=FILL_AREA_STYLE_COLOUR('',#3476);
#3478=FILL_AREA_STYLE('',(#3477));
#3479=SURFACE_STYLE_FILL_AREA(#3478);
#3480=SURFACE_STYLE_TRANSPARENT(0.00);
#3481=SURFACE_STYLE_RENDERING_WITH_PROPERTIES(.NORMAL_SHADING.,#3476,(#3480));
#3482=SURFACE_SIDE_STYLE('',(#3479, #3481));
#3483=SURFACE_STYLE_USAGE(.BOTH.,#3482);
#3484=PRESENTATION_STYLE_ASSIGNMENT((#3483));
#3485=STYLED_ITEM('',(#3484),#3475);

#3486=(
BOUNDED_SURFACE()
B_SPLINE_SURFACE(1,1,((#3487,#3488),(#3489,#3490)),.UNSPECIFIED.,.F.,.F.,.F.)
B_SPLINE_SURFACE_WITH_KNOTS((2,2),(2,2),(0.000,1.000),(0.000,1.000),.UNSPECIFIED.)
GEOMETRIC_REPRESENTATION_ITEM()
RATIONAL_B_SPLINE_SURFACE(((1.0000000000,1.0000000000),(1.0000000000,1.0000000000)))
REPRESENTATION_ITEM('')
SURFACE()
);
#3487=CARTESIAN_POINT('',(32.5000000000,17.9733538863,8.0000000000));
#3488=CARTESIAN_POINT('',(32.5000000000,17.9733538863,5.2000000000));
#3489=CARTESIAN_POINT('',(29.9250000000,16.4866769432,8.0000000000));
#3490=CARTESIAN_POINT('',(29.9250000000,16.4866769432,5.2000000000));

#3491=CARTESIAN_POINT('',(32.5000000000,17.9733538863,8.0000000000));
#3492=VERTEX_POINT('',#3491);
#3493=(
BOUNDED_CURVE()
B_SPLINE_CURVE(1,(#3494,#3495),.UNSPECIFIED.,.F.,.F.)
B_SPLINE_CURVE_WITH_KNOTS((2,2),(0.000,1.000),.UNSPECIFIED.)
CURVE()
GEOMETRIC_REPRESENTATION_ITEM()
RATIONAL_B_SPLINE_CURVE((1.0000000000,1.0000000000))
REPRESENTATION_ITEM('')
);
#3494=CARTESIAN_POINT('',(32.5000000000,17.9733538863,8.0000000000));
#3495=CARTESIAN_POINT('',(32.5000000000,17.9733538863,5.2000000000));

#3496=CARTESIAN_POINT('',(32.5000000000,17.9733538863,5.2000000000));
#3497=VERTEX_POINT('',#3496);
#3498=EDGE_CURVE('',#3492,#3497,#3493,.T.);
#3499=ORIENTED_EDGE('',*,*,#3498,.T.);
#3500=(
BOUNDED_CURVE()
B_SPLINE_CURVE(1,(#3501,#3502),.UNSPECIFIED.,.F.,.F.)
B_SPLINE_CURVE_WITH_KNOTS((2,2),(0.000,1.000),.UNSPECIFIED.)
CURVE()
GEOMETRIC_REPRESENTATION_ITEM()
RATIONAL_B_SPLINE_CURVE((1.0000000000,1.0000000000))
REPRESENTATION_ITEM('')
);
#3501=CARTESIAN_POINT('',(32.5000000000,17.9733538863,5.2000000000));
#3502=CARTESIAN_POINT('',(29.9250000000,16.4866769432,5.2000000000));

#3503=CARTESIAN_POINT('',(29.9250000000,16.4866769432,5.2000000000));
#3504=VERTEX_POINT('',#3503);
#3505=EDGE_CURVE('',#3497,#3504,#3500,.T.);
#3506=ORIENTED_EDGE('',*,*,#3505,.T.);
#3507=(
BOUNDED_CURVE()
B_SPLINE_CURVE(1,(#3508,#3509),.UNSPECIFIED.,.F.,.F.)
B_SPLINE_CURVE_WITH_KNOTS((2,2),(0.000,1.000),.UNSPECIFIED.)
CURVE()
GEOMETRIC_REPRESENTATION_ITEM()
RATIONAL_B_SPLINE_CURVE((1.0000000000,1.0000000000))
REPRESENTATION_ITEM('')
);
#3508=CARTESIAN_POINT('',(29.9250000000,16.4866769432,5.2000000000));
#3509=CARTESIAN_POINT('',(29.9250000000,16.4866769432,8.0000000000));

#3510=CARTESIAN_POINT('',(29.9250000000,16.4866769432,8.0000000000));
#3511=VERTEX_POINT('',#3510);
#3512=EDGE_CURVE('',#3504,#3511,#3507,.T.);
#3513=ORIENTED_EDGE('',*,*,#3512,.T.);
#3514=(
BOUNDED_CURVE()
B_SPLINE_CURVE(1,(#3515,#3516),.UNSPECIFIED.,.F.,.F.)
B_SPLINE_CURVE_WITH_KNOTS((2,2),(0.000,1.000),.UNSPECIFIED.)
CURVE()
GEOMETRIC_REPRESENTATION_ITEM()
RATIONAL_B_SPLINE_CURVE((1.0000000000,1.0000000000))
REPRESENTATION_ITEM('')
);
#3515=CARTESIAN_POINT('',(29.9250000000,16.4866769432,8.0000000000));
#3516=CARTESIAN_POINT('',(32.5000000000,17.9733538863,8.0000000000));

#3517=EDGE_CURVE('',#3511,#3492,#3514,.T.);
#3518=ORIENTED_EDGE('',*,*,#3517,.T.);
#3519=EDGE_LOOP('',(#3499,#3506,#3513,#3518));
#3520=FACE_OUTER_BOUND('',#3519,.T.);
#3521=ADVANCED_FACE('',(#3520),#3486,.T.);
#3522=COLOUR_RGB('',0.39,0.39,0.39);
#3523=FILL_AREA_STYLE_COLOUR('',#3522);
#3524=FILL_AREA_STYLE('',(#3523));
#3525=SURFACE_STYLE_FILL_AREA(#3524);
#3526=SURFACE_STYLE_TRANSPARENT(0.00);
#3527=SURFACE_STYLE_RENDERING_WITH_PROPERTIES(.NORMAL_SHADING.,#3522,(#3526));
#3528=SURFACE_SIDE_STYLE('',(#3525, #3527));
#3529=SURFACE_STYLE_USAGE(.BOTH.,#3528);
#3530=PRESENTATION_STYLE_ASSIGNMENT((#3529));
#3531=STYLED_ITEM('',(#3530),#3521);

#3532=(
BOUNDED_SURFACE()
B_SPLINE_SURFACE(1,1,((#3533,#3534),(#3535,#3536)),.UNSPECIFIED.,.F.,.F.,.F.)
B_SPLINE_SURFACE_WITH_KNOTS((2,2),(2,2),(0.000,1.000),(0.000,1.000),.UNSPECIFIED.)
GEOMETRIC_REPRESENTATION_ITEM()
RATIONAL_B_SPLINE_SURFACE(((1.0000000000,1.0000000000),(1.0000000000,1.0000000000)))
REPRESENTATION_ITEM('')
SURFACE()
);
#3533=CARTESIAN_POINT('',(35.0750000000,-17.9733538863,5.2000000000));
#3534=CARTESIAN_POINT('',(29.9250000000,-17.9733538863,5.2000000000));
#3535=CARTESIAN_POINT('',(35.0750000000,-12.0266461137,5.2000000000));
#3536=CARTESIAN_POINT('',(29.9250000000,-12.0266461137,5.2000000000));

#3537=CARTESIAN_POINT('',(35.0750000000,-13.5133230568,5.2000000000));
#3538=VERTEX_POINT('',#3537);
#3539=(
BOUNDED_CURVE()
B_SPLINE_CURVE(1,(#3540,#3541),.UNSPECIFIED.,.F.,.F.)
B_SPLINE_CURVE_WITH_KNOTS((2,2),(0.000,1.000),.UNSPECIFIED.)
CURVE()
GEOMETRIC_REPRESENTATION_ITEM()
RATIONAL_B_SPLINE_CURVE((1.0000000000,1.0000000000))
REPRESENTATION_ITEM('')
);
#3540=CARTESIAN_POINT('',(35.0750000000,-13.5133230568,5.2000000000));
#3541=CARTESIAN_POINT('',(35.0750000000,-16.4866769432,5.2000000000));

#3542=CARTESIAN_POINT('',(35.0750000000,-16.4866769432,5.2000000000));
#3543=VERTEX_POINT('',#3542);
#3544=EDGE_CURVE('',#3538,#3543,#3539,.T.);
#3545=ORIENTED_EDGE('',*,*,#3544,.T.);
#3546=(
BOUNDED_CURVE()
B_SPLINE_CURVE(1,(#3547,#3548),.UNSPECIFIED.,.F.,.F.)
B_SPLINE_CURVE_WITH_KNOTS((2,2),(0.000,1.000),.UNSPECIFIED.)
CURVE()
GEOMETRIC_REPRESENTATION_ITEM()
RATIONAL_B_SPLINE_CURVE((1.0000000000,1.0000000000))
REPRESENTATION_ITEM('')
);
#3547=CARTESIAN_POINT('',(35.0750000000,-16.4866769432,5.2000000000));
#3548=CARTESIAN_POINT('',(32.5000000000,-17.9733538863,5.2000000000));

#3549=CARTESIAN_POINT('',(32.5000000000,-17.9733538863,5.2000000000));
#3550=VERTEX_POINT('',#3549);
#3551=EDGE_CURVE('',#3543,#3550,#3546,.T.);
#3552=ORIENTED_EDGE('',*,*,#3551,.T.);
#3553=(
BOUNDED_CURVE()
B_SPLINE_CURVE(1,(#3554,#3555),.UNSPECIFIED.,.F.,.F.)
B_SPLINE_CURVE_WITH_KNOTS((2,2),(0.000,1.000),.UNSPECIFIED.)
CURVE()
GEOMETRIC_REPRESENTATION_ITEM()
RATIONAL_B_SPLINE_CURVE((1.0000000000,1.0000000000))
REPRESENTATION_ITEM('')
);
#3554=CARTESIAN_POINT('',(32.5000000000,-17.9733538863,5.2000000000));
#3555=CARTESIAN_POINT('',(29.9250000000,-16.4866769432,5.2000000000));

#3556=CARTESIAN_POINT('',(29.9250000000,-16.4866769432,5.2000000000));
#3557=VERTEX_POINT('',#3556);
#3558=EDGE_CURVE('',#3550,#3557,#3553,.T.);
#3559=ORIENTED_EDGE('',*,*,#3558,.T.);
#3560=(
BOUNDED_CURVE()
B_SPLINE_CURVE(1,(#3561,#3562),.UNSPECIFIED.,.F.,.F.)
B_SPLINE_CURVE_WITH_KNOTS((2,2),(0.000,1.000),.UNSPECIFIED.)
CURVE()
GEOMETRIC_REPRESENTATION_ITEM()
RATIONAL_B_SPLINE_CURVE((1.0000000000,1.0000000000))
REPRESENTATION_ITEM('')
);
#3561=CARTESIAN_POINT('',(29.9250000000,-16.4866769432,5.2000000000));
#3562=CARTESIAN_POINT('',(29.9250000000,-13.5133230568,5.2000000000));

#3563=CARTESIAN_POINT('',(29.9250000000,-13.5133230568,5.2000000000));
#3564=VERTEX_POINT('',#3563);
#3565=EDGE_CURVE('',#3557,#3564,#3560,.T.);
#3566=ORIENTED_EDGE('',*,*,#3565,.T.);
#3567=(
BOUNDED_CURVE()
B_SPLINE_CURVE(1,(#3568,#3569),.UNSPECIFIED.,.F.,.F.)
B_SPLINE_CURVE_WITH_KNOTS((2,2),(0.000,1.000),.UNSPECIFIED.)
CURVE()
GEOMETRIC_REPRESENTATION_ITEM()
RATIONAL_B_SPLINE_CURVE((1.0000000000,1.0000000000))
REPRESENTATION_ITEM('')
);
#3568=CARTESIAN_POINT('',(29.9250000000,-13.5133230568,5.2000000000));
#3569=CARTESIAN_POINT('',(32.5000000000,-12.0266461137,5.2000000000));

#3570=CARTESIAN_POINT('',(32.5000000000,-12.0266461137,5.2000000000));
#3571=VERTEX_POINT('',#3570);
#3572=EDGE_CURVE('',#3564,#3571,#3567,.T.);
#3573=ORIENTED_EDGE('',*,*,#3572,.T.);
#3574=(
BOUNDED_CURVE()
B_SPLINE_CURVE(1,(#3575,#3576),.UNSPECIFIED.,.F.,.F.)
B_SPLINE_CURVE_WITH_KNOTS((2,2),(0.000,1.000),.UNSPECIFIED.)
CURVE()
GEOMETRIC_REPRESENTATION_ITEM()
RATIONAL_B_SPLINE_CURVE((1.0000000000,1.0000000000))
REPRESENTATION_ITEM('')
);
#3575=CARTESIAN_POINT('',(32.5000000000,-12.0266461137,5.2000000000));
#3576=CARTESIAN_POINT('',(35.0750000000,-13.5133230568,5.2000000000));

#3577=EDGE_CURVE('',#3571,#3538,#3574,.T.);
#3578=ORIENTED_EDGE('',*,*,#3577,.T.);
#3579=EDGE_LOOP('',(#3545,#3552,#3559,#3566,#3573,#3578));
#3580=FACE_OUTER_BOUND('',#3579,.T.);
#3581=CARTESIAN_POINT('',(32.5000000001,-13.6500000000,5.2000000000));
#3582=VERTEX_POINT('',#3581);
#3583=(
BOUNDED_CURVE()
B_SPLINE_CURVE(2,(#3584,#3585,#3586),.UNSPECIFIED.,.F.,.F.)
B_SPLINE_CURVE_WITH_KNOTS((3,3),(0.000,1.000),.UNSPECIFIED.)
CURVE()
GEOMETRIC_REPRESENTATION_ITEM()
RATIONAL_B_SPLINE_CURVE((1.0000000000,0.7071067812,1.0000000000))
REPRESENTATION_ITEM('')
);
#3584=CARTESIAN_POINT('',(32.5000000000,-13.6500000000,5.2000000000));
#3585=CARTESIAN_POINT('',(31.1500000001,-13.6500000000,5.2000000000));
#3586=CARTESIAN_POINT('',(31.1500000000,-14.9999999999,5.2000000000));

#3587=CARTESIAN_POINT('',(31.1500000000,-14.9999999999,5.2000000000));
#3588=VERTEX_POINT('',#3587);
#3589=EDGE_CURVE('',#3582,#3588,#3583,.T.);
#3590=ORIENTED_EDGE('',*,*,#3589,.T.);
#3591=(
BOUNDED_CURVE()
B_SPLINE_CURVE(2,(#3592,#3593,#3594),.UNSPECIFIED.,.F.,.F.)
B_SPLINE_CURVE_WITH_KNOTS((3,3),(0.000,1.000),.UNSPECIFIED.)
CURVE()
GEOMETRIC_REPRESENTATION_ITEM()
RATIONAL_B_SPLINE_CURVE((1.0000000000,0.7071067812,1.0000000000))
REPRESENTATION_ITEM('')
);
#3592=CARTESIAN_POINT('',(31.1500000000,-15.0000000000,5.2000000000));
#3593=CARTESIAN_POINT('',(31.1500000000,-16.3499999999,5.2000000000));
#3594=CARTESIAN_POINT('',(32.4999999999,-16.3500000000,5.2000000000));

#3595=CARTESIAN_POINT('',(32.4999999999,-16.3500000000,5.2000000000));
#3596=VERTEX_POINT('',#3595);
#3597=EDGE_CURVE('',#3588,#3596,#3591,.T.);
#3598=ORIENTED_EDGE('',*,*,#3597,.T.);
#3599=(
BOUNDED_CURVE()
B_SPLINE_CURVE(2,(#3600,#3601,#3602),.UNSPECIFIED.,.F.,.F.)
B_SPLINE_CURVE_WITH_KNOTS((3,3),(0.000,1.000),.UNSPECIFIED.)
CURVE()
GEOMETRIC_REPRESENTATION_ITEM()
RATIONAL_B_SPLINE_CURVE((1.0000000000,0.7071067812,1.0000000000))
REPRESENTATION_ITEM('')
);
#3600=CARTESIAN_POINT('',(32.5000000000,-16.3500000000,5.2000000000));
#3601=CARTESIAN_POINT('',(33.8499999999,-16.3500000000,5.2000000000));
#3602=CARTESIAN_POINT('',(33.8500000000,-15.0000000001,5.2000000000));

#3603=CARTESIAN_POINT('',(33.8500000000,-15.0000000001,5.2000000000));
#3604=VERTEX_POINT('',#3603);
#3605=EDGE_CURVE('',#3596,#3604,#3599,.T.);
#3606=ORIENTED_EDGE('',*,*,#3605,.T.);
#3607=(
BOUNDED_CURVE()
B_SPLINE_CURVE(2,(#3608,#3609,#3610),.UNSPECIFIED.,.F.,.F.)
B_SPLINE_CURVE_WITH_KNOTS((3,3),(0.000,1.000),.UNSPECIFIED.)
CURVE()
GEOMETRIC_REPRESENTATION_ITEM()
RATIONAL_B_SPLINE_CURVE((1.0000000000,0.7071067812,1.0000000000))
REPRESENTATION_ITEM('')
);
#3608=CARTESIAN_POINT('',(33.8500000000,-15.0000000000,5.2000000000));
#3609=CARTESIAN_POINT('',(33.8500000000,-13.6500000001,5.2000000000));
#3610=CARTESIAN_POINT('',(32.5000000001,-13.6500000000,5.2000000000));

#3611=EDGE_CURVE('',#3604,#3582,#3607,.T.);
#3612=ORIENTED_EDGE('',*,*,#3611,.T.);
#3613=EDGE_LOOP('',(#3590,#3598,#3606,#3612));
#3614=FACE_BOUND('',#3613,.T.);
#3615=ADVANCED_FACE('',(#3580,#3614),#3532,.T.);
#3616=COLOUR_RGB('',0.39,0.39,0.39);
#3617=FILL_AREA_STYLE_COLOUR('',#3616);
#3618=FILL_AREA_STYLE('',(#3617));
#3619=SURFACE_STYLE_FILL_AREA(#3618);
#3620=SURFACE_STYLE_TRANSPARENT(0.00);
#3621=SURFACE_STYLE_RENDERING_WITH_PROPERTIES(.NORMAL_SHADING.,#3616,(#3620));
#3622=SURFACE_SIDE_STYLE('',(#3619, #3621));
#3623=SURFACE_STYLE_USAGE(.BOTH.,#3622);
#3624=PRESENTATION_STYLE_ASSIGNMENT((#3623));
#3625=STYLED_ITEM('',(#3624),#3615);

#3626=(
BOUNDED_SURFACE()
B_SPLINE_SURFACE(1,1,((#3627,#3628),(#3629,#3630)),.UNSPECIFIED.,.F.,.F.,.F.)
B_SPLINE_SURFACE_WITH_KNOTS((2,2),(2,2),(0.000,1.000),(0.000,1.000),.UNSPECIFIED.)
GEOMETRIC_REPRESENTATION_ITEM()
RATIONAL_B_SPLINE_SURFACE(((1.0000000000,1.0000000000),(1.0000000000,1.0000000000)))
REPRESENTATION_ITEM('')
SURFACE()
);
#3627=CARTESIAN_POINT('',(35.0750000000,-13.5133230568,8.0000000000));
#3628=CARTESIAN_POINT('',(35.0750000000,-13.5133230568,5.2000000000));
#3629=CARTESIAN_POINT('',(32.5000000000,-12.0266461137,8.0000000000));
#3630=CARTESIAN_POINT('',(32.5000000000,-12.0266461137,5.2000000000));

#3631=CARTESIAN_POINT('',(35.0750000000,-13.5133230568,8.0000000000));
#3632=VERTEX_POINT('',#3631);
#3633=(
BOUNDED_CURVE()
B_SPLINE_CURVE(1,(#3634,#3635),.UNSPECIFIED.,.F.,.F.)
B_SPLINE_CURVE_WITH_KNOTS((2,2),(0.000,1.000),.UNSPECIFIED.)
CURVE()
GEOMETRIC_REPRESENTATION_ITEM()
RATIONAL_B_SPLINE_CURVE((1.0000000000,1.0000000000))
REPRESENTATION_ITEM('')
);
#3634=CARTESIAN_POINT('',(35.0750000000,-13.5133230568,8.0000000000));
#3635=CARTESIAN_POINT('',(35.0750000000,-13.5133230568,5.2000000000));

#3636=CARTESIAN_POINT('',(35.0750000000,-13.5133230568,5.2000000000));
#3637=VERTEX_POINT('',#3636);
#3638=EDGE_CURVE('',#3632,#3637,#3633,.T.);
#3639=ORIENTED_EDGE('',*,*,#3638,.T.);
#3640=(
BOUNDED_CURVE()
B_SPLINE_CURVE(1,(#3641,#3642),.UNSPECIFIED.,.F.,.F.)
B_SPLINE_CURVE_WITH_KNOTS((2,2),(0.000,1.000),.UNSPECIFIED.)
CURVE()
GEOMETRIC_REPRESENTATION_ITEM()
RATIONAL_B_SPLINE_CURVE((1.0000000000,1.0000000000))
REPRESENTATION_ITEM('')
);
#3641=CARTESIAN_POINT('',(35.0750000000,-13.5133230568,5.2000000000));
#3642=CARTESIAN_POINT('',(32.5000000000,-12.0266461137,5.2000000000));

#3643=CARTESIAN_POINT('',(32.5000000000,-12.0266461137,5.2000000000));
#3644=VERTEX_POINT('',#3643);
#3645=EDGE_CURVE('',#3637,#3644,#3640,.T.);
#3646=ORIENTED_EDGE('',*,*,#3645,.T.);
#3647=(
BOUNDED_CURVE()
B_SPLINE_CURVE(1,(#3648,#3649),.UNSPECIFIED.,.F.,.F.)
B_SPLINE_CURVE_WITH_KNOTS((2,2),(0.000,1.000),.UNSPECIFIED.)
CURVE()
GEOMETRIC_REPRESENTATION_ITEM()
RATIONAL_B_SPLINE_CURVE((1.0000000000,1.0000000000))
REPRESENTATION_ITEM('')
);
#3648=CARTESIAN_POINT('',(32.5000000000,-12.0266461137,5.2000000000));
#3649=CARTESIAN_POINT('',(32.5000000000,-12.0266461137,8.0000000000));

#3650=CARTESIAN_POINT('',(32.5000000000,-12.0266461137,8.0000000000));
#3651=VERTEX_POINT('',#3650);
#3652=EDGE_CURVE('',#3644,#3651,#3647,.T.);
#3653=ORIENTED_EDGE('',*,*,#3652,.T.);
#3654=(
BOUNDED_CURVE()
B_SPLINE_CURVE(1,(#3655,#3656),.UNSPECIFIED.,.F.,.F.)
B_SPLINE_CURVE_WITH_KNOTS((2,2),(0.000,1.000),.UNSPECIFIED.)
CURVE()
GEOMETRIC_REPRESENTATION_ITEM()
RATIONAL_B_SPLINE_CURVE((1.0000000000,1.0000000000))
REPRESENTATION_ITEM('')
);
#3655=CARTESIAN_POINT('',(32.5000000000,-12.0266461137,8.0000000000));
#3656=CARTESIAN_POINT('',(35.0750000000,-13.5133230568,8.0000000000));

#3657=EDGE_CURVE('',#3651,#3632,#3654,.T.);
#3658=ORIENTED_EDGE('',*,*,#3657,.T.);
#3659=EDGE_LOOP('',(#3639,#3646,#3653,#3658));
#3660=FACE_OUTER_BOUND('',#3659,.T.);
#3661=ADVANCED_FACE('',(#3660),#3626,.T.);
#3662=COLOUR_RGB('',0.39,0.39,0.39);
#3663=FILL_AREA_STYLE_COLOUR('',#3662);
#3664=FILL_AREA_STYLE('',(#3663));
#3665=SURFACE_STYLE_FILL_AREA(#3664);
#3666=SURFACE_STYLE_TRANSPARENT(0.00);
#3667=SURFACE_STYLE_RENDERING_WITH_PROPERTIES(.NORMAL_SHADING.,#3662,(#3666));
#3668=SURFACE_SIDE_STYLE('',(#3665, #3667));
#3669=SURFACE_STYLE_USAGE(.BOTH.,#3668);
#3670=PRESENTATION_STYLE_ASSIGNMENT((#3669));
#3671=STYLED_ITEM('',(#3670),#3661);

#3672=(
BOUNDED_SURFACE()
B_SPLINE_SURFACE(1,1,((#3673,#3674),(#3675,#3676)),.UNSPECIFIED.,.F.,.F.,.F.)
B_SPLINE_SURFACE_WITH_KNOTS((2,2),(2,2),(0.000,1.000),(0.000,1.000),.UNSPECIFIED.)
GEOMETRIC_REPRESENTATION_ITEM()
RATIONAL_B_SPLINE_SURFACE(((1.0000000000,1.0000000000),(1.0000000000,1.0000000000)))
REPRESENTATION_ITEM('')
SURFACE()
);
#3673=CARTESIAN_POINT('',(35.0750000000,-16.4866769432,8.0000000000));
#3674=CARTESIAN_POINT('',(35.0750000000,-16.4866769432,5.2000000000));
#3675=CARTESIAN_POINT('',(35.0750000000,-13.5133230568,8.0000000000));
#3676=CARTESIAN_POINT('',(35.0750000000,-13.5133230568,5.2000000000));

#3677=CARTESIAN_POINT('',(35.0750000000,-16.4866769432,8.0000000000));
#3678=VERTEX_POINT('',#3677);
#3679=(
BOUNDED_CURVE()
B_SPLINE_CURVE(1,(#3680,#3681),.UNSPECIFIED.,.F.,.F.)
B_SPLINE_CURVE_WITH_KNOTS((2,2),(0.000,1.000),.UNSPECIFIED.)
CURVE()
GEOMETRIC_REPRESENTATION_ITEM()
RATIONAL_B_SPLINE_CURVE((1.0000000000,1.0000000000))
REPRESENTATION_ITEM('')
);
#3680=CARTESIAN_POINT('',(35.0750000000,-16.4866769432,8.0000000000));
#3681=CARTESIAN_POINT('',(35.0750000000,-16.4866769432,5.2000000000));

#3682=CARTESIAN_POINT('',(35.0750000000,-16.4866769432,5.2000000000));
#3683=VERTEX_POINT('',#3682);
#3684=EDGE_CURVE('',#3678,#3683,#3679,.T.);
#3685=ORIENTED_EDGE('',*,*,#3684,.T.);
#3686=(
BOUNDED_CURVE()
B_SPLINE_CURVE(1,(#3687,#3688),.UNSPECIFIED.,.F.,.F.)
B_SPLINE_CURVE_WITH_KNOTS((2,2),(0.000,1.000),.UNSPECIFIED.)
CURVE()
GEOMETRIC_REPRESENTATION_ITEM()
RATIONAL_B_SPLINE_CURVE((1.0000000000,1.0000000000))
REPRESENTATION_ITEM('')
);
#3687=CARTESIAN_POINT('',(35.0750000000,-16.4866769432,5.2000000000));
#3688=CARTESIAN_POINT('',(35.0750000000,-13.5133230568,5.2000000000));

#3689=CARTESIAN_POINT('',(35.0750000000,-13.5133230568,5.2000000000));
#3690=VERTEX_POINT('',#3689);
#3691=EDGE_CURVE('',#3683,#3690,#3686,.T.);
#3692=ORIENTED_EDGE('',*,*,#3691,.T.);
#3693=(
BOUNDED_CURVE()
B_SPLINE_CURVE(1,(#3694,#3695),.UNSPECIFIED.,.F.,.F.)
B_SPLINE_CURVE_WITH_KNOTS((2,2),(0.000,1.000),.UNSPECIFIED.)
CURVE()
GEOMETRIC_REPRESENTATION_ITEM()
RATIONAL_B_SPLINE_CURVE((1.0000000000,1.0000000000))
REPRESENTATION_ITEM('')
);
#3694=CARTESIAN_POINT('',(35.0750000000,-13.5133230568,5.2000000000));
#3695=CARTESIAN_POINT('',(35.0750000000,-13.5133230568,8.0000000000));

#3696=CARTESIAN_POINT('',(35.0750000000,-13.5133230568,8.0000000000));
#3697=VERTEX_POINT('',#3696);
#3698=EDGE_CURVE('',#3690,#3697,#3693,.T.);
#3699=ORIENTED_EDGE('',*,*,#3698,.T.);
#3700=(
BOUNDED_CURVE()
B_SPLINE_CURVE(1,(#3701,#3702),.UNSPECIFIED.,.F.,.F.)
B_SPLINE_CURVE_WITH_KNOTS((2,2),(0.000,1.000),.UNSPECIFIED.)
CURVE()
GEOMETRIC_REPRESENTATION_ITEM()
RATIONAL_B_SPLINE_CURVE((1.0000000000,1.0000000000))
REPRESENTATION_ITEM('')
);
#3701=CARTESIAN_POINT('',(35.0750000000,-13.5133230568,8.0000000000));
#3702=CARTESIAN_POINT('',(35.0750000000,-16.4866769432,8.0000000000));

#3703=EDGE_CURVE('',#3697,#3678,#3700,.T.);
#3704=ORIENTED_EDGE('',*,*,#3703,.T.);
#3705=EDGE_LOOP('',(#3685,#3692,#3699,#3704));
#3706=FACE_OUTER_BOUND('',#3705,.T.);
#3707=ADVANCED_FACE('',(#3706),#3672,.T.);
#3708=COLOUR_RGB('',0.39,0.39,0.39);
#3709=FILL_AREA_STYLE_COLOUR('',#3708);
#3710=FILL_AREA_STYLE('',(#3709));
#3711=SURFACE_STYLE_FILL_AREA(#3710);
#3712=SURFACE_STYLE_TRANSPARENT(0.00);
#3713=SURFACE_STYLE_RENDERING_WITH_PROPERTIES(.NORMAL_SHADING.,#3708,(#3712));
#3714=SURFACE_SIDE_STYLE('',(#3711, #3713));
#3715=SURFACE_STYLE_USAGE(.BOTH.,#3714);
#3716=PRESENTATION_STYLE_ASSIGNMENT((#3715));
#3717=STYLED_ITEM('',(#3716),#3707);

#3718=(
BOUNDED_SURFACE()
B_SPLINE_SURFACE(1,1,((#3719,#3720),(#3721,#3722)),.UNSPECIFIED.,.F.,.F.,.F.)
B_SPLINE_SURFACE_WITH_KNOTS((2,2),(2,2),(0.000,1.000),(0.000,1.000),.UNSPECIFIED.)
GEOMETRIC_REPRESENTATION_ITEM()
RATIONAL_B_SPLINE_SURFACE(((1.0000000000,1.0000000000),(1.0000000000,1.0000000000)))
REPRESENTATION_ITEM('')
SURFACE()
);
#3719=CARTESIAN_POINT('',(32.5000000000,-17.9733538863,8.0000000000));
#3720=CARTESIAN_POINT('',(32.5000000000,-17.9733538863,5.2000000000));
#3721=CARTESIAN_POINT('',(35.0750000000,-16.4866769432,8.0000000000));
#3722=CARTESIAN_POINT('',(35.0750000000,-16.4866769432,5.2000000000));

#3723=CARTESIAN_POINT('',(32.5000000000,-17.9733538863,8.0000000000));
#3724=VERTEX_POINT('',#3723);
#3725=(
BOUNDED_CURVE()
B_SPLINE_CURVE(1,(#3726,#3727),.UNSPECIFIED.,.F.,.F.)
B_SPLINE_CURVE_WITH_KNOTS((2,2),(0.000,1.000),.UNSPECIFIED.)
CURVE()
GEOMETRIC_REPRESENTATION_ITEM()
RATIONAL_B_SPLINE_CURVE((1.0000000000,1.0000000000))
REPRESENTATION_ITEM('')
);
#3726=CARTESIAN_POINT('',(32.5000000000,-17.9733538863,8.0000000000));
#3727=CARTESIAN_POINT('',(32.5000000000,-17.9733538863,5.2000000000));

#3728=CARTESIAN_POINT('',(32.5000000000,-17.9733538863,5.2000000000));
#3729=VERTEX_POINT('',#3728);
#3730=EDGE_CURVE('',#3724,#3729,#3725,.T.);
#3731=ORIENTED_EDGE('',*,*,#3730,.T.);
#3732=(
BOUNDED_CURVE()
B_SPLINE_CURVE(1,(#3733,#3734),.UNSPECIFIED.,.F.,.F.)
B_SPLINE_CURVE_WITH_KNOTS((2,2),(0.000,1.000),.UNSPECIFIED.)
CURVE()
GEOMETRIC_REPRESENTATION_ITEM()
RATIONAL_B_SPLINE_CURVE((1.0000000000,1.0000000000))
REPRESENTATION_ITEM('')
);
#3733=CARTESIAN_POINT('',(32.5000000000,-17.9733538863,5.2000000000));
#3734=CARTESIAN_POINT('',(35.0750000000,-16.4866769432,5.2000000000));

#3735=CARTESIAN_POINT('',(35.0750000000,-16.4866769432,5.2000000000));
#3736=VERTEX_POINT('',#3735);
#3737=EDGE_CURVE('',#3729,#3736,#3732,.T.);
#3738=ORIENTED_EDGE('',*,*,#3737,.T.);
#3739=(
BOUNDED_CURVE()
B_SPLINE_CURVE(1,(#3740,#3741),.UNSPECIFIED.,.F.,.F.)
B_SPLINE_CURVE_WITH_KNOTS((2,2),(0.000,1.000),.UNSPECIFIED.)
CURVE()
GEOMETRIC_REPRESENTATION_ITEM()
RATIONAL_B_SPLINE_CURVE((1.0000000000,1.0000000000))
REPRESENTATION_ITEM('')
);
#3740=CARTESIAN_POINT('',(35.0750000000,-16.4866769432,5.2000000000));
#3741=CARTESIAN_POINT('',(35.0750000000,-16.4866769432,8.0000000000));

#3742=CARTESIAN_POINT('',(35.0750000000,-16.4866769432,8.0000000000));
#3743=VERTEX_POINT('',#3742);
#3744=EDGE_CURVE('',#3736,#3743,#3739,.T.);
#3745=ORIENTED_EDGE('',*,*,#3744,.T.);
#3746=(
BOUNDED_CURVE()
B_SPLINE_CURVE(1,(#3747,#3748),.UNSPECIFIED.,.F.,.F.)
B_SPLINE_CURVE_WITH_KNOTS((2,2),(0.000,1.000),.UNSPECIFIED.)
CURVE()
GEOMETRIC_REPRESENTATION_ITEM()
RATIONAL_B_SPLINE_CURVE((1.0000000000,1.0000000000))
REPRESENTATION_ITEM('')
);
#3747=CARTESIAN_POINT('',(35.0750000000,-16.4866769432,8.0000000000));
#3748=CARTESIAN_POINT('',(32.5000000000,-17.9733538863,8.0000000000));

#3749=EDGE_CURVE('',#3743,#3724,#3746,.T.);
#3750=ORIENTED_EDGE('',*,*,#3749,.T.);
#3751=EDGE_LOOP('',(#3731,#3738,#3745,#3750));
#3752=FACE_OUTER_BOUND('',#3751,.T.);
#3753=ADVANCED_FACE('',(#3752),#3718,.T.);
#3754=COLOUR_RGB('',0.39,0.39,0.39);
#3755=FILL_AREA_STYLE_COLOUR('',#3754);
#3756=FILL_AREA_STYLE('',(#3755));
#3757=SURFACE_STYLE_FILL_AREA(#3756);
#3758=SURFACE_STYLE_TRANSPARENT(0.00);
#3759=SURFACE_STYLE_RENDERING_WITH_PROPERTIES(.NORMAL_SHADING.,#3754,(#3758));
#3760=SURFACE_SIDE_STYLE('',(#3757, #3759));
#3761=SURFACE_STYLE_USAGE(.BOTH.,#3760);
#3762=PRESENTATION_STYLE_ASSIGNMENT((#3761));
#3763=STYLED_ITEM('',(#3762),#3753);

#3764=(
BOUNDED_SURFACE()
B_SPLINE_SURFACE(1,1,((#3765,#3766),(#3767,#3768)),.UNSPECIFIED.,.F.,.F.,.F.)
B_SPLINE_SURFACE_WITH_KNOTS((2,2),(2,2),(0.000,1.000),(0.000,1.000),.UNSPECIFIED.)
GEOMETRIC_REPRESENTATION_ITEM()
RATIONAL_B_SPLINE_SURFACE(((1.0000000000,1.0000000000),(1.0000000000,1.0000000000)))
REPRESENTATION_ITEM('')
SURFACE()
);
#3765=CARTESIAN_POINT('',(29.9250000000,-16.4866769432,8.0000000000));
#3766=CARTESIAN_POINT('',(29.9250000000,-16.4866769432,5.2000000000));
#3767=CARTESIAN_POINT('',(32.5000000000,-17.9733538863,8.0000000000));
#3768=CARTESIAN_POINT('',(32.5000000000,-17.9733538863,5.2000000000));

#3769=CARTESIAN_POINT('',(29.9250000000,-16.4866769432,8.0000000000));
#3770=VERTEX_POINT('',#3769);
#3771=(
BOUNDED_CURVE()
B_SPLINE_CURVE(1,(#3772,#3773),.UNSPECIFIED.,.F.,.F.)
B_SPLINE_CURVE_WITH_KNOTS((2,2),(0.000,1.000),.UNSPECIFIED.)
CURVE()
GEOMETRIC_REPRESENTATION_ITEM()
RATIONAL_B_SPLINE_CURVE((1.0000000000,1.0000000000))
REPRESENTATION_ITEM('')
);
#3772=CARTESIAN_POINT('',(29.9250000000,-16.4866769432,8.0000000000));
#3773=CARTESIAN_POINT('',(29.9250000000,-16.4866769432,5.2000000000));

#3774=CARTESIAN_POINT('',(29.9250000000,-16.4866769432,5.2000000000));
#3775=VERTEX_POINT('',#3774);
#3776=EDGE_CURVE('',#3770,#3775,#3771,.T.);
#3777=ORIENTED_EDGE('',*,*,#3776,.T.);
#3778=(
BOUNDED_CURVE()
B_SPLINE_CURVE(1,(#3779,#3780),.UNSPECIFIED.,.F.,.F.)
B_SPLINE_CURVE_WITH_KNOTS((2,2),(0.000,1.000),.UNSPECIFIED.)
CURVE()
GEOMETRIC_REPRESENTATION_ITEM()
RATIONAL_B_SPLINE_CURVE((1.0000000000,1.0000000000))
REPRESENTATION_ITEM('')
);
#3779=CARTESIAN_POINT('',(29.9250000000,-16.4866769432,5.2000000000));
#3780=CARTESIAN_POINT('',(32.5000000000,-17.9733538863,5.2000000000));

#3781=CARTESIAN_POINT('',(32.5000000000,-17.9733538863,5.2000000000));
#3782=VERTEX_POINT('',#3781);
#3783=EDGE_CURVE('',#3775,#3782,#3778,.T.);
#3784=ORIENTED_EDGE('',*,*,#3783,.T.);
#3785=(
BOUNDED_CURVE()
B_SPLINE_CURVE(1,(#3786,#3787),.UNSPECIFIED.,.F.,.F.)
B_SPLINE_CURVE_WITH_KNOTS((2,2),(0.000,1.000),.UNSPECIFIED.)
CURVE()
GEOMETRIC_REPRESENTATION_ITEM()
RATIONAL_B_SPLINE_CURVE((1.0000000000,1.0000000000))
REPRESENTATION_ITEM('')
);
#3786=CARTESIAN_POINT('',(32.5000000000,-17.9733538863,5.2000000000));
#3787=CARTESIAN_POINT('',(32.5000000000,-17.9733538863,8.0000000000));

#3788=CARTESIAN_POINT('',(32.5000000000,-17.9733538863,8.0000000000));
#3789=VERTEX_POINT('',#3788);
#3790=EDGE_CURVE('',#3782,#3789,#3785,.T.);
#3791=ORIENTED_EDGE('',*,*,#3790,.T.);
#3792=(
BOUNDED_CURVE()
B_SPLINE_CURVE(1,(#3793,#3794),.UNSPECIFIED.,.F.,.F.)
B_SPLINE_CURVE_WITH_KNOTS((2,2),(0.000,1.000),.UNSPECIFIED.)
CURVE()
GEOMETRIC_REPRESENTATION_ITEM()
RATIONAL_B_SPLINE_CURVE((1.0000000000,1.0000000000))
REPRESENTATION_ITEM('')
);
#3793=CARTESIAN_POINT('',(32.5000000000,-17.9733538863,8.0000000000));
#3794=CARTESIAN_POINT('',(29.9250000000,-16.4866769432,8.0000000000));

#3795=EDGE_CURVE('',#3789,#3770,#3792,.T.);
#3796=ORIENTED_EDGE('',*,*,#3795,.T.);
#3797=EDGE_LOOP('',(#3777,#3784,#3791,#3796));
#3798=FACE_OUTER_BOUND('',#3797,.T.);
#3799=ADVANCED_FACE('',(#3798),#3764,.T.);
#3800=COLOUR_RGB('',0.39,0.39,0.39);
#3801=FILL_AREA_STYLE_COLOUR('',#3800);
#3802=FILL_AREA_STYLE('',(#3801));
#3803=SURFACE_STYLE_FILL_AREA(#3802);
#3804=SURFACE_STYLE_TRANSPARENT(0.00);
#3805=SURFACE_STYLE_RENDERING_WITH_PROPERTIES(.NORMAL_SHADING.,#3800,(#3804));
#3806=SURFACE_SIDE_STYLE('',(#3803, #3805));
#3807=SURFACE_STYLE_USAGE(.BOTH.,#3806);
#3808=PRESENTATION_STYLE_ASSIGNMENT((#3807));
#3809=STYLED_ITEM('',(#3808),#3799);

#3810=(
BOUNDED_SURFACE()
B_SPLINE_SURFACE(1,1,((#3811,#3812),(#3813,#3814)),.UNSPECIFIED.,.F.,.F.,.F.)
B_SPLINE_SURFACE_WITH_KNOTS((2,2),(2,2),(0.000,1.000),(0.000,1.000),.UNSPECIFIED.)
GEOMETRIC_REPRESENTATION_ITEM()
RATIONAL_B_SPLINE_SURFACE(((1.0000000000,1.0000000000),(1.0000000000,1.0000000000)))
REPRESENTATION_ITEM('')
SURFACE()
);
#3811=CARTESIAN_POINT('',(29.9250000000,-13.5133230568,8.0000000000));
#3812=CARTESIAN_POINT('',(29.9250000000,-13.5133230568,5.2000000000));
#3813=CARTESIAN_POINT('',(29.9250000000,-16.4866769432,8.0000000000));
#3814=CARTESIAN_POINT('',(29.9250000000,-16.4866769432,5.2000000000));

#3815=CARTESIAN_POINT('',(29.9250000000,-13.5133230568,8.0000000000));
#3816=VERTEX_POINT('',#3815);
#3817=(
BOUNDED_CURVE()
B_SPLINE_CURVE(1,(#3818,#3819),.UNSPECIFIED.,.F.,.F.)
B_SPLINE_CURVE_WITH_KNOTS((2,2),(0.000,1.000),.UNSPECIFIED.)
CURVE()
GEOMETRIC_REPRESENTATION_ITEM()
RATIONAL_B_SPLINE_CURVE((1.0000000000,1.0000000000))
REPRESENTATION_ITEM('')
);
#3818=CARTESIAN_POINT('',(29.9250000000,-13.5133230568,8.0000000000));
#3819=CARTESIAN_POINT('',(29.9250000000,-13.5133230568,5.2000000000));

#3820=CARTESIAN_POINT('',(29.9250000000,-13.5133230568,5.2000000000));
#3821=VERTEX_POINT('',#3820);
#3822=EDGE_CURVE('',#3816,#3821,#3817,.T.);
#3823=ORIENTED_EDGE('',*,*,#3822,.T.);
#3824=(
BOUNDED_CURVE()
B_SPLINE_CURVE(1,(#3825,#3826),.UNSPECIFIED.,.F.,.F.)
B_SPLINE_CURVE_WITH_KNOTS((2,2),(0.000,1.000),.UNSPECIFIED.)
CURVE()
GEOMETRIC_REPRESENTATION_ITEM()
RATIONAL_B_SPLINE_CURVE((1.0000000000,1.0000000000))
REPRESENTATION_ITEM('')
);
#3825=CARTESIAN_POINT('',(29.9250000000,-13.5133230568,5.2000000000));
#3826=CARTESIAN_POINT('',(29.9250000000,-16.4866769432,5.2000000000));

#3827=CARTESIAN_POINT('',(29.9250000000,-16.4866769432,5.2000000000));
#3828=VERTEX_POINT('',#3827);
#3829=EDGE_CURVE('',#3821,#3828,#3824,.T.);
#3830=ORIENTED_EDGE('',*,*,#3829,.T.);
#3831=(
BOUNDED_CURVE()
B_SPLINE_CURVE(1,(#3832,#3833),.UNSPECIFIED.,.F.,.F.)
B_SPLINE_CURVE_WITH_KNOTS((2,2),(0.000,1.000),.UNSPECIFIED.)
CURVE()
GEOMETRIC_REPRESENTATION_ITEM()
RATIONAL_B_SPLINE_CURVE((1.0000000000,1.0000000000))
REPRESENTATION_ITEM('')
);
#3832=CARTESIAN_POINT('',(29.9250000000,-16.4866769432,5.2000000000));
#3833=CARTESIAN_POINT('',(29.9250000000,-16.4866769432,8.0000000000));

#3834=CARTESIAN_POINT('',(29.9250000000,-16.4866769432,8.0000000000));
#3835=VERTEX_POINT('',#3834);
#3836=EDGE_CURVE('',#3828,#3835,#3831,.T.);
#3837=ORIENTED_EDGE('',*,*,#3836,.T.);
#3838=(
BOUNDED_CURVE()
B_SPLINE_CURVE(1,(#3839,#3840),.UNSPECIFIED.,.F.,.F.)
B_SPLINE_CURVE_WITH_KNOTS((2,2),(0.000,1.000),.UNSPECIFIED.)
CURVE()
GEOMETRIC_REPRESENTATION_ITEM()
RATIONAL_B_SPLINE_CURVE((1.0000000000,1.0000000000))
REPRESENTATION_ITEM('')
);
#3839=CARTESIAN_POINT('',(29.9250000000,-16.4866769432,8.0000000000));
#3840=CARTESIAN_POINT('',(29.9250000000,-13.5133230568,8.0000000000));

#3841=EDGE_CURVE('',#3835,#3816,#3838,.T.);
#3842=ORIENTED_EDGE('',*,*,#3841,.T.);
#3843=EDGE_LOOP('',(#3823,#3830,#3837,#3842));
#3844=FACE_OUTER_BOUND('',#3843,.T.);
#3845=ADVANCED_FACE('',(#3844),#3810,.T.);
#3846=COLOUR_RGB('',0.39,0.39,0.39);
#3847=FILL_AREA_STYLE_COLOUR('',#3846);
#3848=FILL_AREA_STYLE('',(#3847));
#3849=SURFACE_STYLE_FILL_AREA(#3848);
#3850=SURFACE_STYLE_TRANSPARENT(0.00);
#3851=SURFACE_STYLE_RENDERING_WITH_PROPERTIES(.NORMAL_SHADING.,#3846,(#3850));
#3852=SURFACE_SIDE_STYLE('',(#3849, #3851));
#3853=SURFACE_STYLE_USAGE(.BOTH.,#3852);
#3854=PRESENTATION_STYLE_ASSIGNMENT((#3853));
#3855=STYLED_ITEM('',(#3854),#3845);

#3856=(
BOUNDED_SURFACE()
B_SPLINE_SURFACE(1,1,((#3857,#3858),(#3859,#3860)),.UNSPECIFIED.,.F.,.F.,.F.)
B_SPLINE_SURFACE_WITH_KNOTS((2,2),(2,2),(0.000,1.000),(0.000,1.000),.UNSPECIFIED.)
GEOMETRIC_REPRESENTATION_ITEM()
RATIONAL_B_SPLINE_SURFACE(((1.0000000000,1.0000000000),(1.0000000000,1.0000000000)))
REPRESENTATION_ITEM('')
SURFACE()
);
#3857=CARTESIAN_POINT('',(32.5000000000,-12.0266461137,8.0000000000));
#3858=CARTESIAN_POINT('',(32.5000000000,-12.0266461137,5.2000000000));
#3859=CARTESIAN_POINT('',(29.9250000000,-13.5133230568,8.0000000000));
#3860=CARTESIAN_POINT('',(29.9250000000,-13.5133230568,5.2000000000));

#3861=CARTESIAN_POINT('',(32.5000000000,-12.0266461137,8.0000000000));
#3862=VERTEX_POINT('',#3861);
#3863=(
BOUNDED_CURVE()
B_SPLINE_CURVE(1,(#3864,#3865),.UNSPECIFIED.,.F.,.F.)
B_SPLINE_CURVE_WITH_KNOTS((2,2),(0.000,1.000),.UNSPECIFIED.)
CURVE()
GEOMETRIC_REPRESENTATION_ITEM()
RATIONAL_B_SPLINE_CURVE((1.0000000000,1.0000000000))
REPRESENTATION_ITEM('')
);
#3864=CARTESIAN_POINT('',(32.5000000000,-12.0266461137,8.0000000000));
#3865=CARTESIAN_POINT('',(32.5000000000,-12.0266461137,5.2000000000));

#3866=CARTESIAN_POINT('',(32.5000000000,-12.0266461137,5.2000000000));
#3867=VERTEX_POINT('',#3866);
#3868=EDGE_CURVE('',#3862,#3867,#3863,.T.);
#3869=ORIENTED_EDGE('',*,*,#3868,.T.);
#3870=(
BOUNDED_CURVE()
B_SPLINE_CURVE(1,(#3871,#3872),.UNSPECIFIED.,.F.,.F.)
B_SPLINE_CURVE_WITH_KNOTS((2,2),(0.000,1.000),.UNSPECIFIED.)
CURVE()
GEOMETRIC_REPRESENTATION_ITEM()
RATIONAL_B_SPLINE_CURVE((1.0000000000,1.0000000000))
REPRESENTATION_ITEM('')
);
#3871=CARTESIAN_POINT('',(32.5000000000,-12.0266461137,5.2000000000));
#3872=CARTESIAN_POINT('',(29.9250000000,-13.5133230568,5.2000000000));

#3873=CARTESIAN_POINT('',(29.9250000000,-13.5133230568,5.2000000000));
#3874=VERTEX_POINT('',#3873);
#3875=EDGE_CURVE('',#3867,#3874,#3870,.T.);
#3876=ORIENTED_EDGE('',*,*,#3875,.T.);
#3877=(
BOUNDED_CURVE()
B_SPLINE_CURVE(1,(#3878,#3879),.UNSPECIFIED.,.F.,.F.)
B_SPLINE_CURVE_WITH_KNOTS((2,2),(0.000,1.000),.UNSPECIFIED.)
CURVE()
GEOMETRIC_REPRESENTATION_ITEM()
RATIONAL_B_SPLINE_CURVE((1.0000000000,1.0000000000))
REPRESENTATION_ITEM('')
);
#3878=CARTESIAN_POINT('',(29.9250000000,-13.5133230568,5.2000000000));
#3879=CARTESIAN_POINT('',(29.9250000000,-13.5133230568,8.0000000000));

#3880=CARTESIAN_POINT('',(29.9250000000,-13.5133230568,8.0000000000));
#3881=VERTEX_POINT('',#3880);
#3882=EDGE_CURVE('',#3874,#3881,#3877,.T.);
#3883=ORIENTED_EDGE('',*,*,#3882,.T.);
#3884=(
BOUNDED_CURVE()
B_SPLINE_CURVE(1,(#3885,#3886),.UNSPECIFIED.,.F.,.F.)
B_SPLINE_CURVE_WITH_KNOTS((2,2),(0.000,1.000),.UNSPECIFIED.)
CURVE()
GEOMETRIC_REPRESENTATION_ITEM()
RATIONAL_B_SPLINE_CURVE((1.0000000000,1.0000000000))
REPRESENTATION_ITEM('')
);
#3885=CARTESIAN_POINT('',(29.9250000000,-13.5133230568,8.0000000000));
#3886=CARTESIAN_POINT('',(32.5000000000,-12.0266461137,8.0000000000));

#3887=EDGE_CURVE('',#3881,#3862,#3884,.T.);
#3888=ORIENTED_EDGE('',*,*,#3887,.T.);
#3889=EDGE_LOOP('',(#3869,#3876,#3883,#3888));
#3890=FACE_OUTER_BOUND('',#3889,.T.);
#3891=ADVANCED_FACE('',(#3890),#3856,.T.);
#3892=COLOUR_RGB('',0.39,0.39,0.39);
#3893=FILL_AREA_STYLE_COLOUR('',#3892);
#3894=FILL_AREA_STYLE('',(#3893));
#3895=SURFACE_STYLE_FILL_AREA(#3894);
#3896=SURFACE_STYLE_TRANSPARENT(0.00);
#3897=SURFACE_STYLE_RENDERING_WITH_PROPERTIES(.NORMAL_SHADING.,#3892,(#3896));
#3898=SURFACE_SIDE_STYLE('',(#3895, #3897));
#3899=SURFACE_STYLE_USAGE(.BOTH.,#3898);
#3900=PRESENTATION_STYLE_ASSIGNMENT((#3899));
#3901=STYLED_ITEM('',(#3900),#3891);

#3902=(
BOUNDED_SURFACE()
B_SPLINE_SURFACE(1,1,((#3903,#3904),(#3905,#3906)),.UNSPECIFIED.,.F.,.F.,.F.)
B_SPLINE_SURFACE_WITH_KNOTS((2,2),(2,2),(0.000,1.000),(0.000,1.000),.UNSPECIFIED.)
GEOMETRIC_REPRESENTATION_ITEM()
RATIONAL_B_SPLINE_SURFACE(((1.0000000000,1.0000000000),(1.0000000000,1.0000000000)))
REPRESENTATION_ITEM('')
SURFACE()
);
#3903=CARTESIAN_POINT('',(-29.9250000000,-17.9733538863,5.2000000000));
#3904=CARTESIAN_POINT('',(-35.0750000000,-17.9733538863,5.2000000000));
#3905=CARTESIAN_POINT('',(-29.9250000000,-12.0266461137,5.2000000000));
#3906=CARTESIAN_POINT('',(-35.0750000000,-12.0266461137,5.2000000000));

#3907=CARTESIAN_POINT('',(-29.9250000000,-13.5133230568,5.2000000000));
#3908=VERTEX_POINT('',#3907);
#3909=(
BOUNDED_CURVE()
B_SPLINE_CURVE(1,(#3910,#3911),.UNSPECIFIED.,.F.,.F.)
B_SPLINE_CURVE_WITH_KNOTS((2,2),(0.000,1.000),.UNSPECIFIED.)
CURVE()
GEOMETRIC_REPRESENTATION_ITEM()
RATIONAL_B_SPLINE_CURVE((1.0000000000,1.0000000000))
REPRESENTATION_ITEM('')
);
#3910=CARTESIAN_POINT('',(-29.9250000000,-13.5133230568,5.2000000000));
#3911=CARTESIAN_POINT('',(-29.9250000000,-16.4866769432,5.2000000000));

#3912=CARTESIAN_POINT('',(-29.9250000000,-16.4866769432,5.2000000000));
#3913=VERTEX_POINT('',#3912);
#3914=EDGE_CURVE('',#3908,#3913,#3909,.T.);
#3915=ORIENTED_EDGE('',*,*,#3914,.T.);
#3916=(
BOUNDED_CURVE()
B_SPLINE_CURVE(1,(#3917,#3918),.UNSPECIFIED.,.F.,.F.)
B_SPLINE_CURVE_WITH_KNOTS((2,2),(0.000,1.000),.UNSPECIFIED.)
CURVE()
GEOMETRIC_REPRESENTATION_ITEM()
RATIONAL_B_SPLINE_CURVE((1.0000000000,1.0000000000))
REPRESENTATION_ITEM('')
);
#3917=CARTESIAN_POINT('',(-29.9250000000,-16.4866769432,5.2000000000));
#3918=CARTESIAN_POINT('',(-32.5000000000,-17.9733538863,5.2000000000));

#3919=CARTESIAN_POINT('',(-32.5000000000,-17.9733538863,5.2000000000));
#3920=VERTEX_POINT('',#3919);
#3921=EDGE_CURVE('',#3913,#3920,#3916,.T.);
#3922=ORIENTED_EDGE('',*,*,#3921,.T.);
#3923=(
BOUNDED_CURVE()
B_SPLINE_CURVE(1,(#3924,#3925),.UNSPECIFIED.,.F.,.F.)
B_SPLINE_CURVE_WITH_KNOTS((2,2),(0.000,1.000),.UNSPECIFIED.)
CURVE()
GEOMETRIC_REPRESENTATION_ITEM()
RATIONAL_B_SPLINE_CURVE((1.0000000000,1.0000000000))
REPRESENTATION_ITEM('')
);
#3924=CARTESIAN_POINT('',(-32.5000000000,-17.9733538863,5.2000000000));
#3925=CARTESIAN_POINT('',(-35.0750000000,-16.4866769432,5.2000000000));

#3926=CARTESIAN_POINT('',(-35.0750000000,-16.4866769432,5.2000000000));
#3927=VERTEX_POINT('',#3926);
#3928=EDGE_CURVE('',#3920,#3927,#3923,.T.);
#3929=ORIENTED_EDGE('',*,*,#3928,.T.);
#3930=(
BOUNDED_CURVE()
B_SPLINE_CURVE(1,(#3931,#3932),.UNSPECIFIED.,.F.,.F.)
B_SPLINE_CURVE_WITH_KNOTS((2,2),(0.000,1.000),.UNSPECIFIED.)
CURVE()
GEOMETRIC_REPRESENTATION_ITEM()
RATIONAL_B_SPLINE_CURVE((1.0000000000,1.0000000000))
REPRESENTATION_ITEM('')
);
#3931=CARTESIAN_POINT('',(-35.0750000000,-16.4866769432,5.2000000000));
#3932=CARTESIAN_POINT('',(-35.0750000000,-13.5133230568,5.2000000000));

#3933=CARTESIAN_POINT('',(-35.0750000000,-13.5133230568,5.2000000000));
#3934=VERTEX_POINT('',#3933);
#3935=EDGE_CURVE('',#3927,#3934,#3930,.T.);
#3936=ORIENTED_EDGE('',*,*,#3935,.T.);
#3937=(
BOUNDED_CURVE()
B_SPLINE_CURVE(1,(#3938,#3939),.UNSPECIFIED.,.F.,.F.)
B_SPLINE_CURVE_WITH_KNOTS((2,2),(0.000,1.000),.UNSPECIFIED.)
CURVE()
GEOMETRIC_REPRESENTATION_ITEM()
RATIONAL_B_SPLINE_CURVE((1.0000000000,1.0000000000))
REPRESENTATION_ITEM('')
);
#3938=CARTESIAN_POINT('',(-35.0750000000,-13.5133230568,5.2000000000));
#3939=CARTESIAN_POINT('',(-32.5000000000,-12.0266461137,5.2000000000));

#3940=CARTESIAN_POINT('',(-32.5000000000,-12.0266461137,5.2000000000));
#3941=VERTEX_POINT('',#3940);
#3942=EDGE_CURVE('',#3934,#3941,#3937,.T.);
#3943=ORIENTED_EDGE('',*,*,#3942,.T.);
#3944=(
BOUNDED_CURVE()
B_SPLINE_CURVE(1,(#3945,#3946),.UNSPECIFIED.,.F.,.F.)
B_SPLINE_CURVE_WITH_KNOTS((2,2),(0.000,1.000),.UNSPECIFIED.)
CURVE()
GEOMETRIC_REPRESENTATION_ITEM()
RATIONAL_B_SPLINE_CURVE((1.0000000000,1.0000000000))
REPRESENTATION_ITEM('')
);
#3945=CARTESIAN_POINT('',(-32.5000000000,-12.0266461137,5.2000000000));
#3946=CARTESIAN_POINT('',(-29.9250000000,-13.5133230568,5.2000000000));

#3947=EDGE_CURVE('',#3941,#3908,#3944,.T.);
#3948=ORIENTED_EDGE('',*,*,#3947,.T.);
#3949=EDGE_LOOP('',(#3915,#3922,#3929,#3936,#3943,#3948));
#3950=FACE_OUTER_BOUND('',#3949,.T.);
#3951=CARTESIAN_POINT('',(-33.8500000000,-14.9999999999,5.2000000000));
#3952=VERTEX_POINT('',#3951);
#3953=(
BOUNDED_CURVE()
B_SPLINE_CURVE(2,(#3954,#3955,#3956),.UNSPECIFIED.,.F.,.F.)
B_SPLINE_CURVE_WITH_KNOTS((3,3),(0.000,1.000),.UNSPECIFIED.)
CURVE()
GEOMETRIC_REPRESENTATION_ITEM()
RATIONAL_B_SPLINE_CURVE((1.0000000000,0.7071067812,1.0000000000))
REPRESENTATION_ITEM('')
);
#3954=CARTESIAN_POINT('',(-33.8500000000,-15.0000000000,5.2000000000));
#3955=CARTESIAN_POINT('',(-33.8500000000,-16.3499999999,5.2000000000));
#3956=CARTESIAN_POINT('',(-32.5000000001,-16.3500000000,5.2000000000));

#3957=CARTESIAN_POINT('',(-32.5000000001,-16.3500000000,5.2000000000));
#3958=VERTEX_POINT('',#3957);
#3959=EDGE_CURVE('',#3952,#3958,#3953,.T.);
#3960=ORIENTED_EDGE('',*,*,#3959,.T.);
#3961=(
BOUNDED_CURVE()
B_SPLINE_CURVE(2,(#3962,#3963,#3964),.UNSPECIFIED.,.F.,.F.)
B_SPLINE_CURVE_WITH_KNOTS((3,3),(0.000,1.000),.UNSPECIFIED.)
CURVE()
GEOMETRIC_REPRESENTATION_ITEM()
RATIONAL_B_SPLINE_CURVE((1.0000000000,0.7071067812,1.0000000000))
REPRESENTATION_ITEM('')
);
#3962=CARTESIAN_POINT('',(-32.5000000000,-16.3500000000,5.2000000000));
#3963=CARTESIAN_POINT('',(-31.1500000001,-16.3500000000,5.2000000000));
#3964=CARTESIAN_POINT('',(-31.1500000000,-15.0000000001,5.2000000000));

#3965=CARTESIAN_POINT('',(-31.1500000000,-15.0000000001,5.2000000000));
#3966=VERTEX_POINT('',#3965);
#3967=EDGE_CURVE('',#3958,#3966,#3961,.T.);
#3968=ORIENTED_EDGE('',*,*,#3967,.T.);
#3969=(
BOUNDED_CURVE()
B_SPLINE_CURVE(2,(#3970,#3971,#3972),.UNSPECIFIED.,.F.,.F.)
B_SPLINE_CURVE_WITH_KNOTS((3,3),(0.000,1.000),.UNSPECIFIED.)
CURVE()
GEOMETRIC_REPRESENTATION_ITEM()
RATIONAL_B_SPLINE_CURVE((1.0000000000,0.7071067812,1.0000000000))
REPRESENTATION_ITEM('')
);
#3970=CARTESIAN_POINT('',(-31.1500000000,-15.0000000000,5.2000000000));
#3971=CARTESIAN_POINT('',(-31.1500000000,-13.6500000001,5.2000000000));
#3972=CARTESIAN_POINT('',(-32.4999999999,-13.6500000000,5.2000000000));

#3973=CARTESIAN_POINT('',(-32.4999999999,-13.6500000000,5.2000000000));
#3974=VERTEX_POINT('',#3973);
#3975=EDGE_CURVE('',#3966,#3974,#3969,.T.);
#3976=ORIENTED_EDGE('',*,*,#3975,.T.);
#3977=(
BOUNDED_CURVE()
B_SPLINE_CURVE(2,(#3978,#3979,#3980),.UNSPECIFIED.,.F.,.F.)
B_SPLINE_CURVE_WITH_KNOTS((3,3),(0.000,1.000),.UNSPECIFIED.)
CURVE()
GEOMETRIC_REPRESENTATION_ITEM()
RATIONAL_B_SPLINE_CURVE((1.0000000000,0.7071067812,1.0000000000))
REPRESENTATION_ITEM('')
);
#3978=CARTESIAN_POINT('',(-32.5000000000,-13.6500000000,5.2000000000));
#3979=CARTESIAN_POINT('',(-33.8499999999,-13.6500000000,5.2000000000));
#3980=CARTESIAN_POINT('',(-33.8500000000,-14.9999999999,5.2000000000));

#3981=EDGE_CURVE('',#3974,#3952,#3977,.T.);
#3982=ORIENTED_EDGE('',*,*,#3981,.T.);
#3983=EDGE_LOOP('',(#3960,#3968,#3976,#3982));
#3984=FACE_BOUND('',#3983,.T.);
#3985=ADVANCED_FACE('',(#3950,#3984),#3902,.T.);
#3986=COLOUR_RGB('',0.39,0.39,0.39);
#3987=FILL_AREA_STYLE_COLOUR('',#3986);
#3988=FILL_AREA_STYLE('',(#3987));
#3989=SURFACE_STYLE_FILL_AREA(#3988);
#3990=SURFACE_STYLE_TRANSPARENT(0.00);
#3991=SURFACE_STYLE_RENDERING_WITH_PROPERTIES(.NORMAL_SHADING.,#3986,(#3990));
#3992=SURFACE_SIDE_STYLE('',(#3989, #3991));
#3993=SURFACE_STYLE_USAGE(.BOTH.,#3992);
#3994=PRESENTATION_STYLE_ASSIGNMENT((#3993));
#3995=STYLED_ITEM('',(#3994),#3985);

#3996=(
BOUNDED_SURFACE()
B_SPLINE_SURFACE(1,1,((#3997,#3998),(#3999,#4000)),.UNSPECIFIED.,.F.,.F.,.F.)
B_SPLINE_SURFACE_WITH_KNOTS((2,2),(2,2),(0.000,1.000),(0.000,1.000),.UNSPECIFIED.)
GEOMETRIC_REPRESENTATION_ITEM()
RATIONAL_B_SPLINE_SURFACE(((1.0000000000,1.0000000000),(1.0000000000,1.0000000000)))
REPRESENTATION_ITEM('')
SURFACE()
);
#3997=CARTESIAN_POINT('',(-29.9250000000,-13.5133230568,8.0000000000));
#3998=CARTESIAN_POINT('',(-29.9250000000,-13.5133230568,5.2000000000));
#3999=CARTESIAN_POINT('',(-32.5000000000,-12.0266461137,8.0000000000));
#4000=CARTESIAN_POINT('',(-32.5000000000,-12.0266461137,5.2000000000));

#4001=CARTESIAN_POINT('',(-29.9250000000,-13.5133230568,8.0000000000));
#4002=VERTEX_POINT('',#4001);
#4003=(
BOUNDED_CURVE()
B_SPLINE_CURVE(1,(#4004,#4005),.UNSPECIFIED.,.F.,.F.)
B_SPLINE_CURVE_WITH_KNOTS((2,2),(0.000,1.000),.UNSPECIFIED.)
CURVE()
GEOMETRIC_REPRESENTATION_ITEM()
RATIONAL_B_SPLINE_CURVE((1.0000000000,1.0000000000))
REPRESENTATION_ITEM('')
);
#4004=CARTESIAN_POINT('',(-29.9250000000,-13.5133230568,8.0000000000));
#4005=CARTESIAN_POINT('',(-29.9250000000,-13.5133230568,5.2000000000));

#4006=CARTESIAN_POINT('',(-29.9250000000,-13.5133230568,5.2000000000));
#4007=VERTEX_POINT('',#4006);
#4008=EDGE_CURVE('',#4002,#4007,#4003,.T.);
#4009=ORIENTED_EDGE('',*,*,#4008,.T.);
#4010=(
BOUNDED_CURVE()
B_SPLINE_CURVE(1,(#4011,#4012),.UNSPECIFIED.,.F.,.F.)
B_SPLINE_CURVE_WITH_KNOTS((2,2),(0.000,1.000),.UNSPECIFIED.)
CURVE()
GEOMETRIC_REPRESENTATION_ITEM()
RATIONAL_B_SPLINE_CURVE((1.0000000000,1.0000000000))
REPRESENTATION_ITEM('')
);
#4011=CARTESIAN_POINT('',(-29.9250000000,-13.5133230568,5.2000000000));
#4012=CARTESIAN_POINT('',(-32.5000000000,-12.0266461137,5.2000000000));

#4013=CARTESIAN_POINT('',(-32.5000000000,-12.0266461137,5.2000000000));
#4014=VERTEX_POINT('',#4013);
#4015=EDGE_CURVE('',#4007,#4014,#4010,.T.);
#4016=ORIENTED_EDGE('',*,*,#4015,.T.);
#4017=(
BOUNDED_CURVE()
B_SPLINE_CURVE(1,(#4018,#4019),.UNSPECIFIED.,.F.,.F.)
B_SPLINE_CURVE_WITH_KNOTS((2,2),(0.000,1.000),.UNSPECIFIED.)
CURVE()
GEOMETRIC_REPRESENTATION_ITEM()
RATIONAL_B_SPLINE_CURVE((1.0000000000,1.0000000000))
REPRESENTATION_ITEM('')
);
#4018=CARTESIAN_POINT('',(-32.5000000000,-12.0266461137,5.2000000000));
#4019=CARTESIAN_POINT('',(-32.5000000000,-12.0266461137,8.0000000000));

#4020=CARTESIAN_POINT('',(-32.5000000000,-12.0266461137,8.0000000000));
#4021=VERTEX_POINT('',#4020);
#4022=EDGE_CURVE('',#4014,#4021,#4017,.T.);
#4023=ORIENTED_EDGE('',*,*,#4022,.T.);
#4024=(
BOUNDED_CURVE()
B_SPLINE_CURVE(1,(#4025,#4026),.UNSPECIFIED.,.F.,.F.)
B_SPLINE_CURVE_WITH_KNOTS((2,2),(0.000,1.000),.UNSPECIFIED.)
CURVE()
GEOMETRIC_REPRESENTATION_ITEM()
RATIONAL_B_SPLINE_CURVE((1.0000000000,1.0000000000))
REPRESENTATION_ITEM('')
);
#4025=CARTESIAN_POINT('',(-32.5000000000,-12.0266461137,8.0000000000));
#4026=CARTESIAN_POINT('',(-29.9250000000,-13.5133230568,8.0000000000));

#4027=EDGE_CURVE('',#4021,#4002,#4024,.T.);
#4028=ORIENTED_EDGE('',*,*,#4027,.T.);
#4029=EDGE_LOOP('',(#4009,#4016,#4023,#4028));
#4030=FACE_OUTER_BOUND('',#4029,.T.);
#4031=ADVANCED_FACE('',(#4030),#3996,.T.);
#4032=COLOUR_RGB('',0.39,0.39,0.39);
#4033=FILL_AREA_STYLE_COLOUR('',#4032);
#4034=FILL_AREA_STYLE('',(#4033));
#4035=SURFACE_STYLE_FILL_AREA(#4034);
#4036=SURFACE_STYLE_TRANSPARENT(0.00);
#4037=SURFACE_STYLE_RENDERING_WITH_PROPERTIES(.NORMAL_SHADING.,#4032,(#4036));
#4038=SURFACE_SIDE_STYLE('',(#4035, #4037));
#4039=SURFACE_STYLE_USAGE(.BOTH.,#4038);
#4040=PRESENTATION_STYLE_ASSIGNMENT((#4039));
#4041=STYLED_ITEM('',(#4040),#4031);

#4042=(
BOUNDED_SURFACE()
B_SPLINE_SURFACE(1,1,((#4043,#4044),(#4045,#4046)),.UNSPECIFIED.,.F.,.F.,.F.)
B_SPLINE_SURFACE_WITH_KNOTS((2,2),(2,2),(0.000,1.000),(0.000,1.000),.UNSPECIFIED.)
GEOMETRIC_REPRESENTATION_ITEM()
RATIONAL_B_SPLINE_SURFACE(((1.0000000000,1.0000000000),(1.0000000000,1.0000000000)))
REPRESENTATION_ITEM('')
SURFACE()
);
#4043=CARTESIAN_POINT('',(-29.9250000000,-16.4866769432,8.0000000000));
#4044=CARTESIAN_POINT('',(-29.9250000000,-16.4866769432,5.2000000000));
#4045=CARTESIAN_POINT('',(-29.9250000000,-13.5133230568,8.0000000000));
#4046=CARTESIAN_POINT('',(-29.9250000000,-13.5133230568,5.2000000000));

#4047=CARTESIAN_POINT('',(-29.9250000000,-16.4866769432,8.0000000000));
#4048=VERTEX_POINT('',#4047);
#4049=(
BOUNDED_CURVE()
B_SPLINE_CURVE(1,(#4050,#4051),.UNSPECIFIED.,.F.,.F.)
B_SPLINE_CURVE_WITH_KNOTS((2,2),(0.000,1.000),.UNSPECIFIED.)
CURVE()
GEOMETRIC_REPRESENTATION_ITEM()
RATIONAL_B_SPLINE_CURVE((1.0000000000,1.0000000000))
REPRESENTATION_ITEM('')
);
#4050=CARTESIAN_POINT('',(-29.9250000000,-16.4866769432,8.0000000000));
#4051=CARTESIAN_POINT('',(-29.9250000000,-16.4866769432,5.2000000000));

#4052=CARTESIAN_POINT('',(-29.9250000000,-16.4866769432,5.2000000000));
#4053=VERTEX_POINT('',#4052);
#4054=EDGE_CURVE('',#4048,#4053,#4049,.T.);
#4055=ORIENTED_EDGE('',*,*,#4054,.T.);
#4056=(
BOUNDED_CURVE()
B_SPLINE_CURVE(1,(#4057,#4058),.UNSPECIFIED.,.F.,.F.)
B_SPLINE_CURVE_WITH_KNOTS((2,2),(0.000,1.000),.UNSPECIFIED.)
CURVE()
GEOMETRIC_REPRESENTATION_ITEM()
RATIONAL_B_SPLINE_CURVE((1.0000000000,1.0000000000))
REPRESENTATION_ITEM('')
);
#4057=CARTESIAN_POINT('',(-29.9250000000,-16.4866769432,5.2000000000));
#4058=CARTESIAN_POINT('',(-29.9250000000,-13.5133230568,5.2000000000));

#4059=CARTESIAN_POINT('',(-29.9250000000,-13.5133230568,5.2000000000));
#4060=VERTEX_POINT('',#4059);
#4061=EDGE_CURVE('',#4053,#4060,#4056,.T.);
#4062=ORIENTED_EDGE('',*,*,#4061,.T.);
#4063=(
BOUNDED_CURVE()
B_SPLINE_CURVE(1,(#4064,#4065),.UNSPECIFIED.,.F.,.F.)
B_SPLINE_CURVE_WITH_KNOTS((2,2),(0.000,1.000),.UNSPECIFIED.)
CURVE()
GEOMETRIC_REPRESENTATION_ITEM()
RATIONAL_B_SPLINE_CURVE((1.0000000000,1.0000000000))
REPRESENTATION_ITEM('')
);
#4064=CARTESIAN_POINT('',(-29.9250000000,-13.5133230568,5.2000000000));
#4065=CARTESIAN_POINT('',(-29.9250000000,-13.5133230568,8.0000000000));

#4066=CARTESIAN_POINT('',(-29.9250000000,-13.5133230568,8.0000000000));
#4067=VERTEX_POINT('',#4066);
#4068=EDGE_CURVE('',#4060,#4067,#4063,.T.);
#4069=ORIENTED_EDGE('',*,*,#4068,.T.);
#4070=(
BOUNDED_CURVE()
B_SPLINE_CURVE(1,(#4071,#4072),.UNSPECIFIED.,.F.,.F.)
B_SPLINE_CURVE_WITH_KNOTS((2,2),(0.000,1.000),.UNSPECIFIED.)
CURVE()
GEOMETRIC_REPRESENTATION_ITEM()
RATIONAL_B_SPLINE_CURVE((1.0000000000,1.0000000000))
REPRESENTATION_ITEM('')
);
#4071=CARTESIAN_POINT('',(-29.9250000000,-13.5133230568,8.0000000000));
#4072=CARTESIAN_POINT('',(-29.9250000000,-16.4866769432,8.0000000000));

#4073=EDGE_CURVE('',#4067,#4048,#4070,.T.);
#4074=ORIENTED_EDGE('',*,*,#4073,.T.);
#4075=EDGE_LOOP('',(#4055,#4062,#4069,#4074));
#4076=FACE_OUTER_BOUND('',#4075,.T.);
#4077=ADVANCED_FACE('',(#4076),#4042,.T.);
#4078=COLOUR_RGB('',0.39,0.39,0.39);
#4079=FILL_AREA_STYLE_COLOUR('',#4078);
#4080=FILL_AREA_STYLE('',(#4079));
#4081=SURFACE_STYLE_FILL_AREA(#4080);
#4082=SURFACE_STYLE_TRANSPARENT(0.00);
#4083=SURFACE_STYLE_RENDERING_WITH_PROPERTIES(.NORMAL_SHADING.,#4078,(#4082));
#4084=SURFACE_SIDE_STYLE('',(#4081, #4083));
#4085=SURFACE_STYLE_USAGE(.BOTH.,#4084);
#4086=PRESENTATION_STYLE_ASSIGNMENT((#4085));
#4087=STYLED_ITEM('',(#4086),#4077);

#4088=(
BOUNDED_SURFACE()
B_SPLINE_SURFACE(1,1,((#4089,#4090),(#4091,#4092)),.UNSPECIFIED.,.F.,.F.,.F.)
B_SPLINE_SURFACE_WITH_KNOTS((2,2),(2,2),(0.000,1.000),(0.000,1.000),.UNSPECIFIED.)
GEOMETRIC_REPRESENTATION_ITEM()
RATIONAL_B_SPLINE_SURFACE(((1.0000000000,1.0000000000),(1.0000000000,1.0000000000)))
REPRESENTATION_ITEM('')
SURFACE()
);
#4089=CARTESIAN_POINT('',(-32.5000000000,-17.9733538863,8.0000000000));
#4090=CARTESIAN_POINT('',(-32.5000000000,-17.9733538863,5.2000000000));
#4091=CARTESIAN_POINT('',(-29.9250000000,-16.4866769432,8.0000000000));
#4092=CARTESIAN_POINT('',(-29.9250000000,-16.4866769432,5.2000000000));

#4093=CARTESIAN_POINT('',(-32.5000000000,-17.9733538863,8.0000000000));
#4094=VERTEX_POINT('',#4093);
#4095=(
BOUNDED_CURVE()
B_SPLINE_CURVE(1,(#4096,#4097),.UNSPECIFIED.,.F.,.F.)
B_SPLINE_CURVE_WITH_KNOTS((2,2),(0.000,1.000),.UNSPECIFIED.)
CURVE()
GEOMETRIC_REPRESENTATION_ITEM()
RATIONAL_B_SPLINE_CURVE((1.0000000000,1.0000000000))
REPRESENTATION_ITEM('')
);
#4096=CARTESIAN_POINT('',(-32.5000000000,-17.9733538863,8.0000000000));
#4097=CARTESIAN_POINT('',(-32.5000000000,-17.9733538863,5.2000000000));

#4098=CARTESIAN_POINT('',(-32.5000000000,-17.9733538863,5.2000000000));
#4099=VERTEX_POINT('',#4098);
#4100=EDGE_CURVE('',#4094,#4099,#4095,.T.);
#4101=ORIENTED_EDGE('',*,*,#4100,.T.);
#4102=(
BOUNDED_CURVE()
B_SPLINE_CURVE(1,(#4103,#4104),.UNSPECIFIED.,.F.,.F.)
B_SPLINE_CURVE_WITH_KNOTS((2,2),(0.000,1.000),.UNSPECIFIED.)
CURVE()
GEOMETRIC_REPRESENTATION_ITEM()
RATIONAL_B_SPLINE_CURVE((1.0000000000,1.0000000000))
REPRESENTATION_ITEM('')
);
#4103=CARTESIAN_POINT('',(-32.5000000000,-17.9733538863,5.2000000000));
#4104=CARTESIAN_POINT('',(-29.9250000000,-16.4866769432,5.2000000000));

#4105=CARTESIAN_POINT('',(-29.9250000000,-16.4866769432,5.2000000000));
#4106=VERTEX_POINT('',#4105);
#4107=EDGE_CURVE('',#4099,#4106,#4102,.T.);
#4108=ORIENTED_EDGE('',*,*,#4107,.T.);
#4109=(
BOUNDED_CURVE()
B_SPLINE_CURVE(1,(#4110,#4111),.UNSPECIFIED.,.F.,.F.)
B_SPLINE_CURVE_WITH_KNOTS((2,2),(0.000,1.000),.UNSPECIFIED.)
CURVE()
GEOMETRIC_REPRESENTATION_ITEM()
RATIONAL_B_SPLINE_CURVE((1.0000000000,1.0000000000))
REPRESENTATION_ITEM('')
);
#4110=CARTESIAN_POINT('',(-29.9250000000,-16.4866769432,5.2000000000));
#4111=CARTESIAN_POINT('',(-29.9250000000,-16.4866769432,8.0000000000));

#4112=CARTESIAN_POINT('',(-29.9250000000,-16.4866769432,8.0000000000));
#4113=VERTEX_POINT('',#4112);
#4114=EDGE_CURVE('',#4106,#4113,#4109,.T.);
#4115=ORIENTED_EDGE('',*,*,#4114,.T.);
#4116=(
BOUNDED_CURVE()
B_SPLINE_CURVE(1,(#4117,#4118),.UNSPECIFIED.,.F.,.F.)
B_SPLINE_CURVE_WITH_KNOTS((2,2),(0.000,1.000),.UNSPECIFIED.)
CURVE()
GEOMETRIC_REPRESENTATION_ITEM()
RATIONAL_B_SPLINE_CURVE((1.0000000000,1.0000000000))
REPRESENTATION_ITEM('')
);
#4117=CARTESIAN_POINT('',(-29.9250000000,-16.4866769432,8.0000000000));
#4118=CARTESIAN_POINT('',(-32.5000000000,-17.9733538863,8.0000000000));

#4119=EDGE_CURVE('',#4113,#4094,#4116,.T.);
#4120=ORIENTED_EDGE('',*,*,#4119,.T.);
#4121=EDGE_LOOP('',(#4101,#4108,#4115,#4120));
#4122=FACE_OUTER_BOUND('',#4121,.T.);
#4123=ADVANCED_FACE('',(#4122),#4088,.T.);
#4124=COLOUR_RGB('',0.39,0.39,0.39);
#4125=FILL_AREA_STYLE_COLOUR('',#4124);
#4126=FILL_AREA_STYLE('',(#4125));
#4127=SURFACE_STYLE_FILL_AREA(#4126);
#4128=SURFACE_STYLE_TRANSPARENT(0.00);
#4129=SURFACE_STYLE_RENDERING_WITH_PROPERTIES(.NORMAL_SHADING.,#4124,(#4128));
#4130=SURFACE_SIDE_STYLE('',(#4127, #4129));
#4131=SURFACE_STYLE_USAGE(.BOTH.,#4130);
#4132=PRESENTATION_STYLE_ASSIGNMENT((#4131));
#4133=STYLED_ITEM('',(#4132),#4123);

#4134=(
BOUNDED_SURFACE()
B_SPLINE_SURFACE(1,1,((#4135,#4136),(#4137,#4138)),.UNSPECIFIED.,.F.,.F.,.F.)
B_SPLINE_SURFACE_WITH_KNOTS((2,2),(2,2),(0.000,1.000),(0.000,1.000),.UNSPECIFIED.)
GEOMETRIC_REPRESENTATION_ITEM()
RATIONAL_B_SPLINE_SURFACE(((1.0000000000,1.0000000000),(1.0000000000,1.0000000000)))
REPRESENTATION_ITEM('')
SURFACE()
);
#4135=CARTESIAN_POINT('',(-35.0750000000,-16.4866769432,8.0000000000));
#4136=CARTESIAN_POINT('',(-35.0750000000,-16.4866769432,5.2000000000));
#4137=CARTESIAN_POINT('',(-32.5000000000,-17.9733538863,8.0000000000));
#4138=CARTESIAN_POINT('',(-32.5000000000,-17.9733538863,5.2000000000));

#4139=CARTESIAN_POINT('',(-35.0750000000,-16.4866769432,8.0000000000));
#4140=VERTEX_POINT('',#4139);
#4141=(
BOUNDED_CURVE()
B_SPLINE_CURVE(1,(#4142,#4143),.UNSPECIFIED.,.F.,.F.)
B_SPLINE_CURVE_WITH_KNOTS((2,2),(0.000,1.000),.UNSPECIFIED.)
CURVE()
GEOMETRIC_REPRESENTATION_ITEM()
RATIONAL_B_SPLINE_CURVE((1.0000000000,1.0000000000))
REPRESENTATION_ITEM('')
);
#4142=CARTESIAN_POINT('',(-35.0750000000,-16.4866769432,8.0000000000));
#4143=CARTESIAN_POINT('',(-35.0750000000,-16.4866769432,5.2000000000));

#4144=CARTESIAN_POINT('',(-35.0750000000,-16.4866769432,5.2000000000));
#4145=VERTEX_POINT('',#4144);
#4146=EDGE_CURVE('',#4140,#4145,#4141,.T.);
#4147=ORIENTED_EDGE('',*,*,#4146,.T.);
#4148=(
BOUNDED_CURVE()
B_SPLINE_CURVE(1,(#4149,#4150),.UNSPECIFIED.,.F.,.F.)
B_SPLINE_CURVE_WITH_KNOTS((2,2),(0.000,1.000),.UNSPECIFIED.)
CURVE()
GEOMETRIC_REPRESENTATION_ITEM()
RATIONAL_B_SPLINE_CURVE((1.0000000000,1.0000000000))
REPRESENTATION_ITEM('')
);
#4149=CARTESIAN_POINT('',(-35.0750000000,-16.4866769432,5.2000000000));
#4150=CARTESIAN_POINT('',(-32.5000000000,-17.9733538863,5.2000000000));

#4151=CARTESIAN_POINT('',(-32.5000000000,-17.9733538863,5.2000000000));
#4152=VERTEX_POINT('',#4151);
#4153=EDGE_CURVE('',#4145,#4152,#4148,.T.);
#4154=ORIENTED_EDGE('',*,*,#4153,.T.);
#4155=(
BOUNDED_CURVE()
B_SPLINE_CURVE(1,(#4156,#4157),.UNSPECIFIED.,.F.,.F.)
B_SPLINE_CURVE_WITH_KNOTS((2,2),(0.000,1.000),.UNSPECIFIED.)
CURVE()
GEOMETRIC_REPRESENTATION_ITEM()
RATIONAL_B_SPLINE_CURVE((1.0000000000,1.0000000000))
REPRESENTATION_ITEM('')
);
#4156=CARTESIAN_POINT('',(-32.5000000000,-17.9733538863,5.2000000000));
#4157=CARTESIAN_POINT('',(-32.5000000000,-17.9733538863,8.0000000000));

#4158=CARTESIAN_POINT('',(-32.5000000000,-17.9733538863,8.0000000000));
#4159=VERTEX_POINT('',#4158);
#4160=EDGE_CURVE('',#4152,#4159,#4155,.T.);
#4161=ORIENTED_EDGE('',*,*,#4160,.T.);
#4162=(
BOUNDED_CURVE()
B_SPLINE_CURVE(1,(#4163,#4164),.UNSPECIFIED.,.F.,.F.)
B_SPLINE_CURVE_WITH_KNOTS((2,2),(0.000,1.000),.UNSPECIFIED.)
CURVE()
GEOMETRIC_REPRESENTATION_ITEM()
RATIONAL_B_SPLINE_CURVE((1.0000000000,1.0000000000))
REPRESENTATION_ITEM('')
);
#4163=CARTESIAN_POINT('',(-32.5000000000,-17.9733538863,8.0000000000));
#4164=CARTESIAN_POINT('',(-35.0750000000,-16.4866769432,8.0000000000));

#4165=EDGE_CURVE('',#4159,#4140,#4162,.T.);
#4166=ORIENTED_EDGE('',*,*,#4165,.T.);
#4167=EDGE_LOOP('',(#4147,#4154,#4161,#4166));
#4168=FACE_OUTER_BOUND('',#4167,.T.);
#4169=ADVANCED_FACE('',(#4168),#4134,.T.);
#4170=COLOUR_RGB('',0.39,0.39,0.39);
#4171=FILL_AREA_STYLE_COLOUR('',#4170);
#4172=FILL_AREA_STYLE('',(#4171));
#4173=SURFACE_STYLE_FILL_AREA(#4172);
#4174=SURFACE_STYLE_TRANSPARENT(0.00);
#4175=SURFACE_STYLE_RENDERING_WITH_PROPERTIES(.NORMAL_SHADING.,#4170,(#4174));
#4176=SURFACE_SIDE_STYLE('',(#4173, #4175));
#4177=SURFACE_STYLE_USAGE(.BOTH.,#4176);
#4178=PRESENTATION_STYLE_ASSIGNMENT((#4177));
#4179=STYLED_ITEM('',(#4178),#4169);

#4180=(
BOUNDED_SURFACE()
B_SPLINE_SURFACE(1,1,((#4181,#4182),(#4183,#4184)),.UNSPECIFIED.,.F.,.F.,.F.)
B_SPLINE_SURFACE_WITH_KNOTS((2,2),(2,2),(0.000,1.000),(0.000,1.000),.UNSPECIFIED.)
GEOMETRIC_REPRESENTATION_ITEM()
RATIONAL_B_SPLINE_SURFACE(((1.0000000000,1.0000000000),(1.0000000000,1.0000000000)))
REPRESENTATION_ITEM('')
SURFACE()
);
#4181=CARTESIAN_POINT('',(-35.0750000000,-13.5133230568,8.0000000000));
#4182=CARTESIAN_POINT('',(-35.0750000000,-13.5133230568,5.2000000000));
#4183=CARTESIAN_POINT('',(-35.0750000000,-16.4866769432,8.0000000000));
#4184=CARTESIAN_POINT('',(-35.0750000000,-16.4866769432,5.2000000000));

#4185=CARTESIAN_POINT('',(-35.0750000000,-13.5133230568,8.0000000000));
#4186=VERTEX_POINT('',#4185);
#4187=(
BOUNDED_CURVE()
B_SPLINE_CURVE(1,(#4188,#4189),.UNSPECIFIED.,.F.,.F.)
B_SPLINE_CURVE_WITH_KNOTS((2,2),(0.000,1.000),.UNSPECIFIED.)
CURVE()
GEOMETRIC_REPRESENTATION_ITEM()
RATIONAL_B_SPLINE_CURVE((1.0000000000,1.0000000000))
REPRESENTATION_ITEM('')
);
#4188=CARTESIAN_POINT('',(-35.0750000000,-13.5133230568,8.0000000000));
#4189=CARTESIAN_POINT('',(-35.0750000000,-13.5133230568,5.2000000000));

#4190=CARTESIAN_POINT('',(-35.0750000000,-13.5133230568,5.2000000000));
#4191=VERTEX_POINT('',#4190);
#4192=EDGE_CURVE('',#4186,#4191,#4187,.T.);
#4193=ORIENTED_EDGE('',*,*,#4192,.T.);
#4194=(
BOUNDED_CURVE()
B_SPLINE_CURVE(1,(#4195,#4196),.UNSPECIFIED.,.F.,.F.)
B_SPLINE_CURVE_WITH_KNOTS((2,2),(0.000,1.000),.UNSPECIFIED.)
CURVE()
GEOMETRIC_REPRESENTATION_ITEM()
RATIONAL_B_SPLINE_CURVE((1.0000000000,1.0000000000))
REPRESENTATION_ITEM('')
);
#4195=CARTESIAN_POINT('',(-35.0750000000,-13.5133230568,5.2000000000));
#4196=CARTESIAN_POINT('',(-35.0750000000,-16.4866769432,5.2000000000));

#4197=CARTESIAN_POINT('',(-35.0750000000,-16.4866769432,5.2000000000));
#4198=VERTEX_POINT('',#4197);
#4199=EDGE_CURVE('',#4191,#4198,#4194,.T.);
#4200=ORIENTED_EDGE('',*,*,#4199,.T.);
#4201=(
BOUNDED_CURVE()
B_SPLINE_CURVE(1,(#4202,#4203),.UNSPECIFIED.,.F.,.F.)
B_SPLINE_CURVE_WITH_KNOTS((2,2),(0.000,1.000),.UNSPECIFIED.)
CURVE()
GEOMETRIC_REPRESENTATION_ITEM()
RATIONAL_B_SPLINE_CURVE((1.0000000000,1.0000000000))
REPRESENTATION_ITEM('')
);
#4202=CARTESIAN_POINT('',(-35.0750000000,-16.4866769432,5.2000000000));
#4203=CARTESIAN_POINT('',(-35.0750000000,-16.4866769432,8.0000000000));

#4204=CARTESIAN_POINT('',(-35.0750000000,-16.4866769432,8.0000000000));
#4205=VERTEX_POINT('',#4204);
#4206=EDGE_CURVE('',#4198,#4205,#4201,.T.);
#4207=ORIENTED_EDGE('',*,*,#4206,.T.);
#4208=(
BOUNDED_CURVE()
B_SPLINE_CURVE(1,(#4209,#4210),.UNSPECIFIED.,.F.,.F.)
B_SPLINE_CURVE_WITH_KNOTS((2,2),(0.000,1.000),.UNSPECIFIED.)
CURVE()
GEOMETRIC_REPRESENTATION_ITEM()
RATIONAL_B_SPLINE_CURVE((1.0000000000,1.0000000000))
REPRESENTATION_ITEM('')
);
#4209=CARTESIAN_POINT('',(-35.0750000000,-16.4866769432,8.0000000000));
#4210=CARTESIAN_POINT('',(-35.0750000000,-13.5133230568,8.0000000000));

#4211=EDGE_CURVE('',#4205,#4186,#4208,.T.);
#4212=ORIENTED_EDGE('',*,*,#4211,.T.);
#4213=EDGE_LOOP('',(#4193,#4200,#4207,#4212));
#4214=FACE_OUTER_BOUND('',#4213,.T.);
#4215=ADVANCED_FACE('',(#4214),#4180,.T.);
#4216=COLOUR_RGB('',0.39,0.39,0.39);
#4217=FILL_AREA_STYLE_COLOUR('',#4216);
#4218=FILL_AREA_STYLE('',(#4217));
#4219=SURFACE_STYLE_FILL_AREA(#4218);
#4220=SURFACE_STYLE_TRANSPARENT(0.00);
#4221=SURFACE_STYLE_RENDERING_WITH_PROPERTIES(.NORMAL_SHADING.,#4216,(#4220));
#4222=SURFACE_SIDE_STYLE('',(#4219, #4221));
#4223=SURFACE_STYLE_USAGE(.BOTH.,#4222);
#4224=PRESENTATION_STYLE_ASSIGNMENT((#4223));
#4225=STYLED_ITEM('',(#4224),#4215);

#4226=(
BOUNDED_SURFACE()
B_SPLINE_SURFACE(1,1,((#4227,#4228),(#4229,#4230)),.UNSPECIFIED.,.F.,.F.,.F.)
B_SPLINE_SURFACE_WITH_KNOTS((2,2),(2,2),(0.000,1.000),(0.000,1.000),.UNSPECIFIED.)
GEOMETRIC_REPRESENTATION_ITEM()
RATIONAL_B_SPLINE_SURFACE(((1.0000000000,1.0000000000),(1.0000000000,1.0000000000)))
REPRESENTATION_ITEM('')
SURFACE()
);
#4227=CARTESIAN_POINT('',(-32.5000000000,-12.0266461137,8.0000000000));
#4228=CARTESIAN_POINT('',(-32.5000000000,-12.0266461137,5.2000000000));
#4229=CARTESIAN_POINT('',(-35.0750000000,-13.5133230568,8.0000000000));
#4230=CARTESIAN_POINT('',(-35.0750000000,-13.5133230568,5.2000000000));

#4231=CARTESIAN_POINT('',(-32.5000000000,-12.0266461137,8.0000000000));
#4232=VERTEX_POINT('',#4231);
#4233=(
BOUNDED_CURVE()
B_SPLINE_CURVE(1,(#4234,#4235),.UNSPECIFIED.,.F.,.F.)
B_SPLINE_CURVE_WITH_KNOTS((2,2),(0.000,1.000),.UNSPECIFIED.)
CURVE()
GEOMETRIC_REPRESENTATION_ITEM()
RATIONAL_B_SPLINE_CURVE((1.0000000000,1.0000000000))
REPRESENTATION_ITEM('')
);
#4234=CARTESIAN_POINT('',(-32.5000000000,-12.0266461137,8.0000000000));
#4235=CARTESIAN_POINT('',(-32.5000000000,-12.0266461137,5.2000000000));

#4236=CARTESIAN_POINT('',(-32.5000000000,-12.0266461137,5.2000000000));
#4237=VERTEX_POINT('',#4236);
#4238=EDGE_CURVE('',#4232,#4237,#4233,.T.);
#4239=ORIENTED_EDGE('',*,*,#4238,.T.);
#4240=(
BOUNDED_CURVE()
B_SPLINE_CURVE(1,(#4241,#4242),.UNSPECIFIED.,.F.,.F.)
B_SPLINE_CURVE_WITH_KNOTS((2,2),(0.000,1.000),.UNSPECIFIED.)
CURVE()
GEOMETRIC_REPRESENTATION_ITEM()
RATIONAL_B_SPLINE_CURVE((1.0000000000,1.0000000000))
REPRESENTATION_ITEM('')
);
#4241=CARTESIAN_POINT('',(-32.5000000000,-12.0266461137,5.2000000000));
#4242=CARTESIAN_POINT('',(-35.0750000000,-13.5133230568,5.2000000000));

#4243=CARTESIAN_POINT('',(-35.0750000000,-13.5133230568,5.2000000000));
#4244=VERTEX_POINT('',#4243);
#4245=EDGE_CURVE('',#4237,#4244,#4240,.T.);
#4246=ORIENTED_EDGE('',*,*,#4245,.T.);
#4247=(
BOUNDED_CURVE()
B_SPLINE_CURVE(1,(#4248,#4249),.UNSPECIFIED.,.F.,.F.)
B_SPLINE_CURVE_WITH_KNOTS((2,2),(0.000,1.000),.UNSPECIFIED.)
CURVE()
GEOMETRIC_REPRESENTATION_ITEM()
RATIONAL_B_SPLINE_CURVE((1.0000000000,1.0000000000))
REPRESENTATION_ITEM('')
);
#4248=CARTESIAN_POINT('',(-35.0750000000,-13.5133230568,5.2000000000));
#4249=CARTESIAN_POINT('',(-35.0750000000,-13.5133230568,8.0000000000));

#4250=CARTESIAN_POINT('',(-35.0750000000,-13.5133230568,8.0000000000));
#4251=VERTEX_POINT('',#4250);
#4252=EDGE_CURVE('',#4244,#4251,#4247,.T.);
#4253=ORIENTED_EDGE('',*,*,#4252,.T.);
#4254=(
BOUNDED_CURVE()
B_SPLINE_CURVE(1,(#4255,#4256),.UNSPECIFIED.,.F.,.F.)
B_SPLINE_CURVE_WITH_KNOTS((2,2),(0.000,1.000),.UNSPECIFIED.)
CURVE()
GEOMETRIC_REPRESENTATION_ITEM()
RATIONAL_B_SPLINE_CURVE((1.0000000000,1.0000000000))
REPRESENTATION_ITEM('')
);
#4255=CARTESIAN_POINT('',(-35.0750000000,-13.5133230568,8.0000000000));
#4256=CARTESIAN_POINT('',(-32.5000000000,-12.0266461137,8.0000000000));

#4257=EDGE_CURVE('',#4251,#4232,#4254,.T.);
#4258=ORIENTED_EDGE('',*,*,#4257,.T.);
#4259=EDGE_LOOP('',(#4239,#4246,#4253,#4258));
#4260=FACE_OUTER_BOUND('',#4259,.T.);
#4261=ADVANCED_FACE('',(#4260),#4226,.T.);
#4262=COLOUR_RGB('',0.39,0.39,0.39);
#4263=FILL_AREA_STYLE_COLOUR('',#4262);
#4264=FILL_AREA_STYLE('',(#4263));
#4265=SURFACE_STYLE_FILL_AREA(#4264);
#4266=SURFACE_STYLE_TRANSPARENT(0.00);
#4267=SURFACE_STYLE_RENDERING_WITH_PROPERTIES(.NORMAL_SHADING.,#4262,(#4266));
#4268=SURFACE_SIDE_STYLE('',(#4265, #4267));
#4269=SURFACE_STYLE_USAGE(.BOTH.,#4268);
#4270=PRESENTATION_STYLE_ASSIGNMENT((#4269));
#4271=STYLED_ITEM('',(#4270),#4261);

#4272=(
BOUNDED_SURFACE()
B_SPLINE_SURFACE(1,1,((#4273,#4274),(#4275,#4276)),.UNSPECIFIED.,.F.,.F.,.F.)
B_SPLINE_SURFACE_WITH_KNOTS((2,2),(2,2),(0.000,1.000),(0.000,1.000),.UNSPECIFIED.)
GEOMETRIC_REPRESENTATION_ITEM()
RATIONAL_B_SPLINE_SURFACE(((1.0000000000,1.0000000000),(1.0000000000,1.0000000000)))
REPRESENTATION_ITEM('')
SURFACE()
);
#4273=CARTESIAN_POINT('',(-29.0000000000,17.5000000000,4.0000000000));
#4274=CARTESIAN_POINT('',(-29.0000000000,17.5000000000,8.0000000000));
#4275=CARTESIAN_POINT('',(29.0000000000,17.5000000000,4.0000000000));
#4276=CARTESIAN_POINT('',(29.0000000000,17.5000000000,8.0000000000));

#4277=CARTESIAN_POINT('',(29.0000000000,17.5000000000,8.0000000000));
#4278=VERTEX_POINT('',#4277);
#4279=(
BOUNDED_CURVE()
B_SPLINE_CURVE(1,(#4280,#4281),.UNSPECIFIED.,.F.,.F.)
B_SPLINE_CURVE_WITH_KNOTS((2,2),(0.000,1.000),.UNSPECIFIED.)
CURVE()
GEOMETRIC_REPRESENTATION_ITEM()
RATIONAL_B_SPLINE_CURVE((1.0000000000,1.0000000000))
REPRESENTATION_ITEM('')
);
#4280=CARTESIAN_POINT('',(29.0000000000,17.5000000000,8.0000000000));
#4281=CARTESIAN_POINT('',(29.0000000000,17.5000000000,4.0000000000));

#4282=CARTESIAN_POINT('',(29.0000000000,17.5000000000,4.0000000000));
#4283=VERTEX_POINT('',#4282);
#4284=EDGE_CURVE('',#4278,#4283,#4279,.T.);
#4285=ORIENTED_EDGE('',*,*,#4284,.T.);
#4286=(
BOUNDED_CURVE()
B_SPLINE_CURVE(1,(#4287,#4288),.UNSPECIFIED.,.F.,.F.)
B_SPLINE_CURVE_WITH_KNOTS((2,2),(0.000,1.000),.UNSPECIFIED.)
CURVE()
GEOMETRIC_REPRESENTATION_ITEM()
RATIONAL_B_SPLINE_CURVE((1.0000000000,1.0000000000))
REPRESENTATION_ITEM('')
);
#4287=CARTESIAN_POINT('',(29.0000000000,17.5000000000,4.0000000000));
#4288=CARTESIAN_POINT('',(-29.0000000000,17.5000000000,4.0000000000));

#4289=CARTESIAN_POINT('',(-29.0000000000,17.5000000000,4.0000000000));
#4290=VERTEX_POINT('',#4289);
#4291=EDGE_CURVE('',#4283,#4290,#4286,.T.);
#4292=ORIENTED_EDGE('',*,*,#4291,.T.);
#4293=(
BOUNDED_CURVE()
B_SPLINE_CURVE(1,(#4294,#4295),.UNSPECIFIED.,.F.,.F.)
B_SPLINE_CURVE_WITH_KNOTS((2,2),(0.000,1.000),.UNSPECIFIED.)
CURVE()
GEOMETRIC_REPRESENTATION_ITEM()
RATIONAL_B_SPLINE_CURVE((1.0000000000,1.0000000000))
REPRESENTATION_ITEM('')
);
#4294=CARTESIAN_POINT('',(-29.0000000000,17.5000000000,4.0000000000));
#4295=CARTESIAN_POINT('',(-29.0000000000,17.5000000000,8.0000000000));

#4296=CARTESIAN_POINT('',(-29.0000000000,17.5000000000,8.0000000000));
#4297=VERTEX_POINT('',#4296);
#4298=EDGE_CURVE('',#4290,#4297,#4293,.T.);
#4299=ORIENTED_EDGE('',*,*,#4298,.T.);
#4300=(
BOUNDED_CURVE()
B_SPLINE_CURVE(1,(#4301,#4302),.UNSPECIFIED.,.F.,.F.)
B_SPLINE_CURVE_WITH_KNOTS((2,2),(0.000,1.000),.UNSPECIFIED.)
CURVE()
GEOMETRIC_REPRESENTATION_ITEM()
RATIONAL_B_SPLINE_CURVE((1.0000000000,1.0000000000))
REPRESENTATION_ITEM('')
);
#4301=CARTESIAN_POINT('',(-29.0000000000,17.5000000000,8.0000000000));
#4302=CARTESIAN_POINT('',(29.0000000000,17.5000000000,8.0000000000));

#4303=EDGE_CURVE('',#4297,#4278,#4300,.T.);
#4304=ORIENTED_EDGE('',*,*,#4303,.T.);
#4305=EDGE_LOOP('',(#4285,#4292,#4299,#4304));
#4306=FACE_OUTER_BOUND('',#4305,.T.);
#4307=ADVANCED_FACE('',(#4306),#4272,.T.);
#4308=COLOUR_RGB('',0.39,0.39,0.39);
#4309=FILL_AREA_STYLE_COLOUR('',#4308);
#4310=FILL_AREA_STYLE('',(#4309));
#4311=SURFACE_STYLE_FILL_AREA(#4310);
#4312=SURFACE_STYLE_TRANSPARENT(0.00);
#4313=SURFACE_STYLE_RENDERING_WITH_PROPERTIES(.NORMAL_SHADING.,#4308,(#4312));
#4314=SURFACE_SIDE_STYLE('',(#4311, #4313));
#4315=SURFACE_STYLE_USAGE(.BOTH.,#4314);
#4316=PRESENTATION_STYLE_ASSIGNMENT((#4315));
#4317=STYLED_ITEM('',(#4316),#4307);

#4318=(
BOUNDED_SURFACE()
B_SPLINE_SURFACE(1,1,((#4319,#4320),(#4321,#4322)),.UNSPECIFIED.,.F.,.F.,.F.)
B_SPLINE_SURFACE_WITH_KNOTS((2,2),(2,2),(0.000,1.000),(0.000,1.000),.UNSPECIFIED.)
GEOMETRIC_REPRESENTATION_ITEM()
RATIONAL_B_SPLINE_SURFACE(((1.0000000000,1.0000000000),(1.0000000000,1.0000000000)))
REPRESENTATION_ITEM('')
SURFACE()
);
#4319=CARTESIAN_POINT('',(-29.0000000000,13.0000000000,4.0000000000));
#4320=CARTESIAN_POINT('',(-29.0000000000,13.0000000000,8.0000000000));
#4321=CARTESIAN_POINT('',(-29.0000000000,17.5000000000,4.0000000000));
#4322=CARTESIAN_POINT('',(-29.0000000000,17.5000000000,8.0000000000));

#4323=CARTESIAN_POINT('',(-29.0000000000,17.5000000000,8.0000000000));
#4324=VERTEX_POINT('',#4323);
#4325=(
BOUNDED_CURVE()
B_SPLINE_CURVE(1,(#4326,#4327),.UNSPECIFIED.,.F.,.F.)
B_SPLINE_CURVE_WITH_KNOTS((2,2),(0.000,1.000),.UNSPECIFIED.)
CURVE()
GEOMETRIC_REPRESENTATION_ITEM()
RATIONAL_B_SPLINE_CURVE((1.0000000000,1.0000000000))
REPRESENTATION_ITEM('')
);
#4326=CARTESIAN_POINT('',(-29.0000000000,17.5000000000,8.0000000000));
#4327=CARTESIAN_POINT('',(-29.0000000000,17.5000000000,4.0000000000));

#4328=CARTESIAN_POINT('',(-29.0000000000,17.5000000000,4.0000000000));
#4329=VERTEX_POINT('',#4328);
#4330=EDGE_CURVE('',#4324,#4329,#4325,.T.);
#4331=ORIENTED_EDGE('',*,*,#4330,.T.);
#4332=(
BOUNDED_CURVE()
B_SPLINE_CURVE(1,(#4333,#4334),.UNSPECIFIED.,.F.,.F.)
B_SPLINE_CURVE_WITH_KNOTS((2,2),(0.000,1.000),.UNSPECIFIED.)
CURVE()
GEOMETRIC_REPRESENTATION_ITEM()
RATIONAL_B_SPLINE_CURVE((1.0000000000,1.0000000000))
REPRESENTATION_ITEM('')
);
#4333=CARTESIAN_POINT('',(-29.0000000000,17.5000000000,4.0000000000));
#4334=CARTESIAN_POINT('',(-29.0000000000,13.0000000000,4.0000000000));

#4335=CARTESIAN_POINT('',(-29.0000000000,13.0000000000,4.0000000000));
#4336=VERTEX_POINT('',#4335);
#4337=EDGE_CURVE('',#4329,#4336,#4332,.T.);
#4338=ORIENTED_EDGE('',*,*,#4337,.T.);
#4339=(
BOUNDED_CURVE()
B_SPLINE_CURVE(1,(#4340,#4341),.UNSPECIFIED.,.F.,.F.)
B_SPLINE_CURVE_WITH_KNOTS((2,2),(0.000,1.000),.UNSPECIFIED.)
CURVE()
GEOMETRIC_REPRESENTATION_ITEM()
RATIONAL_B_SPLINE_CURVE((1.0000000000,1.0000000000))
REPRESENTATION_ITEM('')
);
#4340=CARTESIAN_POINT('',(-29.0000000000,13.0000000000,4.0000000000));
#4341=CARTESIAN_POINT('',(-29.0000000000,13.0000000000,8.0000000000));

#4342=CARTESIAN_POINT('',(-29.0000000000,13.0000000000,8.0000000000));
#4343=VERTEX_POINT('',#4342);
#4344=EDGE_CURVE('',#4336,#4343,#4339,.T.);
#4345=ORIENTED_EDGE('',*,*,#4344,.T.);
#4346=(
BOUNDED_CURVE()
B_SPLINE_CURVE(1,(#4347,#4348),.UNSPECIFIED.,.F.,.F.)
B_SPLINE_CURVE_WITH_KNOTS((2,2),(0.000,1.000),.UNSPECIFIED.)
CURVE()
GEOMETRIC_REPRESENTATION_ITEM()
RATIONAL_B_SPLINE_CURVE((1.0000000000,1.0000000000))
REPRESENTATION_ITEM('')
);
#4347=CARTESIAN_POINT('',(-29.0000000000,13.0000000000,8.0000000000));
#4348=CARTESIAN_POINT('',(-29.0000000000,17.5000000000,8.0000000000));

#4349=EDGE_CURVE('',#4343,#4324,#4346,.T.);
#4350=ORIENTED_EDGE('',*,*,#4349,.T.);
#4351=EDGE_LOOP('',(#4331,#4338,#4345,#4350));
#4352=FACE_OUTER_BOUND('',#4351,.T.);
#4353=ADVANCED_FACE('',(#4352),#4318,.T.);
#4354=COLOUR_RGB('',0.39,0.39,0.39);
#4355=FILL_AREA_STYLE_COLOUR('',#4354);
#4356=FILL_AREA_STYLE('',(#4355));
#4357=SURFACE_STYLE_FILL_AREA(#4356);
#4358=SURFACE_STYLE_TRANSPARENT(0.00);
#4359=SURFACE_STYLE_RENDERING_WITH_PROPERTIES(.NORMAL_SHADING.,#4354,(#4358));
#4360=SURFACE_SIDE_STYLE('',(#4357, #4359));
#4361=SURFACE_STYLE_USAGE(.BOTH.,#4360);
#4362=PRESENTATION_STYLE_ASSIGNMENT((#4361));
#4363=STYLED_ITEM('',(#4362),#4353);

#4364=(
BOUNDED_SURFACE()
B_SPLINE_SURFACE(2,1,((#4365,#4366),(#4367,#4368),(#4369,#4370)),.UNSPECIFIED.,.F.,.F.,.F.)
B_SPLINE_SURFACE_WITH_KNOTS((3,3),(2,2),(0.000,1.000),(0.000,1.000),.UNSPECIFIED.)
GEOMETRIC_REPRESENTATION_ITEM()
RATIONAL_B_SPLINE_SURFACE(((1.0000000000,1.0000000000),(0.7071067812,0.7071067812),(1.0000000000,1.0000000000)))
REPRESENTATION_ITEM('')
SURFACE()
);
#4365=CARTESIAN_POINT('',(-30.5000000000,11.5000000000,4.0000000000));
#4366=CARTESIAN_POINT('',(-30.5000000000,11.5000000000,8.0000000000));
#4367=CARTESIAN_POINT('',(-29.0000000000,11.5000000000,4.0000000000));
#4368=CARTESIAN_POINT('',(-29.0000000000,11.5000000000,8.0000000000));
#4369=CARTESIAN_POINT('',(-29.0000000000,13.0000000000,4.0000000000));
#4370=CARTESIAN_POINT('',(-29.0000000000,13.0000000000,8.0000000000));

#4371=CARTESIAN_POINT('',(-29.0000000000,13.0000000000,8.0000000000));
#4372=VERTEX_POINT('',#4371);
#4373=(
BOUNDED_CURVE()
B_SPLINE_CURVE(1,(#4374,#4375),.UNSPECIFIED.,.F.,.F.)
B_SPLINE_CURVE_WITH_KNOTS((2,2),(0.000,1.000),.UNSPECIFIED.)
CURVE()
GEOMETRIC_REPRESENTATION_ITEM()
RATIONAL_B_SPLINE_CURVE((1.0000000000,1.0000000000))
REPRESENTATION_ITEM('')
);
#4374=CARTESIAN_POINT('',(-29.0000000000,13.0000000000,8.0000000000));
#4375=CARTESIAN_POINT('',(-29.0000000000,13.0000000000,4.0000000000));

#4376=CARTESIAN_POINT('',(-29.0000000000,13.0000000000,4.0000000000));
#4377=VERTEX_POINT('',#4376);
#4378=EDGE_CURVE('',#4372,#4377,#4373,.T.);
#4379=ORIENTED_EDGE('',*,*,#4378,.T.);
#4380=(
BOUNDED_CURVE()
B_SPLINE_CURVE(2,(#4381,#4382,#4383),.UNSPECIFIED.,.F.,.F.)
B_SPLINE_CURVE_WITH_KNOTS((3,3),(0.000,1.000),.UNSPECIFIED.)
CURVE()
GEOMETRIC_REPRESENTATION_ITEM()
RATIONAL_B_SPLINE_CURVE((1.0000000000,0.7071067812,1.0000000000))
REPRESENTATION_ITEM('')
);
#4381=CARTESIAN_POINT('',(-29.0000000000,13.0000000000,4.0000000000));
#4382=CARTESIAN_POINT('',(-29.0000000000,11.5000000001,4.0000000000));
#4383=CARTESIAN_POINT('',(-30.4999999999,11.5000000000,4.0000000000));

#4384=CARTESIAN_POINT('',(-30.4999999999,11.5000000000,4.0000000000));
#4385=VERTEX_POINT('',#4384);
#4386=EDGE_CURVE('',#4377,#4385,#4380,.T.);
#4387=ORIENTED_EDGE('',*,*,#4386,.T.);
#4388=(
BOUNDED_CURVE()
B_SPLINE_CURVE(1,(#4389,#4390),.UNSPECIFIED.,.F.,.F.)
B_SPLINE_CURVE_WITH_KNOTS((2,2),(0.000,1.000),.UNSPECIFIED.)
CURVE()
GEOMETRIC_REPRESENTATION_ITEM()
RATIONAL_B_SPLINE_CURVE((1.0000000000,1.0000000000))
REPRESENTATION_ITEM('')
);
#4389=CARTESIAN_POINT('',(-30.5000000000,11.5000000000,4.0000000000));
#4390=CARTESIAN_POINT('',(-30.5000000000,11.5000000000,8.0000000000));

#4391=CARTESIAN_POINT('',(-30.5000000000,11.5000000000,8.0000000000));
#4392=VERTEX_POINT('',#4391);
#4393=EDGE_CURVE('',#4385,#4392,#4388,.T.);
#4394=ORIENTED_EDGE('',*,*,#4393,.T.);
#4395=(
BOUNDED_CURVE()
B_SPLINE_CURVE(2,(#4396,#4397,#4398),.UNSPECIFIED.,.F.,.F.)
B_SPLINE_CURVE_WITH_KNOTS((3,3),(0.000,1.000),.UNSPECIFIED.)
CURVE()
GEOMETRIC_REPRESENTATION_ITEM()
RATIONAL_B_SPLINE_CURVE((1.0000000000,0.7071067812,1.0000000000))
REPRESENTATION_ITEM('')
);
#4396=CARTESIAN_POINT('',(-30.4999999999,11.5000000000,8.0000000000));
#4397=CARTESIAN_POINT('',(-29.0000000000,11.5000000001,8.0000000000));
#4398=CARTESIAN_POINT('',(-29.0000000000,13.0000000000,8.0000000000));

#4399=EDGE_CURVE('',#4392,#4372,#4395,.T.);
#4400=ORIENTED_EDGE('',*,*,#4399,.T.);
#4401=EDGE_LOOP('',(#4379,#4387,#4394,#4400));
#4402=FACE_OUTER_BOUND('',#4401,.T.);
#4403=ADVANCED_FACE('',(#4402),#4364,.T.);
#4404=COLOUR_RGB('',0.39,0.39,0.39);
#4405=FILL_AREA_STYLE_COLOUR('',#4404);
#4406=FILL_AREA_STYLE('',(#4405));
#4407=SURFACE_STYLE_FILL_AREA(#4406);
#4408=SURFACE_STYLE_TRANSPARENT(0.00);
#4409=SURFACE_STYLE_RENDERING_WITH_PROPERTIES(.NORMAL_SHADING.,#4404,(#4408));
#4410=SURFACE_SIDE_STYLE('',(#4407, #4409));
#4411=SURFACE_STYLE_USAGE(.BOTH.,#4410);
#4412=PRESENTATION_STYLE_ASSIGNMENT((#4411));
#4413=STYLED_ITEM('',(#4412),#4403);

#4414=(
BOUNDED_SURFACE()
B_SPLINE_SURFACE(1,1,((#4415,#4416),(#4417,#4418)),.UNSPECIFIED.,.F.,.F.,.F.)
B_SPLINE_SURFACE_WITH_KNOTS((2,2),(2,2),(0.000,1.000),(0.000,1.000),.UNSPECIFIED.)
GEOMETRIC_REPRESENTATION_ITEM()
RATIONAL_B_SPLINE_SURFACE(((1.0000000000,1.0000000000),(1.0000000000,1.0000000000)))
REPRESENTATION_ITEM('')
SURFACE()
);
#4415=CARTESIAN_POINT('',(-35.0000000000,11.5000000000,4.0000000000));
#4416=CARTESIAN_POINT('',(-35.0000000000,11.5000000000,8.0000000000));
#4417=CARTESIAN_POINT('',(-30.5000000000,11.5000000000,4.0000000000));
#4418=CARTESIAN_POINT('',(-30.5000000000,11.5000000000,8.0000000000));

#4419=CARTESIAN_POINT('',(-30.5000000000,11.5000000000,8.0000000000));
#4420=VERTEX_POINT('',#4419);
#4421=(
BOUNDED_CURVE()
B_SPLINE_CURVE(1,(#4422,#4423),.UNSPECIFIED.,.F.,.F.)
B_SPLINE_CURVE_WITH_KNOTS((2,2),(0.000,1.000),.UNSPECIFIED.)
CURVE()
GEOMETRIC_REPRESENTATION_ITEM()
RATIONAL_B_SPLINE_CURVE((1.0000000000,1.0000000000))
REPRESENTATION_ITEM('')
);
#4422=CARTESIAN_POINT('',(-30.5000000000,11.5000000000,8.0000000000));
#4423=CARTESIAN_POINT('',(-30.5000000000,11.5000000000,4.0000000000));

#4424=CARTESIAN_POINT('',(-30.5000000000,11.5000000000,4.0000000000));
#4425=VERTEX_POINT('',#4424);
#4426=EDGE_CURVE('',#4420,#4425,#4421,.T.);
#4427=ORIENTED_EDGE('',*,*,#4426,.T.);
#4428=(
BOUNDED_CURVE()
B_SPLINE_CURVE(1,(#4429,#4430),.UNSPECIFIED.,.F.,.F.)
B_SPLINE_CURVE_WITH_KNOTS((2,2),(0.000,1.000),.UNSPECIFIED.)
CURVE()
GEOMETRIC_REPRESENTATION_ITEM()
RATIONAL_B_SPLINE_CURVE((1.0000000000,1.0000000000))
REPRESENTATION_ITEM('')
);
#4429=CARTESIAN_POINT('',(-30.5000000000,11.5000000000,4.0000000000));
#4430=CARTESIAN_POINT('',(-35.0000000000,11.5000000000,4.0000000000));

#4431=CARTESIAN_POINT('',(-35.0000000000,11.5000000000,4.0000000000));
#4432=VERTEX_POINT('',#4431);
#4433=EDGE_CURVE('',#4425,#4432,#4428,.T.);
#4434=ORIENTED_EDGE('',*,*,#4433,.T.);
#4435=(
BOUNDED_CURVE()
B_SPLINE_CURVE(1,(#4436,#4437),.UNSPECIFIED.,.F.,.F.)
B_SPLINE_CURVE_WITH_KNOTS((2,2),(0.000,1.000),.UNSPECIFIED.)
CURVE()
GEOMETRIC_REPRESENTATION_ITEM()
RATIONAL_B_SPLINE_CURVE((1.0000000000,1.0000000000))
REPRESENTATION_ITEM('')
);
#4436=CARTESIAN_POINT('',(-35.0000000000,11.5000000000,4.0000000000));
#4437=CARTESIAN_POINT('',(-35.0000000000,11.5000000000,8.0000000000));

#4438=CARTESIAN_POINT('',(-35.0000000000,11.5000000000,8.0000000000));
#4439=VERTEX_POINT('',#4438);
#4440=EDGE_CURVE('',#4432,#4439,#4435,.T.);
#4441=ORIENTED_EDGE('',*,*,#4440,.T.);
#4442=(
BOUNDED_CURVE()
B_SPLINE_CURVE(1,(#4443,#4444),.UNSPECIFIED.,.F.,.F.)
B_SPLINE_CURVE_WITH_KNOTS((2,2),(0.000,1.000),.UNSPECIFIED.)
CURVE()
GEOMETRIC_REPRESENTATION_ITEM()
RATIONAL_B_SPLINE_CURVE((1.0000000000,1.0000000000))
REPRESENTATION_ITEM('')
);
#4443=CARTESIAN_POINT('',(-35.0000000000,11.5000000000,8.0000000000));
#4444=CARTESIAN_POINT('',(-30.5000000000,11.5000000000,8.0000000000));

#4445=EDGE_CURVE('',#4439,#4420,#4442,.T.);
#4446=ORIENTED_EDGE('',*,*,#4445,.T.);
#4447=EDGE_LOOP('',(#4427,#4434,#4441,#4446));
#4448=FACE_OUTER_BOUND('',#4447,.T.);
#4449=ADVANCED_FACE('',(#4448),#4414,.T.);
#4450=COLOUR_RGB('',0.39,0.39,0.39);
#4451=FILL_AREA_STYLE_COLOUR('',#4450);
#4452=FILL_AREA_STYLE('',(#4451));
#4453=SURFACE_STYLE_FILL_AREA(#4452);
#4454=SURFACE_STYLE_TRANSPARENT(0.00);
#4455=SURFACE_STYLE_RENDERING_WITH_PROPERTIES(.NORMAL_SHADING.,#4450,(#4454));
#4456=SURFACE_SIDE_STYLE('',(#4453, #4455));
#4457=SURFACE_STYLE_USAGE(.BOTH.,#4456);
#4458=PRESENTATION_STYLE_ASSIGNMENT((#4457));
#4459=STYLED_ITEM('',(#4458),#4449);

#4460=(
BOUNDED_SURFACE()
B_SPLINE_SURFACE(1,1,((#4461,#4462),(#4463,#4464)),.UNSPECIFIED.,.F.,.F.,.F.)
B_SPLINE_SURFACE_WITH_KNOTS((2,2),(2,2),(0.000,1.000),(0.000,1.000),.UNSPECIFIED.)
GEOMETRIC_REPRESENTATION_ITEM()
RATIONAL_B_SPLINE_SURFACE(((1.0000000000,1.0000000000),(1.0000000000,1.0000000000)))
REPRESENTATION_ITEM('')
SURFACE()
);
#4461=CARTESIAN_POINT('',(-35.0000000000,-11.5000000000,4.0000000000));
#4462=CARTESIAN_POINT('',(-35.0000000000,-11.5000000000,8.0000000000));
#4463=CARTESIAN_POINT('',(-35.0000000000,11.5000000000,4.0000000000));
#4464=CARTESIAN_POINT('',(-35.0000000000,11.5000000000,8.0000000000));

#4465=CARTESIAN_POINT('',(-35.0000000000,11.5000000000,8.0000000000));
#4466=VERTEX_POINT('',#4465);
#4467=(
BOUNDED_CURVE()
B_SPLINE_CURVE(1,(#4468,#4469),.UNSPECIFIED.,.F.,.F.)
B_SPLINE_CURVE_WITH_KNOTS((2,2),(0.000,1.000),.UNSPECIFIED.)
CURVE()
GEOMETRIC_REPRESENTATION_ITEM()
RATIONAL_B_SPLINE_CURVE((1.0000000000,1.0000000000))
REPRESENTATION_ITEM('')
);
#4468=CARTESIAN_POINT('',(-35.0000000000,11.5000000000,8.0000000000));
#4469=CARTESIAN_POINT('',(-35.0000000000,11.5000000000,4.0000000000));

#4470=CARTESIAN_POINT('',(-35.0000000000,11.5000000000,4.0000000000));
#4471=VERTEX_POINT('',#4470);
#4472=EDGE_CURVE('',#4466,#4471,#4467,.T.);
#4473=ORIENTED_EDGE('',*,*,#4472,.T.);
#4474=(
BOUNDED_CURVE()
B_SPLINE_CURVE(1,(#4475,#4476),.UNSPECIFIED.,.F.,.F.)
B_SPLINE_CURVE_WITH_KNOTS((2,2),(0.000,1.000),.UNSPECIFIED.)
CURVE()
GEOMETRIC_REPRESENTATION_ITEM()
RATIONAL_B_SPLINE_CURVE((1.0000000000,1.0000000000))
REPRESENTATION_ITEM('')
);
#4475=CARTESIAN_POINT('',(-35.0000000000,11.5000000000,4.0000000000));
#4476=CARTESIAN_POINT('',(-35.0000000000,-11.5000000000,4.0000000000));

#4477=CARTESIAN_POINT('',(-35.0000000000,-11.5000000000,4.0000000000));
#4478=VERTEX_POINT('',#4477);
#4479=EDGE_CURVE('',#4471,#4478,#4474,.T.);
#4480=ORIENTED_EDGE('',*,*,#4479,.T.);
#4481=(
BOUNDED_CURVE()
B_SPLINE_CURVE(1,(#4482,#4483),.UNSPECIFIED.,.F.,.F.)
B_SPLINE_CURVE_WITH_KNOTS((2,2),(0.000,1.000),.UNSPECIFIED.)
CURVE()
GEOMETRIC_REPRESENTATION_ITEM()
RATIONAL_B_SPLINE_CURVE((1.0000000000,1.0000000000))
REPRESENTATION_ITEM('')
);
#4482=CARTESIAN_POINT('',(-35.0000000000,-11.5000000000,4.0000000000));
#4483=CARTESIAN_POINT('',(-35.0000000000,-11.5000000000,8.0000000000));

#4484=CARTESIAN_POINT('',(-35.0000000000,-11.5000000000,8.0000000000));
#4485=VERTEX_POINT('',#4484);
#4486=EDGE_CURVE('',#4478,#4485,#4481,.T.);
#4487=ORIENTED_EDGE('',*,*,#4486,.T.);
#4488=(
BOUNDED_CURVE()
B_SPLINE_CURVE(1,(#4489,#4490),.UNSPECIFIED.,.F.,.F.)
B_SPLINE_CURVE_WITH_KNOTS((2,2),(0.000,1.000),.UNSPECIFIED.)
CURVE()
GEOMETRIC_REPRESENTATION_ITEM()
RATIONAL_B_SPLINE_CURVE((1.0000000000,1.0000000000))
REPRESENTATION_ITEM('')
);
#4489=CARTESIAN_POINT('',(-35.0000000000,-11.5000000000,8.0000000000));
#4490=CARTESIAN_POINT('',(-35.0000000000,11.5000000000,8.0000000000));

#4491=EDGE_CURVE('',#4485,#4466,#4488,.T.);
#4492=ORIENTED_EDGE('',*,*,#4491,.T.);
#4493=EDGE_LOOP('',(#4473,#4480,#4487,#4492));
#4494=FACE_OUTER_BOUND('',#4493,.T.);
#4495=ADVANCED_FACE('',(#4494),#4460,.T.);
#4496=COLOUR_RGB('',0.39,0.39,0.39);
#4497=FILL_AREA_STYLE_COLOUR('',#4496);
#4498=FILL_AREA_STYLE('',(#4497));
#4499=SURFACE_STYLE_FILL_AREA(#4498);
#4500=SURFACE_STYLE_TRANSPARENT(0.00);
#4501=SURFACE_STYLE_RENDERING_WITH_PROPERTIES(.NORMAL_SHADING.,#4496,(#4500));
#4502=SURFACE_SIDE_STYLE('',(#4499, #4501));
#4503=SURFACE_STYLE_USAGE(.BOTH.,#4502);
#4504=PRESENTATION_STYLE_ASSIGNMENT((#4503));
#4505=STYLED_ITEM('',(#4504),#4495);

#4506=(
BOUNDED_SURFACE()
B_SPLINE_SURFACE(1,1,((#4507,#4508),(#4509,#4510)),.UNSPECIFIED.,.F.,.F.,.F.)
B_SPLINE_SURFACE_WITH_KNOTS((2,2),(2,2),(0.000,1.000),(0.000,1.000),.UNSPECIFIED.)
GEOMETRIC_REPRESENTATION_ITEM()
RATIONAL_B_SPLINE_SURFACE(((1.0000000000,1.0000000000),(1.0000000000,1.0000000000)))
REPRESENTATION_ITEM('')
SURFACE()
);
#4507=CARTESIAN_POINT('',(-30.5000000000,-11.5000000000,4.0000000000));
#4508=CARTESIAN_POINT('',(-30.5000000000,-11.5000000000,8.0000000000));
#4509=CARTESIAN_POINT('',(-35.0000000000,-11.5000000000,4.0000000000));
#4510=CARTESIAN_POINT('',(-35.0000000000,-11.5000000000,8.0000000000));

#4511=CARTESIAN_POINT('',(-35.0000000000,-11.5000000000,8.0000000000));
#4512=VERTEX_POINT('',#4511);
#4513=(
BOUNDED_CURVE()
B_SPLINE_CURVE(1,(#4514,#4515),.UNSPECIFIED.,.F.,.F.)
B_SPLINE_CURVE_WITH_KNOTS((2,2),(0.000,1.000),.UNSPECIFIED.)
CURVE()
GEOMETRIC_REPRESENTATION_ITEM()
RATIONAL_B_SPLINE_CURVE((1.0000000000,1.0000000000))
REPRESENTATION_ITEM('')
);
#4514=CARTESIAN_POINT('',(-35.0000000000,-11.5000000000,8.0000000000));
#4515=CARTESIAN_POINT('',(-35.0000000000,-11.5000000000,4.0000000000));

#4516=CARTESIAN_POINT('',(-35.0000000000,-11.5000000000,4.0000000000));
#4517=VERTEX_POINT('',#4516);
#4518=EDGE_CURVE('',#4512,#4517,#4513,.T.);
#4519=ORIENTED_EDGE('',*,*,#4518,.T.);
#4520=(
BOUNDED_CURVE()
B_SPLINE_CURVE(1,(#4521,#4522),.UNSPECIFIED.,.F.,.F.)
B_SPLINE_CURVE_WITH_KNOTS((2,2),(0.000,1.000),.UNSPECIFIED.)
CURVE()
GEOMETRIC_REPRESENTATION_ITEM()
RATIONAL_B_SPLINE_CURVE((1.0000000000,1.0000000000))
REPRESENTATION_ITEM('')
);
#4521=CARTESIAN_POINT('',(-35.0000000000,-11.5000000000,4.0000000000));
#4522=CARTESIAN_POINT('',(-30.5000000000,-11.5000000000,4.0000000000));

#4523=CARTESIAN_POINT('',(-30.5000000000,-11.5000000000,4.0000000000));
#4524=VERTEX_POINT('',#4523);
#4525=EDGE_CURVE('',#4517,#4524,#4520,.T.);
#4526=ORIENTED_EDGE('',*,*,#4525,.T.);
#4527=(
BOUNDED_CURVE()
B_SPLINE_CURVE(1,(#4528,#4529),.UNSPECIFIED.,.F.,.F.)
B_SPLINE_CURVE_WITH_KNOTS((2,2),(0.000,1.000),.UNSPECIFIED.)
CURVE()
GEOMETRIC_REPRESENTATION_ITEM()
RATIONAL_B_SPLINE_CURVE((1.0000000000,1.0000000000))
REPRESENTATION_ITEM('')
);
#4528=CARTESIAN_POINT('',(-30.5000000000,-11.5000000000,4.0000000000));
#4529=CARTESIAN_POINT('',(-30.5000000000,-11.5000000000,8.0000000000));

#4530=CARTESIAN_POINT('',(-30.5000000000,-11.5000000000,8.0000000000));
#4531=VERTEX_POINT('',#4530);
#4532=EDGE_CURVE('',#4524,#4531,#4527,.T.);
#4533=ORIENTED_EDGE('',*,*,#4532,.T.);
#4534=(
BOUNDED_CURVE()
B_SPLINE_CURVE(1,(#4535,#4536),.UNSPECIFIED.,.F.,.F.)
B_SPLINE_CURVE_WITH_KNOTS((2,2),(0.000,1.000),.UNSPECIFIED.)
CURVE()
GEOMETRIC_REPRESENTATION_ITEM()
RATIONAL_B_SPLINE_CURVE((1.0000000000,1.0000000000))
REPRESENTATION_ITEM('')
);
#4535=CARTESIAN_POINT('',(-30.5000000000,-11.5000000000,8.0000000000));
#4536=CARTESIAN_POINT('',(-35.0000000000,-11.5000000000,8.0000000000));

#4537=EDGE_CURVE('',#4531,#4512,#4534,.T.);
#4538=ORIENTED_EDGE('',*,*,#4537,.T.);
#4539=EDGE_LOOP('',(#4519,#4526,#4533,#4538));
#4540=FACE_OUTER_BOUND('',#4539,.T.);
#4541=ADVANCED_FACE('',(#4540),#4506,.T.);
#4542=COLOUR_RGB('',0.39,0.39,0.39);
#4543=FILL_AREA_STYLE_COLOUR('',#4542);
#4544=FILL_AREA_STYLE('',(#4543));
#4545=SURFACE_STYLE_FILL_AREA(#4544);
#4546=SURFACE_STYLE_TRANSPARENT(0.00);
#4547=SURFACE_STYLE_RENDERING_WITH_PROPERTIES(.NORMAL_SHADING.,#4542,(#4546));
#4548=SURFACE_SIDE_STYLE('',(#4545, #4547));
#4549=SURFACE_STYLE_USAGE(.BOTH.,#4548);
#4550=PRESENTATION_STYLE_ASSIGNMENT((#4549));
#4551=STYLED_ITEM('',(#4550),#4541);

#4552=(
BOUNDED_SURFACE()
B_SPLINE_SURFACE(2,1,((#4553,#4554),(#4555,#4556),(#4557,#4558)),.UNSPECIFIED.,.F.,.F.,.F.)
B_SPLINE_SURFACE_WITH_KNOTS((3,3),(2,2),(0.000,1.000),(0.000,1.000),.UNSPECIFIED.)
GEOMETRIC_REPRESENTATION_ITEM()
RATIONAL_B_SPLINE_SURFACE(((1.0000000000,1.0000000000),(0.7071067812,0.7071067812),(1.0000000000,1.0000000000)))
REPRESENTATION_ITEM('')
SURFACE()
);
#4553=CARTESIAN_POINT('',(-29.0000000000,-13.0000000000,4.0000000000));
#4554=CARTESIAN_POINT('',(-29.0000000000,-13.0000000000,8.0000000000));
#4555=CARTESIAN_POINT('',(-29.0000000000,-11.5000000000,4.0000000000));
#4556=CARTESIAN_POINT('',(-29.0000000000,-11.5000000000,8.0000000000));
#4557=CARTESIAN_POINT('',(-30.5000000000,-11.5000000000,4.0000000000));
#4558=CARTESIAN_POINT('',(-30.5000000000,-11.5000000000,8.0000000000));

#4559=CARTESIAN_POINT('',(-30.5000000000,-11.5000000000,8.0000000000));
#4560=VERTEX_POINT('',#4559);
#4561=(
BOUNDED_CURVE()
B_SPLINE_CURVE(1,(#4562,#4563),.UNSPECIFIED.,.F.,.F.)
B_SPLINE_CURVE_WITH_KNOTS((2,2),(0.000,1.000),.UNSPECIFIED.)
CURVE()
GEOMETRIC_REPRESENTATION_ITEM()
RATIONAL_B_SPLINE_CURVE((1.0000000000,1.0000000000))
REPRESENTATION_ITEM('')
);
#4562=CARTESIAN_POINT('',(-30.5000000000,-11.5000000000,8.0000000000));
#4563=CARTESIAN_POINT('',(-30.5000000000,-11.5000000000,4.0000000000));

#4564=CARTESIAN_POINT('',(-30.5000000000,-11.5000000000,4.0000000000));
#4565=VERTEX_POINT('',#4564);
#4566=EDGE_CURVE('',#4560,#4565,#4561,.T.);
#4567=ORIENTED_EDGE('',*,*,#4566,.T.);
#4568=(
BOUNDED_CURVE()
B_SPLINE_CURVE(2,(#4569,#4570,#4571),.UNSPECIFIED.,.F.,.F.)
B_SPLINE_CURVE_WITH_KNOTS((3,3),(0.000,1.000),.UNSPECIFIED.)
CURVE()
GEOMETRIC_REPRESENTATION_ITEM()
RATIONAL_B_SPLINE_CURVE((1.0000000000,0.7071067812,1.0000000000))
REPRESENTATION_ITEM('')
);
#4569=CARTESIAN_POINT('',(-30.5000000000,-11.5000000000,4.0000000000));
#4570=CARTESIAN_POINT('',(-29.0000000001,-11.5000000000,4.0000000000));
#4571=CARTESIAN_POINT('',(-29.0000000000,-12.9999999999,4.0000000000));

#4572=CARTESIAN_POINT('',(-29.0000000000,-12.9999999999,4.0000000000));
#4573=VERTEX_POINT('',#4572);
#4574=EDGE_CURVE('',#4565,#4573,#4568,.T.);
#4575=ORIENTED_EDGE('',*,*,#4574,.T.);
#4576=(
BOUNDED_CURVE()
B_SPLINE_CURVE(1,(#4577,#4578),.UNSPECIFIED.,.F.,.F.)
B_SPLINE_CURVE_WITH_KNOTS((2,2),(0.000,1.000),.UNSPECIFIED.)
CURVE()
GEOMETRIC_REPRESENTATION_ITEM()
RATIONAL_B_SPLINE_CURVE((1.0000000000,1.0000000000))
REPRESENTATION_ITEM('')
);
#4577=CARTESIAN_POINT('',(-29.0000000000,-13.0000000000,4.0000000000));
#4578=CARTESIAN_POINT('',(-29.0000000000,-13.0000000000,8.0000000000));

#4579=CARTESIAN_POINT('',(-29.0000000000,-13.0000000000,8.0000000000));
#4580=VERTEX_POINT('',#4579);
#4581=EDGE_CURVE('',#4573,#4580,#4576,.T.);
#4582=ORIENTED_EDGE('',*,*,#4581,.T.);
#4583=(
BOUNDED_CURVE()
B_SPLINE_CURVE(2,(#4584,#4585,#4586),.UNSPECIFIED.,.F.,.F.)
B_SPLINE_CURVE_WITH_KNOTS((3,3),(0.000,1.000),.UNSPECIFIED.)
CURVE()
GEOMETRIC_REPRESENTATION_ITEM()
RATIONAL_B_SPLINE_CURVE((1.0000000000,0.7071067812,1.0000000000))
REPRESENTATION_ITEM('')
);
#4584=CARTESIAN_POINT('',(-29.0000000000,-12.9999999999,8.0000000000));
#4585=CARTESIAN_POINT('',(-29.0000000001,-11.5000000000,8.0000000000));
#4586=CARTESIAN_POINT('',(-30.5000000000,-11.5000000000,8.0000000000));

#4587=EDGE_CURVE('',#4580,#4560,#4583,.T.);
#4588=ORIENTED_EDGE('',*,*,#4587,.T.);
#4589=EDGE_LOOP('',(#4567,#4575,#4582,#4588));
#4590=FACE_OUTER_BOUND('',#4589,.T.);
#4591=ADVANCED_FACE('',(#4590),#4552,.T.);
#4592=COLOUR_RGB('',0.39,0.39,0.39);
#4593=FILL_AREA_STYLE_COLOUR('',#4592);
#4594=FILL_AREA_STYLE('',(#4593));
#4595=SURFACE_STYLE_FILL_AREA(#4594);
#4596=SURFACE_STYLE_TRANSPARENT(0.00);
#4597=SURFACE_STYLE_RENDERING_WITH_PROPERTIES(.NORMAL_SHADING.,#4592,(#4596));
#4598=SURFACE_SIDE_STYLE('',(#4595, #4597));
#4599=SURFACE_STYLE_USAGE(.BOTH.,#4598);
#4600=PRESENTATION_STYLE_ASSIGNMENT((#4599));
#4601=STYLED_ITEM('',(#4600),#4591);

#4602=(
BOUNDED_SURFACE()
B_SPLINE_SURFACE(1,1,((#4603,#4604),(#4605,#4606)),.UNSPECIFIED.,.F.,.F.,.F.)
B_SPLINE_SURFACE_WITH_KNOTS((2,2),(2,2),(0.000,1.000),(0.000,1.000),.UNSPECIFIED.)
GEOMETRIC_REPRESENTATION_ITEM()
RATIONAL_B_SPLINE_SURFACE(((1.0000000000,1.0000000000),(1.0000000000,1.0000000000)))
REPRESENTATION_ITEM('')
SURFACE()
);
#4603=CARTESIAN_POINT('',(-29.0000000000,-17.5000000000,4.0000000000));
#4604=CARTESIAN_POINT('',(-29.0000000000,-17.5000000000,8.0000000000));
#4605=CARTESIAN_POINT('',(-29.0000000000,-13.0000000000,4.0000000000));
#4606=CARTESIAN_POINT('',(-29.0000000000,-13.0000000000,8.0000000000));

#4607=CARTESIAN_POINT('',(-29.0000000000,-13.0000000000,8.0000000000));
#4608=VERTEX_POINT('',#4607);
#4609=(
BOUNDED_CURVE()
B_SPLINE_CURVE(1,(#4610,#4611),.UNSPECIFIED.,.F.,.F.)
B_SPLINE_CURVE_WITH_KNOTS((2,2),(0.000,1.000),.UNSPECIFIED.)
CURVE()
GEOMETRIC_REPRESENTATION_ITEM()
RATIONAL_B_SPLINE_CURVE((1.0000000000,1.0000000000))
REPRESENTATION_ITEM('')
);
#4610=CARTESIAN_POINT('',(-29.0000000000,-13.0000000000,8.0000000000));
#4611=CARTESIAN_POINT('',(-29.0000000000,-13.0000000000,4.0000000000));

#4612=CARTESIAN_POINT('',(-29.0000000000,-13.0000000000,4.0000000000));
#4613=VERTEX_POINT('',#4612);
#4614=EDGE_CURVE('',#4608,#4613,#4609,.T.);
#4615=ORIENTED_EDGE('',*,*,#4614,.T.);
#4616=(
BOUNDED_CURVE()
B_SPLINE_CURVE(1,(#4617,#4618),.UNSPECIFIED.,.F.,.F.)
B_SPLINE_CURVE_WITH_KNOTS((2,2),(0.000,1.000),.UNSPECIFIED.)
CURVE()
GEOMETRIC_REPRESENTATION_ITEM()
RATIONAL_B_SPLINE_CURVE((1.0000000000,1.0000000000))
REPRESENTATION_ITEM('')
);
#4617=CARTESIAN_POINT('',(-29.0000000000,-13.0000000000,4.0000000000));
#4618=CARTESIAN_POINT('',(-29.0000000000,-17.5000000000,4.0000000000));

#4619=CARTESIAN_POINT('',(-29.0000000000,-17.5000000000,4.0000000000));
#4620=VERTEX_POINT('',#4619);
#4621=EDGE_CURVE('',#4613,#4620,#4616,.T.);
#4622=ORIENTED_EDGE('',*,*,#4621,.T.);
#4623=(
BOUNDED_CURVE()
B_SPLINE_CURVE(1,(#4624,#4625),.UNSPECIFIED.,.F.,.F.)
B_SPLINE_CURVE_WITH_KNOTS((2,2),(0.000,1.000),.UNSPECIFIED.)
CURVE()
GEOMETRIC_REPRESENTATION_ITEM()
RATIONAL_B_SPLINE_CURVE((1.0000000000,1.0000000000))
REPRESENTATION_ITEM('')
);
#4624=CARTESIAN_POINT('',(-29.0000000000,-17.5000000000,4.0000000000));
#4625=CARTESIAN_POINT('',(-29.0000000000,-17.5000000000,8.0000000000));

#4626=CARTESIAN_POINT('',(-29.0000000000,-17.5000000000,8.0000000000));
#4627=VERTEX_POINT('',#4626);
#4628=EDGE_CURVE('',#4620,#4627,#4623,.T.);
#4629=ORIENTED_EDGE('',*,*,#4628,.T.);
#4630=(
BOUNDED_CURVE()
B_SPLINE_CURVE(1,(#4631,#4632),.UNSPECIFIED.,.F.,.F.)
B_SPLINE_CURVE_WITH_KNOTS((2,2),(0.000,1.000),.UNSPECIFIED.)
CURVE()
GEOMETRIC_REPRESENTATION_ITEM()
RATIONAL_B_SPLINE_CURVE((1.0000000000,1.0000000000))
REPRESENTATION_ITEM('')
);
#4631=CARTESIAN_POINT('',(-29.0000000000,-17.5000000000,8.0000000000));
#4632=CARTESIAN_POINT('',(-29.0000000000,-13.0000000000,8.0000000000));

#4633=EDGE_CURVE('',#4627,#4608,#4630,.T.);
#4634=ORIENTED_EDGE('',*,*,#4633,.T.);
#4635=EDGE_LOOP('',(#4615,#4622,#4629,#4634));
#4636=FACE_OUTER_BOUND('',#4635,.T.);
#4637=ADVANCED_FACE('',(#4636),#4602,.T.);
#4638=COLOUR_RGB('',0.39,0.39,0.39);
#4639=FILL_AREA_STYLE_COLOUR('',#4638);
#4640=FILL_AREA_STYLE('',(#4639));
#4641=SURFACE_STYLE_FILL_AREA(#4640);
#4642=SURFACE_STYLE_TRANSPARENT(0.00);
#4643=SURFACE_STYLE_RENDERING_WITH_PROPERTIES(.NORMAL_SHADING.,#4638,(#4642));
#4644=SURFACE_SIDE_STYLE('',(#4641, #4643));
#4645=SURFACE_STYLE_USAGE(.BOTH.,#4644);
#4646=PRESENTATION_STYLE_ASSIGNMENT((#4645));
#4647=STYLED_ITEM('',(#4646),#4637);

#4648=(
BOUNDED_SURFACE()
B_SPLINE_SURFACE(1,1,((#4649,#4650),(#4651,#4652)),.UNSPECIFIED.,.F.,.F.,.F.)
B_SPLINE_SURFACE_WITH_KNOTS((2,2),(2,2),(0.000,1.000),(0.000,1.000),.UNSPECIFIED.)
GEOMETRIC_REPRESENTATION_ITEM()
RATIONAL_B_SPLINE_SURFACE(((1.0000000000,1.0000000000),(1.0000000000,1.0000000000)))
REPRESENTATION_ITEM('')
SURFACE()
);
#4649=CARTESIAN_POINT('',(29.0000000000,-17.5000000000,4.0000000000));
#4650=CARTESIAN_POINT('',(29.0000000000,-17.5000000000,8.0000000000));
#4651=CARTESIAN_POINT('',(-29.0000000000,-17.5000000000,4.0000000000));
#4652=CARTESIAN_POINT('',(-29.0000000000,-17.5000000000,8.0000000000));

#4653=CARTESIAN_POINT('',(-29.0000000000,-17.5000000000,8.0000000000));
#4654=VERTEX_POINT('',#4653);
#4655=(
BOUNDED_CURVE()
B_SPLINE_CURVE(1,(#4656,#4657),.UNSPECIFIED.,.F.,.F.)
B_SPLINE_CURVE_WITH_KNOTS((2,2),(0.000,1.000),.UNSPECIFIED.)
CURVE()
GEOMETRIC_REPRESENTATION_ITEM()
RATIONAL_B_SPLINE_CURVE((1.0000000000,1.0000000000))
REPRESENTATION_ITEM('')
);
#4656=CARTESIAN_POINT('',(-29.0000000000,-17.5000000000,8.0000000000));
#4657=CARTESIAN_POINT('',(-29.0000000000,-17.5000000000,4.0000000000));

#4658=CARTESIAN_POINT('',(-29.0000000000,-17.5000000000,4.0000000000));
#4659=VERTEX_POINT('',#4658);
#4660=EDGE_CURVE('',#4654,#4659,#4655,.T.);
#4661=ORIENTED_EDGE('',*,*,#4660,.T.);
#4662=(
BOUNDED_CURVE()
B_SPLINE_CURVE(1,(#4663,#4664),.UNSPECIFIED.,.F.,.F.)
B_SPLINE_CURVE_WITH_KNOTS((2,2),(0.000,1.000),.UNSPECIFIED.)
CURVE()
GEOMETRIC_REPRESENTATION_ITEM()
RATIONAL_B_SPLINE_CURVE((1.0000000000,1.0000000000))
REPRESENTATION_ITEM('')
);
#4663=CARTESIAN_POINT('',(-29.0000000000,-17.5000000000,4.0000000000));
#4664=CARTESIAN_POINT('',(29.0000000000,-17.5000000000,4.0000000000));

#4665=CARTESIAN_POINT('',(29.0000000000,-17.5000000000,4.0000000000));
#4666=VERTEX_POINT('',#4665);
#4667=EDGE_CURVE('',#4659,#4666,#4662,.T.);
#4668=ORIENTED_EDGE('',*,*,#4667,.T.);
#4669=(
BOUNDED_CURVE()
B_SPLINE_CURVE(1,(#4670,#4671),.UNSPECIFIED.,.F.,.F.)
B_SPLINE_CURVE_WITH_KNOTS((2,2),(0.000,1.000),.UNSPECIFIED.)
CURVE()
GEOMETRIC_REPRESENTATION_ITEM()
RATIONAL_B_SPLINE_CURVE((1.0000000000,1.0000000000))
REPRESENTATION_ITEM('')
);
#4670=CARTESIAN_POINT('',(29.0000000000,-17.5000000000,4.0000000000));
#4671=CARTESIAN_POINT('',(29.0000000000,-17.5000000000,8.0000000000));

#4672=CARTESIAN_POINT('',(29.0000000000,-17.5000000000,8.0000000000));
#4673=VERTEX_POINT('',#4672);
#4674=EDGE_CURVE('',#4666,#4673,#4669,.T.);
#4675=ORIENTED_EDGE('',*,*,#4674,.T.);
#4676=(
BOUNDED_CURVE()
B_SPLINE_CURVE(1,(#4677,#4678),.UNSPECIFIED.,.F.,.F.)
B_SPLINE_CURVE_WITH_KNOTS((2,2),(0.000,1.000),.UNSPECIFIED.)
CURVE()
GEOMETRIC_REPRESENTATION_ITEM()
RATIONAL_B_SPLINE_CURVE((1.0000000000,1.0000000000))
REPRESENTATION_ITEM('')
);
#4677=CARTESIAN_POINT('',(29.0000000000,-17.5000000000,8.0000000000));
#4678=CARTESIAN_POINT('',(-29.0000000000,-17.5000000000,8.0000000000));

#4679=EDGE_CURVE('',#4673,#4654,#4676,.T.);
#4680=ORIENTED_EDGE('',*,*,#4679,.T.);
#4681=EDGE_LOOP('',(#4661,#4668,#4675,#4680));
#4682=FACE_OUTER_BOUND('',#4681,.T.);
#4683=ADVANCED_FACE('',(#4682),#4648,.T.);
#4684=COLOUR_RGB('',0.39,0.39,0.39);
#4685=FILL_AREA_STYLE_COLOUR('',#4684);
#4686=FILL_AREA_STYLE('',(#4685));
#4687=SURFACE_STYLE_FILL_AREA(#4686);
#4688=SURFACE_STYLE_TRANSPARENT(0.00);
#4689=SURFACE_STYLE_RENDERING_WITH_PROPERTIES(.NORMAL_SHADING.,#4684,(#4688));
#4690=SURFACE_SIDE_STYLE('',(#4687, #4689));
#4691=SURFACE_STYLE_USAGE(.BOTH.,#4690);
#4692=PRESENTATION_STYLE_ASSIGNMENT((#4691));
#4693=STYLED_ITEM('',(#4692),#4683);

#4694=(
BOUNDED_SURFACE()
B_SPLINE_SURFACE(1,1,((#4695,#4696),(#4697,#4698)),.UNSPECIFIED.,.F.,.F.,.F.)
B_SPLINE_SURFACE_WITH_KNOTS((2,2),(2,2),(0.000,1.000),(0.000,1.000),.UNSPECIFIED.)
GEOMETRIC_REPRESENTATION_ITEM()
RATIONAL_B_SPLINE_SURFACE(((1.0000000000,1.0000000000),(1.0000000000,1.0000000000)))
REPRESENTATION_ITEM('')
SURFACE()
);
#4695=CARTESIAN_POINT('',(29.0000000000,-13.0000000000,4.0000000000));
#4696=CARTESIAN_POINT('',(29.0000000000,-13.0000000000,8.0000000000));
#4697=CARTESIAN_POINT('',(29.0000000000,-17.5000000000,4.0000000000));
#4698=CARTESIAN_POINT('',(29.0000000000,-17.5000000000,8.0000000000));

#4699=CARTESIAN_POINT('',(29.0000000000,-17.5000000000,8.0000000000));
#4700=VERTEX_POINT('',#4699);
#4701=(
BOUNDED_CURVE()
B_SPLINE_CURVE(1,(#4702,#4703),.UNSPECIFIED.,.F.,.F.)
B_SPLINE_CURVE_WITH_KNOTS((2,2),(0.000,1.000),.UNSPECIFIED.)
CURVE()
GEOMETRIC_REPRESENTATION_ITEM()
RATIONAL_B_SPLINE_CURVE((1.0000000000,1.0000000000))
REPRESENTATION_ITEM('')
);
#4702=CARTESIAN_POINT('',(29.0000000000,-17.5000000000,8.0000000000));
#4703=CARTESIAN_POINT('',(29.0000000000,-17.5000000000,4.0000000000));

#4704=CARTESIAN_POINT('',(29.0000000000,-17.5000000000,4.0000000000));
#4705=VERTEX_POINT('',#4704);
#4706=EDGE_CURVE('',#4700,#4705,#4701,.T.);
#4707=ORIENTED_EDGE('',*,*,#4706,.T.);
#4708=(
BOUNDED_CURVE()
B_SPLINE_CURVE(1,(#4709,#4710),.UNSPECIFIED.,.F.,.F.)
B_SPLINE_CURVE_WITH_KNOTS((2,2),(0.000,1.000),.UNSPECIFIED.)
CURVE()
GEOMETRIC_REPRESENTATION_ITEM()
RATIONAL_B_SPLINE_CURVE((1.0000000000,1.0000000000))
REPRESENTATION_ITEM('')
);
#4709=CARTESIAN_POINT('',(29.0000000000,-17.5000000000,4.0000000000));
#4710=CARTESIAN_POINT('',(29.0000000000,-13.0000000000,4.0000000000));

#4711=CARTESIAN_POINT('',(29.0000000000,-13.0000000000,4.0000000000));
#4712=VERTEX_POINT('',#4711);
#4713=EDGE_CURVE('',#4705,#4712,#4708,.T.);
#4714=ORIENTED_EDGE('',*,*,#4713,.T.);
#4715=(
BOUNDED_CURVE()
B_SPLINE_CURVE(1,(#4716,#4717),.UNSPECIFIED.,.F.,.F.)
B_SPLINE_CURVE_WITH_KNOTS((2,2),(0.000,1.000),.UNSPECIFIED.)
CURVE()
GEOMETRIC_REPRESENTATION_ITEM()
RATIONAL_B_SPLINE_CURVE((1.0000000000,1.0000000000))
REPRESENTATION_ITEM('')
);
#4716=CARTESIAN_POINT('',(29.0000000000,-13.0000000000,4.0000000000));
#4717=CARTESIAN_POINT('',(29.0000000000,-13.0000000000,8.0000000000));

#4718=CARTESIAN_POINT('',(29.0000000000,-13.0000000000,8.0000000000));
#4719=VERTEX_POINT('',#4718);
#4720=EDGE_CURVE('',#4712,#4719,#4715,.T.);
#4721=ORIENTED_EDGE('',*,*,#4720,.T.);
#4722=(
BOUNDED_CURVE()
B_SPLINE_CURVE(1,(#4723,#4724),.UNSPECIFIED.,.F.,.F.)
B_SPLINE_CURVE_WITH_KNOTS((2,2),(0.000,1.000),.UNSPECIFIED.)
CURVE()
GEOMETRIC_REPRESENTATION_ITEM()
RATIONAL_B_SPLINE_CURVE((1.0000000000,1.0000000000))
REPRESENTATION_ITEM('')
);
#4723=CARTESIAN_POINT('',(29.0000000000,-13.0000000000,8.0000000000));
#4724=CARTESIAN_POINT('',(29.0000000000,-17.5000000000,8.0000000000));

#4725=EDGE_CURVE('',#4719,#4700,#4722,.T.);
#4726=ORIENTED_EDGE('',*,*,#4725,.T.);
#4727=EDGE_LOOP('',(#4707,#4714,#4721,#4726));
#4728=FACE_OUTER_BOUND('',#4727,.T.);
#4729=ADVANCED_FACE('',(#4728),#4694,.T.);
#4730=COLOUR_RGB('',0.39,0.39,0.39);
#4731=FILL_AREA_STYLE_COLOUR('',#4730);
#4732=FILL_AREA_STYLE('',(#4731));
#4733=SURFACE_STYLE_FILL_AREA(#4732);
#4734=SURFACE_STYLE_TRANSPARENT(0.00);
#4735=SURFACE_STYLE_RENDERING_WITH_PROPERTIES(.NORMAL_SHADING.,#4730,(#4734));
#4736=SURFACE_SIDE_STYLE('',(#4733, #4735));
#4737=SURFACE_STYLE_USAGE(.BOTH.,#4736);
#4738=PRESENTATION_STYLE_ASSIGNMENT((#4737));
#4739=STYLED_ITEM('',(#4738),#4729);

#4740=(
BOUNDED_SURFACE()
B_SPLINE_SURFACE(2,1,((#4741,#4742),(#4743,#4744),(#4745,#4746)),.UNSPECIFIED.,.F.,.F.,.F.)
B_SPLINE_SURFACE_WITH_KNOTS((3,3),(2,2),(0.000,1.000),(0.000,1.000),.UNSPECIFIED.)
GEOMETRIC_REPRESENTATION_ITEM()
RATIONAL_B_SPLINE_SURFACE(((1.0000000000,1.0000000000),(0.7071067812,0.7071067812),(1.0000000000,1.0000000000)))
REPRESENTATION_ITEM('')
SURFACE()
);
#4741=CARTESIAN_POINT('',(30.5000000000,-11.5000000000,4.0000000000));
#4742=CARTESIAN_POINT('',(30.5000000000,-11.5000000000,8.0000000000));
#4743=CARTESIAN_POINT('',(29.0000000000,-11.5000000000,4.0000000000));
#4744=CARTESIAN_POINT('',(29.0000000000,-11.5000000000,8.0000000000));
#4745=CARTESIAN_POINT('',(29.0000000000,-13.0000000000,4.0000000000));
#4746=CARTESIAN_POINT('',(29.0000000000,-13.0000000000,8.0000000000));

#4747=CARTESIAN_POINT('',(29.0000000000,-13.0000000000,4.0000000000));
#4748=VERTEX_POINT('',#4747);
#4749=(
BOUNDED_CURVE()
B_SPLINE_CURVE(2,(#4750,#4751,#4752),.UNSPECIFIED.,.F.,.F.)
B_SPLINE_CURVE_WITH_KNOTS((3,3),(0.000,1.000),.UNSPECIFIED.)
CURVE()
GEOMETRIC_REPRESENTATION_ITEM()
RATIONAL_B_SPLINE_CURVE((1.0000000000,0.7071067812,1.0000000000))
REPRESENTATION_ITEM('')
);
#4750=CARTESIAN_POINT('',(29.0000000000,-13.0000000000,4.0000000000));
#4751=CARTESIAN_POINT('',(29.0000000000,-11.5000000001,4.0000000000));
#4752=CARTESIAN_POINT('',(30.4999999999,-11.5000000000,4.0000000000));

#4753=CARTESIAN_POINT('',(30.4999999999,-11.5000000000,4.0000000000));
#4754=VERTEX_POINT('',#4753);
#4755=EDGE_CURVE('',#4748,#4754,#4749,.T.);
#4756=ORIENTED_EDGE('',*,*,#4755,.T.);
#4757=(
BOUNDED_CURVE()
B_SPLINE_CURVE(1,(#4758,#4759),.UNSPECIFIED.,.F.,.F.)
B_SPLINE_CURVE_WITH_KNOTS((2,2),(0.000,1.000),.UNSPECIFIED.)
CURVE()
GEOMETRIC_REPRESENTATION_ITEM()
RATIONAL_B_SPLINE_CURVE((1.0000000000,1.0000000000))
REPRESENTATION_ITEM('')
);
#4758=CARTESIAN_POINT('',(30.5000000000,-11.5000000000,4.0000000000));
#4759=CARTESIAN_POINT('',(30.5000000000,-11.5000000000,8.0000000000));

#4760=CARTESIAN_POINT('',(30.5000000000,-11.5000000000,8.0000000000));
#4761=VERTEX_POINT('',#4760);
#4762=EDGE_CURVE('',#4754,#4761,#4757,.T.);
#4763=ORIENTED_EDGE('',*,*,#4762,.T.);
#4764=(
BOUNDED_CURVE()
B_SPLINE_CURVE(2,(#4765,#4766,#4767),.UNSPECIFIED.,.F.,.F.)
B_SPLINE_CURVE_WITH_KNOTS((3,3),(0.000,1.000),.UNSPECIFIED.)
CURVE()
GEOMETRIC_REPRESENTATION_ITEM()
RATIONAL_B_SPLINE_CURVE((1.0000000000,0.7071067812,1.0000000000))
REPRESENTATION_ITEM('')
);
#4765=CARTESIAN_POINT('',(30.4999999999,-11.5000000000,8.0000000000));
#4766=CARTESIAN_POINT('',(29.0000000000,-11.5000000001,8.0000000000));
#4767=CARTESIAN_POINT('',(29.0000000000,-13.0000000000,8.0000000000));

#4768=CARTESIAN_POINT('',(29.0000000000,-13.0000000000,8.0000000000));
#4769=VERTEX_POINT('',#4768);
#4770=EDGE_CURVE('',#4761,#4769,#4764,.T.);
#4771=ORIENTED_EDGE('',*,*,#4770,.T.);
#4772=(
BOUNDED_CURVE()
B_SPLINE_CURVE(1,(#4773,#4774),.UNSPECIFIED.,.F.,.F.)
B_SPLINE_CURVE_WITH_KNOTS((2,2),(0.000,1.000),.UNSPECIFIED.)
CURVE()
GEOMETRIC_REPRESENTATION_ITEM()
RATIONAL_B_SPLINE_CURVE((1.0000000000,1.0000000000))
REPRESENTATION_ITEM('')
);
#4773=CARTESIAN_POINT('',(29.0000000000,-13.0000000000,8.0000000000));
#4774=CARTESIAN_POINT('',(29.0000000000,-13.0000000000,4.0000000000));

#4775=EDGE_CURVE('',#4769,#4748,#4772,.T.);
#4776=ORIENTED_EDGE('',*,*,#4775,.T.);
#4777=EDGE_LOOP('',(#4756,#4763,#4771,#4776));
#4778=FACE_OUTER_BOUND('',#4777,.T.);
#4779=ADVANCED_FACE('',(#4778),#4740,.T.);
#4780=COLOUR_RGB('',0.39,0.39,0.39);
#4781=FILL_AREA_STYLE_COLOUR('',#4780);
#4782=FILL_AREA_STYLE('',(#4781));
#4783=SURFACE_STYLE_FILL_AREA(#4782);
#4784=SURFACE_STYLE_TRANSPARENT(0.00);
#4785=SURFACE_STYLE_RENDERING_WITH_PROPERTIES(.NORMAL_SHADING.,#4780,(#4784));
#4786=SURFACE_SIDE_STYLE('',(#4783, #4785));
#4787=SURFACE_STYLE_USAGE(.BOTH.,#4786);
#4788=PRESENTATION_STYLE_ASSIGNMENT((#4787));
#4789=STYLED_ITEM('',(#4788),#4779);

#4790=(
BOUNDED_SURFACE()
B_SPLINE_SURFACE(1,1,((#4791,#4792),(#4793,#4794)),.UNSPECIFIED.,.F.,.F.,.F.)
B_SPLINE_SURFACE_WITH_KNOTS((2,2),(2,2),(0.000,1.000),(0.000,1.000),.UNSPECIFIED.)
GEOMETRIC_REPRESENTATION_ITEM()
RATIONAL_B_SPLINE_SURFACE(((1.0000000000,1.0000000000),(1.0000000000,1.0000000000)))
REPRESENTATION_ITEM('')
SURFACE()
);
#4791=CARTESIAN_POINT('',(35.0000000000,-11.5000000000,4.0000000000));
#4792=CARTESIAN_POINT('',(35.0000000000,-11.5000000000,8.0000000000));
#4793=CARTESIAN_POINT('',(30.5000000000,-11.5000000000,4.0000000000));
#4794=CARTESIAN_POINT('',(30.5000000000,-11.5000000000,8.0000000000));

#4795=CARTESIAN_POINT('',(30.5000000000,-11.5000000000,8.0000000000));
#4796=VERTEX_POINT('',#4795);
#4797=(
BOUNDED_CURVE()
B_SPLINE_CURVE(1,(#4798,#4799),.UNSPECIFIED.,.F.,.F.)
B_SPLINE_CURVE_WITH_KNOTS((2,2),(0.000,1.000),.UNSPECIFIED.)
CURVE()
GEOMETRIC_REPRESENTATION_ITEM()
RATIONAL_B_SPLINE_CURVE((1.0000000000,1.0000000000))
REPRESENTATION_ITEM('')
);
#4798=CARTESIAN_POINT('',(30.5000000000,-11.5000000000,8.0000000000));
#4799=CARTESIAN_POINT('',(30.5000000000,-11.5000000000,4.0000000000));

#4800=CARTESIAN_POINT('',(30.5000000000,-11.5000000000,4.0000000000));
#4801=VERTEX_POINT('',#4800);
#4802=EDGE_CURVE('',#4796,#4801,#4797,.T.);
#4803=ORIENTED_EDGE('',*,*,#4802,.T.);
#4804=(
BOUNDED_CURVE()
B_SPLINE_CURVE(1,(#4805,#4806),.UNSPECIFIED.,.F.,.F.)
B_SPLINE_CURVE_WITH_KNOTS((2,2),(0.000,1.000),.UNSPECIFIED.)
CURVE()
GEOMETRIC_REPRESENTATION_ITEM()
RATIONAL_B_SPLINE_CURVE((1.0000000000,1.0000000000))
REPRESENTATION_ITEM('')
);
#4805=CARTESIAN_POINT('',(30.5000000000,-11.5000000000,4.0000000000));
#4806=CARTESIAN_POINT('',(35.0000000000,-11.5000000000,4.0000000000));

#4807=CARTESIAN_POINT('',(35.0000000000,-11.5000000000,4.0000000000));
#4808=VERTEX_POINT('',#4807);
#4809=EDGE_CURVE('',#4801,#4808,#4804,.T.);
#4810=ORIENTED_EDGE('',*,*,#4809,.T.);
#4811=(
BOUNDED_CURVE()
B_SPLINE_CURVE(1,(#4812,#4813),.UNSPECIFIED.,.F.,.F.)
B_SPLINE_CURVE_WITH_KNOTS((2,2),(0.000,1.000),.UNSPECIFIED.)
CURVE()
GEOMETRIC_REPRESENTATION_ITEM()
RATIONAL_B_SPLINE_CURVE((1.0000000000,1.0000000000))
REPRESENTATION_ITEM('')
);
#4812=CARTESIAN_POINT('',(35.0000000000,-11.5000000000,4.0000000000));
#4813=CARTESIAN_POINT('',(35.0000000000,-11.5000000000,8.0000000000));

#4814=CARTESIAN_POINT('',(35.0000000000,-11.5000000000,8.0000000000));
#4815=VERTEX_POINT('',#4814);
#4816=EDGE_CURVE('',#4808,#4815,#4811,.T.);
#4817=ORIENTED_EDGE('',*,*,#4816,.T.);
#4818=(
BOUNDED_CURVE()
B_SPLINE_CURVE(1,(#4819,#4820),.UNSPECIFIED.,.F.,.F.)
B_SPLINE_CURVE_WITH_KNOTS((2,2),(0.000,1.000),.UNSPECIFIED.)
CURVE()
GEOMETRIC_REPRESENTATION_ITEM()
RATIONAL_B_SPLINE_CURVE((1.0000000000,1.0000000000))
REPRESENTATION_ITEM('')
);
#4819=CARTESIAN_POINT('',(35.0000000000,-11.5000000000,8.0000000000));
#4820=CARTESIAN_POINT('',(30.5000000000,-11.5000000000,8.0000000000));

#4821=EDGE_CURVE('',#4815,#4796,#4818,.T.);
#4822=ORIENTED_EDGE('',*,*,#4821,.T.);
#4823=EDGE_LOOP('',(#4803,#4810,#4817,#4822));
#4824=FACE_OUTER_BOUND('',#4823,.T.);
#4825=ADVANCED_FACE('',(#4824),#4790,.T.);
#4826=COLOUR_RGB('',0.39,0.39,0.39);
#4827=FILL_AREA_STYLE_COLOUR('',#4826);
#4828=FILL_AREA_STYLE('',(#4827));
#4829=SURFACE_STYLE_FILL_AREA(#4828);
#4830=SURFACE_STYLE_TRANSPARENT(0.00);
#4831=SURFACE_STYLE_RENDERING_WITH_PROPERTIES(.NORMAL_SHADING.,#4826,(#4830));
#4832=SURFACE_SIDE_STYLE('',(#4829, #4831));
#4833=SURFACE_STYLE_USAGE(.BOTH.,#4832);
#4834=PRESENTATION_STYLE_ASSIGNMENT((#4833));
#4835=STYLED_ITEM('',(#4834),#4825);

#4836=(
BOUNDED_SURFACE()
B_SPLINE_SURFACE(1,1,((#4837,#4838),(#4839,#4840)),.UNSPECIFIED.,.F.,.F.,.F.)
B_SPLINE_SURFACE_WITH_KNOTS((2,2),(2,2),(0.000,1.000),(0.000,1.000),.UNSPECIFIED.)
GEOMETRIC_REPRESENTATION_ITEM()
RATIONAL_B_SPLINE_SURFACE(((1.0000000000,1.0000000000),(1.0000000000,1.0000000000)))
REPRESENTATION_ITEM('')
SURFACE()
);
#4837=CARTESIAN_POINT('',(35.0000000000,11.5000000000,4.0000000000));
#4838=CARTESIAN_POINT('',(35.0000000000,11.5000000000,8.0000000000));
#4839=CARTESIAN_POINT('',(35.0000000000,-11.5000000000,4.0000000000));
#4840=CARTESIAN_POINT('',(35.0000000000,-11.5000000000,8.0000000000));

#4841=CARTESIAN_POINT('',(35.0000000000,-11.5000000000,8.0000000000));
#4842=VERTEX_POINT('',#4841);
#4843=(
BOUNDED_CURVE()
B_SPLINE_CURVE(1,(#4844,#4845),.UNSPECIFIED.,.F.,.F.)
B_SPLINE_CURVE_WITH_KNOTS((2,2),(0.000,1.000),.UNSPECIFIED.)
CURVE()
GEOMETRIC_REPRESENTATION_ITEM()
RATIONAL_B_SPLINE_CURVE((1.0000000000,1.0000000000))
REPRESENTATION_ITEM('')
);
#4844=CARTESIAN_POINT('',(35.0000000000,-11.5000000000,8.0000000000));
#4845=CARTESIAN_POINT('',(35.0000000000,-11.5000000000,4.0000000000));

#4846=CARTESIAN_POINT('',(35.0000000000,-11.5000000000,4.0000000000));
#4847=VERTEX_POINT('',#4846);
#4848=EDGE_CURVE('',#4842,#4847,#4843,.T.);
#4849=ORIENTED_EDGE('',*,*,#4848,.T.);
#4850=(
BOUNDED_CURVE()
B_SPLINE_CURVE(1,(#4851,#4852),.UNSPECIFIED.,.F.,.F.)
B_SPLINE_CURVE_WITH_KNOTS((2,2),(0.000,1.000),.UNSPECIFIED.)
CURVE()
GEOMETRIC_REPRESENTATION_ITEM()
RATIONAL_B_SPLINE_CURVE((1.0000000000,1.0000000000))
REPRESENTATION_ITEM('')
);
#4851=CARTESIAN_POINT('',(35.0000000000,-11.5000000000,4.0000000000));
#4852=CARTESIAN_POINT('',(35.0000000000,11.5000000000,4.0000000000));

#4853=CARTESIAN_POINT('',(35.0000000000,11.5000000000,4.0000000000));
#4854=VERTEX_POINT('',#4853);
#4855=EDGE_CURVE('',#4847,#4854,#4850,.T.);
#4856=ORIENTED_EDGE('',*,*,#4855,.T.);
#4857=(
BOUNDED_CURVE()
B_SPLINE_CURVE(1,(#4858,#4859),.UNSPECIFIED.,.F.,.F.)
B_SPLINE_CURVE_WITH_KNOTS((2,2),(0.000,1.000),.UNSPECIFIED.)
CURVE()
GEOMETRIC_REPRESENTATION_ITEM()
RATIONAL_B_SPLINE_CURVE((1.0000000000,1.0000000000))
REPRESENTATION_ITEM('')
);
#4858=CARTESIAN_POINT('',(35.0000000000,11.5000000000,4.0000000000));
#4859=CARTESIAN_POINT('',(35.0000000000,11.5000000000,8.0000000000));

#4860=CARTESIAN_POINT('',(35.0000000000,11.5000000000,8.0000000000));
#4861=VERTEX_POINT('',#4860);
#4862=EDGE_CURVE('',#4854,#4861,#4857,.T.);
#4863=ORIENTED_EDGE('',*,*,#4862,.T.);
#4864=(
BOUNDED_CURVE()
B_SPLINE_CURVE(1,(#4865,#4866),.UNSPECIFIED.,.F.,.F.)
B_SPLINE_CURVE_WITH_KNOTS((2,2),(0.000,1.000),.UNSPECIFIED.)
CURVE()
GEOMETRIC_REPRESENTATION_ITEM()
RATIONAL_B_SPLINE_CURVE((1.0000000000,1.0000000000))
REPRESENTATION_ITEM('')
);
#4865=CARTESIAN_POINT('',(35.0000000000,11.5000000000,8.0000000000));
#4866=CARTESIAN_POINT('',(35.0000000000,-11.5000000000,8.0000000000));

#4867=EDGE_CURVE('',#4861,#4842,#4864,.T.);
#4868=ORIENTED_EDGE('',*,*,#4867,.T.);
#4869=EDGE_LOOP('',(#4849,#4856,#4863,#4868));
#4870=FACE_OUTER_BOUND('',#4869,.T.);
#4871=ADVANCED_FACE('',(#4870),#4836,.T.);
#4872=COLOUR_RGB('',0.39,0.39,0.39);
#4873=FILL_AREA_STYLE_COLOUR('',#4872);
#4874=FILL_AREA_STYLE('',(#4873));
#4875=SURFACE_STYLE_FILL_AREA(#4874);
#4876=SURFACE_STYLE_TRANSPARENT(0.00);
#4877=SURFACE_STYLE_RENDERING_WITH_PROPERTIES(.NORMAL_SHADING.,#4872,(#4876));
#4878=SURFACE_SIDE_STYLE('',(#4875, #4877));
#4879=SURFACE_STYLE_USAGE(.BOTH.,#4878);
#4880=PRESENTATION_STYLE_ASSIGNMENT((#4879));
#4881=STYLED_ITEM('',(#4880),#4871);

#4882=(
BOUNDED_SURFACE()
B_SPLINE_SURFACE(1,1,((#4883,#4884),(#4885,#4886)),.UNSPECIFIED.,.F.,.F.,.F.)
B_SPLINE_SURFACE_WITH_KNOTS((2,2),(2,2),(0.000,1.000),(0.000,1.000),.UNSPECIFIED.)
GEOMETRIC_REPRESENTATION_ITEM()
RATIONAL_B_SPLINE_SURFACE(((1.0000000000,1.0000000000),(1.0000000000,1.0000000000)))
REPRESENTATION_ITEM('')
SURFACE()
);
#4883=CARTESIAN_POINT('',(30.5000000000,11.5000000000,4.0000000000));
#4884=CARTESIAN_POINT('',(30.5000000000,11.5000000000,8.0000000000));
#4885=CARTESIAN_POINT('',(35.0000000000,11.5000000000,4.0000000000));
#4886=CARTESIAN_POINT('',(35.0000000000,11.5000000000,8.0000000000));

#4887=CARTESIAN_POINT('',(35.0000000000,11.5000000000,8.0000000000));
#4888=VERTEX_POINT('',#4887);
#4889=(
BOUNDED_CURVE()
B_SPLINE_CURVE(1,(#4890,#4891),.UNSPECIFIED.,.F.,.F.)
B_SPLINE_CURVE_WITH_KNOTS((2,2),(0.000,1.000),.UNSPECIFIED.)
CURVE()
GEOMETRIC_REPRESENTATION_ITEM()
RATIONAL_B_SPLINE_CURVE((1.0000000000,1.0000000000))
REPRESENTATION_ITEM('')
);
#4890=CARTESIAN_POINT('',(35.0000000000,11.5000000000,8.0000000000));
#4891=CARTESIAN_POINT('',(35.0000000000,11.5000000000,4.0000000000));

#4892=CARTESIAN_POINT('',(35.0000000000,11.5000000000,4.0000000000));
#4893=VERTEX_POINT('',#4892);
#4894=EDGE_CURVE('',#4888,#4893,#4889,.T.);
#4895=ORIENTED_EDGE('',*,*,#4894,.T.);
#4896=(
BOUNDED_CURVE()
B_SPLINE_CURVE(1,(#4897,#4898),.UNSPECIFIED.,.F.,.F.)
B_SPLINE_CURVE_WITH_KNOTS((2,2),(0.000,1.000),.UNSPECIFIED.)
CURVE()
GEOMETRIC_REPRESENTATION_ITEM()
RATIONAL_B_SPLINE_CURVE((1.0000000000,1.0000000000))
REPRESENTATION_ITEM('')
);
#4897=CARTESIAN_POINT('',(35.0000000000,11.5000000000,4.0000000000));
#4898=CARTESIAN_POINT('',(30.5000000000,11.5000000000,4.0000000000));

#4899=CARTESIAN_POINT('',(30.5000000000,11.5000000000,4.0000000000));
#4900=VERTEX_POINT('',#4899);
#4901=EDGE_CURVE('',#4893,#4900,#4896,.T.);
#4902=ORIENTED_EDGE('',*,*,#4901,.T.);
#4903=(
BOUNDED_CURVE()
B_SPLINE_CURVE(1,(#4904,#4905),.UNSPECIFIED.,.F.,.F.)
B_SPLINE_CURVE_WITH_KNOTS((2,2),(0.000,1.000),.UNSPECIFIED.)
CURVE()
GEOMETRIC_REPRESENTATION_ITEM()
RATIONAL_B_SPLINE_CURVE((1.0000000000,1.0000000000))
REPRESENTATION_ITEM('')
);
#4904=CARTESIAN_POINT('',(30.5000000000,11.5000000000,4.0000000000));
#4905=CARTESIAN_POINT('',(30.5000000000,11.5000000000,8.0000000000));

#4906=CARTESIAN_POINT('',(30.5000000000,11.5000000000,8.0000000000));
#4907=VERTEX_POINT('',#4906);
#4908=EDGE_CURVE('',#4900,#4907,#4903,.T.);
#4909=ORIENTED_EDGE('',*,*,#4908,.T.);
#4910=(
BOUNDED_CURVE()
B_SPLINE_CURVE(1,(#4911,#4912),.UNSPECIFIED.,.F.,.F.)
B_SPLINE_CURVE_WITH_KNOTS((2,2),(0.000,1.000),.UNSPECIFIED.)
CURVE()
GEOMETRIC_REPRESENTATION_ITEM()
RATIONAL_B_SPLINE_CURVE((1.0000000000,1.0000000000))
REPRESENTATION_ITEM('')
);
#4911=CARTESIAN_POINT('',(30.5000000000,11.5000000000,8.0000000000));
#4912=CARTESIAN_POINT('',(35.0000000000,11.5000000000,8.0000000000));

#4913=EDGE_CURVE('',#4907,#4888,#4910,.T.);
#4914=ORIENTED_EDGE('',*,*,#4913,.T.);
#4915=EDGE_LOOP('',(#4895,#4902,#4909,#4914));
#4916=FACE_OUTER_BOUND('',#4915,.T.);
#4917=ADVANCED_FACE('',(#4916),#4882,.T.);
#4918=COLOUR_RGB('',0.39,0.39,0.39);
#4919=FILL_AREA_STYLE_COLOUR('',#4918);
#4920=FILL_AREA_STYLE('',(#4919));
#4921=SURFACE_STYLE_FILL_AREA(#4920);
#4922=SURFACE_STYLE_TRANSPARENT(0.00);
#4923=SURFACE_STYLE_RENDERING_WITH_PROPERTIES(.NORMAL_SHADING.,#4918,(#4922));
#4924=SURFACE_SIDE_STYLE('',(#4921, #4923));
#4925=SURFACE_STYLE_USAGE(.BOTH.,#4924);
#4926=PRESENTATION_STYLE_ASSIGNMENT((#4925));
#4927=STYLED_ITEM('',(#4926),#4917);

#4928=(
BOUNDED_SURFACE()
B_SPLINE_SURFACE(2,1,((#4929,#4930),(#4931,#4932),(#4933,#4934)),.UNSPECIFIED.,.F.,.F.,.F.)
B_SPLINE_SURFACE_WITH_KNOTS((3,3),(2,2),(0.000,1.000),(0.000,1.000),.UNSPECIFIED.)
GEOMETRIC_REPRESENTATION_ITEM()
RATIONAL_B_SPLINE_SURFACE(((1.0000000000,1.0000000000),(0.7071067812,0.7071067812),(1.0000000000,1.0000000000)))
REPRESENTATION_ITEM('')
SURFACE()
);
#4929=CARTESIAN_POINT('',(29.0000000000,13.0000000000,4.0000000000));
#4930=CARTESIAN_POINT('',(29.0000000000,13.0000000000,8.0000000000));
#4931=CARTESIAN_POINT('',(29.0000000000,11.5000000000,4.0000000000));
#4932=CARTESIAN_POINT('',(29.0000000000,11.5000000000,8.0000000000));
#4933=CARTESIAN_POINT('',(30.5000000000,11.5000000000,4.0000000000));
#4934=CARTESIAN_POINT('',(30.5000000000,11.5000000000,8.0000000000));

#4935=CARTESIAN_POINT('',(30.5000000000,11.5000000000,8.0000000000));
#4936=VERTEX_POINT('',#4935);
#4937=(
BOUNDED_CURVE()
B_SPLINE_CURVE(1,(#4938,#4939),.UNSPECIFIED.,.F.,.F.)
B_SPLINE_CURVE_WITH_KNOTS((2,2),(0.000,1.000),.UNSPECIFIED.)
CURVE()
GEOMETRIC_REPRESENTATION_ITEM()
RATIONAL_B_SPLINE_CURVE((1.0000000000,1.0000000000))
REPRESENTATION_ITEM('')
);
#4938=CARTESIAN_POINT('',(30.5000000000,11.5000000000,8.0000000000));
#4939=CARTESIAN_POINT('',(30.5000000000,11.5000000000,4.0000000000));

#4940=CARTESIAN_POINT('',(30.5000000000,11.5000000000,4.0000000000));
#4941=VERTEX_POINT('',#4940);
#4942=EDGE_CURVE('',#4936,#4941,#4937,.T.);
#4943=ORIENTED_EDGE('',*,*,#4942,.T.);
#4944=(
BOUNDED_CURVE()
B_SPLINE_CURVE(2,(#4945,#4946,#4947),.UNSPECIFIED.,.F.,.F.)
B_SPLINE_CURVE_WITH_KNOTS((3,3),(0.000,1.000),.UNSPECIFIED.)
CURVE()
GEOMETRIC_REPRESENTATION_ITEM()
RATIONAL_B_SPLINE_CURVE((1.0000000000,0.7071067812,1.0000000000))
REPRESENTATION_ITEM('')
);
#4945=CARTESIAN_POINT('',(30.5000000000,11.5000000000,4.0000000000));
#4946=CARTESIAN_POINT('',(29.0000000001,11.5000000000,4.0000000000));
#4947=CARTESIAN_POINT('',(29.0000000000,12.9999999999,4.0000000000));

#4948=CARTESIAN_POINT('',(29.0000000000,12.9999999999,4.0000000000));
#4949=VERTEX_POINT('',#4948);
#4950=EDGE_CURVE('',#4941,#4949,#4944,.T.);
#4951=ORIENTED_EDGE('',*,*,#4950,.T.);
#4952=(
BOUNDED_CURVE()
B_SPLINE_CURVE(1,(#4953,#4954),.UNSPECIFIED.,.F.,.F.)
B_SPLINE_CURVE_WITH_KNOTS((2,2),(0.000,1.000),.UNSPECIFIED.)
CURVE()
GEOMETRIC_REPRESENTATION_ITEM()
RATIONAL_B_SPLINE_CURVE((1.0000000000,1.0000000000))
REPRESENTATION_ITEM('')
);
#4953=CARTESIAN_POINT('',(29.0000000000,13.0000000000,4.0000000000));
#4954=CARTESIAN_POINT('',(29.0000000000,13.0000000000,8.0000000000));

#4955=CARTESIAN_POINT('',(29.0000000000,13.0000000000,8.0000000000));
#4956=VERTEX_POINT('',#4955);
#4957=EDGE_CURVE('',#4949,#4956,#4952,.T.);
#4958=ORIENTED_EDGE('',*,*,#4957,.T.);
#4959=(
BOUNDED_CURVE()
B_SPLINE_CURVE(2,(#4960,#4961,#4962),.UNSPECIFIED.,.F.,.F.)
B_SPLINE_CURVE_WITH_KNOTS((3,3),(0.000,1.000),.UNSPECIFIED.)
CURVE()
GEOMETRIC_REPRESENTATION_ITEM()
RATIONAL_B_SPLINE_CURVE((1.0000000000,0.7071067812,1.0000000000))
REPRESENTATION_ITEM('')
);
#4960=CARTESIAN_POINT('',(29.0000000000,12.9999999999,8.0000000000));
#4961=CARTESIAN_POINT('',(29.0000000001,11.5000000000,8.0000000000));
#4962=CARTESIAN_POINT('',(30.5000000000,11.5000000000,8.0000000000));

#4963=EDGE_CURVE('',#4956,#4936,#4959,.T.);
#4964=ORIENTED_EDGE('',*,*,#4963,.T.);
#4965=EDGE_LOOP('',(#4943,#4951,#4958,#4964));
#4966=FACE_OUTER_BOUND('',#4965,.T.);
#4967=ADVANCED_FACE('',(#4966),#4928,.T.);
#4968=COLOUR_RGB('',0.39,0.39,0.39);
#4969=FILL_AREA_STYLE_COLOUR('',#4968);
#4970=FILL_AREA_STYLE('',(#4969));
#4971=SURFACE_STYLE_FILL_AREA(#4970);
#4972=SURFACE_STYLE_TRANSPARENT(0.00);
#4973=SURFACE_STYLE_RENDERING_WITH_PROPERTIES(.NORMAL_SHADING.,#4968,(#4972));
#4974=SURFACE_SIDE_STYLE('',(#4971, #4973));
#4975=SURFACE_STYLE_USAGE(.BOTH.,#4974);
#4976=PRESENTATION_STYLE_ASSIGNMENT((#4975));
#4977=STYLED_ITEM('',(#4976),#4967);

#4978=(
BOUNDED_SURFACE()
B_SPLINE_SURFACE(1,1,((#4979,#4980),(#4981,#4982)),.UNSPECIFIED.,.F.,.F.,.F.)
B_SPLINE_SURFACE_WITH_KNOTS((2,2),(2,2),(0.000,1.000),(0.000,1.000),.UNSPECIFIED.)
GEOMETRIC_REPRESENTATION_ITEM()
RATIONAL_B_SPLINE_SURFACE(((1.0000000000,1.0000000000),(1.0000000000,1.0000000000)))
REPRESENTATION_ITEM('')
SURFACE()
);
#4979=CARTESIAN_POINT('',(29.0000000000,17.5000000000,4.0000000000));
#4980=CARTESIAN_POINT('',(29.0000000000,17.5000000000,8.0000000000));
#4981=CARTESIAN_POINT('',(29.0000000000,13.0000000000,4.0000000000));
#4982=CARTESIAN_POINT('',(29.0000000000,13.0000000000,8.0000000000));

#4983=CARTESIAN_POINT('',(29.0000000000,13.0000000000,8.0000000000));
#4984=VERTEX_POINT('',#4983);
#4985=(
BOUNDED_CURVE()
B_SPLINE_CURVE(1,(#4986,#4987),.UNSPECIFIED.,.F.,.F.)
B_SPLINE_CURVE_WITH_KNOTS((2,2),(0.000,1.000),.UNSPECIFIED.)
CURVE()
GEOMETRIC_REPRESENTATION_ITEM()
RATIONAL_B_SPLINE_CURVE((1.0000000000,1.0000000000))
REPRESENTATION_ITEM('')
);
#4986=CARTESIAN_POINT('',(29.0000000000,13.0000000000,8.0000000000));
#4987=CARTESIAN_POINT('',(29.0000000000,13.0000000000,4.0000000000));

#4988=CARTESIAN_POINT('',(29.0000000000,13.0000000000,4.0000000000));
#4989=VERTEX_POINT('',#4988);
#4990=EDGE_CURVE('',#4984,#4989,#4985,.T.);
#4991=ORIENTED_EDGE('',*,*,#4990,.T.);
#4992=(
BOUNDED_CURVE()
B_SPLINE_CURVE(1,(#4993,#4994),.UNSPECIFIED.,.F.,.F.)
B_SPLINE_CURVE_WITH_KNOTS((2,2),(0.000,1.000),.UNSPECIFIED.)
CURVE()
GEOMETRIC_REPRESENTATION_ITEM()
RATIONAL_B_SPLINE_CURVE((1.0000000000,1.0000000000))
REPRESENTATION_ITEM('')
);
#4993=CARTESIAN_POINT('',(29.0000000000,13.0000000000,4.0000000000));
#4994=CARTESIAN_POINT('',(29.0000000000,17.5000000000,4.0000000000));

#4995=CARTESIAN_POINT('',(29.0000000000,17.5000000000,4.0000000000));
#4996=VERTEX_POINT('',#4995);
#4997=EDGE_CURVE('',#4989,#4996,#4992,.T.);
#4998=ORIENTED_EDGE('',*,*,#4997,.T.);
#4999=(
BOUNDED_CURVE()
B_SPLINE_CURVE(1,(#5000,#5001),.UNSPECIFIED.,.F.,.F.)
B_SPLINE_CURVE_WITH_KNOTS((2,2),(0.000,1.000),.UNSPECIFIED.)
CURVE()
GEOMETRIC_REPRESENTATION_ITEM()
RATIONAL_B_SPLINE_CURVE((1.0000000000,1.0000000000))
REPRESENTATION_ITEM('')
);
#5000=CARTESIAN_POINT('',(29.0000000000,17.5000000000,4.0000000000));
#5001=CARTESIAN_POINT('',(29.0000000000,17.5000000000,8.0000000000));

#5002=CARTESIAN_POINT('',(29.0000000000,17.5000000000,8.0000000000));
#5003=VERTEX_POINT('',#5002);
#5004=EDGE_CURVE('',#4996,#5003,#4999,.T.);
#5005=ORIENTED_EDGE('',*,*,#5004,.T.);
#5006=(
BOUNDED_CURVE()
B_SPLINE_CURVE(1,(#5007,#5008),.UNSPECIFIED.,.F.,.F.)
B_SPLINE_CURVE_WITH_KNOTS((2,2),(0.000,1.000),.UNSPECIFIED.)
CURVE()
GEOMETRIC_REPRESENTATION_ITEM()
RATIONAL_B_SPLINE_CURVE((1.0000000000,1.0000000000))
REPRESENTATION_ITEM('')
);
#5007=CARTESIAN_POINT('',(29.0000000000,17.5000000000,8.0000000000));
#5008=CARTESIAN_POINT('',(29.0000000000,13.0000000000,8.0000000000));

#5009=EDGE_CURVE('',#5003,#4984,#5006,.T.);
#5010=ORIENTED_EDGE('',*,*,#5009,.T.);
#5011=EDGE_LOOP('',(#4991,#4998,#5005,#5010));
#5012=FACE_OUTER_BOUND('',#5011,.T.);
#5013=ADVANCED_FACE('',(#5012),#4978,.T.);
#5014=COLOUR_RGB('',0.39,0.39,0.39);
#5015=FILL_AREA_STYLE_COLOUR('',#5014);
#5016=FILL_AREA_STYLE('',(#5015));
#5017=SURFACE_STYLE_FILL_AREA(#5016);
#5018=SURFACE_STYLE_TRANSPARENT(0.00);
#5019=SURFACE_STYLE_RENDERING_WITH_PROPERTIES(.NORMAL_SHADING.,#5014,(#5018));
#5020=SURFACE_SIDE_STYLE('',(#5017, #5019));
#5021=SURFACE_STYLE_USAGE(.BOTH.,#5020);
#5022=PRESENTATION_STYLE_ASSIGNMENT((#5021));
#5023=STYLED_ITEM('',(#5022),#5013);

#5024=(
BOUNDED_SURFACE()
B_SPLINE_SURFACE(1,1,((#5025,#5026),(#5027,#5028)),.UNSPECIFIED.,.F.,.F.,.F.)
B_SPLINE_SURFACE_WITH_KNOTS((2,2),(2,2),(0.000,1.000),(0.000,1.000),.UNSPECIFIED.)
GEOMETRIC_REPRESENTATION_ITEM()
RATIONAL_B_SPLINE_SURFACE(((1.0000000000,1.0000000000),(1.0000000000,1.0000000000)))
REPRESENTATION_ITEM('')
SURFACE()
);
#5025=CARTESIAN_POINT('',(41.0000000000,-11.8529525035,37.0000000000));
#5026=CARTESIAN_POINT('',(-41.0000000000,-11.8529525035,37.0000000000));
#5027=CARTESIAN_POINT('',(41.0000000000,23.5000000000,24.1325775953));
#5028=CARTESIAN_POINT('',(-41.0000000000,23.5000000000,24.1325775953));

#5029=CARTESIAN_POINT('',(41.0000000000,21.0000000001,25.0425031809));
#5030=VERTEX_POINT('',#5029);
#5031=(
BOUNDED_CURVE()
B_SPLINE_CURVE(1,(#5032,#5033),.UNSPECIFIED.,.F.,.F.)
B_SPLINE_CURVE_WITH_KNOTS((2,2),(0.000,1.000),.UNSPECIFIED.)
CURVE()
GEOMETRIC_REPRESENTATION_ITEM()
RATIONAL_B_SPLINE_CURVE((1.0000000000,1.0000000000))
REPRESENTATION_ITEM('')
);
#5032=CARTESIAN_POINT('',(41.0000000000,21.0000000088,25.0425031778));
#5033=CARTESIAN_POINT('',(41.0000000000,-11.8529525035,37.0000000000));

#5034=CARTESIAN_POINT('',(41.0000000000,-11.8529525035,37.0000000000));
#5035=VERTEX_POINT('',#5034);
#5036=EDGE_CURVE('',#5030,#5035,#5031,.T.);
#5037=ORIENTED_EDGE('',*,*,#5036,.T.);
#5038=(
BOUNDED_CURVE()
B_SPLINE_CURVE(1,(#5039,#5040),.UNSPECIFIED.,.F.,.F.)
B_SPLINE_CURVE_WITH_KNOTS((2,2),(0.000,1.000),.UNSPECIFIED.)
CURVE()
GEOMETRIC_REPRESENTATION_ITEM()
RATIONAL_B_SPLINE_CURVE((1.0000000000,1.0000000000))
REPRESENTATION_ITEM('')
);
#5039=CARTESIAN_POINT('',(41.0000000000,-11.8529525035,37.0000000000));
#5040=CARTESIAN_POINT('',(38.0000000000,-11.8529525035,37.0000000000));

#5041=CARTESIAN_POINT('',(38.0000000000,-11.8529525035,37.0000000000));
#5042=VERTEX_POINT('',#5041);
#5043=EDGE_CURVE('',#5035,#5042,#5038,.T.);
#5044=ORIENTED_EDGE('',*,*,#5043,.T.);
#5045=(
BOUNDED_CURVE()
B_SPLINE_CURVE(1,(#5046,#5047),.UNSPECIFIED.,.F.,.F.)
B_SPLINE_CURVE_WITH_KNOTS((2,2),(0.000,1.000),.UNSPECIFIED.)
CURVE()
GEOMETRIC_REPRESENTATION_ITEM()
RATIONAL_B_SPLINE_CURVE((1.0000000000,1.0000000000))
REPRESENTATION_ITEM('')
);
#5046=CARTESIAN_POINT('',(38.0000000000,-11.8529525035,37.0000000000));
#5047=CARTESIAN_POINT('',(38.0000000000,20.5000000000,25.2244882981));

#5048=CARTESIAN_POINT('',(38.0000000000,20.5000000000,25.2244882981));
#5049=VERTEX_POINT('',#5048);
#5050=EDGE_CURVE('',#5042,#5049,#5045,.T.);
#5051=ORIENTED_EDGE('',*,*,#5050,.T.);
#5052=(
BOUNDED_CURVE()
B_SPLINE_CURVE(1,(#5053,#5054),.UNSPECIFIED.,.F.,.F.)
B_SPLINE_CURVE_WITH_KNOTS((2,2),(0.000,1.000),.UNSPECIFIED.)
CURVE()
GEOMETRIC_REPRESENTATION_ITEM()
RATIONAL_B_SPLINE_CURVE((1.0000000000,1.0000000000))
REPRESENTATION_ITEM('')
);
#5053=CARTESIAN_POINT('',(38.0000000000,20.5000000000,25.2244882981));
#5054=CARTESIAN_POINT('',(-38.0000000000,20.5000000000,25.2244882981));

#5055=CARTESIAN_POINT('',(-38.0000000000,20.5000000000,25.2244882981));
#5056=VERTEX_POINT('',#5055);
#5057=EDGE_CURVE('',#5049,#5056,#5052,.T.);
#5058=ORIENTED_EDGE('',*,*,#5057,.T.);
#5059=(
BOUNDED_CURVE()
B_SPLINE_CURVE(1,(#5060,#5061),.UNSPECIFIED.,.F.,.F.)
B_SPLINE_CURVE_WITH_KNOTS((2,2),(0.000,1.000),.UNSPECIFIED.)
CURVE()
GEOMETRIC_REPRESENTATION_ITEM()
RATIONAL_B_SPLINE_CURVE((1.0000000000,1.0000000000))
REPRESENTATION_ITEM('')
);
#5060=CARTESIAN_POINT('',(-38.0000000000,20.5000000000,25.2244882981));
#5061=CARTESIAN_POINT('',(-38.0000000000,-11.8529525035,37.0000000000));

#5062=CARTESIAN_POINT('',(-38.0000000000,-11.8529525035,37.0000000000));
#5063=VERTEX_POINT('',#5062);
#5064=EDGE_CURVE('',#5056,#5063,#5059,.T.);
#5065=ORIENTED_EDGE('',*,*,#5064,.T.);
#5066=(
BOUNDED_CURVE()
B_SPLINE_CURVE(1,(#5067,#5068),.UNSPECIFIED.,.F.,.F.)
B_SPLINE_CURVE_WITH_KNOTS((2,2),(0.000,1.000),.UNSPECIFIED.)
CURVE()
GEOMETRIC_REPRESENTATION_ITEM()
RATIONAL_B_SPLINE_CURVE((1.0000000000,1.0000000000))
REPRESENTATION_ITEM('')
);
#5067=CARTESIAN_POINT('',(-38.0000000000,-11.8529525035,37.0000000000));
#5068=CARTESIAN_POINT('',(-41.0000000000,-11.8529525035,37.0000000000));

#5069=CARTESIAN_POINT('',(-41.0000000000,-11.8529525035,37.0000000000));
#5070=VERTEX_POINT('',#5069);
#5071=EDGE_CURVE('',#5063,#5070,#5066,.T.);
#5072=ORIENTED_EDGE('',*,*,#5071,.T.);
#5073=(
BOUNDED_CURVE()
B_SPLINE_CURVE(1,(#5074,#5075),.UNSPECIFIED.,.F.,.F.)
B_SPLINE_CURVE_WITH_KNOTS((2,2),(0.000,1.000),.UNSPECIFIED.)
CURVE()
GEOMETRIC_REPRESENTATION_ITEM()
RATIONAL_B_SPLINE_CURVE((1.0000000000,1.0000000000))
REPRESENTATION_ITEM('')
);
#5074=CARTESIAN_POINT('',(-41.0000000000,-11.8529525035,37.0000000000));
#5075=CARTESIAN_POINT('',(-41.0000000000,21.0000000003,25.0425031809));

#5076=CARTESIAN_POINT('',(-41.0000000000,21.0000000003,25.0425031809));
#5077=VERTEX_POINT('',#5076);
#5078=EDGE_CURVE('',#5070,#5077,#5073,.T.);
#5079=ORIENTED_EDGE('',*,*,#5078,.T.);
#5080=(
BOUNDED_CURVE()
B_SPLINE_CURVE(2,(#5081,#5082,#5083),.UNSPECIFIED.,.F.,.F.)
B_SPLINE_CURVE_WITH_KNOTS((3,3),(0.000,1.000),.UNSPECIFIED.)
CURVE()
GEOMETRIC_REPRESENTATION_ITEM()
RATIONAL_B_SPLINE_CURVE((1.0000000000,0.7071067812,1.0000000000))
REPRESENTATION_ITEM('')
);
#5081=CARTESIAN_POINT('',(-41.0000000000,21.0000000000,25.0425031810));
#5082=CARTESIAN_POINT('',(-41.0000000000,23.4999999999,24.1325775954));
#5083=CARTESIAN_POINT('',(-38.5000000001,23.5000000000,24.1325775953));

#5084=CARTESIAN_POINT('',(-38.5000000001,23.5000000000,24.1325775953));
#5085=VERTEX_POINT('',#5084);
#5086=EDGE_CURVE('',#5077,#5085,#5080,.T.);
#5087=ORIENTED_EDGE('',*,*,#5086,.T.);
#5088=(
BOUNDED_CURVE()
B_SPLINE_CURVE(1,(#5089,#5090),.UNSPECIFIED.,.F.,.F.)
B_SPLINE_CURVE_WITH_KNOTS((2,2),(0.000,1.000),.UNSPECIFIED.)
CURVE()
GEOMETRIC_REPRESENTATION_ITEM()
RATIONAL_B_SPLINE_CURVE((1.0000000000,1.0000000000))
REPRESENTATION_ITEM('')
);
#5089=CARTESIAN_POINT('',(-38.5000000000,23.5000000000,24.1325775953));
#5090=CARTESIAN_POINT('',(38.5000000000,23.5000000000,24.1325775953));

#5091=CARTESIAN_POINT('',(38.5000000000,23.5000000000,24.1325775953));
#5092=VERTEX_POINT('',#5091);
#5093=EDGE_CURVE('',#5085,#5092,#5088,.T.);
#5094=ORIENTED_EDGE('',*,*,#5093,.T.);
#5095=(
BOUNDED_CURVE()
B_SPLINE_CURVE(2,(#5096,#5097,#5098),.UNSPECIFIED.,.F.,.F.)
B_SPLINE_CURVE_WITH_KNOTS((3,3),(0.000,1.000),.UNSPECIFIED.)
CURVE()
GEOMETRIC_REPRESENTATION_ITEM()
RATIONAL_B_SPLINE_CURVE((1.0000000000,0.7071067812,1.0000000000))
REPRESENTATION_ITEM('')
);
#5096=CARTESIAN_POINT('',(38.5000000000,23.5000000000,24.1325775953));
#5097=CARTESIAN_POINT('',(40.9999999999,23.5000000000,24.1325775953));
#5098=CARTESIAN_POINT('',(41.0000000000,21.0000000001,25.0425031809));

#5099=EDGE_CURVE('',#5092,#5030,#5095,.T.);
#5100=ORIENTED_EDGE('',*,*,#5099,.T.);
#5101=EDGE_LOOP('',(#5037,#5044,#5051,#5058,#5065,#5072,#5079,#5087,#5094,#5100));
#5102=FACE_OUTER_BOUND('',#5101,.T.);
#5103=ADVANCED_FACE('',(#5102),#5024,.T.);
#5104=COLOUR_RGB('',0.39,0.39,0.39);
#5105=FILL_AREA_STYLE_COLOUR('',#5104);
#5106=FILL_AREA_STYLE('',(#5105));
#5107=SURFACE_STYLE_FILL_AREA(#5106);
#5108=SURFACE_STYLE_TRANSPARENT(0.00);
#5109=SURFACE_STYLE_RENDERING_WITH_PROPERTIES(.NORMAL_SHADING.,#5104,(#5108));
#5110=SURFACE_SIDE_STYLE('',(#5107, #5109));
#5111=SURFACE_STYLE_USAGE(.BOTH.,#5110);
#5112=PRESENTATION_STYLE_ASSIGNMENT((#5111));
#5113=STYLED_ITEM('',(#5112),#5103);

#5114=(
BOUNDED_SURFACE()
B_SPLINE_SURFACE(1,1,((#5115,#5116),(#5117,#5118)),.UNSPECIFIED.,.F.,.F.,.F.)
B_SPLINE_SURFACE_WITH_KNOTS((2,2),(2,2),(0.000,1.000),(0.000,1.000),.UNSPECIFIED.)
GEOMETRIC_REPRESENTATION_ITEM()
RATIONAL_B_SPLINE_SURFACE(((1.0000000000,1.0000000000),(1.0000000000,1.0000000000)))
REPRESENTATION_ITEM('')
SURFACE()
);
#5115=CARTESIAN_POINT('',(41.0000000000,-23.5000000000,5.0000000000));
#5116=CARTESIAN_POINT('',(-41.0000000000,-23.5000000000,5.0000000000));
#5117=CARTESIAN_POINT('',(41.0000000000,-11.8529525035,37.0000000000));
#5118=CARTESIAN_POINT('',(-41.0000000000,-11.8529525035,37.0000000000));

#5119=CARTESIAN_POINT('',(41.0000000000,-11.8529525035,37.0000000000));
#5120=VERTEX_POINT('',#5119);
#5121=(
BOUNDED_CURVE()
B_SPLINE_CURVE(1,(#5122,#5123),.UNSPECIFIED.,.F.,.F.)
B_SPLINE_CURVE_WITH_KNOTS((2,2),(0.000,1.000),.UNSPECIFIED.)
CURVE()
GEOMETRIC_REPRESENTATION_ITEM()
RATIONAL_B_SPLINE_CURVE((1.0000000000,1.0000000000))
REPRESENTATION_ITEM('')
);
#5122=CARTESIAN_POINT('',(41.0000000000,-11.8529525035,37.0000000000));
#5123=CARTESIAN_POINT('',(41.0000000000,-21.0000000000,11.8686935485));

#5124=CARTESIAN_POINT('',(41.0000000000,-21.0000000000,11.8686935485));
#5125=VERTEX_POINT('',#5124);
#5126=EDGE_CURVE('',#5120,#5125,#5121,.T.);
#5127=ORIENTED_EDGE('',*,*,#5126,.T.);
#5128=(
BOUNDED_CURVE()
B_SPLINE_CURVE(2,(#5129,#5130,#5131),.UNSPECIFIED.,.F.,.F.)
B_SPLINE_CURVE_WITH_KNOTS((3,3),(0.000,1.000),.UNSPECIFIED.)
CURVE()
GEOMETRIC_REPRESENTATION_ITEM()
RATIONAL_B_SPLINE_CURVE((1.0000000000,0.7071067812,1.0000000000))
REPRESENTATION_ITEM('')
);
#5129=CARTESIAN_POINT('',(41.0000000000,-21.0000000000,11.8686935486));
#5130=CARTESIAN_POINT('',(41.0000000000,-23.5000000000,5.0000000000));
#5131=CARTESIAN_POINT('',(38.5000000000,-23.5000000000,5.0000000000));

#5132=CARTESIAN_POINT('',(38.5000000000,-23.5000000000,5.0000000000));
#5133=VERTEX_POINT('',#5132);
#5134=EDGE_CURVE('',#5125,#5133,#5128,.T.);
#5135=ORIENTED_EDGE('',*,*,#5134,.T.);
#5136=(
BOUNDED_CURVE()
B_SPLINE_CURVE(1,(#5137,#5138),.UNSPECIFIED.,.F.,.F.)
B_SPLINE_CURVE_WITH_KNOTS((2,2),(0.000,1.000),.UNSPECIFIED.)
CURVE()
GEOMETRIC_REPRESENTATION_ITEM()
RATIONAL_B_SPLINE_CURVE((1.0000000000,1.0000000000))
REPRESENTATION_ITEM('')
);
#5137=CARTESIAN_POINT('',(38.5000000000,-23.5000000000,5.0000000000));
#5138=CARTESIAN_POINT('',(-38.5000000000,-23.5000000000,5.0000000000));

#5139=CARTESIAN_POINT('',(-38.5000000000,-23.5000000000,5.0000000000));
#5140=VERTEX_POINT('',#5139);
#5141=EDGE_CURVE('',#5133,#5140,#5136,.T.);
#5142=ORIENTED_EDGE('',*,*,#5141,.T.);
#5143=(
BOUNDED_CURVE()
B_SPLINE_CURVE(2,(#5144,#5145,#5146),.UNSPECIFIED.,.F.,.F.)
B_SPLINE_CURVE_WITH_KNOTS((3,3),(0.000,1.000),.UNSPECIFIED.)
CURVE()
GEOMETRIC_REPRESENTATION_ITEM()
RATIONAL_B_SPLINE_CURVE((1.0000000000,0.7071067812,1.0000000000))
REPRESENTATION_ITEM('')
);
#5144=CARTESIAN_POINT('',(-38.5000000000,-23.5000000000,5.0000000000));
#5145=CARTESIAN_POINT('',(-41.0000000000,-23.5000000000,5.0000000000));
#5146=CARTESIAN_POINT('',(-41.0000000000,-21.0000000000,11.8686935486));

#5147=CARTESIAN_POINT('',(-41.0000000000,-21.0000000000,11.8686935486));
#5148=VERTEX_POINT('',#5147);
#5149=EDGE_CURVE('',#5140,#5148,#5143,.T.);
#5150=ORIENTED_EDGE('',*,*,#5149,.T.);
#5151=(
BOUNDED_CURVE()
B_SPLINE_CURVE(1,(#5152,#5153),.UNSPECIFIED.,.F.,.F.)
B_SPLINE_CURVE_WITH_KNOTS((2,2),(0.000,1.000),.UNSPECIFIED.)
CURVE()
GEOMETRIC_REPRESENTATION_ITEM()
RATIONAL_B_SPLINE_CURVE((1.0000000000,1.0000000000))
REPRESENTATION_ITEM('')
);
#5152=CARTESIAN_POINT('',(-41.0000000000,-21.0000000012,11.8686935454));
#5153=CARTESIAN_POINT('',(-41.0000000000,-11.8529525035,37.0000000000));

#5154=CARTESIAN_POINT('',(-41.0000000000,-11.8529525035,37.0000000000));
#5155=VERTEX_POINT('',#5154);
#5156=EDGE_CURVE('',#5148,#5155,#5151,.T.);
#5157=ORIENTED_EDGE('',*,*,#5156,.T.);
#5158=(
BOUNDED_CURVE()
B_SPLINE_CURVE(1,(#5159,#5160),.UNSPECIFIED.,.F.,.F.)
B_SPLINE_CURVE_WITH_KNOTS((2,2),(0.000,1.000),.UNSPECIFIED.)
CURVE()
GEOMETRIC_REPRESENTATION_ITEM()
RATIONAL_B_SPLINE_CURVE((1.0000000000,1.0000000000))
REPRESENTATION_ITEM('')
);
#5159=CARTESIAN_POINT('',(-41.0000000000,-11.8529525035,37.0000000000));
#5160=CARTESIAN_POINT('',(-38.0000000000,-11.8529525035,37.0000000000));

#5161=CARTESIAN_POINT('',(-38.0000000000,-11.8529525035,37.0000000000));
#5162=VERTEX_POINT('',#5161);
#5163=EDGE_CURVE('',#5155,#5162,#5158,.T.);
#5164=ORIENTED_EDGE('',*,*,#5163,.T.);
#5165=(
BOUNDED_CURVE()
B_SPLINE_CURVE(1,(#5166,#5167),.UNSPECIFIED.,.F.,.F.)
B_SPLINE_CURVE_WITH_KNOTS((2,2),(0.000,1.000),.UNSPECIFIED.)
CURVE()
GEOMETRIC_REPRESENTATION_ITEM()
RATIONAL_B_SPLINE_CURVE((1.0000000000,1.0000000000))
REPRESENTATION_ITEM('')
);
#5166=CARTESIAN_POINT('',(-38.0000000000,-11.8529525035,37.0000000000));
#5167=CARTESIAN_POINT('',(-38.0000000000,-20.5000000000,13.2424322584));

#5168=CARTESIAN_POINT('',(-38.0000000000,-20.5000000000,13.2424322584));
#5169=VERTEX_POINT('',#5168);
#5170=EDGE_CURVE('',#5162,#5169,#5165,.T.);
#5171=ORIENTED_EDGE('',*,*,#5170,.T.);
#5172=(
BOUNDED_CURVE()
B_SPLINE_CURVE(1,(#5173,#5174),.UNSPECIFIED.,.F.,.F.)
B_SPLINE_CURVE_WITH_KNOTS((2,2),(0.000,1.000),.UNSPECIFIED.)
CURVE()
GEOMETRIC_REPRESENTATION_ITEM()
RATIONAL_B_SPLINE_CURVE((1.0000000000,1.0000000000))
REPRESENTATION_ITEM('')
);
#5173=CARTESIAN_POINT('',(-38.0000000000,-20.5000000000,13.2424322584));
#5174=CARTESIAN_POINT('',(38.0000000000,-20.5000000000,13.2424322584));

#5175=CARTESIAN_POINT('',(38.0000000000,-20.5000000000,13.2424322584));
#5176=VERTEX_POINT('',#5175);
#5177=EDGE_CURVE('',#5169,#5176,#5172,.T.);
#5178=ORIENTED_EDGE('',*,*,#5177,.T.);
#5179=(
BOUNDED_CURVE()
B_SPLINE_CURVE(1,(#5180,#5181),.UNSPECIFIED.,.F.,.F.)
B_SPLINE_CURVE_WITH_KNOTS((2,2),(0.000,1.000),.UNSPECIFIED.)
CURVE()
GEOMETRIC_REPRESENTATION_ITEM()
RATIONAL_B_SPLINE_CURVE((1.0000000000,1.0000000000))
REPRESENTATION_ITEM('')
);
#5180=CARTESIAN_POINT('',(38.0000000000,-20.5000000000,13.2424322584));
#5181=CARTESIAN_POINT('',(38.0000000000,-11.8529525035,37.0000000000));

#5182=CARTESIAN_POINT('',(38.0000000000,-11.8529525035,37.0000000000));
#5183=VERTEX_POINT('',#5182);
#5184=EDGE_CURVE('',#5176,#5183,#5179,.T.);
#5185=ORIENTED_EDGE('',*,*,#5184,.T.);
#5186=(
BOUNDED_CURVE()
B_SPLINE_CURVE(1,(#5187,#5188),.UNSPECIFIED.,.F.,.F.)
B_SPLINE_CURVE_WITH_KNOTS((2,2),(0.000,1.000),.UNSPECIFIED.)
CURVE()
GEOMETRIC_REPRESENTATION_ITEM()
RATIONAL_B_SPLINE_CURVE((1.0000000000,1.0000000000))
REPRESENTATION_ITEM('')
);
#5187=CARTESIAN_POINT('',(38.0000000000,-11.8529525035,37.0000000000));
#5188=CARTESIAN_POINT('',(41.0000000000,-11.8529525035,37.0000000000));

#5189=EDGE_CURVE('',#5183,#5120,#5186,.T.);
#5190=ORIENTED_EDGE('',*,*,#5189,.T.);
#5191=EDGE_LOOP('',(#5127,#5135,#5142,#5150,#5157,#5164,#5171,#5178,#5185,#5190));
#5192=FACE_OUTER_BOUND('',#5191,.T.);
#5193=ADVANCED_FACE('',(#5192),#5114,.T.);
#5194=COLOUR_RGB('',0.39,0.39,0.39);
#5195=FILL_AREA_STYLE_COLOUR('',#5194);
#5196=FILL_AREA_STYLE('',(#5195));
#5197=SURFACE_STYLE_FILL_AREA(#5196);
#5198=SURFACE_STYLE_TRANSPARENT(0.00);
#5199=SURFACE_STYLE_RENDERING_WITH_PROPERTIES(.NORMAL_SHADING.,#5194,(#5198));
#5200=SURFACE_SIDE_STYLE('',(#5197, #5199));
#5201=SURFACE_STYLE_USAGE(.BOTH.,#5200);
#5202=PRESENTATION_STYLE_ASSIGNMENT((#5201));
#5203=STYLED_ITEM('',(#5202),#5193);

#5204=CLOSED_SHELL('',(#329,#375,#425,#478,#528,#574,#624,#677,#727,#1067,#1113,#1166,#1212,#1265,#1597,#1643,#1693,#1739,#1789,#1835,#1885,#1931,#1981,#2031,#2081,#2131,#2181,#2231,#2281,#2331,#2381,#2431,#2481,#2531,#2581,#2631,#2681,#2731,#2781,#2875,#2921,#2967,#3013,#3059,#3105,#3151,#3245,#3291,#3337,#3383,#3429,#3475,#3521,#3615,#3661,#3707,#3753,#3799,#3845,#3891,#3985,#4031,#4077,#4123,#4169,#4215,#4261,#4307,#4353,#4403,#4449,#4495,#4541,#4591,#4637,#4683,#4729,#4779,#4825,#4871,#4917,#4967,#5013,#5103,#5193));
#5205=MANIFOLD_SOLID_BREP('brep',#5204);
#5206=ADVANCED_BREP_SHAPE_REPRESENTATION('',(#5205,#170),#168);
#5207=SHAPE_REPRESENTATION_RELATIONSHIP($,$,#169,#5206);

ENDSEC;

END-ISO-10303-21;
