ISO-10303-21;
HEADER;

FILE_DESCRIPTION((''), '2;1');

FILE_NAME(
    'output_file',
    '2009-06-07T17:44:47-07:00',
    (''),
    (''),
    'SolveSpace',
    '',
    ''
);

FILE_SCHEMA (('CONFIG_CONTROL_DESIGN'));
ENDSEC;

DATA;

/**********************************************************
 * This defines the units and tolerances for the file. It
 * is always the same, independent of the actual data.
 **********************************************************/
#158=(
LENGTH_UNIT()
NAMED_UNIT(*)
SI_UNIT(.MILLI.,.METRE.)
);
#161=(
NAMED_UNIT(*)
PLANE_ANGLE_UNIT()
SI_UNIT($,.RADIAN.)
);
#166=(
NAMED_UNIT(*)
SI_UNIT($,.STERADIAN.)
SOLID_ANGLE_UNIT()
);
#167=UNCERTAINTY_MEASURE_WITH_UNIT(LENGTH_MEASURE(0.001),#158,
'DISTANCE_ACCURACY_VALUE',
'string');
#168=(
GEOMETRIC_REPRESENTATION_CONTEXT(3)
GLOBAL_UNCERTAINTY_ASSIGNED_CONTEXT((#167))
GLOBAL_UNIT_ASSIGNED_CONTEXT((#166,#161,#158))
REPRESENTATION_CONTEXT('ID1','3D')
);
#169=SHAPE_REPRESENTATION('',(#170),#168);
#170=AXIS2_PLACEMENT_3D('',#173,#171,#172);
#171=DIRECTION('',(0.,0.,1.));
#172=DIRECTION('',(1.,0.,0.));
#173=CARTESIAN_POINT('',(0.,0.,0.));

#175 = SHAPE_DEFINITION_REPRESENTATION(#176, #169);
#176 = PRODUCT_DEFINITION_SHAPE('Version', 'Test Part', #177);
#177 = PRODUCT_DEFINITION('Version', 'Test Part', #182, #178);
#178 = DESIGN_CONTEXT('3D Mechanical Parts', #181, 'design');
#179 = PRODUCT('1', 'Product', 'Test Part', (#180));
#180 = MECHANICAL_CONTEXT('3D Mechanical Parts', #181, 'mechanical');
#181 = APPLICATION_CONTEXT(
'configuration controlled 3d designs of mechanical parts and assemblies');
#182 = PRODUCT_DEFINITION_FORMATION_WITH_SPECIFIED_SOURCE('Version',
'Test Part', #179, .MADE.);

#200=(
BOUNDED_SURFACE()
B_SPLINE_SURFACE(1,1,((#201,#202),(#203,#204)),.UNSPECIFIED.,.F.,.F.,.F.)
B_SPLINE_SURFACE_WITH_KNOTS((2,2),(2,2),(0.000,1.000),(0.000,1.000),.UNSPECIFIED.)
GEOMETRIC_REPRESENTATION_ITEM()
RATIONAL_B_SPLINE_SURFACE(((1.0000000000,1.0000000000),(1.0000000000,1.0000000000)))
REPRESENTATION_ITEM('')
SURFACE()
);
#201=CARTESIAN_POINT('',(41.0000000000,23.5000000000,0.0000000000));
#202=CARTESIAN_POINT('',(-41.0000000000,23.5000000000,0.0000000000));
#203=CARTESIAN_POINT('',(41.0000000000,-23.5000000000,0.0000000000));
#204=CARTESIAN_POINT('',(-41.0000000000,-23.5000000000,0.0000000000));

#205=CARTESIAN_POINT('',(38.5000000000,-23.5000000000,0.0000000000));
#206=VERTEX_POINT('',#205);
#207=(
BOUNDED_CURVE()
B_SPLINE_CURVE(2,(#208,#209,#210),.UNSPECIFIED.,.F.,.F.)
B_SPLINE_CURVE_WITH_KNOTS((3,3),(0.000,1.000),.UNSPECIFIED.)
CURVE()
GEOMETRIC_REPRESENTATION_ITEM()
RATIONAL_B_SPLINE_CURVE((1.0000000000,0.7071067812,1.0000000000))
REPRESENTATION_ITEM('')
);
#208=CARTESIAN_POINT('',(38.5000000001,-23.5000000000,0.0000000000));
#209=CARTESIAN_POINT('',(41.0000000000,-23.4999999999,0.0000000000));
#210=CARTESIAN_POINT('',(41.0000000000,-21.0000000000,0.0000000000));

#211=CARTESIAN_POINT('',(41.0000000000,-21.0000000000,0.0000000000));
#212=VERTEX_POINT('',#211);
#213=EDGE_CURVE('',#206,#212,#207,.T.);
#214=ORIENTED_EDGE('',*,*,#213,.T.);
#215=(
BOUNDED_CURVE()
B_SPLINE_CURVE(1,(#216,#217),.UNSPECIFIED.,.F.,.F.)
B_SPLINE_CURVE_WITH_KNOTS((2,2),(0.000,1.000),.UNSPECIFIED.)
CURVE()
GEOMETRIC_REPRESENTATION_ITEM()
RATIONAL_B_SPLINE_CURVE((1.0000000000,1.0000000000))
REPRESENTATION_ITEM('')
);
#216=CARTESIAN_POINT('',(41.0000000000,-21.0000000000,0.0000000000));
#217=CARTESIAN_POINT('',(41.0000000000,21.0000000000,0.0000000000));

#218=CARTESIAN_POINT('',(41.0000000000,21.0000000000,0.0000000000));
#219=VERTEX_POINT('',#218);
#220=EDGE_CURVE('',#212,#219,#215,.T.);
#221=ORIENTED_EDGE('',*,*,#220,.T.);
#222=(
BOUNDED_CURVE()
B_SPLINE_CURVE(2,(#223,#224,#225),.UNSPECIFIED.,.F.,.F.)
B_SPLINE_CURVE_WITH_KNOTS((3,3),(0.000,1.000),.UNSPECIFIED.)
CURVE()
GEOMETRIC_REPRESENTATION_ITEM()
RATIONAL_B_SPLINE_CURVE((1.0000000000,0.7071067812,1.0000000000))
REPRESENTATION_ITEM('')
);
#223=CARTESIAN_POINT('',(41.0000000000,21.0000000001,0.0000000000));
#224=CARTESIAN_POINT('',(40.9999999999,23.5000000000,0.0000000000));
#225=CARTESIAN_POINT('',(38.5000000000,23.5000000000,0.0000000000));

#226=CARTESIAN_POINT('',(38.5000000000,23.5000000000,0.0000000000));
#227=VERTEX_POINT('',#226);
#228=EDGE_CURVE('',#219,#227,#222,.T.);
#229=ORIENTED_EDGE('',*,*,#228,.T.);
#230=(
BOUNDED_CURVE()
B_SPLINE_CURVE(1,(#231,#232),.UNSPECIFIED.,.F.,.F.)
B_SPLINE_CURVE_WITH_KNOTS((2,2),(0.000,1.000),.UNSPECIFIED.)
CURVE()
GEOMETRIC_REPRESENTATION_ITEM()
RATIONAL_B_SPLINE_CURVE((1.0000000000,1.0000000000))
REPRESENTATION_ITEM('')
);
#231=CARTESIAN_POINT('',(38.5000000000,23.5000000000,0.0000000000));
#232=CARTESIAN_POINT('',(-38.5000000000,23.5000000000,0.0000000000));

#233=CARTESIAN_POINT('',(-38.5000000000,23.5000000000,0.0000000000));
#234=VERTEX_POINT('',#233);
#235=EDGE_CURVE('',#227,#234,#230,.T.);
#236=ORIENTED_EDGE('',*,*,#235,.T.);
#237=(
BOUNDED_CURVE()
B_SPLINE_CURVE(2,(#238,#239,#240),.UNSPECIFIED.,.F.,.F.)
B_SPLINE_CURVE_WITH_KNOTS((3,3),(0.000,1.000),.UNSPECIFIED.)
CURVE()
GEOMETRIC_REPRESENTATION_ITEM()
RATIONAL_B_SPLINE_CURVE((1.0000000000,0.7071067812,1.0000000000))
REPRESENTATION_ITEM('')
);
#238=CARTESIAN_POINT('',(-38.5000000001,23.5000000000,0.0000000000));
#239=CARTESIAN_POINT('',(-41.0000000000,23.4999999999,0.0000000000));
#240=CARTESIAN_POINT('',(-41.0000000000,21.0000000000,0.0000000000));

#241=CARTESIAN_POINT('',(-41.0000000000,21.0000000000,0.0000000000));
#242=VERTEX_POINT('',#241);
#243=EDGE_CURVE('',#234,#242,#237,.T.);
#244=ORIENTED_EDGE('',*,*,#243,.T.);
#245=(
BOUNDED_CURVE()
B_SPLINE_CURVE(1,(#246,#247),.UNSPECIFIED.,.F.,.F.)
B_SPLINE_CURVE_WITH_KNOTS((2,2),(0.000,1.000),.UNSPECIFIED.)
CURVE()
GEOMETRIC_REPRESENTATION_ITEM()
RATIONAL_B_SPLINE_CURVE((1.0000000000,1.0000000000))
REPRESENTATION_ITEM('')
);
#246=CARTESIAN_POINT('',(-41.0000000000,21.0000000000,0.0000000000));
#247=CARTESIAN_POINT('',(-41.0000000000,-21.0000000000,0.0000000000));

#248=CARTESIAN_POINT('',(-41.0000000000,-21.0000000000,0.0000000000));
#249=VERTEX_POINT('',#248);
#250=EDGE_CURVE('',#242,#249,#245,.T.);
#251=ORIENTED_EDGE('',*,*,#250,.T.);
#252=(
BOUNDED_CURVE()
B_SPLINE_CURVE(2,(#253,#254,#255),.UNSPECIFIED.,.F.,.F.)
B_SPLINE_CURVE_WITH_KNOTS((3,3),(0.000,1.000),.UNSPECIFIED.)
CURVE()
GEOMETRIC_REPRESENTATION_ITEM()
RATIONAL_B_SPLINE_CURVE((1.0000000000,0.7071067812,1.0000000000))
REPRESENTATION_ITEM('')
);
#253=CARTESIAN_POINT('',(-41.0000000000,-21.0000000001,0.0000000000));
#254=CARTESIAN_POINT('',(-40.9999999999,-23.5000000000,0.0000000000));
#255=CARTESIAN_POINT('',(-38.5000000000,-23.5000000000,0.0000000000));

#256=CARTESIAN_POINT('',(-38.5000000000,-23.5000000000,0.0000000000));
#257=VERTEX_POINT('',#256);
#258=EDGE_CURVE('',#249,#257,#252,.T.);
#259=ORIENTED_EDGE('',*,*,#258,.T.);
#260=(
BOUNDED_CURVE()
B_SPLINE_CURVE(1,(#261,#262),.UNSPECIFIED.,.F.,.F.)
B_SPLINE_CURVE_WITH_KNOTS((2,2),(0.000,1.000),.UNSPECIFIED.)
CURVE()
GEOMETRIC_REPRESENTATION_ITEM()
RATIONAL_B_SPLINE_CURVE((1.0000000000,1.0000000000))
REPRESENTATION_ITEM('')
);
#261=CARTESIAN_POINT('',(-38.5000000000,-23.5000000000,0.0000000000));
#262=CARTESIAN_POINT('',(38.5000000000,-23.5000000000,0.0000000000));

#263=EDGE_CURVE('',#257,#206,#260,.T.);
#264=ORIENTED_EDGE('',*,*,#263,.T.);
#265=EDGE_LOOP('',(#214,#221,#229,#236,#244,#251,#259,#264));
#266=FACE_OUTER_BOUND('',#265,.T.);
#267=CARTESIAN_POINT('',(-38.0000000000,-19.5000000000,0.0000000000));
#268=VERTEX_POINT('',#267);
#269=(
BOUNDED_CURVE()
B_SPLINE_CURVE(1,(#270,#271),.UNSPECIFIED.,.F.,.F.)
B_SPLINE_CURVE_WITH_KNOTS((2,2),(0.000,1.000),.UNSPECIFIED.)
CURVE()
GEOMETRIC_REPRESENTATION_ITEM()
RATIONAL_B_SPLINE_CURVE((1.0000000000,1.0000000000))
REPRESENTATION_ITEM('')
);
#270=CARTESIAN_POINT('',(-38.0000000000,-19.5000000000,0.0000000000));
#271=CARTESIAN_POINT('',(-38.0000000000,19.5000000000,0.0000000000));

#272=CARTESIAN_POINT('',(-38.0000000000,19.5000000000,0.0000000000));
#273=VERTEX_POINT('',#272);
#274=EDGE_CURVE('',#268,#273,#269,.T.);
#275=ORIENTED_EDGE('',*,*,#274,.T.);
#276=(
BOUNDED_CURVE()
B_SPLINE_CURVE(2,(#277,#278,#279),.UNSPECIFIED.,.F.,.F.)
B_SPLINE_CURVE_WITH_KNOTS((3,3),(0.000,1.000),.UNSPECIFIED.)
CURVE()
GEOMETRIC_REPRESENTATION_ITEM()
RATIONAL_B_SPLINE_CURVE((1.0000000000,0.7071067812,1.0000000000))
REPRESENTATION_ITEM('')
);
#277=CARTESIAN_POINT('',(-38.0000000000,19.5000000000,0.0000000000));
#278=CARTESIAN_POINT('',(-38.0000000000,20.5000000000,0.0000000000));
#279=CARTESIAN_POINT('',(-37.0000000000,20.5000000000,0.0000000000));

#280=CARTESIAN_POINT('',(-37.0000000000,20.5000000000,0.0000000000));
#281=VERTEX_POINT('',#280);
#282=EDGE_CURVE('',#273,#281,#276,.T.);
#283=ORIENTED_EDGE('',*,*,#282,.T.);
#284=(
BOUNDED_CURVE()
B_SPLINE_CURVE(1,(#285,#286),.UNSPECIFIED.,.F.,.F.)
B_SPLINE_CURVE_WITH_KNOTS((2,2),(0.000,1.000),.UNSPECIFIED.)
CURVE()
GEOMETRIC_REPRESENTATION_ITEM()
RATIONAL_B_SPLINE_CURVE((1.0000000000,1.0000000000))
REPRESENTATION_ITEM('')
);
#285=CARTESIAN_POINT('',(-37.0000000000,20.5000000000,0.0000000000));
#286=CARTESIAN_POINT('',(37.0000000000,20.5000000000,0.0000000000));

#287=CARTESIAN_POINT('',(37.0000000000,20.5000000000,0.0000000000));
#288=VERTEX_POINT('',#287);
#289=EDGE_CURVE('',#281,#288,#284,.T.);
#290=ORIENTED_EDGE('',*,*,#289,.T.);
#291=(
BOUNDED_CURVE()
B_SPLINE_CURVE(2,(#292,#293,#294),.UNSPECIFIED.,.F.,.F.)
B_SPLINE_CURVE_WITH_KNOTS((3,3),(0.000,1.000),.UNSPECIFIED.)
CURVE()
GEOMETRIC_REPRESENTATION_ITEM()
RATIONAL_B_SPLINE_CURVE((1.0000000000,0.7071067812,1.0000000000))
REPRESENTATION_ITEM('')
);
#292=CARTESIAN_POINT('',(37.0000000000,20.5000000000,0.0000000000));
#293=CARTESIAN_POINT('',(38.0000000000,20.5000000000,0.0000000000));
#294=CARTESIAN_POINT('',(38.0000000000,19.5000000000,0.0000000000));

#295=CARTESIAN_POINT('',(38.0000000000,19.5000000000,0.0000000000));
#296=VERTEX_POINT('',#295);
#297=EDGE_CURVE('',#288,#296,#291,.T.);
#298=ORIENTED_EDGE('',*,*,#297,.T.);
#299=(
BOUNDED_CURVE()
B_SPLINE_CURVE(1,(#300,#301),.UNSPECIFIED.,.F.,.F.)
B_SPLINE_CURVE_WITH_KNOTS((2,2),(0.000,1.000),.UNSPECIFIED.)
CURVE()
GEOMETRIC_REPRESENTATION_ITEM()
RATIONAL_B_SPLINE_CURVE((1.0000000000,1.0000000000))
REPRESENTATION_ITEM('')
);
#300=CARTESIAN_POINT('',(38.0000000000,19.5000000000,0.0000000000));
#301=CARTESIAN_POINT('',(38.0000000000,-19.5000000000,0.0000000000));

#302=CARTESIAN_POINT('',(38.0000000000,-19.5000000000,0.0000000000));
#303=VERTEX_POINT('',#302);
#304=EDGE_CURVE('',#296,#303,#299,.T.);
#305=ORIENTED_EDGE('',*,*,#304,.T.);
#306=(
BOUNDED_CURVE()
B_SPLINE_CURVE(2,(#307,#308,#309),.UNSPECIFIED.,.F.,.F.)
B_SPLINE_CURVE_WITH_KNOTS((3,3),(0.000,1.000),.UNSPECIFIED.)
CURVE()
GEOMETRIC_REPRESENTATION_ITEM()
RATIONAL_B_SPLINE_CURVE((1.0000000000,0.7071067812,1.0000000000))
REPRESENTATION_ITEM('')
);
#307=CARTESIAN_POINT('',(38.0000000000,-19.5000000000,0.0000000000));
#308=CARTESIAN_POINT('',(38.0000000000,-20.5000000000,0.0000000000));
#309=CARTESIAN_POINT('',(37.0000000000,-20.5000000000,0.0000000000));

#310=CARTESIAN_POINT('',(37.0000000000,-20.5000000000,0.0000000000));
#311=VERTEX_POINT('',#310);
#312=EDGE_CURVE('',#303,#311,#306,.T.);
#313=ORIENTED_EDGE('',*,*,#312,.T.);
#314=(
BOUNDED_CURVE()
B_SPLINE_CURVE(1,(#315,#316),.UNSPECIFIED.,.F.,.F.)
B_SPLINE_CURVE_WITH_KNOTS((2,2),(0.000,1.000),.UNSPECIFIED.)
CURVE()
GEOMETRIC_REPRESENTATION_ITEM()
RATIONAL_B_SPLINE_CURVE((1.0000000000,1.0000000000))
REPRESENTATION_ITEM('')
);
#315=CARTESIAN_POINT('',(37.0000000000,-20.5000000000,0.0000000000));
#316=CARTESIAN_POINT('',(-37.0000000000,-20.5000000000,0.0000000000));

#317=CARTESIAN_POINT('',(-37.0000000000,-20.5000000000,0.0000000000));
#318=VERTEX_POINT('',#317);
#319=EDGE_CURVE('',#311,#318,#314,.T.);
#320=ORIENTED_EDGE('',*,*,#319,.T.);
#321=(
BOUNDED_CURVE()
B_SPLINE_CURVE(2,(#322,#323,#324),.UNSPECIFIED.,.F.,.F.)
B_SPLINE_CURVE_WITH_KNOTS((3,3),(0.000,1.000),.UNSPECIFIED.)
CURVE()
GEOMETRIC_REPRESENTATION_ITEM()
RATIONAL_B_SPLINE_CURVE((1.0000000000,0.7071067812,1.0000000000))
REPRESENTATION_ITEM('')
);
#322=CARTESIAN_POINT('',(-37.0000000000,-20.5000000000,0.0000000000));
#323=CARTESIAN_POINT('',(-38.0000000000,-20.5000000000,0.0000000000));
#324=CARTESIAN_POINT('',(-38.0000000000,-19.5000000000,0.0000000000));

#325=EDGE_CURVE('',#318,#268,#321,.T.);
#326=ORIENTED_EDGE('',*,*,#325,.T.);
#327=EDGE_LOOP('',(#275,#283,#290,#298,#305,#313,#320,#326));
#328=FACE_BOUND('',#327,.T.);
#329=ADVANCED_FACE('',(#266,#328),#200,.T.);
#330=COLOUR_RGB('',0.39,0.39,0.39);
#331=FILL_AREA_STYLE_COLOUR('',#330);
#332=FILL_AREA_STYLE('',(#331));
#333=SURFACE_STYLE_FILL_AREA(#332);
#334=SURFACE_STYLE_TRANSPARENT(0.00);
#335=SURFACE_STYLE_RENDERING_WITH_PROPERTIES(.NORMAL_SHADING.,#330,(#334));
#336=SURFACE_SIDE_STYLE('',(#333, #335));
#337=SURFACE_STYLE_USAGE(.BOTH.,#336);
#338=PRESENTATION_STYLE_ASSIGNMENT((#337));
#339=STYLED_ITEM('',(#338),#329);

#340=(
BOUNDED_SURFACE()
B_SPLINE_SURFACE(1,1,((#341,#342),(#343,#344)),.UNSPECIFIED.,.F.,.F.,.F.)
B_SPLINE_SURFACE_WITH_KNOTS((2,2),(2,2),(0.000,1.000),(0.000,1.000),.UNSPECIFIED.)
GEOMETRIC_REPRESENTATION_ITEM()
RATIONAL_B_SPLINE_SURFACE(((1.0000000000,1.0000000000),(1.0000000000,1.0000000000)))
REPRESENTATION_ITEM('')
SURFACE()
);
#341=CARTESIAN_POINT('',(-40.2860000037,23.5000000000,25.9185775990));
#342=CARTESIAN_POINT('',(-40.2860000037,23.5000000000,-1.7860000037));
#343=CARTESIAN_POINT('',(40.2860000037,23.5000000000,25.9185775990));
#344=CARTESIAN_POINT('',(40.2860000037,23.5000000000,-1.7860000037));

#345=CARTESIAN_POINT('',(-38.0000000000,23.5000000000,24.1325775953));
#346=VERTEX_POINT('',#345);
#347=(
BOUNDED_CURVE()
B_SPLINE_CURVE(1,(#348,#349),.UNSPECIFIED.,.F.,.F.)
B_SPLINE_CURVE_WITH_KNOTS((2,2),(0.000,1.000),.UNSPECIFIED.)
CURVE()
GEOMETRIC_REPRESENTATION_ITEM()
RATIONAL_B_SPLINE_CURVE((1.0000000000,1.0000000000))
REPRESENTATION_ITEM('')
);
#348=CARTESIAN_POINT('',(-38.0000000000,23.5000000000,24.1325775953));
#349=CARTESIAN_POINT('',(-38.5000000000,23.5000000000,24.1325775953));

#350=CARTESIAN_POINT('',(-38.5000000000,23.5000000000,24.1325775953));
#351=VERTEX_POINT('',#350);
#352=EDGE_CURVE('',#346,#351,#347,.T.);
#353=ORIENTED_EDGE('',*,*,#352,.T.);
#354=(
BOUNDED_CURVE()
B_SPLINE_CURVE(1,(#355,#356),.UNSPECIFIED.,.F.,.F.)
B_SPLINE_CURVE_WITH_KNOTS((2,2),(0.000,1.000),.UNSPECIFIED.)
CURVE()
GEOMETRIC_REPRESENTATION_ITEM()
RATIONAL_B_SPLINE_CURVE((1.0000000000,1.0000000000))
REPRESENTATION_ITEM('')
);
#355=CARTESIAN_POINT('',(-38.5000000000,23.5000000000,24.1325775953));
#356=CARTESIAN_POINT('',(-38.5000000000,23.5000000000,0.0000000000));

#357=CARTESIAN_POINT('',(-38.5000000000,23.5000000000,0.0000000000));
#358=VERTEX_POINT('',#357);
#359=EDGE_CURVE('',#351,#358,#354,.T.);
#360=ORIENTED_EDGE('',*,*,#359,.T.);
#361=(
BOUNDED_CURVE()
B_SPLINE_CURVE(1,(#362,#363),.UNSPECIFIED.,.F.,.F.)
B_SPLINE_CURVE_WITH_KNOTS((2,2),(0.000,1.000),.UNSPECIFIED.)
CURVE()
GEOMETRIC_REPRESENTATION_ITEM()
RATIONAL_B_SPLINE_CURVE((1.0000000000,1.0000000000))
REPRESENTATION_ITEM('')
);
#362=CARTESIAN_POINT('',(-38.5000000000,23.5000000000,0.0000000000));
#363=CARTESIAN_POINT('',(38.5000000000,23.5000000000,0.0000000000));

#364=CARTESIAN_POINT('',(38.5000000000,23.5000000000,0.0000000000));
#365=VERTEX_POINT('',#364);
#366=EDGE_CURVE('',#358,#365,#361,.T.);
#367=ORIENTED_EDGE('',*,*,#366,.T.);
#368=(
BOUNDED_CURVE()
B_SPLINE_CURVE(1,(#369,#370),.UNSPECIFIED.,.F.,.F.)
B_SPLINE_CURVE_WITH_KNOTS((2,2),(0.000,1.000),.UNSPECIFIED.)
CURVE()
GEOMETRIC_REPRESENTATION_ITEM()
RATIONAL_B_SPLINE_CURVE((1.0000000000,1.0000000000))
REPRESENTATION_ITEM('')
);
#369=CARTESIAN_POINT('',(38.5000000000,23.5000000000,0.0000000000));
#370=CARTESIAN_POINT('',(38.5000000000,23.5000000000,24.1325775953));

#371=CARTESIAN_POINT('',(38.5000000000,23.5000000000,24.1325775953));
#372=VERTEX_POINT('',#371);
#373=EDGE_CURVE('',#365,#372,#368,.T.);
#374=ORIENTED_EDGE('',*,*,#373,.T.);
#375=(
BOUNDED_CURVE()
B_SPLINE_CURVE(1,(#376,#377),.UNSPECIFIED.,.F.,.F.)
B_SPLINE_CURVE_WITH_KNOTS((2,2),(0.000,1.000),.UNSPECIFIED.)
CURVE()
GEOMETRIC_REPRESENTATION_ITEM()
RATIONAL_B_SPLINE_CURVE((1.0000000000,1.0000000000))
REPRESENTATION_ITEM('')
);
#376=CARTESIAN_POINT('',(38.5000000000,23.5000000000,24.1325775953));
#377=CARTESIAN_POINT('',(38.0000000000,23.5000000000,24.1325775953));

#378=CARTESIAN_POINT('',(38.0000000000,23.5000000000,24.1325775953));
#379=VERTEX_POINT('',#378);
#380=EDGE_CURVE('',#372,#379,#375,.T.);
#381=ORIENTED_EDGE('',*,*,#380,.T.);
#382=(
BOUNDED_CURVE()
B_SPLINE_CURVE(1,(#383,#384),.UNSPECIFIED.,.F.,.F.)
B_SPLINE_CURVE_WITH_KNOTS((2,2),(0.000,1.000),.UNSPECIFIED.)
CURVE()
GEOMETRIC_REPRESENTATION_ITEM()
RATIONAL_B_SPLINE_CURVE((1.0000000000,1.0000000000))
REPRESENTATION_ITEM('')
);
#383=CARTESIAN_POINT('',(38.0000000000,23.5000000000,24.1325775953));
#384=CARTESIAN_POINT('',(-38.0000000000,23.5000000000,24.1325775953));

#385=EDGE_CURVE('',#379,#346,#382,.T.);
#386=ORIENTED_EDGE('',*,*,#385,.T.);
#387=EDGE_LOOP('',(#353,#360,#367,#374,#381,#386));
#388=FACE_OUTER_BOUND('',#387,.T.);
#389=ADVANCED_FACE('',(#388),#340,.T.);
#390=COLOUR_RGB('',0.39,0.39,0.39);
#391=FILL_AREA_STYLE_COLOUR('',#390);
#392=FILL_AREA_STYLE('',(#391));
#393=SURFACE_STYLE_FILL_AREA(#392);
#394=SURFACE_STYLE_TRANSPARENT(0.00);
#395=SURFACE_STYLE_RENDERING_WITH_PROPERTIES(.NORMAL_SHADING.,#390,(#394));
#396=SURFACE_SIDE_STYLE('',(#393, #395));
#397=SURFACE_STYLE_USAGE(.BOTH.,#396);
#398=PRESENTATION_STYLE_ASSIGNMENT((#397));
#399=STYLED_ITEM('',(#398),#389);

#400=(
BOUNDED_SURFACE()
B_SPLINE_SURFACE(2,1,((#401,#402),(#403,#404),(#405,#406)),.UNSPECIFIED.,.F.,.F.,.F.)
B_SPLINE_SURFACE_WITH_KNOTS((3,3),(2,2),(0.000,1.000),(0.000,1.000),.UNSPECIFIED.)
GEOMETRIC_REPRESENTATION_ITEM()
RATIONAL_B_SPLINE_SURFACE(((1.0000000000,1.0000000000),(0.7071067812,0.7071067812),(1.0000000000,1.0000000000)))
REPRESENTATION_ITEM('')
SURFACE()
);
#401=CARTESIAN_POINT('',(38.5000000000,23.5000000000,50.0000000000));
#402=CARTESIAN_POINT('',(38.5000000000,23.5000000000,0.0000000000));
#403=CARTESIAN_POINT('',(41.0000000000,23.5000000000,50.0000000000));
#404=CARTESIAN_POINT('',(41.0000000000,23.5000000000,0.0000000000));
#405=CARTESIAN_POINT('',(41.0000000000,21.0000000000,50.0000000000));
#406=CARTESIAN_POINT('',(41.0000000000,21.0000000000,0.0000000000));

#407=CARTESIAN_POINT('',(38.5000000000,23.5000000000,24.1325775953));
#408=VERTEX_POINT('',#407);
#409=(
BOUNDED_CURVE()
B_SPLINE_CURVE(1,(#410,#411),.UNSPECIFIED.,.F.,.F.)
B_SPLINE_CURVE_WITH_KNOTS((2,2),(0.000,1.000),.UNSPECIFIED.)
CURVE()
GEOMETRIC_REPRESENTATION_ITEM()
RATIONAL_B_SPLINE_CURVE((1.0000000000,1.0000000000))
REPRESENTATION_ITEM('')
);
#410=CARTESIAN_POINT('',(38.5000000000,23.5000000000,24.1325775953));
#411=CARTESIAN_POINT('',(38.5000000000,23.5000000000,0.0000000000));

#412=CARTESIAN_POINT('',(38.5000000000,23.5000000000,0.0000000000));
#413=VERTEX_POINT('',#412);
#414=EDGE_CURVE('',#408,#413,#409,.T.);
#415=ORIENTED_EDGE('',*,*,#414,.T.);
#416=(
BOUNDED_CURVE()
B_SPLINE_CURVE(2,(#417,#418,#419),.UNSPECIFIED.,.F.,.F.)
B_SPLINE_CURVE_WITH_KNOTS((3,3),(0.000,1.000),.UNSPECIFIED.)
CURVE()
GEOMETRIC_REPRESENTATION_ITEM()
RATIONAL_B_SPLINE_CURVE((1.0000000000,0.7071067812,1.0000000000))
REPRESENTATION_ITEM('')
);
#417=CARTESIAN_POINT('',(38.5000000000,23.5000000000,0.0000000000));
#418=CARTESIAN_POINT('',(40.9999999999,23.5000000000,0.0000000000));
#419=CARTESIAN_POINT('',(41.0000000000,21.0000000001,0.0000000000));

#420=CARTESIAN_POINT('',(41.0000000000,21.0000000001,0.0000000000));
#421=VERTEX_POINT('',#420);
#422=EDGE_CURVE('',#413,#421,#416,.T.);
#423=ORIENTED_EDGE('',*,*,#422,.T.);
#424=(
BOUNDED_CURVE()
B_SPLINE_CURVE(1,(#425,#426),.UNSPECIFIED.,.F.,.F.)
B_SPLINE_CURVE_WITH_KNOTS((2,2),(0.000,1.000),.UNSPECIFIED.)
CURVE()
GEOMETRIC_REPRESENTATION_ITEM()
RATIONAL_B_SPLINE_CURVE((1.0000000000,1.0000000000))
REPRESENTATION_ITEM('')
);
#425=CARTESIAN_POINT('',(41.0000000000,21.0000000000,0.0000000000));
#426=CARTESIAN_POINT('',(41.0000000000,21.0000000000,25.0425031810));

#427=CARTESIAN_POINT('',(41.0000000000,21.0000000000,25.0425031810));
#428=VERTEX_POINT('',#427);
#429=EDGE_CURVE('',#421,#428,#424,.T.);
#430=ORIENTED_EDGE('',*,*,#429,.T.);
#431=(
BOUNDED_CURVE()
B_SPLINE_CURVE(2,(#432,#433,#434),.UNSPECIFIED.,.F.,.F.)
B_SPLINE_CURVE_WITH_KNOTS((3,3),(0.000,1.000),.UNSPECIFIED.)
CURVE()
GEOMETRIC_REPRESENTATION_ITEM()
RATIONAL_B_SPLINE_CURVE((0.9999999985,0.7071067819,1.0000000000))
REPRESENTATION_ITEM('')
);
#432=CARTESIAN_POINT('',(41.0000000000,21.0000000089,25.0425031777));
#433=CARTESIAN_POINT('',(40.9999999911,23.5000000000,24.1325775953));
#434=CARTESIAN_POINT('',(38.5000000000,23.5000000000,24.1325775953));

#435=EDGE_CURVE('',#428,#408,#431,.T.);
#436=ORIENTED_EDGE('',*,*,#435,.T.);
#437=EDGE_LOOP('',(#415,#423,#430,#436));
#438=FACE_OUTER_BOUND('',#437,.T.);
#439=ADVANCED_FACE('',(#438),#400,.T.);
#440=COLOUR_RGB('',0.39,0.39,0.39);
#441=FILL_AREA_STYLE_COLOUR('',#440);
#442=FILL_AREA_STYLE('',(#441));
#443=SURFACE_STYLE_FILL_AREA(#442);
#444=SURFACE_STYLE_TRANSPARENT(0.00);
#445=SURFACE_STYLE_RENDERING_WITH_PROPERTIES(.NORMAL_SHADING.,#440,(#444));
#446=SURFACE_SIDE_STYLE('',(#443, #445));
#447=SURFACE_STYLE_USAGE(.BOTH.,#446);
#448=PRESENTATION_STYLE_ASSIGNMENT((#447));
#449=STYLED_ITEM('',(#448),#439);

#450=(
BOUNDED_SURFACE()
B_SPLINE_SURFACE(1,1,((#451,#452),(#453,#454)),.UNSPECIFIED.,.F.,.F.,.F.)
B_SPLINE_SURFACE_WITH_KNOTS((2,2),(2,2),(0.000,1.000),(0.000,1.000),.UNSPECIFIED.)
GEOMETRIC_REPRESENTATION_ITEM()
RATIONAL_B_SPLINE_SURFACE(((1.0000000000,1.0000000000),(1.0000000000,1.0000000000)))
REPRESENTATION_ITEM('')
SURFACE()
);
#451=CARTESIAN_POINT('',(41.0000000000,21.0000000000,50.0000000000));
#452=CARTESIAN_POINT('',(41.0000000000,21.0000000000,0.0000000000));
#453=CARTESIAN_POINT('',(41.0000000000,-21.0000000000,50.0000000000));
#454=CARTESIAN_POINT('',(41.0000000000,-21.0000000000,0.0000000000));

#455=CARTESIAN_POINT('',(41.0000000000,-21.0000000000,11.8686935486));
#456=VERTEX_POINT('',#455);
#457=(
BOUNDED_CURVE()
B_SPLINE_CURVE(1,(#458,#459),.UNSPECIFIED.,.F.,.F.)
B_SPLINE_CURVE_WITH_KNOTS((2,2),(0.000,1.000),.UNSPECIFIED.)
CURVE()
GEOMETRIC_REPRESENTATION_ITEM()
RATIONAL_B_SPLINE_CURVE((1.0000000000,1.0000000000))
REPRESENTATION_ITEM('')
);
#458=CARTESIAN_POINT('',(41.0000000000,-21.0000000000,11.8686935486));
#459=CARTESIAN_POINT('',(41.0000000000,-11.8529525035,37.0000000000));

#460=CARTESIAN_POINT('',(41.0000000000,-11.8529525035,37.0000000000));
#461=VERTEX_POINT('',#460);
#462=EDGE_CURVE('',#456,#461,#457,.T.);
#463=ORIENTED_EDGE('',*,*,#462,.T.);
#464=(
BOUNDED_CURVE()
B_SPLINE_CURVE(1,(#465,#466),.UNSPECIFIED.,.F.,.F.)
B_SPLINE_CURVE_WITH_KNOTS((2,2),(0.000,1.000),.UNSPECIFIED.)
CURVE()
GEOMETRIC_REPRESENTATION_ITEM()
RATIONAL_B_SPLINE_CURVE((1.0000000000,1.0000000000))
REPRESENTATION_ITEM('')
);
#465=CARTESIAN_POINT('',(41.0000000000,-11.8529525035,37.0000000000));
#466=CARTESIAN_POINT('',(41.0000000000,21.0000000000,25.0425031810));

#467=CARTESIAN_POINT('',(41.0000000000,21.0000000000,25.0425031810));
#468=VERTEX_POINT('',#467);
#469=EDGE_CURVE('',#461,#468,#464,.T.);
#470=ORIENTED_EDGE('',*,*,#469,.T.);
#471=(
BOUNDED_CURVE()
B_SPLINE_CURVE(1,(#472,#473),.UNSPECIFIED.,.F.,.F.)
B_SPLINE_CURVE_WITH_KNOTS((2,2),(0.000,1.000),.UNSPECIFIED.)
CURVE()
GEOMETRIC_REPRESENTATION_ITEM()
RATIONAL_B_SPLINE_CURVE((1.0000000000,1.0000000000))
REPRESENTATION_ITEM('')
);
#472=CARTESIAN_POINT('',(41.0000000000,21.0000000000,25.0425031810));
#473=CARTESIAN_POINT('',(41.0000000000,21.0000000000,0.0000000000));

#474=CARTESIAN_POINT('',(41.0000000000,21.0000000000,0.0000000000));
#475=VERTEX_POINT('',#474);
#476=EDGE_CURVE('',#468,#475,#471,.T.);
#477=ORIENTED_EDGE('',*,*,#476,.T.);
#478=(
BOUNDED_CURVE()
B_SPLINE_CURVE(1,(#479,#480),.UNSPECIFIED.,.F.,.F.)
B_SPLINE_CURVE_WITH_KNOTS((2,2),(0.000,1.000),.UNSPECIFIED.)
CURVE()
GEOMETRIC_REPRESENTATION_ITEM()
RATIONAL_B_SPLINE_CURVE((1.0000000000,1.0000000000))
REPRESENTATION_ITEM('')
);
#479=CARTESIAN_POINT('',(41.0000000000,21.0000000000,0.0000000000));
#480=CARTESIAN_POINT('',(41.0000000000,-21.0000000000,0.0000000000));

#481=CARTESIAN_POINT('',(41.0000000000,-21.0000000000,0.0000000000));
#482=VERTEX_POINT('',#481);
#483=EDGE_CURVE('',#475,#482,#478,.T.);
#484=ORIENTED_EDGE('',*,*,#483,.T.);
#485=(
BOUNDED_CURVE()
B_SPLINE_CURVE(1,(#486,#487),.UNSPECIFIED.,.F.,.F.)
B_SPLINE_CURVE_WITH_KNOTS((2,2),(0.000,1.000),.UNSPECIFIED.)
CURVE()
GEOMETRIC_REPRESENTATION_ITEM()
RATIONAL_B_SPLINE_CURVE((1.0000000000,1.0000000000))
REPRESENTATION_ITEM('')
);
#486=CARTESIAN_POINT('',(41.0000000000,-21.0000000000,0.0000000000));
#487=CARTESIAN_POINT('',(41.0000000000,-21.0000000000,11.8686935486));

#488=EDGE_CURVE('',#482,#456,#485,.T.);
#489=ORIENTED_EDGE('',*,*,#488,.T.);
#490=EDGE_LOOP('',(#463,#470,#477,#484,#489));
#491=FACE_OUTER_BOUND('',#490,.T.);
#492=ADVANCED_FACE('',(#491),#450,.T.);
#493=COLOUR_RGB('',0.39,0.39,0.39);
#494=FILL_AREA_STYLE_COLOUR('',#493);
#495=FILL_AREA_STYLE('',(#494));
#496=SURFACE_STYLE_FILL_AREA(#495);
#497=SURFACE_STYLE_TRANSPARENT(0.00);
#498=SURFACE_STYLE_RENDERING_WITH_PROPERTIES(.NORMAL_SHADING.,#493,(#497));
#499=SURFACE_SIDE_STYLE('',(#496, #498));
#500=SURFACE_STYLE_USAGE(.BOTH.,#499);
#501=PRESENTATION_STYLE_ASSIGNMENT((#500));
#502=STYLED_ITEM('',(#501),#492);

#503=(
BOUNDED_SURFACE()
B_SPLINE_SURFACE(2,1,((#504,#505),(#506,#507),(#508,#509)),.UNSPECIFIED.,.F.,.F.,.F.)
B_SPLINE_SURFACE_WITH_KNOTS((3,3),(2,2),(0.000,1.000),(0.000,1.000),.UNSPECIFIED.)
GEOMETRIC_REPRESENTATION_ITEM()
RATIONAL_B_SPLINE_SURFACE(((1.0000000000,1.0000000000),(0.7071067812,0.7071067812),(1.0000000000,1.0000000000)))
REPRESENTATION_ITEM('')
SURFACE()
);
#504=CARTESIAN_POINT('',(41.0000000000,-21.0000000000,50.0000000000));
#505=CARTESIAN_POINT('',(41.0000000000,-21.0000000000,0.0000000000));
#506=CARTESIAN_POINT('',(41.0000000000,-23.5000000000,50.0000000000));
#507=CARTESIAN_POINT('',(41.0000000000,-23.5000000000,0.0000000000));
#508=CARTESIAN_POINT('',(38.5000000000,-23.5000000000,50.0000000000));
#509=CARTESIAN_POINT('',(38.5000000000,-23.5000000000,0.0000000000));

#510=CARTESIAN_POINT('',(41.0000000000,-21.0000000000,11.8686935486));
#511=VERTEX_POINT('',#510);
#512=(
BOUNDED_CURVE()
B_SPLINE_CURVE(1,(#513,#514),.UNSPECIFIED.,.F.,.F.)
B_SPLINE_CURVE_WITH_KNOTS((2,2),(0.000,1.000),.UNSPECIFIED.)
CURVE()
GEOMETRIC_REPRESENTATION_ITEM()
RATIONAL_B_SPLINE_CURVE((1.0000000000,1.0000000000))
REPRESENTATION_ITEM('')
);
#513=CARTESIAN_POINT('',(41.0000000000,-21.0000000000,11.8686935486));
#514=CARTESIAN_POINT('',(41.0000000000,-21.0000000000,0.0000000000));

#515=CARTESIAN_POINT('',(41.0000000000,-21.0000000000,0.0000000000));
#516=VERTEX_POINT('',#515);
#517=EDGE_CURVE('',#511,#516,#512,.T.);
#518=ORIENTED_EDGE('',*,*,#517,.T.);
#519=(
BOUNDED_CURVE()
B_SPLINE_CURVE(2,(#520,#521,#522),.UNSPECIFIED.,.F.,.F.)
B_SPLINE_CURVE_WITH_KNOTS((3,3),(0.000,1.000),.UNSPECIFIED.)
CURVE()
GEOMETRIC_REPRESENTATION_ITEM()
RATIONAL_B_SPLINE_CURVE((1.0000000000,0.7071067812,1.0000000000))
REPRESENTATION_ITEM('')
);
#520=CARTESIAN_POINT('',(41.0000000000,-21.0000000000,0.0000000000));
#521=CARTESIAN_POINT('',(41.0000000000,-23.4999999999,0.0000000000));
#522=CARTESIAN_POINT('',(38.5000000001,-23.5000000000,0.0000000000));

#523=CARTESIAN_POINT('',(38.5000000001,-23.5000000000,0.0000000000));
#524=VERTEX_POINT('',#523);
#525=EDGE_CURVE('',#516,#524,#519,.T.);
#526=ORIENTED_EDGE('',*,*,#525,.T.);
#527=(
BOUNDED_CURVE()
B_SPLINE_CURVE(1,(#528,#529),.UNSPECIFIED.,.F.,.F.)
B_SPLINE_CURVE_WITH_KNOTS((2,2),(0.000,1.000),.UNSPECIFIED.)
CURVE()
GEOMETRIC_REPRESENTATION_ITEM()
RATIONAL_B_SPLINE_CURVE((1.0000000000,1.0000000000))
REPRESENTATION_ITEM('')
);
#528=CARTESIAN_POINT('',(38.5000000000,-23.5000000000,0.0000000000));
#529=CARTESIAN_POINT('',(38.5000000000,-23.5000000000,5.0000000000));

#530=CARTESIAN_POINT('',(38.5000000000,-23.5000000000,5.0000000000));
#531=VERTEX_POINT('',#530);
#532=EDGE_CURVE('',#524,#531,#527,.T.);
#533=ORIENTED_EDGE('',*,*,#532,.T.);
#534=(
BOUNDED_CURVE()
B_SPLINE_CURVE(2,(#535,#536,#537),.UNSPECIFIED.,.F.,.F.)
B_SPLINE_CURVE_WITH_KNOTS((3,3),(0.000,1.000),.UNSPECIFIED.)
CURVE()
GEOMETRIC_REPRESENTATION_ITEM()
RATIONAL_B_SPLINE_CURVE((0.9999999983,0.7071067820,1.0000000000))
REPRESENTATION_ITEM('')
);
#535=CARTESIAN_POINT('',(38.5000000100,-23.5000000000,5.0000000000));
#536=CARTESIAN_POINT('',(41.0000000000,-23.4999999900,5.0000000274));
#537=CARTESIAN_POINT('',(41.0000000000,-21.0000000000,11.8686935486));

#538=EDGE_CURVE('',#531,#511,#534,.T.);
#539=ORIENTED_EDGE('',*,*,#538,.T.);
#540=EDGE_LOOP('',(#518,#526,#533,#539));
#541=FACE_OUTER_BOUND('',#540,.T.);
#542=ADVANCED_FACE('',(#541),#503,.T.);
#543=COLOUR_RGB('',0.39,0.39,0.39);
#544=FILL_AREA_STYLE_COLOUR('',#543);
#545=FILL_AREA_STYLE('',(#544));
#546=SURFACE_STYLE_FILL_AREA(#545);
#547=SURFACE_STYLE_TRANSPARENT(0.00);
#548=SURFACE_STYLE_RENDERING_WITH_PROPERTIES(.NORMAL_SHADING.,#543,(#547));
#549=SURFACE_SIDE_STYLE('',(#546, #548));
#550=SURFACE_STYLE_USAGE(.BOTH.,#549);
#551=PRESENTATION_STYLE_ASSIGNMENT((#550));
#552=STYLED_ITEM('',(#551),#542);

#553=(
BOUNDED_SURFACE()
B_SPLINE_SURFACE(1,1,((#554,#555),(#556,#557)),.UNSPECIFIED.,.F.,.F.,.F.)
B_SPLINE_SURFACE_WITH_KNOTS((2,2),(2,2),(0.000,1.000),(0.000,1.000),.UNSPECIFIED.)
GEOMETRIC_REPRESENTATION_ITEM()
RATIONAL_B_SPLINE_SURFACE(((1.0000000000,1.0000000000),(1.0000000000,1.0000000000)))
REPRESENTATION_ITEM('')
SURFACE()
);
#554=CARTESIAN_POINT('',(38.5000000000,-23.5000000000,50.0000000000));
#555=CARTESIAN_POINT('',(38.5000000000,-23.5000000000,0.0000000000));
#556=CARTESIAN_POINT('',(-38.5000000000,-23.5000000000,50.0000000000));
#557=CARTESIAN_POINT('',(-38.5000000000,-23.5000000000,0.0000000000));

#558=CARTESIAN_POINT('',(-38.5000000000,-23.5000000000,5.0000000000));
#559=VERTEX_POINT('',#558);
#560=(
BOUNDED_CURVE()
B_SPLINE_CURVE(1,(#561,#562),.UNSPECIFIED.,.F.,.F.)
B_SPLINE_CURVE_WITH_KNOTS((2,2),(0.000,1.000),.UNSPECIFIED.)
CURVE()
GEOMETRIC_REPRESENTATION_ITEM()
RATIONAL_B_SPLINE_CURVE((1.0000000000,1.0000000000))
REPRESENTATION_ITEM('')
);
#561=CARTESIAN_POINT('',(-38.5000000000,-23.5000000000,5.0000000000));
#562=CARTESIAN_POINT('',(38.5000000000,-23.5000000000,5.0000000000));

#563=CARTESIAN_POINT('',(38.5000000000,-23.5000000000,5.0000000000));
#564=VERTEX_POINT('',#563);
#565=EDGE_CURVE('',#559,#564,#560,.T.);
#566=ORIENTED_EDGE('',*,*,#565,.T.);
#567=(
BOUNDED_CURVE()
B_SPLINE_CURVE(1,(#568,#569),.UNSPECIFIED.,.F.,.F.)
B_SPLINE_CURVE_WITH_KNOTS((2,2),(0.000,1.000),.UNSPECIFIED.)
CURVE()
GEOMETRIC_REPRESENTATION_ITEM()
RATIONAL_B_SPLINE_CURVE((1.0000000000,1.0000000000))
REPRESENTATION_ITEM('')
);
#568=CARTESIAN_POINT('',(38.5000000000,-23.5000000000,5.0000000000));
#569=CARTESIAN_POINT('',(38.5000000000,-23.5000000000,0.0000000000));

#570=CARTESIAN_POINT('',(38.5000000000,-23.5000000000,0.0000000000));
#571=VERTEX_POINT('',#570);
#572=EDGE_CURVE('',#564,#571,#567,.T.);
#573=ORIENTED_EDGE('',*,*,#572,.T.);
#574=(
BOUNDED_CURVE()
B_SPLINE_CURVE(1,(#575,#576),.UNSPECIFIED.,.F.,.F.)
B_SPLINE_CURVE_WITH_KNOTS((2,2),(0.000,1.000),.UNSPECIFIED.)
CURVE()
GEOMETRIC_REPRESENTATION_ITEM()
RATIONAL_B_SPLINE_CURVE((1.0000000000,1.0000000000))
REPRESENTATION_ITEM('')
);
#575=CARTESIAN_POINT('',(38.5000000000,-23.5000000000,0.0000000000));
#576=CARTESIAN_POINT('',(-38.5000000000,-23.5000000000,0.0000000000));

#577=CARTESIAN_POINT('',(-38.5000000000,-23.5000000000,0.0000000000));
#578=VERTEX_POINT('',#577);
#579=EDGE_CURVE('',#571,#578,#574,.T.);
#580=ORIENTED_EDGE('',*,*,#579,.T.);
#581=(
BOUNDED_CURVE()
B_SPLINE_CURVE(1,(#582,#583),.UNSPECIFIED.,.F.,.F.)
B_SPLINE_CURVE_WITH_KNOTS((2,2),(0.000,1.000),.UNSPECIFIED.)
CURVE()
GEOMETRIC_REPRESENTATION_ITEM()
RATIONAL_B_SPLINE_CURVE((1.0000000000,1.0000000000))
REPRESENTATION_ITEM('')
);
#582=CARTESIAN_POINT('',(-38.5000000000,-23.5000000000,0.0000000000));
#583=CARTESIAN_POINT('',(-38.5000000000,-23.5000000000,5.0000000000));

#584=EDGE_CURVE('',#578,#559,#581,.T.);
#585=ORIENTED_EDGE('',*,*,#584,.T.);
#586=EDGE_LOOP('',(#566,#573,#580,#585));
#587=FACE_OUTER_BOUND('',#586,.T.);
#588=ADVANCED_FACE('',(#587),#553,.T.);
#589=COLOUR_RGB('',0.39,0.39,0.39);
#590=FILL_AREA_STYLE_COLOUR('',#589);
#591=FILL_AREA_STYLE('',(#590));
#592=SURFACE_STYLE_FILL_AREA(#591);
#593=SURFACE_STYLE_TRANSPARENT(0.00);
#594=SURFACE_STYLE_RENDERING_WITH_PROPERTIES(.NORMAL_SHADING.,#589,(#593));
#595=SURFACE_SIDE_STYLE('',(#592, #594));
#596=SURFACE_STYLE_USAGE(.BOTH.,#595);
#597=PRESENTATION_STYLE_ASSIGNMENT((#596));
#598=STYLED_ITEM('',(#597),#588);

#599=(
BOUNDED_SURFACE()
B_SPLINE_SURFACE(2,1,((#600,#601),(#602,#603),(#604,#605)),.UNSPECIFIED.,.F.,.F.,.F.)
B_SPLINE_SURFACE_WITH_KNOTS((3,3),(2,2),(0.000,1.000),(0.000,1.000),.UNSPECIFIED.)
GEOMETRIC_REPRESENTATION_ITEM()
RATIONAL_B_SPLINE_SURFACE(((1.0000000000,1.0000000000),(0.7071067812,0.7071067812),(1.0000000000,1.0000000000)))
REPRESENTATION_ITEM('')
SURFACE()
);
#600=CARTESIAN_POINT('',(-38.5000000000,-23.5000000000,50.0000000000));
#601=CARTESIAN_POINT('',(-38.5000000000,-23.5000000000,0.0000000000));
#602=CARTESIAN_POINT('',(-41.0000000000,-23.5000000000,50.0000000000));
#603=CARTESIAN_POINT('',(-41.0000000000,-23.5000000000,0.0000000000));
#604=CARTESIAN_POINT('',(-41.0000000000,-21.0000000000,50.0000000000));
#605=CARTESIAN_POINT('',(-41.0000000000,-21.0000000000,0.0000000000));

#606=CARTESIAN_POINT('',(-38.5000000000,-23.5000000000,5.0000000000));
#607=VERTEX_POINT('',#606);
#608=(
BOUNDED_CURVE()
B_SPLINE_CURVE(1,(#609,#610),.UNSPECIFIED.,.F.,.F.)
B_SPLINE_CURVE_WITH_KNOTS((2,2),(0.000,1.000),.UNSPECIFIED.)
CURVE()
GEOMETRIC_REPRESENTATION_ITEM()
RATIONAL_B_SPLINE_CURVE((1.0000000000,1.0000000000))
REPRESENTATION_ITEM('')
);
#609=CARTESIAN_POINT('',(-38.5000000000,-23.5000000000,5.0000000000));
#610=CARTESIAN_POINT('',(-38.5000000000,-23.5000000000,0.0000000000));

#611=CARTESIAN_POINT('',(-38.5000000000,-23.5000000000,0.0000000000));
#612=VERTEX_POINT('',#611);
#613=EDGE_CURVE('',#607,#612,#608,.T.);
#614=ORIENTED_EDGE('',*,*,#613,.T.);
#615=(
BOUNDED_CURVE()
B_SPLINE_CURVE(2,(#616,#617,#618),.UNSPECIFIED.,.F.,.F.)
B_SPLINE_CURVE_WITH_KNOTS((3,3),(0.000,1.000),.UNSPECIFIED.)
CURVE()
GEOMETRIC_REPRESENTATION_ITEM()
RATIONAL_B_SPLINE_CURVE((1.0000000000,0.7071067812,1.0000000000))
REPRESENTATION_ITEM('')
);
#616=CARTESIAN_POINT('',(-38.5000000000,-23.5000000000,0.0000000000));
#617=CARTESIAN_POINT('',(-40.9999999999,-23.5000000000,0.0000000000));
#618=CARTESIAN_POINT('',(-41.0000000000,-21.0000000001,0.0000000000));

#619=CARTESIAN_POINT('',(-41.0000000000,-21.0000000001,0.0000000000));
#620=VERTEX_POINT('',#619);
#621=EDGE_CURVE('',#612,#620,#615,.T.);
#622=ORIENTED_EDGE('',*,*,#621,.T.);
#623=(
BOUNDED_CURVE()
B_SPLINE_CURVE(1,(#624,#625),.UNSPECIFIED.,.F.,.F.)
B_SPLINE_CURVE_WITH_KNOTS((2,2),(0.000,1.000),.UNSPECIFIED.)
CURVE()
GEOMETRIC_REPRESENTATION_ITEM()
RATIONAL_B_SPLINE_CURVE((1.0000000000,1.0000000000))
REPRESENTATION_ITEM('')
);
#624=CARTESIAN_POINT('',(-41.0000000000,-21.0000000000,0.0000000000));
#625=CARTESIAN_POINT('',(-41.0000000000,-21.0000000000,11.8686935486));

#626=CARTESIAN_POINT('',(-41.0000000000,-21.0000000000,11.8686935486));
#627=VERTEX_POINT('',#626);
#628=EDGE_CURVE('',#620,#627,#623,.T.);
#629=ORIENTED_EDGE('',*,*,#628,.T.);
#630=(
BOUNDED_CURVE()
B_SPLINE_CURVE(2,(#631,#632,#633),.UNSPECIFIED.,.F.,.F.)
B_SPLINE_CURVE_WITH_KNOTS((3,3),(0.000,1.000),.UNSPECIFIED.)
CURVE()
GEOMETRIC_REPRESENTATION_ITEM()
RATIONAL_B_SPLINE_CURVE((0.9999999998,0.7071067813,1.0000000000))
REPRESENTATION_ITEM('')
);
#631=CARTESIAN_POINT('',(-41.0000000000,-21.0000000012,11.8686935454));
#632=CARTESIAN_POINT('',(-40.9999999988,-23.5000000000,5.0000000000));
#633=CARTESIAN_POINT('',(-38.5000000000,-23.5000000000,5.0000000000));

#634=EDGE_CURVE('',#627,#607,#630,.T.);
#635=ORIENTED_EDGE('',*,*,#634,.T.);
#636=EDGE_LOOP('',(#614,#622,#629,#635));
#637=FACE_OUTER_BOUND('',#636,.T.);
#638=ADVANCED_FACE('',(#637),#599,.T.);
#639=COLOUR_RGB('',0.39,0.39,0.39);
#640=FILL_AREA_STYLE_COLOUR('',#639);
#641=FILL_AREA_STYLE('',(#640));
#642=SURFACE_STYLE_FILL_AREA(#641);
#643=SURFACE_STYLE_TRANSPARENT(0.00);
#644=SURFACE_STYLE_RENDERING_WITH_PROPERTIES(.NORMAL_SHADING.,#639,(#643));
#645=SURFACE_SIDE_STYLE('',(#642, #644));
#646=SURFACE_STYLE_USAGE(.BOTH.,#645);
#647=PRESENTATION_STYLE_ASSIGNMENT((#646));
#648=STYLED_ITEM('',(#647),#638);

#649=(
BOUNDED_SURFACE()
B_SPLINE_SURFACE(1,1,((#650,#651),(#652,#653)),.UNSPECIFIED.,.F.,.F.,.F.)
B_SPLINE_SURFACE_WITH_KNOTS((2,2),(2,2),(0.000,1.000),(0.000,1.000),.UNSPECIFIED.)
GEOMETRIC_REPRESENTATION_ITEM()
RATIONAL_B_SPLINE_SURFACE(((1.0000000000,1.0000000000),(1.0000000000,1.0000000000)))
REPRESENTATION_ITEM('')
SURFACE()
);
#650=CARTESIAN_POINT('',(-41.0000000000,-21.0000000000,50.0000000000));
#651=CARTESIAN_POINT('',(-41.0000000000,-21.0000000000,0.0000000000));
#652=CARTESIAN_POINT('',(-41.0000000000,21.0000000000,50.0000000000));
#653=CARTESIAN_POINT('',(-41.0000000000,21.0000000000,0.0000000000));

#654=CARTESIAN_POINT('',(-41.0000000000,21.0000000000,25.0425031810));
#655=VERTEX_POINT('',#654);
#656=(
BOUNDED_CURVE()
B_SPLINE_CURVE(1,(#657,#658),.UNSPECIFIED.,.F.,.F.)
B_SPLINE_CURVE_WITH_KNOTS((2,2),(0.000,1.000),.UNSPECIFIED.)
CURVE()
GEOMETRIC_REPRESENTATION_ITEM()
RATIONAL_B_SPLINE_CURVE((1.0000000000,1.0000000000))
REPRESENTATION_ITEM('')
);
#657=CARTESIAN_POINT('',(-41.0000000000,21.0000000000,25.0425031810));
#658=CARTESIAN_POINT('',(-41.0000000000,-11.8529525035,37.0000000000));

#659=CARTESIAN_POINT('',(-41.0000000000,-11.8529525035,37.0000000000));
#660=VERTEX_POINT('',#659);
#661=EDGE_CURVE('',#655,#660,#656,.T.);
#662=ORIENTED_EDGE('',*,*,#661,.T.);
#663=(
BOUNDED_CURVE()
B_SPLINE_CURVE(1,(#664,#665),.UNSPECIFIED.,.F.,.F.)
B_SPLINE_CURVE_WITH_KNOTS((2,2),(0.000,1.000),.UNSPECIFIED.)
CURVE()
GEOMETRIC_REPRESENTATION_ITEM()
RATIONAL_B_SPLINE_CURVE((1.0000000000,1.0000000000))
REPRESENTATION_ITEM('')
);
#664=CARTESIAN_POINT('',(-41.0000000000,-11.8529525035,37.0000000000));
#665=CARTESIAN_POINT('',(-41.0000000000,-21.0000000000,11.8686935486));

#666=CARTESIAN_POINT('',(-41.0000000000,-21.0000000000,11.8686935486));
#667=VERTEX_POINT('',#666);
#668=EDGE_CURVE('',#660,#667,#663,.T.);
#669=ORIENTED_EDGE('',*,*,#668,.T.);
#670=(
BOUNDED_CURVE()
B_SPLINE_CURVE(1,(#671,#672),.UNSPECIFIED.,.F.,.F.)
B_SPLINE_CURVE_WITH_KNOTS((2,2),(0.000,1.000),.UNSPECIFIED.)
CURVE()
GEOMETRIC_REPRESENTATION_ITEM()
RATIONAL_B_SPLINE_CURVE((1.0000000000,1.0000000000))
REPRESENTATION_ITEM('')
);
#671=CARTESIAN_POINT('',(-41.0000000000,-21.0000000000,11.8686935486));
#672=CARTESIAN_POINT('',(-41.0000000000,-21.0000000000,0.0000000000));

#673=CARTESIAN_POINT('',(-41.0000000000,-21.0000000000,0.0000000000));
#674=VERTEX_POINT('',#673);
#675=EDGE_CURVE('',#667,#674,#670,.T.);
#676=ORIENTED_EDGE('',*,*,#675,.T.);
#677=(
BOUNDED_CURVE()
B_SPLINE_CURVE(1,(#678,#679),.UNSPECIFIED.,.F.,.F.)
B_SPLINE_CURVE_WITH_KNOTS((2,2),(0.000,1.000),.UNSPECIFIED.)
CURVE()
GEOMETRIC_REPRESENTATION_ITEM()
RATIONAL_B_SPLINE_CURVE((1.0000000000,1.0000000000))
REPRESENTATION_ITEM('')
);
#678=CARTESIAN_POINT('',(-41.0000000000,-21.0000000000,0.0000000000));
#679=CARTESIAN_POINT('',(-41.0000000000,21.0000000000,0.0000000000));

#680=CARTESIAN_POINT('',(-41.0000000000,21.0000000000,0.0000000000));
#681=VERTEX_POINT('',#680);
#682=EDGE_CURVE('',#674,#681,#677,.T.);
#683=ORIENTED_EDGE('',*,*,#682,.T.);
#684=(
BOUNDED_CURVE()
B_SPLINE_CURVE(1,(#685,#686),.UNSPECIFIED.,.F.,.F.)
B_SPLINE_CURVE_WITH_KNOTS((2,2),(0.000,1.000),.UNSPECIFIED.)
CURVE()
GEOMETRIC_REPRESENTATION_ITEM()
RATIONAL_B_SPLINE_CURVE((1.0000000000,1.0000000000))
REPRESENTATION_ITEM('')
);
#685=CARTESIAN_POINT('',(-41.0000000000,21.0000000000,0.0000000000));
#686=CARTESIAN_POINT('',(-41.0000000000,21.0000000000,25.0425031810));

#687=EDGE_CURVE('',#681,#655,#684,.T.);
#688=ORIENTED_EDGE('',*,*,#687,.T.);
#689=EDGE_LOOP('',(#662,#669,#676,#683,#688));
#690=FACE_OUTER_BOUND('',#689,.T.);
#691=ADVANCED_FACE('',(#690),#649,.T.);
#692=COLOUR_RGB('',0.39,0.39,0.39);
#693=FILL_AREA_STYLE_COLOUR('',#692);
#694=FILL_AREA_STYLE('',(#693));
#695=SURFACE_STYLE_FILL_AREA(#694);
#696=SURFACE_STYLE_TRANSPARENT(0.00);
#697=SURFACE_STYLE_RENDERING_WITH_PROPERTIES(.NORMAL_SHADING.,#692,(#696));
#698=SURFACE_SIDE_STYLE('',(#695, #697));
#699=SURFACE_STYLE_USAGE(.BOTH.,#698);
#700=PRESENTATION_STYLE_ASSIGNMENT((#699));
#701=STYLED_ITEM('',(#700),#691);

#702=(
BOUNDED_SURFACE()
B_SPLINE_SURFACE(2,1,((#703,#704),(#705,#706),(#707,#708)),.UNSPECIFIED.,.F.,.F.,.F.)
B_SPLINE_SURFACE_WITH_KNOTS((3,3),(2,2),(0.000,1.000),(0.000,1.000),.UNSPECIFIED.)
GEOMETRIC_REPRESENTATION_ITEM()
RATIONAL_B_SPLINE_SURFACE(((1.0000000000,1.0000000000),(0.7071067812,0.7071067812),(1.0000000000,1.0000000000)))
REPRESENTATION_ITEM('')
SURFACE()
);
#703=CARTESIAN_POINT('',(-41.0000000000,21.0000000000,50.0000000000));
#704=CARTESIAN_POINT('',(-41.0000000000,21.0000000000,0.0000000000));
#705=CARTESIAN_POINT('',(-41.0000000000,23.5000000000,50.0000000000));
#706=CARTESIAN_POINT('',(-41.0000000000,23.5000000000,0.0000000000));
#707=CARTESIAN_POINT('',(-38.5000000000,23.5000000000,50.0000000000));
#708=CARTESIAN_POINT('',(-38.5000000000,23.5000000000,0.0000000000));

#709=CARTESIAN_POINT('',(-41.0000000000,21.0000000000,25.0425031810));
#710=VERTEX_POINT('',#709);
#711=(
BOUNDED_CURVE()
B_SPLINE_CURVE(1,(#712,#713),.UNSPECIFIED.,.F.,.F.)
B_SPLINE_CURVE_WITH_KNOTS((2,2),(0.000,1.000),.UNSPECIFIED.)
CURVE()
GEOMETRIC_REPRESENTATION_ITEM()
RATIONAL_B_SPLINE_CURVE((1.0000000000,1.0000000000))
REPRESENTATION_ITEM('')
);
#712=CARTESIAN_POINT('',(-41.0000000000,21.0000000000,25.0425031810));
#713=CARTESIAN_POINT('',(-41.0000000000,21.0000000000,0.0000000000));

#714=CARTESIAN_POINT('',(-41.0000000000,21.0000000000,0.0000000000));
#715=VERTEX_POINT('',#714);
#716=EDGE_CURVE('',#710,#715,#711,.T.);
#717=ORIENTED_EDGE('',*,*,#716,.T.);
#718=(
BOUNDED_CURVE()
B_SPLINE_CURVE(2,(#719,#720,#721),.UNSPECIFIED.,.F.,.F.)
B_SPLINE_CURVE_WITH_KNOTS((3,3),(0.000,1.000),.UNSPECIFIED.)
CURVE()
GEOMETRIC_REPRESENTATION_ITEM()
RATIONAL_B_SPLINE_CURVE((1.0000000000,0.7071067812,1.0000000000))
REPRESENTATION_ITEM('')
);
#719=CARTESIAN_POINT('',(-41.0000000000,21.0000000000,0.0000000000));
#720=CARTESIAN_POINT('',(-41.0000000000,23.4999999999,0.0000000000));
#721=CARTESIAN_POINT('',(-38.5000000001,23.5000000000,0.0000000000));

#722=CARTESIAN_POINT('',(-38.5000000001,23.5000000000,0.0000000000));
#723=VERTEX_POINT('',#722);
#724=EDGE_CURVE('',#715,#723,#718,.T.);
#725=ORIENTED_EDGE('',*,*,#724,.T.);
#726=(
BOUNDED_CURVE()
B_SPLINE_CURVE(1,(#727,#728),.UNSPECIFIED.,.F.,.F.)
B_SPLINE_CURVE_WITH_KNOTS((2,2),(0.000,1.000),.UNSPECIFIED.)
CURVE()
GEOMETRIC_REPRESENTATION_ITEM()
RATIONAL_B_SPLINE_CURVE((1.0000000000,1.0000000000))
REPRESENTATION_ITEM('')
);
#727=CARTESIAN_POINT('',(-38.5000000000,23.5000000000,0.0000000000));
#728=CARTESIAN_POINT('',(-38.5000000000,23.5000000000,24.1325775953));

#729=CARTESIAN_POINT('',(-38.5000000000,23.5000000000,24.1325775953));
#730=VERTEX_POINT('',#729);
#731=EDGE_CURVE('',#723,#730,#726,.T.);
#732=ORIENTED_EDGE('',*,*,#731,.T.);
#733=(
BOUNDED_CURVE()
B_SPLINE_CURVE(2,(#734,#735,#736),.UNSPECIFIED.,.F.,.F.)
B_SPLINE_CURVE_WITH_KNOTS((3,3),(0.000,1.000),.UNSPECIFIED.)
CURVE()
GEOMETRIC_REPRESENTATION_ITEM()
RATIONAL_B_SPLINE_CURVE((0.9999999983,0.7071067820,1.0000000000))
REPRESENTATION_ITEM('')
);
#734=CARTESIAN_POINT('',(-38.5000000101,23.5000000000,24.1325775953));
#735=CARTESIAN_POINT('',(-41.0000000000,23.4999999899,24.1325775990));
#736=CARTESIAN_POINT('',(-41.0000000000,21.0000000000,25.0425031810));

#737=EDGE_CURVE('',#730,#710,#733,.T.);
#738=ORIENTED_EDGE('',*,*,#737,.T.);
#739=EDGE_LOOP('',(#717,#725,#732,#738));
#740=FACE_OUTER_BOUND('',#739,.T.);
#741=ADVANCED_FACE('',(#740),#702,.T.);
#742=COLOUR_RGB('',0.39,0.39,0.39);
#743=FILL_AREA_STYLE_COLOUR('',#742);
#744=FILL_AREA_STYLE('',(#743));
#745=SURFACE_STYLE_FILL_AREA(#744);
#746=SURFACE_STYLE_TRANSPARENT(0.00);
#747=SURFACE_STYLE_RENDERING_WITH_PROPERTIES(.NORMAL_SHADING.,#742,(#746));
#748=SURFACE_SIDE_STYLE('',(#745, #747));
#749=SURFACE_STYLE_USAGE(.BOTH.,#748);
#750=PRESENTATION_STYLE_ASSIGNMENT((#749));
#751=STYLED_ITEM('',(#750),#741);

#752=(
BOUNDED_SURFACE()
B_SPLINE_SURFACE(1,1,((#753,#754),(#755,#756)),.UNSPECIFIED.,.F.,.F.,.F.)
B_SPLINE_SURFACE_WITH_KNOTS((2,2),(2,2),(0.000,1.000),(0.000,1.000),.UNSPECIFIED.)
GEOMETRIC_REPRESENTATION_ITEM()
RATIONAL_B_SPLINE_SURFACE(((1.0000000000,1.0000000000),(1.0000000000,1.0000000000)))
REPRESENTATION_ITEM('')
SURFACE()
);
#753=CARTESIAN_POINT('',(38.0000000000,-20.5000000000,8.0000000000));
#754=CARTESIAN_POINT('',(-38.0000000000,-20.5000000000,8.0000000000));
#755=CARTESIAN_POINT('',(38.0000000000,20.5000000000,8.0000000000));
#756=CARTESIAN_POINT('',(-38.0000000000,20.5000000000,8.0000000000));

#757=CARTESIAN_POINT('',(38.0000000000,20.5000000000,8.0000000000));
#758=VERTEX_POINT('',#757);
#759=(
BOUNDED_CURVE()
B_SPLINE_CURVE(1,(#760,#761),.UNSPECIFIED.,.F.,.F.)
B_SPLINE_CURVE_WITH_KNOTS((2,2),(0.000,1.000),.UNSPECIFIED.)
CURVE()
GEOMETRIC_REPRESENTATION_ITEM()
RATIONAL_B_SPLINE_CURVE((1.0000000000,1.0000000000))
REPRESENTATION_ITEM('')
);
#760=CARTESIAN_POINT('',(38.0000000000,20.5000000000,8.0000000000));
#761=CARTESIAN_POINT('',(38.0000000000,-20.5000000000,8.0000000000));

#762=CARTESIAN_POINT('',(38.0000000000,-20.5000000000,8.0000000000));
#763=VERTEX_POINT('',#762);
#764=EDGE_CURVE('',#758,#763,#759,.T.);
#765=ORIENTED_EDGE('',*,*,#764,.T.);
#766=(
BOUNDED_CURVE()
B_SPLINE_CURVE(1,(#767,#768),.UNSPECIFIED.,.F.,.F.)
B_SPLINE_CURVE_WITH_KNOTS((2,2),(0.000,1.000),.UNSPECIFIED.)
CURVE()
GEOMETRIC_REPRESENTATION_ITEM()
RATIONAL_B_SPLINE_CURVE((1.0000000000,1.0000000000))
REPRESENTATION_ITEM('')
);
#767=CARTESIAN_POINT('',(38.0000000000,-20.5000000000,8.0000000000));
#768=CARTESIAN_POINT('',(-38.0000000000,-20.5000000000,8.0000000000));

#769=CARTESIAN_POINT('',(-38.0000000000,-20.5000000000,8.0000000000));
#770=VERTEX_POINT('',#769);
#771=EDGE_CURVE('',#763,#770,#766,.T.);
#772=ORIENTED_EDGE('',*,*,#771,.T.);
#773=(
BOUNDED_CURVE()
B_SPLINE_CURVE(1,(#774,#775),.UNSPECIFIED.,.F.,.F.)
B_SPLINE_CURVE_WITH_KNOTS((2,2),(0.000,1.000),.UNSPECIFIED.)
CURVE()
GEOMETRIC_REPRESENTATION_ITEM()
RATIONAL_B_SPLINE_CURVE((1.0000000000,1.0000000000))
REPRESENTATION_ITEM('')
);
#774=CARTESIAN_POINT('',(-38.0000000000,-20.5000000000,8.0000000000));
#775=CARTESIAN_POINT('',(-38.0000000000,20.5000000000,8.0000000000));

#776=CARTESIAN_POINT('',(-38.0000000000,20.5000000000,8.0000000000));
#777=VERTEX_POINT('',#776);
#778=EDGE_CURVE('',#770,#777,#773,.T.);
#779=ORIENTED_EDGE('',*,*,#778,.T.);
#780=(
BOUNDED_CURVE()
B_SPLINE_CURVE(1,(#781,#782),.UNSPECIFIED.,.F.,.F.)
B_SPLINE_CURVE_WITH_KNOTS((2,2),(0.000,1.000),.UNSPECIFIED.)
CURVE()
GEOMETRIC_REPRESENTATION_ITEM()
RATIONAL_B_SPLINE_CURVE((1.0000000000,1.0000000000))
REPRESENTATION_ITEM('')
);
#781=CARTESIAN_POINT('',(-38.0000000000,20.5000000000,8.0000000000));
#782=CARTESIAN_POINT('',(38.0000000000,20.5000000000,8.0000000000));

#783=EDGE_CURVE('',#777,#758,#780,.T.);
#784=ORIENTED_EDGE('',*,*,#783,.T.);
#785=EDGE_LOOP('',(#765,#772,#779,#784));
#786=FACE_OUTER_BOUND('',#785,.T.);
#787=CARTESIAN_POINT('',(-32.5000000000,12.0266461137,8.0000000000));
#788=VERTEX_POINT('',#787);
#789=(
BOUNDED_CURVE()
B_SPLINE_CURVE(1,(#790,#791),.UNSPECIFIED.,.F.,.F.)
B_SPLINE_CURVE_WITH_KNOTS((2,2),(0.000,1.000),.UNSPECIFIED.)
CURVE()
GEOMETRIC_REPRESENTATION_ITEM()
RATIONAL_B_SPLINE_CURVE((1.0000000000,1.0000000000))
REPRESENTATION_ITEM('')
);
#790=CARTESIAN_POINT('',(-32.5000000000,12.0266461137,8.0000000000));
#791=CARTESIAN_POINT('',(-29.9250000000,13.5133230568,8.0000000000));

#792=CARTESIAN_POINT('',(-29.9250000000,13.5133230568,8.0000000000));
#793=VERTEX_POINT('',#792);
#794=EDGE_CURVE('',#788,#793,#789,.T.);
#795=ORIENTED_EDGE('',*,*,#794,.T.);
#796=(
BOUNDED_CURVE()
B_SPLINE_CURVE(1,(#797,#798),.UNSPECIFIED.,.F.,.F.)
B_SPLINE_CURVE_WITH_KNOTS((2,2),(0.000,1.000),.UNSPECIFIED.)
CURVE()
GEOMETRIC_REPRESENTATION_ITEM()
RATIONAL_B_SPLINE_CURVE((1.0000000000,1.0000000000))
REPRESENTATION_ITEM('')
);
#797=CARTESIAN_POINT('',(-29.9250000000,13.5133230568,8.0000000000));
#798=CARTESIAN_POINT('',(-29.9250000000,16.4866769432,8.0000000000));

#799=CARTESIAN_POINT('',(-29.9250000000,16.4866769432,8.0000000000));
#800=VERTEX_POINT('',#799);
#801=EDGE_CURVE('',#793,#800,#796,.T.);
#802=ORIENTED_EDGE('',*,*,#801,.T.);
#803=(
BOUNDED_CURVE()
B_SPLINE_CURVE(1,(#804,#805),.UNSPECIFIED.,.F.,.F.)
B_SPLINE_CURVE_WITH_KNOTS((2,2),(0.000,1.000),.UNSPECIFIED.)
CURVE()
GEOMETRIC_REPRESENTATION_ITEM()
RATIONAL_B_SPLINE_CURVE((1.0000000000,1.0000000000))
REPRESENTATION_ITEM('')
);
#804=CARTESIAN_POINT('',(-29.9250000000,16.4866769432,8.0000000000));
#805=CARTESIAN_POINT('',(-32.5000000000,17.9733538863,8.0000000000));

#806=CARTESIAN_POINT('',(-32.5000000000,17.9733538863,8.0000000000));
#807=VERTEX_POINT('',#806);
#808=EDGE_CURVE('',#800,#807,#803,.T.);
#809=ORIENTED_EDGE('',*,*,#808,.T.);
#810=(
BOUNDED_CURVE()
B_SPLINE_CURVE(1,(#811,#812),.UNSPECIFIED.,.F.,.F.)
B_SPLINE_CURVE_WITH_KNOTS((2,2),(0.000,1.000),.UNSPECIFIED.)
CURVE()
GEOMETRIC_REPRESENTATION_ITEM()
RATIONAL_B_SPLINE_CURVE((1.0000000000,1.0000000000))
REPRESENTATION_ITEM('')
);
#811=CARTESIAN_POINT('',(-32.5000000000,17.9733538863,8.0000000000));
#812=CARTESIAN_POINT('',(-35.0750000000,16.4866769432,8.0000000000));

#813=CARTESIAN_POINT('',(-35.0750000000,16.4866769432,8.0000000000));
#814=VERTEX_POINT('',#813);
#815=EDGE_CURVE('',#807,#814,#810,.T.);
#816=ORIENTED_EDGE('',*,*,#815,.T.);
#817=(
BOUNDED_CURVE()
B_SPLINE_CURVE(1,(#818,#819),.UNSPECIFIED.,.F.,.F.)
B_SPLINE_CURVE_WITH_KNOTS((2,2),(0.000,1.000),.UNSPECIFIED.)
CURVE()
GEOMETRIC_REPRESENTATION_ITEM()
RATIONAL_B_SPLINE_CURVE((1.0000000000,1.0000000000))
REPRESENTATION_ITEM('')
);
#818=CARTESIAN_POINT('',(-35.0750000000,16.4866769432,8.0000000000));
#819=CARTESIAN_POINT('',(-35.0750000000,13.5133230568,8.0000000000));

#820=CARTESIAN_POINT('',(-35.0750000000,13.5133230568,8.0000000000));
#821=VERTEX_POINT('',#820);
#822=EDGE_CURVE('',#814,#821,#817,.T.);
#823=ORIENTED_EDGE('',*,*,#822,.T.);
#824=(
BOUNDED_CURVE()
B_SPLINE_CURVE(1,(#825,#826),.UNSPECIFIED.,.F.,.F.)
B_SPLINE_CURVE_WITH_KNOTS((2,2),(0.000,1.000),.UNSPECIFIED.)
CURVE()
GEOMETRIC_REPRESENTATION_ITEM()
RATIONAL_B_SPLINE_CURVE((1.0000000000,1.0000000000))
REPRESENTATION_ITEM('')
);
#825=CARTESIAN_POINT('',(-35.0750000000,13.5133230568,8.0000000000));
#826=CARTESIAN_POINT('',(-32.5000000000,12.0266461137,8.0000000000));

#827=EDGE_CURVE('',#821,#788,#824,.T.);
#828=ORIENTED_EDGE('',*,*,#827,.T.);
#829=EDGE_LOOP('',(#795,#802,#809,#816,#823,#828));
#830=FACE_BOUND('',#829,.T.);
#831=CARTESIAN_POINT('',(32.5000000000,12.0266461137,8.0000000000));
#832=VERTEX_POINT('',#831);
#833=(
BOUNDED_CURVE()
B_SPLINE_CURVE(1,(#834,#835),.UNSPECIFIED.,.F.,.F.)
B_SPLINE_CURVE_WITH_KNOTS((2,2),(0.000,1.000),.UNSPECIFIED.)
CURVE()
GEOMETRIC_REPRESENTATION_ITEM()
RATIONAL_B_SPLINE_CURVE((1.0000000000,1.0000000000))
REPRESENTATION_ITEM('')
);
#834=CARTESIAN_POINT('',(32.5000000000,12.0266461137,8.0000000000));
#835=CARTESIAN_POINT('',(35.0750000000,13.5133230568,8.0000000000));

#836=CARTESIAN_POINT('',(35.0750000000,13.5133230568,8.0000000000));
#837=VERTEX_POINT('',#836);
#838=EDGE_CURVE('',#832,#837,#833,.T.);
#839=ORIENTED_EDGE('',*,*,#838,.T.);
#840=(
BOUNDED_CURVE()
B_SPLINE_CURVE(1,(#841,#842),.UNSPECIFIED.,.F.,.F.)
B_SPLINE_CURVE_WITH_KNOTS((2,2),(0.000,1.000),.UNSPECIFIED.)
CURVE()
GEOMETRIC_REPRESENTATION_ITEM()
RATIONAL_B_SPLINE_CURVE((1.0000000000,1.0000000000))
REPRESENTATION_ITEM('')
);
#841=CARTESIAN_POINT('',(35.0750000000,13.5133230568,8.0000000000));
#842=CARTESIAN_POINT('',(35.0750000000,16.4866769432,8.0000000000));

#843=CARTESIAN_POINT('',(35.0750000000,16.4866769432,8.0000000000));
#844=VERTEX_POINT('',#843);
#845=EDGE_CURVE('',#837,#844,#840,.T.);
#846=ORIENTED_EDGE('',*,*,#845,.T.);
#847=(
BOUNDED_CURVE()
B_SPLINE_CURVE(1,(#848,#849),.UNSPECIFIED.,.F.,.F.)
B_SPLINE_CURVE_WITH_KNOTS((2,2),(0.000,1.000),.UNSPECIFIED.)
CURVE()
GEOMETRIC_REPRESENTATION_ITEM()
RATIONAL_B_SPLINE_CURVE((1.0000000000,1.0000000000))
REPRESENTATION_ITEM('')
);
#848=CARTESIAN_POINT('',(35.0750000000,16.4866769432,8.0000000000));
#849=CARTESIAN_POINT('',(32.5000000000,17.9733538863,8.0000000000));

#850=CARTESIAN_POINT('',(32.5000000000,17.9733538863,8.0000000000));
#851=VERTEX_POINT('',#850);
#852=EDGE_CURVE('',#844,#851,#847,.T.);
#853=ORIENTED_EDGE('',*,*,#852,.T.);
#854=(
BOUNDED_CURVE()
B_SPLINE_CURVE(1,(#855,#856),.UNSPECIFIED.,.F.,.F.)
B_SPLINE_CURVE_WITH_KNOTS((2,2),(0.000,1.000),.UNSPECIFIED.)
CURVE()
GEOMETRIC_REPRESENTATION_ITEM()
RATIONAL_B_SPLINE_CURVE((1.0000000000,1.0000000000))
REPRESENTATION_ITEM('')
);
#855=CARTESIAN_POINT('',(32.5000000000,17.9733538863,8.0000000000));
#856=CARTESIAN_POINT('',(29.9250000000,16.4866769432,8.0000000000));

#857=CARTESIAN_POINT('',(29.9250000000,16.4866769432,8.0000000000));
#858=VERTEX_POINT('',#857);
#859=EDGE_CURVE('',#851,#858,#854,.T.);
#860=ORIENTED_EDGE('',*,*,#859,.T.);
#861=(
BOUNDED_CURVE()
B_SPLINE_CURVE(1,(#862,#863),.UNSPECIFIED.,.F.,.F.)
B_SPLINE_CURVE_WITH_KNOTS((2,2),(0.000,1.000),.UNSPECIFIED.)
CURVE()
GEOMETRIC_REPRESENTATION_ITEM()
RATIONAL_B_SPLINE_CURVE((1.0000000000,1.0000000000))
REPRESENTATION_ITEM('')
);
#862=CARTESIAN_POINT('',(29.9250000000,16.4866769432,8.0000000000));
#863=CARTESIAN_POINT('',(29.9250000000,13.5133230568,8.0000000000));

#864=CARTESIAN_POINT('',(29.9250000000,13.5133230568,8.0000000000));
#865=VERTEX_POINT('',#864);
#866=EDGE_CURVE('',#858,#865,#861,.T.);
#867=ORIENTED_EDGE('',*,*,#866,.T.);
#868=(
BOUNDED_CURVE()
B_SPLINE_CURVE(1,(#869,#870),.UNSPECIFIED.,.F.,.F.)
B_SPLINE_CURVE_WITH_KNOTS((2,2),(0.000,1.000),.UNSPECIFIED.)
CURVE()
GEOMETRIC_REPRESENTATION_ITEM()
RATIONAL_B_SPLINE_CURVE((1.0000000000,1.0000000000))
REPRESENTATION_ITEM('')
);
#869=CARTESIAN_POINT('',(29.9250000000,13.5133230568,8.0000000000));
#870=CARTESIAN_POINT('',(32.5000000000,12.0266461137,8.0000000000));

#871=EDGE_CURVE('',#865,#832,#868,.T.);
#872=ORIENTED_EDGE('',*,*,#871,.T.);
#873=EDGE_LOOP('',(#839,#846,#853,#860,#867,#872));
#874=FACE_BOUND('',#873,.T.);
#875=CARTESIAN_POINT('',(32.5000000000,-17.9733538863,8.0000000000));
#876=VERTEX_POINT('',#875);
#877=(
BOUNDED_CURVE()
B_SPLINE_CURVE(1,(#878,#879),.UNSPECIFIED.,.F.,.F.)
B_SPLINE_CURVE_WITH_KNOTS((2,2),(0.000,1.000),.UNSPECIFIED.)
CURVE()
GEOMETRIC_REPRESENTATION_ITEM()
RATIONAL_B_SPLINE_CURVE((1.0000000000,1.0000000000))
REPRESENTATION_ITEM('')
);
#878=CARTESIAN_POINT('',(32.5000000000,-17.9733538863,8.0000000000));
#879=CARTESIAN_POINT('',(35.0750000000,-16.4866769432,8.0000000000));

#880=CARTESIAN_POINT('',(35.0750000000,-16.4866769432,8.0000000000));
#881=VERTEX_POINT('',#880);
#882=EDGE_CURVE('',#876,#881,#877,.T.);
#883=ORIENTED_EDGE('',*,*,#882,.T.);
#884=(
BOUNDED_CURVE()
B_SPLINE_CURVE(1,(#885,#886),.UNSPECIFIED.,.F.,.F.)
B_SPLINE_CURVE_WITH_KNOTS((2,2),(0.000,1.000),.UNSPECIFIED.)
CURVE()
GEOMETRIC_REPRESENTATION_ITEM()
RATIONAL_B_SPLINE_CURVE((1.0000000000,1.0000000000))
REPRESENTATION_ITEM('')
);
#885=CARTESIAN_POINT('',(35.0750000000,-16.4866769432,8.0000000000));
#886=CARTESIAN_POINT('',(35.0750000000,-13.5133230568,8.0000000000));

#887=CARTESIAN_POINT('',(35.0750000000,-13.5133230568,8.0000000000));
#888=VERTEX_POINT('',#887);
#889=EDGE_CURVE('',#881,#888,#884,.T.);
#890=ORIENTED_EDGE('',*,*,#889,.T.);
#891=(
BOUNDED_CURVE()
B_SPLINE_CURVE(1,(#892,#893),.UNSPECIFIED.,.F.,.F.)
B_SPLINE_CURVE_WITH_KNOTS((2,2),(0.000,1.000),.UNSPECIFIED.)
CURVE()
GEOMETRIC_REPRESENTATION_ITEM()
RATIONAL_B_SPLINE_CURVE((1.0000000000,1.0000000000))
REPRESENTATION_ITEM('')
);
#892=CARTESIAN_POINT('',(35.0750000000,-13.5133230568,8.0000000000));
#893=CARTESIAN_POINT('',(32.5000000000,-12.0266461137,8.0000000000));

#894=CARTESIAN_POINT('',(32.5000000000,-12.0266461137,8.0000000000));
#895=VERTEX_POINT('',#894);
#896=EDGE_CURVE('',#888,#895,#891,.T.);
#897=ORIENTED_EDGE('',*,*,#896,.T.);
#898=(
BOUNDED_CURVE()
B_SPLINE_CURVE(1,(#899,#900),.UNSPECIFIED.,.F.,.F.)
B_SPLINE_CURVE_WITH_KNOTS((2,2),(0.000,1.000),.UNSPECIFIED.)
CURVE()
GEOMETRIC_REPRESENTATION_ITEM()
RATIONAL_B_SPLINE_CURVE((1.0000000000,1.0000000000))
REPRESENTATION_ITEM('')
);
#899=CARTESIAN_POINT('',(32.5000000000,-12.0266461137,8.0000000000));
#900=CARTESIAN_POINT('',(29.9250000000,-13.5133230568,8.0000000000));

#901=CARTESIAN_POINT('',(29.9250000000,-13.5133230568,8.0000000000));
#902=VERTEX_POINT('',#901);
#903=EDGE_CURVE('',#895,#902,#898,.T.);
#904=ORIENTED_EDGE('',*,*,#903,.T.);
#905=(
BOUNDED_CURVE()
B_SPLINE_CURVE(1,(#906,#907),.UNSPECIFIED.,.F.,.F.)
B_SPLINE_CURVE_WITH_KNOTS((2,2),(0.000,1.000),.UNSPECIFIED.)
CURVE()
GEOMETRIC_REPRESENTATION_ITEM()
RATIONAL_B_SPLINE_CURVE((1.0000000000,1.0000000000))
REPRESENTATION_ITEM('')
);
#906=CARTESIAN_POINT('',(29.9250000000,-13.5133230568,8.0000000000));
#907=CARTESIAN_POINT('',(29.9250000000,-16.4866769432,8.0000000000));

#908=CARTESIAN_POINT('',(29.9250000000,-16.4866769432,8.0000000000));
#909=VERTEX_POINT('',#908);
#910=EDGE_CURVE('',#902,#909,#905,.T.);
#911=ORIENTED_EDGE('',*,*,#910,.T.);
#912=(
BOUNDED_CURVE()
B_SPLINE_CURVE(1,(#913,#914),.UNSPECIFIED.,.F.,.F.)
B_SPLINE_CURVE_WITH_KNOTS((2,2),(0.000,1.000),.UNSPECIFIED.)
CURVE()
GEOMETRIC_REPRESENTATION_ITEM()
RATIONAL_B_SPLINE_CURVE((1.0000000000,1.0000000000))
REPRESENTATION_ITEM('')
);
#913=CARTESIAN_POINT('',(29.9250000000,-16.4866769432,8.0000000000));
#914=CARTESIAN_POINT('',(32.5000000000,-17.9733538863,8.0000000000));

#915=EDGE_CURVE('',#909,#876,#912,.T.);
#916=ORIENTED_EDGE('',*,*,#915,.T.);
#917=EDGE_LOOP('',(#883,#890,#897,#904,#911,#916));
#918=FACE_BOUND('',#917,.T.);
#919=CARTESIAN_POINT('',(-32.5000000000,-17.9733538863,8.0000000000));
#920=VERTEX_POINT('',#919);
#921=(
BOUNDED_CURVE()
B_SPLINE_CURVE(1,(#922,#923),.UNSPECIFIED.,.F.,.F.)
B_SPLINE_CURVE_WITH_KNOTS((2,2),(0.000,1.000),.UNSPECIFIED.)
CURVE()
GEOMETRIC_REPRESENTATION_ITEM()
RATIONAL_B_SPLINE_CURVE((1.0000000000,1.0000000000))
REPRESENTATION_ITEM('')
);
#922=CARTESIAN_POINT('',(-32.5000000000,-17.9733538863,8.0000000000));
#923=CARTESIAN_POINT('',(-29.9250000000,-16.4866769432,8.0000000000));

#924=CARTESIAN_POINT('',(-29.9250000000,-16.4866769432,8.0000000000));
#925=VERTEX_POINT('',#924);
#926=EDGE_CURVE('',#920,#925,#921,.T.);
#927=ORIENTED_EDGE('',*,*,#926,.T.);
#928=(
BOUNDED_CURVE()
B_SPLINE_CURVE(1,(#929,#930),.UNSPECIFIED.,.F.,.F.)
B_SPLINE_CURVE_WITH_KNOTS((2,2),(0.000,1.000),.UNSPECIFIED.)
CURVE()
GEOMETRIC_REPRESENTATION_ITEM()
RATIONAL_B_SPLINE_CURVE((1.0000000000,1.0000000000))
REPRESENTATION_ITEM('')
);
#929=CARTESIAN_POINT('',(-29.9250000000,-16.4866769432,8.0000000000));
#930=CARTESIAN_POINT('',(-29.9250000000,-13.5133230568,8.0000000000));

#931=CARTESIAN_POINT('',(-29.9250000000,-13.5133230568,8.0000000000));
#932=VERTEX_POINT('',#931);
#933=EDGE_CURVE('',#925,#932,#928,.T.);
#934=ORIENTED_EDGE('',*,*,#933,.T.);
#935=(
BOUNDED_CURVE()
B_SPLINE_CURVE(1,(#936,#937),.UNSPECIFIED.,.F.,.F.)
B_SPLINE_CURVE_WITH_KNOTS((2,2),(0.000,1.000),.UNSPECIFIED.)
CURVE()
GEOMETRIC_REPRESENTATION_ITEM()
RATIONAL_B_SPLINE_CURVE((1.0000000000,1.0000000000))
REPRESENTATION_ITEM('')
);
#936=CARTESIAN_POINT('',(-29.9250000000,-13.5133230568,8.0000000000));
#937=CARTESIAN_POINT('',(-32.5000000000,-12.0266461137,8.0000000000));

#938=CARTESIAN_POINT('',(-32.5000000000,-12.0266461137,8.0000000000));
#939=VERTEX_POINT('',#938);
#940=EDGE_CURVE('',#932,#939,#935,.T.);
#941=ORIENTED_EDGE('',*,*,#940,.T.);
#942=(
BOUNDED_CURVE()
B_SPLINE_CURVE(1,(#943,#944),.UNSPECIFIED.,.F.,.F.)
B_SPLINE_CURVE_WITH_KNOTS((2,2),(0.000,1.000),.UNSPECIFIED.)
CURVE()
GEOMETRIC_REPRESENTATION_ITEM()
RATIONAL_B_SPLINE_CURVE((1.0000000000,1.0000000000))
REPRESENTATION_ITEM('')
);
#943=CARTESIAN_POINT('',(-32.5000000000,-12.0266461137,8.0000000000));
#944=CARTESIAN_POINT('',(-35.0750000000,-13.5133230568,8.0000000000));

#945=CARTESIAN_POINT('',(-35.0750000000,-13.5133230568,8.0000000000));
#946=VERTEX_POINT('',#945);
#947=EDGE_CURVE('',#939,#946,#942,.T.);
#948=ORIENTED_EDGE('',*,*,#947,.T.);
#949=(
BOUNDED_CURVE()
B_SPLINE_CURVE(1,(#950,#951),.UNSPECIFIED.,.F.,.F.)
B_SPLINE_CURVE_WITH_KNOTS((2,2),(0.000,1.000),.UNSPECIFIED.)
CURVE()
GEOMETRIC_REPRESENTATION_ITEM()
RATIONAL_B_SPLINE_CURVE((1.0000000000,1.0000000000))
REPRESENTATION_ITEM('')
);
#950=CARTESIAN_POINT('',(-35.0750000000,-13.5133230568,8.0000000000));
#951=CARTESIAN_POINT('',(-35.0750000000,-16.4866769432,8.0000000000));

#952=CARTESIAN_POINT('',(-35.0750000000,-16.4866769432,8.0000000000));
#953=VERTEX_POINT('',#952);
#954=EDGE_CURVE('',#946,#953,#949,.T.);
#955=ORIENTED_EDGE('',*,*,#954,.T.);
#956=(
BOUNDED_CURVE()
B_SPLINE_CURVE(1,(#957,#958),.UNSPECIFIED.,.F.,.F.)
B_SPLINE_CURVE_WITH_KNOTS((2,2),(0.000,1.000),.UNSPECIFIED.)
CURVE()
GEOMETRIC_REPRESENTATION_ITEM()
RATIONAL_B_SPLINE_CURVE((1.0000000000,1.0000000000))
REPRESENTATION_ITEM('')
);
#957=CARTESIAN_POINT('',(-35.0750000000,-16.4866769432,8.0000000000));
#958=CARTESIAN_POINT('',(-32.5000000000,-17.9733538863,8.0000000000));

#959=EDGE_CURVE('',#953,#920,#956,.T.);
#960=ORIENTED_EDGE('',*,*,#959,.T.);
#961=EDGE_LOOP('',(#927,#934,#941,#948,#955,#960));
#962=FACE_BOUND('',#961,.T.);
#963=CARTESIAN_POINT('',(36.0000000000,11.8000000000,8.0000000000));
#964=VERTEX_POINT('',#963);
#965=(
BOUNDED_CURVE()
B_SPLINE_CURVE(1,(#966,#967),.UNSPECIFIED.,.F.,.F.)
B_SPLINE_CURVE_WITH_KNOTS((2,2),(0.000,1.000),.UNSPECIFIED.)
CURVE()
GEOMETRIC_REPRESENTATION_ITEM()
RATIONAL_B_SPLINE_CURVE((1.0000000000,1.0000000000))
REPRESENTATION_ITEM('')
);
#966=CARTESIAN_POINT('',(36.0000000000,11.8000000000,8.0000000000));
#967=CARTESIAN_POINT('',(30.8000000000,11.8000000000,8.0000000000));

#968=CARTESIAN_POINT('',(30.8000000000,11.8000000000,8.0000000000));
#969=VERTEX_POINT('',#968);
#970=EDGE_CURVE('',#964,#969,#965,.T.);
#971=ORIENTED_EDGE('',*,*,#970,.T.);
#972=(
BOUNDED_CURVE()
B_SPLINE_CURVE(2,(#973,#974,#975),.UNSPECIFIED.,.F.,.F.)
B_SPLINE_CURVE_WITH_KNOTS((3,3),(0.000,1.000),.UNSPECIFIED.)
CURVE()
GEOMETRIC_REPRESENTATION_ITEM()
RATIONAL_B_SPLINE_CURVE((1.0000000000,0.7071067812,1.0000000000))
REPRESENTATION_ITEM('')
);
#973=CARTESIAN_POINT('',(30.8000000000,11.8000000000,8.0000000000));
#974=CARTESIAN_POINT('',(29.3000000001,11.8000000000,8.0000000000));
#975=CARTESIAN_POINT('',(29.3000000000,13.2999999999,8.0000000000));

#976=CARTESIAN_POINT('',(29.3000000000,13.2999999999,8.0000000000));
#977=VERTEX_POINT('',#976);
#978=EDGE_CURVE('',#969,#977,#972,.T.);
#979=ORIENTED_EDGE('',*,*,#978,.T.);
#980=(
BOUNDED_CURVE()
B_SPLINE_CURVE(1,(#981,#982),.UNSPECIFIED.,.F.,.F.)
B_SPLINE_CURVE_WITH_KNOTS((2,2),(0.000,1.000),.UNSPECIFIED.)
CURVE()
GEOMETRIC_REPRESENTATION_ITEM()
RATIONAL_B_SPLINE_CURVE((1.0000000000,1.0000000000))
REPRESENTATION_ITEM('')
);
#981=CARTESIAN_POINT('',(29.3000000000,13.3000000000,8.0000000000));
#982=CARTESIAN_POINT('',(29.3000000000,18.5000000000,8.0000000000));

#983=CARTESIAN_POINT('',(29.3000000000,18.5000000000,8.0000000000));
#984=VERTEX_POINT('',#983);
#985=EDGE_CURVE('',#977,#984,#980,.T.);
#986=ORIENTED_EDGE('',*,*,#985,.T.);
#987=(
BOUNDED_CURVE()
B_SPLINE_CURVE(1,(#988,#989),.UNSPECIFIED.,.F.,.F.)
B_SPLINE_CURVE_WITH_KNOTS((2,2),(0.000,1.000),.UNSPECIFIED.)
CURVE()
GEOMETRIC_REPRESENTATION_ITEM()
RATIONAL_B_SPLINE_CURVE((1.0000000000,1.0000000000))
REPRESENTATION_ITEM('')
);
#988=CARTESIAN_POINT('',(29.3000000000,18.5000000000,8.0000000000));
#989=CARTESIAN_POINT('',(-29.3000000000,18.5000000000,8.0000000000));

#990=CARTESIAN_POINT('',(-29.3000000000,18.5000000000,8.0000000000));
#991=VERTEX_POINT('',#990);
#992=EDGE_CURVE('',#984,#991,#987,.T.);
#993=ORIENTED_EDGE('',*,*,#992,.T.);
#994=(
BOUNDED_CURVE()
B_SPLINE_CURVE(1,(#995,#996),.UNSPECIFIED.,.F.,.F.)
B_SPLINE_CURVE_WITH_KNOTS((2,2),(0.000,1.000),.UNSPECIFIED.)
CURVE()
GEOMETRIC_REPRESENTATION_ITEM()
RATIONAL_B_SPLINE_CURVE((1.0000000000,1.0000000000))
REPRESENTATION_ITEM('')
);
#995=CARTESIAN_POINT('',(-29.3000000000,18.5000000000,8.0000000000));
#996=CARTESIAN_POINT('',(-29.3000000000,13.3000000000,8.0000000000));

#997=CARTESIAN_POINT('',(-29.3000000000,13.3000000000,8.0000000000));
#998=VERTEX_POINT('',#997);
#999=EDGE_CURVE('',#991,#998,#994,.T.);
#1000=ORIENTED_EDGE('',*,*,#999,.T.);
#1001=(
BOUNDED_CURVE()
B_SPLINE_CURVE(2,(#1002,#1003,#1004),.UNSPECIFIED.,.F.,.F.)
B_SPLINE_CURVE_WITH_KNOTS((3,3),(0.000,1.000),.UNSPECIFIED.)
CURVE()
GEOMETRIC_REPRESENTATION_ITEM()
RATIONAL_B_SPLINE_CURVE((1.0000000000,0.7071067812,1.0000000000))
REPRESENTATION_ITEM('')
);
#1002=CARTESIAN_POINT('',(-29.3000000000,13.3000000000,8.0000000000));
#1003=CARTESIAN_POINT('',(-29.3000000000,11.8000000001,8.0000000000));
#1004=CARTESIAN_POINT('',(-30.7999999999,11.8000000000,8.0000000000));

#1005=CARTESIAN_POINT('',(-30.7999999999,11.8000000000,8.0000000000));
#1006=VERTEX_POINT('',#1005);
#1007=EDGE_CURVE('',#998,#1006,#1001,.T.);
#1008=ORIENTED_EDGE('',*,*,#1007,.T.);
#1009=(
BOUNDED_CURVE()
B_SPLINE_CURVE(1,(#1010,#1011),.UNSPECIFIED.,.F.,.F.)
B_SPLINE_CURVE_WITH_KNOTS((2,2),(0.000,1.000),.UNSPECIFIED.)
CURVE()
GEOMETRIC_REPRESENTATION_ITEM()
RATIONAL_B_SPLINE_CURVE((1.0000000000,1.0000000000))
REPRESENTATION_ITEM('')
);
#1010=CARTESIAN_POINT('',(-30.8000000000,11.8000000000,8.0000000000));
#1011=CARTESIAN_POINT('',(-36.0000000000,11.8000000000,8.0000000000));

#1012=CARTESIAN_POINT('',(-36.0000000000,11.8000000000,8.0000000000));
#1013=VERTEX_POINT('',#1012);
#1014=EDGE_CURVE('',#1006,#1013,#1009,.T.);
#1015=ORIENTED_EDGE('',*,*,#1014,.T.);
#1016=(
BOUNDED_CURVE()
B_SPLINE_CURVE(1,(#1017,#1018),.UNSPECIFIED.,.F.,.F.)
B_SPLINE_CURVE_WITH_KNOTS((2,2),(0.000,1.000),.UNSPECIFIED.)
CURVE()
GEOMETRIC_REPRESENTATION_ITEM()
RATIONAL_B_SPLINE_CURVE((1.0000000000,1.0000000000))
REPRESENTATION_ITEM('')
);
#1017=CARTESIAN_POINT('',(-36.0000000000,11.8000000000,8.0000000000));
#1018=CARTESIAN_POINT('',(-36.0000000000,-11.8000000000,8.0000000000));

#1019=CARTESIAN_POINT('',(-36.0000000000,-11.8000000000,8.0000000000));
#1020=VERTEX_POINT('',#1019);
#1021=EDGE_CURVE('',#1013,#1020,#1016,.T.);
#1022=ORIENTED_EDGE('',*,*,#1021,.T.);
#1023=(
BOUNDED_CURVE()
B_SPLINE_CURVE(1,(#1024,#1025),.UNSPECIFIED.,.F.,.F.)
B_SPLINE_CURVE_WITH_KNOTS((2,2),(0.000,1.000),.UNSPECIFIED.)
CURVE()
GEOMETRIC_REPRESENTATION_ITEM()
RATIONAL_B_SPLINE_CURVE((1.0000000000,1.0000000000))
REPRESENTATION_ITEM('')
);
#1024=CARTESIAN_POINT('',(-36.0000000000,-11.8000000000,8.0000000000));
#1025=CARTESIAN_POINT('',(-30.8000000000,-11.8000000000,8.0000000000));

#1026=CARTESIAN_POINT('',(-30.8000000000,-11.8000000000,8.0000000000));
#1027=VERTEX_POINT('',#1026);
#1028=EDGE_CURVE('',#1020,#1027,#1023,.T.);
#1029=ORIENTED_EDGE('',*,*,#1028,.T.);
#1030=(
BOUNDED_CURVE()
B_SPLINE_CURVE(2,(#1031,#1032,#1033),.UNSPECIFIED.,.F.,.F.)
B_SPLINE_CURVE_WITH_KNOTS((3,3),(0.000,1.000),.UNSPECIFIED.)
CURVE()
GEOMETRIC_REPRESENTATION_ITEM()
RATIONAL_B_SPLINE_CURVE((1.0000000000,0.7071067812,1.0000000000))
REPRESENTATION_ITEM('')
);
#1031=CARTESIAN_POINT('',(-30.8000000000,-11.8000000000,8.0000000000));
#1032=CARTESIAN_POINT('',(-29.3000000001,-11.8000000000,8.0000000000));
#1033=CARTESIAN_POINT('',(-29.3000000000,-13.2999999999,8.0000000000));

#1034=CARTESIAN_POINT('',(-29.3000000000,-13.2999999999,8.0000000000));
#1035=VERTEX_POINT('',#1034);
#1036=EDGE_CURVE('',#1027,#1035,#1030,.T.);
#1037=ORIENTED_EDGE('',*,*,#1036,.T.);
#1038=(
BOUNDED_CURVE()
B_SPLINE_CURVE(1,(#1039,#1040),.UNSPECIFIED.,.F.,.F.)
B_SPLINE_CURVE_WITH_KNOTS((2,2),(0.000,1.000),.UNSPECIFIED.)
CURVE()
GEOMETRIC_REPRESENTATION_ITEM()
RATIONAL_B_SPLINE_CURVE((1.0000000000,1.0000000000))
REPRESENTATION_ITEM('')
);
#1039=CARTESIAN_POINT('',(-29.3000000000,-13.3000000000,8.0000000000));
#1040=CARTESIAN_POINT('',(-29.3000000000,-18.5000000000,8.0000000000));

#1041=CARTESIAN_POINT('',(-29.3000000000,-18.5000000000,8.0000000000));
#1042=VERTEX_POINT('',#1041);
#1043=EDGE_CURVE('',#1035,#1042,#1038,.T.);
#1044=ORIENTED_EDGE('',*,*,#1043,.T.);
#1045=(
BOUNDED_CURVE()
B_SPLINE_CURVE(1,(#1046,#1047),.UNSPECIFIED.,.F.,.F.)
B_SPLINE_CURVE_WITH_KNOTS((2,2),(0.000,1.000),.UNSPECIFIED.)
CURVE()
GEOMETRIC_REPRESENTATION_ITEM()
RATIONAL_B_SPLINE_CURVE((1.0000000000,1.0000000000))
REPRESENTATION_ITEM('')
);
#1046=CARTESIAN_POINT('',(-29.3000000000,-18.5000000000,8.0000000000));
#1047=CARTESIAN_POINT('',(29.3000000000,-18.5000000000,8.0000000000));

#1048=CARTESIAN_POINT('',(29.3000000000,-18.5000000000,8.0000000000));
#1049=VERTEX_POINT('',#1048);
#1050=EDGE_CURVE('',#1042,#1049,#1045,.T.);
#1051=ORIENTED_EDGE('',*,*,#1050,.T.);
#1052=(
BOUNDED_CURVE()
B_SPLINE_CURVE(1,(#1053,#1054),.UNSPECIFIED.,.F.,.F.)
B_SPLINE_CURVE_WITH_KNOTS((2,2),(0.000,1.000),.UNSPECIFIED.)
CURVE()
GEOMETRIC_REPRESENTATION_ITEM()
RATIONAL_B_SPLINE_CURVE((1.0000000000,1.0000000000))
REPRESENTATION_ITEM('')
);
#1053=CARTESIAN_POINT('',(29.3000000000,-18.5000000000,8.0000000000));
#1054=CARTESIAN_POINT('',(29.3000000000,-13.3000000000,8.0000000000));

#1055=CARTESIAN_POINT('',(29.3000000000,-13.3000000000,8.0000000000));
#1056=VERTEX_POINT('',#1055);
#1057=EDGE_CURVE('',#1049,#1056,#1052,.T.);
#1058=ORIENTED_EDGE('',*,*,#1057,.T.);
#1059=(
BOUNDED_CURVE()
B_SPLINE_CURVE(2,(#1060,#1061,#1062),.UNSPECIFIED.,.F.,.F.)
B_SPLINE_CURVE_WITH_KNOTS((3,3),(0.000,1.000),.UNSPECIFIED.)
CURVE()
GEOMETRIC_REPRESENTATION_ITEM()
RATIONAL_B_SPLINE_CURVE((1.0000000000,0.7071067812,1.0000000000))
REPRESENTATION_ITEM('')
);
#1060=CARTESIAN_POINT('',(29.3000000000,-13.3000000000,8.0000000000));
#1061=CARTESIAN_POINT('',(29.3000000000,-11.8000000001,8.0000000000));
#1062=CARTESIAN_POINT('',(30.7999999999,-11.8000000000,8.0000000000));

#1063=CARTESIAN_POINT('',(30.7999999999,-11.8000000000,8.0000000000));
#1064=VERTEX_POINT('',#1063);
#1065=EDGE_CURVE('',#1056,#1064,#1059,.T.);
#1066=ORIENTED_EDGE('',*,*,#1065,.T.);
#1067=(
BOUNDED_CURVE()
B_SPLINE_CURVE(1,(#1068,#1069),.UNSPECIFIED.,.F.,.F.)
B_SPLINE_CURVE_WITH_KNOTS((2,2),(0.000,1.000),.UNSPECIFIED.)
CURVE()
GEOMETRIC_REPRESENTATION_ITEM()
RATIONAL_B_SPLINE_CURVE((1.0000000000,1.0000000000))
REPRESENTATION_ITEM('')
);
#1068=CARTESIAN_POINT('',(30.8000000000,-11.8000000000,8.0000000000));
#1069=CARTESIAN_POINT('',(36.0000000000,-11.8000000000,8.0000000000));

#1070=CARTESIAN_POINT('',(36.0000000000,-11.8000000000,8.0000000000));
#1071=VERTEX_POINT('',#1070);
#1072=EDGE_CURVE('',#1064,#1071,#1067,.T.);
#1073=ORIENTED_EDGE('',*,*,#1072,.T.);
#1074=(
BOUNDED_CURVE()
B_SPLINE_CURVE(1,(#1075,#1076),.UNSPECIFIED.,.F.,.F.)
B_SPLINE_CURVE_WITH_KNOTS((2,2),(0.000,1.000),.UNSPECIFIED.)
CURVE()
GEOMETRIC_REPRESENTATION_ITEM()
RATIONAL_B_SPLINE_CURVE((1.0000000000,1.0000000000))
REPRESENTATION_ITEM('')
);
#1075=CARTESIAN_POINT('',(36.0000000000,-11.8000000000,8.0000000000));
#1076=CARTESIAN_POINT('',(36.0000000000,11.8000000000,8.0000000000));

#1077=EDGE_CURVE('',#1071,#964,#1074,.T.);
#1078=ORIENTED_EDGE('',*,*,#1077,.T.);
#1079=EDGE_LOOP('',(#971,#979,#986,#993,#1000,#1008,#1015,#1022,#1029,#1037,#1044,#1051,#1058,#1066,#1073,#1078));
#1080=FACE_BOUND('',#1079,.T.);
#1081=ADVANCED_FACE('',(#786,#830,#874,#918,#962,#1080),#752,.T.);
#1082=COLOUR_RGB('',0.39,0.39,0.39);
#1083=FILL_AREA_STYLE_COLOUR('',#1082);
#1084=FILL_AREA_STYLE('',(#1083));
#1085=SURFACE_STYLE_FILL_AREA(#1084);
#1086=SURFACE_STYLE_TRANSPARENT(0.00);
#1087=SURFACE_STYLE_RENDERING_WITH_PROPERTIES(.NORMAL_SHADING.,#1082,(#1086));
#1088=SURFACE_SIDE_STYLE('',(#1085, #1087));
#1089=SURFACE_STYLE_USAGE(.BOTH.,#1088);
#1090=PRESENTATION_STYLE_ASSIGNMENT((#1089));
#1091=STYLED_ITEM('',(#1090),#1081);

#1092=(
BOUNDED_SURFACE()
B_SPLINE_SURFACE(1,1,((#1093,#1094),(#1095,#1096)),.UNSPECIFIED.,.F.,.F.,.F.)
B_SPLINE_SURFACE_WITH_KNOTS((2,2),(2,2),(0.000,1.000),(0.000,1.000),.UNSPECIFIED.)
GEOMETRIC_REPRESENTATION_ITEM()
RATIONAL_B_SPLINE_SURFACE(((1.0000000000,1.0000000000),(1.0000000000,1.0000000000)))
REPRESENTATION_ITEM('')
SURFACE()
);
#1093=CARTESIAN_POINT('',(-38.0000000000,-20.5000000000,50.0000000000));
#1094=CARTESIAN_POINT('',(-38.0000000000,-20.5000000000,8.0000000000));
#1095=CARTESIAN_POINT('',(38.0000000000,-20.5000000000,50.0000000000));
#1096=CARTESIAN_POINT('',(38.0000000000,-20.5000000000,8.0000000000));

#1097=CARTESIAN_POINT('',(38.0000000000,-20.5000000000,13.2424322584));
#1098=VERTEX_POINT('',#1097);
#1099=(
BOUNDED_CURVE()
B_SPLINE_CURVE(1,(#1100,#1101),.UNSPECIFIED.,.F.,.F.)
B_SPLINE_CURVE_WITH_KNOTS((2,2),(0.000,1.000),.UNSPECIFIED.)
CURVE()
GEOMETRIC_REPRESENTATION_ITEM()
RATIONAL_B_SPLINE_CURVE((1.0000000000,1.0000000000))
REPRESENTATION_ITEM('')
);
#1100=CARTESIAN_POINT('',(38.0000000000,-20.5000000000,13.2424322584));
#1101=CARTESIAN_POINT('',(-38.0000000000,-20.5000000000,13.2424322584));

#1102=CARTESIAN_POINT('',(-38.0000000000,-20.5000000000,13.2424322584));
#1103=VERTEX_POINT('',#1102);
#1104=EDGE_CURVE('',#1098,#1103,#1099,.T.);
#1105=ORIENTED_EDGE('',*,*,#1104,.T.);
#1106=(
BOUNDED_CURVE()
B_SPLINE_CURVE(1,(#1107,#1108),.UNSPECIFIED.,.F.,.F.)
B_SPLINE_CURVE_WITH_KNOTS((2,2),(0.000,1.000),.UNSPECIFIED.)
CURVE()
GEOMETRIC_REPRESENTATION_ITEM()
RATIONAL_B_SPLINE_CURVE((1.0000000000,1.0000000000))
REPRESENTATION_ITEM('')
);
#1107=CARTESIAN_POINT('',(-38.0000000000,-20.5000000000,13.2424322584));
#1108=CARTESIAN_POINT('',(-38.0000000000,-20.5000000000,8.0000000000));

#1109=CARTESIAN_POINT('',(-38.0000000000,-20.5000000000,8.0000000000));
#1110=VERTEX_POINT('',#1109);
#1111=EDGE_CURVE('',#1103,#1110,#1106,.T.);
#1112=ORIENTED_EDGE('',*,*,#1111,.T.);
#1113=(
BOUNDED_CURVE()
B_SPLINE_CURVE(1,(#1114,#1115),.UNSPECIFIED.,.F.,.F.)
B_SPLINE_CURVE_WITH_KNOTS((2,2),(0.000,1.000),.UNSPECIFIED.)
CURVE()
GEOMETRIC_REPRESENTATION_ITEM()
RATIONAL_B_SPLINE_CURVE((1.0000000000,1.0000000000))
REPRESENTATION_ITEM('')
);
#1114=CARTESIAN_POINT('',(-38.0000000000,-20.5000000000,8.0000000000));
#1115=CARTESIAN_POINT('',(38.0000000000,-20.5000000000,8.0000000000));

#1116=CARTESIAN_POINT('',(38.0000000000,-20.5000000000,8.0000000000));
#1117=VERTEX_POINT('',#1116);
#1118=EDGE_CURVE('',#1110,#1117,#1113,.T.);
#1119=ORIENTED_EDGE('',*,*,#1118,.T.);
#1120=(
BOUNDED_CURVE()
B_SPLINE_CURVE(1,(#1121,#1122),.UNSPECIFIED.,.F.,.F.)
B_SPLINE_CURVE_WITH_KNOTS((2,2),(0.000,1.000),.UNSPECIFIED.)
CURVE()
GEOMETRIC_REPRESENTATION_ITEM()
RATIONAL_B_SPLINE_CURVE((1.0000000000,1.0000000000))
REPRESENTATION_ITEM('')
);
#1121=CARTESIAN_POINT('',(38.0000000000,-20.5000000000,8.0000000000));
#1122=CARTESIAN_POINT('',(38.0000000000,-20.5000000000,13.2424322584));

#1123=EDGE_CURVE('',#1117,#1098,#1120,.T.);
#1124=ORIENTED_EDGE('',*,*,#1123,.T.);
#1125=EDGE_LOOP('',(#1105,#1112,#1119,#1124));
#1126=FACE_OUTER_BOUND('',#1125,.T.);
#1127=ADVANCED_FACE('',(#1126),#1092,.T.);
#1128=COLOUR_RGB('',0.39,0.39,0.39);
#1129=FILL_AREA_STYLE_COLOUR('',#1128);
#1130=FILL_AREA_STYLE('',(#1129));
#1131=SURFACE_STYLE_FILL_AREA(#1130);
#1132=SURFACE_STYLE_TRANSPARENT(0.00);
#1133=SURFACE_STYLE_RENDERING_WITH_PROPERTIES(.NORMAL_SHADING.,#1128,(#1132));
#1134=SURFACE_SIDE_STYLE('',(#1131, #1133));
#1135=SURFACE_STYLE_USAGE(.BOTH.,#1134);
#1136=PRESENTATION_STYLE_ASSIGNMENT((#1135));
#1137=STYLED_ITEM('',(#1136),#1127);

#1138=(
BOUNDED_SURFACE()
B_SPLINE_SURFACE(1,1,((#1139,#1140),(#1141,#1142)),.UNSPECIFIED.,.F.,.F.,.F.)
B_SPLINE_SURFACE_WITH_KNOTS((2,2),(2,2),(0.000,1.000),(0.000,1.000),.UNSPECIFIED.)
GEOMETRIC_REPRESENTATION_ITEM()
RATIONAL_B_SPLINE_SURFACE(((1.0000000000,1.0000000000),(1.0000000000,1.0000000000)))
REPRESENTATION_ITEM('')
SURFACE()
);
#1139=CARTESIAN_POINT('',(-38.0000000000,20.5000000000,50.0000000000));
#1140=CARTESIAN_POINT('',(-38.0000000000,20.5000000000,8.0000000000));
#1141=CARTESIAN_POINT('',(-38.0000000000,-20.5000000000,50.0000000000));
#1142=CARTESIAN_POINT('',(-38.0000000000,-20.5000000000,8.0000000000));

#1143=CARTESIAN_POINT('',(-38.0000000000,20.5000000000,24.1603105256));
#1144=VERTEX_POINT('',#1143);
#1145=(
BOUNDED_CURVE()
B_SPLINE_CURVE(1,(#1146,#1147),.UNSPECIFIED.,.F.,.F.)
B_SPLINE_CURVE_WITH_KNOTS((2,2),(0.000,1.000),.UNSPECIFIED.)
CURVE()
GEOMETRIC_REPRESENTATION_ITEM()
RATIONAL_B_SPLINE_CURVE((1.0000000000,1.0000000000))
REPRESENTATION_ITEM('')
);
#1146=CARTESIAN_POINT('',(-38.0000000000,20.5000000000,24.1603105256));
#1147=CARTESIAN_POINT('',(-38.0000000000,20.5000000000,8.0000000000));

#1148=CARTESIAN_POINT('',(-38.0000000000,20.5000000000,8.0000000000));
#1149=VERTEX_POINT('',#1148);
#1150=EDGE_CURVE('',#1144,#1149,#1145,.T.);
#1151=ORIENTED_EDGE('',*,*,#1150,.T.);
#1152=(
BOUNDED_CURVE()
B_SPLINE_CURVE(1,(#1153,#1154),.UNSPECIFIED.,.F.,.F.)
B_SPLINE_CURVE_WITH_KNOTS((2,2),(0.000,1.000),.UNSPECIFIED.)
CURVE()
GEOMETRIC_REPRESENTATION_ITEM()
RATIONAL_B_SPLINE_CURVE((1.0000000000,1.0000000000))
REPRESENTATION_ITEM('')
);
#1153=CARTESIAN_POINT('',(-38.0000000000,20.5000000000,8.0000000000));
#1154=CARTESIAN_POINT('',(-38.0000000000,-20.5000000000,8.0000000000));

#1155=CARTESIAN_POINT('',(-38.0000000000,-20.5000000000,8.0000000000));
#1156=VERTEX_POINT('',#1155);
#1157=EDGE_CURVE('',#1149,#1156,#1152,.T.);
#1158=ORIENTED_EDGE('',*,*,#1157,.T.);
#1159=(
BOUNDED_CURVE()
B_SPLINE_CURVE(1,(#1160,#1161),.UNSPECIFIED.,.F.,.F.)
B_SPLINE_CURVE_WITH_KNOTS((2,2),(0.000,1.000),.UNSPECIFIED.)
CURVE()
GEOMETRIC_REPRESENTATION_ITEM()
RATIONAL_B_SPLINE_CURVE((1.0000000000,1.0000000000))
REPRESENTATION_ITEM('')
);
#1160=CARTESIAN_POINT('',(-38.0000000000,-20.5000000000,8.0000000000));
#1161=CARTESIAN_POINT('',(-38.0000000000,-20.5000000000,13.2424322584));

#1162=CARTESIAN_POINT('',(-38.0000000000,-20.5000000000,13.2424322584));
#1163=VERTEX_POINT('',#1162);
#1164=EDGE_CURVE('',#1156,#1163,#1159,.T.);
#1165=ORIENTED_EDGE('',*,*,#1164,.T.);
#1166=(
BOUNDED_CURVE()
B_SPLINE_CURVE(1,(#1167,#1168),.UNSPECIFIED.,.F.,.F.)
B_SPLINE_CURVE_WITH_KNOTS((2,2),(0.000,1.000),.UNSPECIFIED.)
CURVE()
GEOMETRIC_REPRESENTATION_ITEM()
RATIONAL_B_SPLINE_CURVE((1.0000000000,1.0000000000))
REPRESENTATION_ITEM('')
);
#1167=CARTESIAN_POINT('',(-38.0000000000,-20.5000000000,13.2424322584));
#1168=CARTESIAN_POINT('',(-38.0000000000,-12.1949726468,36.0603073792));

#1169=CARTESIAN_POINT('',(-38.0000000000,-12.1949726468,36.0603073792));
#1170=VERTEX_POINT('',#1169);
#1171=EDGE_CURVE('',#1163,#1170,#1166,.T.);
#1172=ORIENTED_EDGE('',*,*,#1171,.T.);
#1173=(
BOUNDED_CURVE()
B_SPLINE_CURVE(1,(#1174,#1175),.UNSPECIFIED.,.F.,.F.)
B_SPLINE_CURVE_WITH_KNOTS((2,2),(0.000,1.000),.UNSPECIFIED.)
CURVE()
GEOMETRIC_REPRESENTATION_ITEM()
RATIONAL_B_SPLINE_CURVE((1.0000000000,1.0000000000))
REPRESENTATION_ITEM('')
);
#1174=CARTESIAN_POINT('',(-38.0000000000,-12.1949726468,36.0603073792));
#1175=CARTESIAN_POINT('',(-38.0000000000,20.5000000000,24.1603105256));

#1176=EDGE_CURVE('',#1170,#1144,#1173,.T.);
#1177=ORIENTED_EDGE('',*,*,#1176,.T.);
#1178=EDGE_LOOP('',(#1151,#1158,#1165,#1172,#1177));
#1179=FACE_OUTER_BOUND('',#1178,.T.);
#1180=ADVANCED_FACE('',(#1179),#1138,.T.);
#1181=COLOUR_RGB('',0.39,0.39,0.39);
#1182=FILL_AREA_STYLE_COLOUR('',#1181);
#1183=FILL_AREA_STYLE('',(#1182));
#1184=SURFACE_STYLE_FILL_AREA(#1183);
#1185=SURFACE_STYLE_TRANSPARENT(0.00);
#1186=SURFACE_STYLE_RENDERING_WITH_PROPERTIES(.NORMAL_SHADING.,#1181,(#1185));
#1187=SURFACE_SIDE_STYLE('',(#1184, #1186));
#1188=SURFACE_STYLE_USAGE(.BOTH.,#1187);
#1189=PRESENTATION_STYLE_ASSIGNMENT((#1188));
#1190=STYLED_ITEM('',(#1189),#1180);

#1191=(
BOUNDED_SURFACE()
B_SPLINE_SURFACE(1,1,((#1192,#1193),(#1194,#1195)),.UNSPECIFIED.,.F.,.F.,.F.)
B_SPLINE_SURFACE_WITH_KNOTS((2,2),(2,2),(0.000,1.000),(0.000,1.000),.UNSPECIFIED.)
GEOMETRIC_REPRESENTATION_ITEM()
RATIONAL_B_SPLINE_SURFACE(((1.0000000000,1.0000000000),(1.0000000000,1.0000000000)))
REPRESENTATION_ITEM('')
SURFACE()
);
#1192=CARTESIAN_POINT('',(38.0000000000,20.5000000000,50.0000000000));
#1193=CARTESIAN_POINT('',(38.0000000000,20.5000000000,8.0000000000));
#1194=CARTESIAN_POINT('',(-38.0000000000,20.5000000000,50.0000000000));
#1195=CARTESIAN_POINT('',(-38.0000000000,20.5000000000,8.0000000000));

#1196=CARTESIAN_POINT('',(38.0000000000,20.5000000000,24.1603105256));
#1197=VERTEX_POINT('',#1196);
#1198=(
BOUNDED_CURVE()
B_SPLINE_CURVE(1,(#1199,#1200),.UNSPECIFIED.,.F.,.F.)
B_SPLINE_CURVE_WITH_KNOTS((2,2),(0.000,1.000),.UNSPECIFIED.)
CURVE()
GEOMETRIC_REPRESENTATION_ITEM()
RATIONAL_B_SPLINE_CURVE((1.0000000000,1.0000000000))
REPRESENTATION_ITEM('')
);
#1199=CARTESIAN_POINT('',(38.0000000000,20.5000000000,24.1603105256));
#1200=CARTESIAN_POINT('',(38.0000000000,20.5000000000,8.0000000000));

#1201=CARTESIAN_POINT('',(38.0000000000,20.5000000000,8.0000000000));
#1202=VERTEX_POINT('',#1201);
#1203=EDGE_CURVE('',#1197,#1202,#1198,.T.);
#1204=ORIENTED_EDGE('',*,*,#1203,.T.);
#1205=(
BOUNDED_CURVE()
B_SPLINE_CURVE(1,(#1206,#1207),.UNSPECIFIED.,.F.,.F.)
B_SPLINE_CURVE_WITH_KNOTS((2,2),(0.000,1.000),.UNSPECIFIED.)
CURVE()
GEOMETRIC_REPRESENTATION_ITEM()
RATIONAL_B_SPLINE_CURVE((1.0000000000,1.0000000000))
REPRESENTATION_ITEM('')
);
#1206=CARTESIAN_POINT('',(38.0000000000,20.5000000000,8.0000000000));
#1207=CARTESIAN_POINT('',(-38.0000000000,20.5000000000,8.0000000000));

#1208=CARTESIAN_POINT('',(-38.0000000000,20.5000000000,8.0000000000));
#1209=VERTEX_POINT('',#1208);
#1210=EDGE_CURVE('',#1202,#1209,#1205,.T.);
#1211=ORIENTED_EDGE('',*,*,#1210,.T.);
#1212=(
BOUNDED_CURVE()
B_SPLINE_CURVE(1,(#1213,#1214),.UNSPECIFIED.,.F.,.F.)
B_SPLINE_CURVE_WITH_KNOTS((2,2),(0.000,1.000),.UNSPECIFIED.)
CURVE()
GEOMETRIC_REPRESENTATION_ITEM()
RATIONAL_B_SPLINE_CURVE((1.0000000000,1.0000000000))
REPRESENTATION_ITEM('')
);
#1213=CARTESIAN_POINT('',(-38.0000000000,20.5000000000,8.0000000000));
#1214=CARTESIAN_POINT('',(-38.0000000000,20.5000000000,24.1603105256));

#1215=CARTESIAN_POINT('',(-38.0000000000,20.5000000000,24.1603105256));
#1216=VERTEX_POINT('',#1215);
#1217=EDGE_CURVE('',#1209,#1216,#1212,.T.);
#1218=ORIENTED_EDGE('',*,*,#1217,.T.);
#1219=(
BOUNDED_CURVE()
B_SPLINE_CURVE(1,(#1220,#1221),.UNSPECIFIED.,.F.,.F.)
B_SPLINE_CURVE_WITH_KNOTS((2,2),(0.000,1.000),.UNSPECIFIED.)
CURVE()
GEOMETRIC_REPRESENTATION_ITEM()
RATIONAL_B_SPLINE_CURVE((1.0000000000,1.0000000000))
REPRESENTATION_ITEM('')
);
#1220=CARTESIAN_POINT('',(-38.0000000000,20.5000000000,24.1603105256));
#1221=CARTESIAN_POINT('',(38.0000000000,20.5000000000,24.1603105256));

#1222=EDGE_CURVE('',#1216,#1197,#1219,.T.);
#1223=ORIENTED_EDGE('',*,*,#1222,.T.);
#1224=EDGE_LOOP('',(#1204,#1211,#1218,#1223));
#1225=FACE_OUTER_BOUND('',#1224,.T.);
#1226=ADVANCED_FACE('',(#1225),#1191,.T.);
#1227=COLOUR_RGB('',0.39,0.39,0.39);
#1228=FILL_AREA_STYLE_COLOUR('',#1227);
#1229=FILL_AREA_STYLE('',(#1228));
#1230=SURFACE_STYLE_FILL_AREA(#1229);
#1231=SURFACE_STYLE_TRANSPARENT(0.00);
#1232=SURFACE_STYLE_RENDERING_WITH_PROPERTIES(.NORMAL_SHADING.,#1227,(#1231));
#1233=SURFACE_SIDE_STYLE('',(#1230, #1232));
#1234=SURFACE_STYLE_USAGE(.BOTH.,#1233);
#1235=PRESENTATION_STYLE_ASSIGNMENT((#1234));
#1236=STYLED_ITEM('',(#1235),#1226);

#1237=(
BOUNDED_SURFACE()
B_SPLINE_SURFACE(1,1,((#1238,#1239),(#1240,#1241)),.UNSPECIFIED.,.F.,.F.,.F.)
B_SPLINE_SURFACE_WITH_KNOTS((2,2),(2,2),(0.000,1.000),(0.000,1.000),.UNSPECIFIED.)
GEOMETRIC_REPRESENTATION_ITEM()
RATIONAL_B_SPLINE_SURFACE(((1.0000000000,1.0000000000),(1.0000000000,1.0000000000)))
REPRESENTATION_ITEM('')
SURFACE()
);
#1238=CARTESIAN_POINT('',(38.0000000000,-20.5000000000,50.0000000000));
#1239=CARTESIAN_POINT('',(38.0000000000,-20.5000000000,8.0000000000));
#1240=CARTESIAN_POINT('',(38.0000000000,20.5000000000,50.0000000000));
#1241=CARTESIAN_POINT('',(38.0000000000,20.5000000000,8.0000000000));

#1242=CARTESIAN_POINT('',(38.0000000000,-12.1949726468,36.0603073792));
#1243=VERTEX_POINT('',#1242);
#1244=(
BOUNDED_CURVE()
B_SPLINE_CURVE(1,(#1245,#1246),.UNSPECIFIED.,.F.,.F.)
B_SPLINE_CURVE_WITH_KNOTS((2,2),(0.000,1.000),.UNSPECIFIED.)
CURVE()
GEOMETRIC_REPRESENTATION_ITEM()
RATIONAL_B_SPLINE_CURVE((1.0000000000,1.0000000000))
REPRESENTATION_ITEM('')
);
#1245=CARTESIAN_POINT('',(38.0000000000,-12.1949726468,36.0603073792));
#1246=CARTESIAN_POINT('',(38.0000000000,-20.5000000000,13.2424322584));

#1247=CARTESIAN_POINT('',(38.0000000000,-20.5000000000,13.2424322584));
#1248=VERTEX_POINT('',#1247);
#1249=EDGE_CURVE('',#1243,#1248,#1244,.T.);
#1250=ORIENTED_EDGE('',*,*,#1249,.T.);
#1251=(
BOUNDED_CURVE()
B_SPLINE_CURVE(1,(#1252,#1253),.UNSPECIFIED.,.F.,.F.)
B_SPLINE_CURVE_WITH_KNOTS((2,2),(0.000,1.000),.UNSPECIFIED.)
CURVE()
GEOMETRIC_REPRESENTATION_ITEM()
RATIONAL_B_SPLINE_CURVE((1.0000000000,1.0000000000))
REPRESENTATION_ITEM('')
);
#1252=CARTESIAN_POINT('',(38.0000000000,-20.5000000000,13.2424322584));
#1253=CARTESIAN_POINT('',(38.0000000000,-20.5000000000,8.0000000000));

#1254=CARTESIAN_POINT('',(38.0000000000,-20.5000000000,8.0000000000));
#1255=VERTEX_POINT('',#1254);
#1256=EDGE_CURVE('',#1248,#1255,#1251,.T.);
#1257=ORIENTED_EDGE('',*,*,#1256,.T.);
#1258=(
BOUNDED_CURVE()
B_SPLINE_CURVE(1,(#1259,#1260),.UNSPECIFIED.,.F.,.F.)
B_SPLINE_CURVE_WITH_KNOTS((2,2),(0.000,1.000),.UNSPECIFIED.)
CURVE()
GEOMETRIC_REPRESENTATION_ITEM()
RATIONAL_B_SPLINE_CURVE((1.0000000000,1.0000000000))
REPRESENTATION_ITEM('')
);
#1259=CARTESIAN_POINT('',(38.0000000000,-20.5000000000,8.0000000000));
#1260=CARTESIAN_POINT('',(38.0000000000,20.5000000000,8.0000000000));

#1261=CARTESIAN_POINT('',(38.0000000000,20.5000000000,8.0000000000));
#1262=VERTEX_POINT('',#1261);
#1263=EDGE_CURVE('',#1255,#1262,#1258,.T.);
#1264=ORIENTED_EDGE('',*,*,#1263,.T.);
#1265=(
BOUNDED_CURVE()
B_SPLINE_CURVE(1,(#1266,#1267),.UNSPECIFIED.,.F.,.F.)
B_SPLINE_CURVE_WITH_KNOTS((2,2),(0.000,1.000),.UNSPECIFIED.)
CURVE()
GEOMETRIC_REPRESENTATION_ITEM()
RATIONAL_B_SPLINE_CURVE((1.0000000000,1.0000000000))
REPRESENTATION_ITEM('')
);
#1266=CARTESIAN_POINT('',(38.0000000000,20.5000000000,8.0000000000));
#1267=CARTESIAN_POINT('',(38.0000000000,20.5000000000,24.1603105256));

#1268=CARTESIAN_POINT('',(38.0000000000,20.5000000000,24.1603105256));
#1269=VERTEX_POINT('',#1268);
#1270=EDGE_CURVE('',#1262,#1269,#1265,.T.);
#1271=ORIENTED_EDGE('',*,*,#1270,.T.);
#1272=(
BOUNDED_CURVE()
B_SPLINE_CURVE(1,(#1273,#1274),.UNSPECIFIED.,.F.,.F.)
B_SPLINE_CURVE_WITH_KNOTS((2,2),(0.000,1.000),.UNSPECIFIED.)
CURVE()
GEOMETRIC_REPRESENTATION_ITEM()
RATIONAL_B_SPLINE_CURVE((1.0000000000,1.0000000000))
REPRESENTATION_ITEM('')
);
#1273=CARTESIAN_POINT('',(38.0000000000,20.5000000000,24.1603105256));
#1274=CARTESIAN_POINT('',(38.0000000000,-12.1949726468,36.0603073792));

#1275=EDGE_CURVE('',#1269,#1243,#1272,.T.);
#1276=ORIENTED_EDGE('',*,*,#1275,.T.);
#1277=EDGE_LOOP('',(#1250,#1257,#1264,#1271,#1276));
#1278=FACE_OUTER_BOUND('',#1277,.T.);
#1279=ADVANCED_FACE('',(#1278),#1237,.T.);
#1280=COLOUR_RGB('',0.39,0.39,0.39);
#1281=FILL_AREA_STYLE_COLOUR('',#1280);
#1282=FILL_AREA_STYLE('',(#1281));
#1283=SURFACE_STYLE_FILL_AREA(#1282);
#1284=SURFACE_STYLE_TRANSPARENT(0.00);
#1285=SURFACE_STYLE_RENDERING_WITH_PROPERTIES(.NORMAL_SHADING.,#1280,(#1284));
#1286=SURFACE_SIDE_STYLE('',(#1283, #1285));
#1287=SURFACE_STYLE_USAGE(.BOTH.,#1286);
#1288=PRESENTATION_STYLE_ASSIGNMENT((#1287));
#1289=STYLED_ITEM('',(#1288),#1279);

#1290=(
BOUNDED_SURFACE()
B_SPLINE_SURFACE(1,1,((#1291,#1292),(#1293,#1294)),.UNSPECIFIED.,.F.,.F.,.F.)
B_SPLINE_SURFACE_WITH_KNOTS((2,2),(2,2),(0.000,1.000),(0.000,1.000),.UNSPECIFIED.)
GEOMETRIC_REPRESENTATION_ITEM()
RATIONAL_B_SPLINE_SURFACE(((1.0000000000,1.0000000000),(1.0000000000,1.0000000000)))
REPRESENTATION_ITEM('')
SURFACE()
);
#1291=CARTESIAN_POINT('',(38.0000000000,20.5000000000,4.0000000000));
#1292=CARTESIAN_POINT('',(-38.0000000000,20.5000000000,4.0000000000));
#1293=CARTESIAN_POINT('',(38.0000000000,-20.5000000000,4.0000000000));
#1294=CARTESIAN_POINT('',(-38.0000000000,-20.5000000000,4.0000000000));

#1295=CARTESIAN_POINT('',(37.0000000000,-20.5000000000,4.0000000000));
#1296=VERTEX_POINT('',#1295);
#1297=(
BOUNDED_CURVE()
B_SPLINE_CURVE(2,(#1298,#1299,#1300),.UNSPECIFIED.,.F.,.F.)
B_SPLINE_CURVE_WITH_KNOTS((3,3),(0.000,1.000),.UNSPECIFIED.)
CURVE()
GEOMETRIC_REPRESENTATION_ITEM()
RATIONAL_B_SPLINE_CURVE((1.0000000000,0.7071067812,1.0000000000))
REPRESENTATION_ITEM('')
);
#1298=CARTESIAN_POINT('',(37.0000000000,-20.5000000000,4.0000000000));
#1299=CARTESIAN_POINT('',(38.0000000000,-20.5000000000,4.0000000000));
#1300=CARTESIAN_POINT('',(38.0000000000,-19.5000000000,4.0000000000));

#1301=CARTESIAN_POINT('',(38.0000000000,-19.5000000000,4.0000000000));
#1302=VERTEX_POINT('',#1301);
#1303=EDGE_CURVE('',#1296,#1302,#1297,.T.);
#1304=ORIENTED_EDGE('',*,*,#1303,.T.);
#1305=(
BOUNDED_CURVE()
B_SPLINE_CURVE(1,(#1306,#1307),.UNSPECIFIED.,.F.,.F.)
B_SPLINE_CURVE_WITH_KNOTS((2,2),(0.000,1.000),.UNSPECIFIED.)
CURVE()
GEOMETRIC_REPRESENTATION_ITEM()
RATIONAL_B_SPLINE_CURVE((1.0000000000,1.0000000000))
REPRESENTATION_ITEM('')
);
#1306=CARTESIAN_POINT('',(38.0000000000,-19.5000000000,4.0000000000));
#1307=CARTESIAN_POINT('',(38.0000000000,19.5000000000,4.0000000000));

#1308=CARTESIAN_POINT('',(38.0000000000,19.5000000000,4.0000000000));
#1309=VERTEX_POINT('',#1308);
#1310=EDGE_CURVE('',#1302,#1309,#1305,.T.);
#1311=ORIENTED_EDGE('',*,*,#1310,.T.);
#1312=(
BOUNDED_CURVE()
B_SPLINE_CURVE(2,(#1313,#1314,#1315),.UNSPECIFIED.,.F.,.F.)
B_SPLINE_CURVE_WITH_KNOTS((3,3),(0.000,1.000),.UNSPECIFIED.)
CURVE()
GEOMETRIC_REPRESENTATION_ITEM()
RATIONAL_B_SPLINE_CURVE((1.0000000000,0.7071067812,1.0000000000))
REPRESENTATION_ITEM('')
);
#1313=CARTESIAN_POINT('',(38.0000000000,19.5000000000,4.0000000000));
#1314=CARTESIAN_POINT('',(38.0000000000,20.5000000000,4.0000000000));
#1315=CARTESIAN_POINT('',(37.0000000000,20.5000000000,4.0000000000));

#1316=CARTESIAN_POINT('',(37.0000000000,20.5000000000,4.0000000000));
#1317=VERTEX_POINT('',#1316);
#1318=EDGE_CURVE('',#1309,#1317,#1312,.T.);
#1319=ORIENTED_EDGE('',*,*,#1318,.T.);
#1320=(
BOUNDED_CURVE()
B_SPLINE_CURVE(1,(#1321,#1322),.UNSPECIFIED.,.F.,.F.)
B_SPLINE_CURVE_WITH_KNOTS((2,2),(0.000,1.000),.UNSPECIFIED.)
CURVE()
GEOMETRIC_REPRESENTATION_ITEM()
RATIONAL_B_SPLINE_CURVE((1.0000000000,1.0000000000))
REPRESENTATION_ITEM('')
);
#1321=CARTESIAN_POINT('',(37.0000000000,20.5000000000,4.0000000000));
#1322=CARTESIAN_POINT('',(-37.0000000000,20.5000000000,4.0000000000));

#1323=CARTESIAN_POINT('',(-37.0000000000,20.5000000000,4.0000000000));
#1324=VERTEX_POINT('',#1323);
#1325=EDGE_CURVE('',#1317,#1324,#1320,.T.);
#1326=ORIENTED_EDGE('',*,*,#1325,.T.);
#1327=(
BOUNDED_CURVE()
B_SPLINE_CURVE(2,(#1328,#1329,#1330),.UNSPECIFIED.,.F.,.F.)
B_SPLINE_CURVE_WITH_KNOTS((3,3),(0.000,1.000),.UNSPECIFIED.)
CURVE()
GEOMETRIC_REPRESENTATION_ITEM()
RATIONAL_B_SPLINE_CURVE((1.0000000000,0.7071067812,1.0000000000))
REPRESENTATION_ITEM('')
);
#1328=CARTESIAN_POINT('',(-37.0000000000,20.5000000000,4.0000000000));
#1329=CARTESIAN_POINT('',(-38.0000000000,20.5000000000,4.0000000000));
#1330=CARTESIAN_POINT('',(-38.0000000000,19.5000000000,4.0000000000));

#1331=CARTESIAN_POINT('',(-38.0000000000,19.5000000000,4.0000000000));
#1332=VERTEX_POINT('',#1331);
#1333=EDGE_CURVE('',#1324,#1332,#1327,.T.);
#1334=ORIENTED_EDGE('',*,*,#1333,.T.);
#1335=(
BOUNDED_CURVE()
B_SPLINE_CURVE(1,(#1336,#1337),.UNSPECIFIED.,.F.,.F.)
B_SPLINE_CURVE_WITH_KNOTS((2,2),(0.000,1.000),.UNSPECIFIED.)
CURVE()
GEOMETRIC_REPRESENTATION_ITEM()
RATIONAL_B_SPLINE_CURVE((1.0000000000,1.0000000000))
REPRESENTATION_ITEM('')
);
#1336=CARTESIAN_POINT('',(-38.0000000000,19.5000000000,4.0000000000));
#1337=CARTESIAN_POINT('',(-38.0000000000,-19.5000000000,4.0000000000));

#1338=CARTESIAN_POINT('',(-38.0000000000,-19.5000000000,4.0000000000));
#1339=VERTEX_POINT('',#1338);
#1340=EDGE_CURVE('',#1332,#1339,#1335,.T.);
#1341=ORIENTED_EDGE('',*,*,#1340,.T.);
#1342=(
BOUNDED_CURVE()
B_SPLINE_CURVE(2,(#1343,#1344,#1345),.UNSPECIFIED.,.F.,.F.)
B_SPLINE_CURVE_WITH_KNOTS((3,3),(0.000,1.000),.UNSPECIFIED.)
CURVE()
GEOMETRIC_REPRESENTATION_ITEM()
RATIONAL_B_SPLINE_CURVE((1.0000000000,0.7071067812,1.0000000000))
REPRESENTATION_ITEM('')
);
#1343=CARTESIAN_POINT('',(-38.0000000000,-19.5000000000,4.0000000000));
#1344=CARTESIAN_POINT('',(-38.0000000000,-20.5000000000,4.0000000000));
#1345=CARTESIAN_POINT('',(-37.0000000000,-20.5000000000,4.0000000000));

#1346=CARTESIAN_POINT('',(-37.0000000000,-20.5000000000,4.0000000000));
#1347=VERTEX_POINT('',#1346);
#1348=EDGE_CURVE('',#1339,#1347,#1342,.T.);
#1349=ORIENTED_EDGE('',*,*,#1348,.T.);
#1350=(
BOUNDED_CURVE()
B_SPLINE_CURVE(1,(#1351,#1352),.UNSPECIFIED.,.F.,.F.)
B_SPLINE_CURVE_WITH_KNOTS((2,2),(0.000,1.000),.UNSPECIFIED.)
CURVE()
GEOMETRIC_REPRESENTATION_ITEM()
RATIONAL_B_SPLINE_CURVE((1.0000000000,1.0000000000))
REPRESENTATION_ITEM('')
);
#1351=CARTESIAN_POINT('',(-37.0000000000,-20.5000000000,4.0000000000));
#1352=CARTESIAN_POINT('',(37.0000000000,-20.5000000000,4.0000000000));

#1353=EDGE_CURVE('',#1347,#1296,#1350,.T.);
#1354=ORIENTED_EDGE('',*,*,#1353,.T.);
#1355=EDGE_LOOP('',(#1304,#1311,#1319,#1326,#1334,#1341,#1349,#1354));
#1356=FACE_OUTER_BOUND('',#1355,.T.);
#1357=CARTESIAN_POINT('',(32.5000000001,13.6500000000,4.0000000000));
#1358=VERTEX_POINT('',#1357);
#1359=(
BOUNDED_CURVE()
B_SPLINE_CURVE(2,(#1360,#1361,#1362),.UNSPECIFIED.,.F.,.F.)
B_SPLINE_CURVE_WITH_KNOTS((3,3),(0.000,1.000),.UNSPECIFIED.)
CURVE()
GEOMETRIC_REPRESENTATION_ITEM()
RATIONAL_B_SPLINE_CURVE((1.0000000000,0.7071067812,1.0000000000))
REPRESENTATION_ITEM('')
);
#1360=CARTESIAN_POINT('',(32.5000000000,13.6500000000,4.0000000000));
#1361=CARTESIAN_POINT('',(31.1500000001,13.6500000000,4.0000000000));
#1362=CARTESIAN_POINT('',(31.1500000000,14.9999999999,4.0000000000));

#1363=CARTESIAN_POINT('',(31.1500000000,14.9999999999,4.0000000000));
#1364=VERTEX_POINT('',#1363);
#1365=EDGE_CURVE('',#1358,#1364,#1359,.T.);
#1366=ORIENTED_EDGE('',*,*,#1365,.T.);
#1367=(
BOUNDED_CURVE()
B_SPLINE_CURVE(2,(#1368,#1369,#1370),.UNSPECIFIED.,.F.,.F.)
B_SPLINE_CURVE_WITH_KNOTS((3,3),(0.000,1.000),.UNSPECIFIED.)
CURVE()
GEOMETRIC_REPRESENTATION_ITEM()
RATIONAL_B_SPLINE_CURVE((1.0000000000,0.7071067812,1.0000000000))
REPRESENTATION_ITEM('')
);
#1368=CARTESIAN_POINT('',(31.1500000000,15.0000000000,4.0000000000));
#1369=CARTESIAN_POINT('',(31.1500000000,16.3499999999,4.0000000000));
#1370=CARTESIAN_POINT('',(32.4999999999,16.3500000000,4.0000000000));

#1371=CARTESIAN_POINT('',(32.4999999999,16.3500000000,4.0000000000));
#1372=VERTEX_POINT('',#1371);
#1373=EDGE_CURVE('',#1364,#1372,#1367,.T.);
#1374=ORIENTED_EDGE('',*,*,#1373,.T.);
#1375=(
BOUNDED_CURVE()
B_SPLINE_CURVE(2,(#1376,#1377,#1378),.UNSPECIFIED.,.F.,.F.)
B_SPLINE_CURVE_WITH_KNOTS((3,3),(0.000,1.000),.UNSPECIFIED.)
CURVE()
GEOMETRIC_REPRESENTATION_ITEM()
RATIONAL_B_SPLINE_CURVE((1.0000000000,0.7071067812,1.0000000000))
REPRESENTATION_ITEM('')
);
#1376=CARTESIAN_POINT('',(32.5000000000,16.3500000000,4.0000000000));
#1377=CARTESIAN_POINT('',(33.8499999999,16.3500000000,4.0000000000));
#1378=CARTESIAN_POINT('',(33.8500000000,15.0000000001,4.0000000000));

#1379=CARTESIAN_POINT('',(33.8500000000,15.0000000001,4.0000000000));
#1380=VERTEX_POINT('',#1379);
#1381=EDGE_CURVE('',#1372,#1380,#1375,.T.);
#1382=ORIENTED_EDGE('',*,*,#1381,.T.);
#1383=(
BOUNDED_CURVE()
B_SPLINE_CURVE(2,(#1384,#1385,#1386),.UNSPECIFIED.,.F.,.F.)
B_SPLINE_CURVE_WITH_KNOTS((3,3),(0.000,1.000),.UNSPECIFIED.)
CURVE()
GEOMETRIC_REPRESENTATION_ITEM()
RATIONAL_B_SPLINE_CURVE((1.0000000000,0.7071067812,1.0000000000))
REPRESENTATION_ITEM('')
);
#1384=CARTESIAN_POINT('',(33.8500000000,15.0000000000,4.0000000000));
#1385=CARTESIAN_POINT('',(33.8500000000,13.6500000001,4.0000000000));
#1386=CARTESIAN_POINT('',(32.5000000001,13.6500000000,4.0000000000));

#1387=EDGE_CURVE('',#1380,#1358,#1383,.T.);
#1388=ORIENTED_EDGE('',*,*,#1387,.T.);
#1389=EDGE_LOOP('',(#1366,#1374,#1382,#1388));
#1390=FACE_BOUND('',#1389,.T.);
#1391=CARTESIAN_POINT('',(-32.4999999999,13.6500000000,4.0000000000));
#1392=VERTEX_POINT('',#1391);
#1393=(
BOUNDED_CURVE()
B_SPLINE_CURVE(2,(#1394,#1395,#1396),.UNSPECIFIED.,.F.,.F.)
B_SPLINE_CURVE_WITH_KNOTS((3,3),(0.000,1.000),.UNSPECIFIED.)
CURVE()
GEOMETRIC_REPRESENTATION_ITEM()
RATIONAL_B_SPLINE_CURVE((1.0000000000,0.7071067812,1.0000000000))
REPRESENTATION_ITEM('')
);
#1394=CARTESIAN_POINT('',(-32.5000000000,13.6500000000,4.0000000000));
#1395=CARTESIAN_POINT('',(-33.8499999999,13.6500000000,4.0000000000));
#1396=CARTESIAN_POINT('',(-33.8500000000,14.9999999999,4.0000000000));

#1397=CARTESIAN_POINT('',(-33.8500000000,14.9999999999,4.0000000000));
#1398=VERTEX_POINT('',#1397);
#1399=EDGE_CURVE('',#1392,#1398,#1393,.T.);
#1400=ORIENTED_EDGE('',*,*,#1399,.T.);
#1401=(
BOUNDED_CURVE()
B_SPLINE_CURVE(2,(#1402,#1403,#1404),.UNSPECIFIED.,.F.,.F.)
B_SPLINE_CURVE_WITH_KNOTS((3,3),(0.000,1.000),.UNSPECIFIED.)
CURVE()
GEOMETRIC_REPRESENTATION_ITEM()
RATIONAL_B_SPLINE_CURVE((1.0000000000,0.7071067812,1.0000000000))
REPRESENTATION_ITEM('')
);
#1402=CARTESIAN_POINT('',(-33.8500000000,15.0000000000,4.0000000000));
#1403=CARTESIAN_POINT('',(-33.8500000000,16.3499999999,4.0000000000));
#1404=CARTESIAN_POINT('',(-32.5000000001,16.3500000000,4.0000000000));

#1405=CARTESIAN_POINT('',(-32.5000000001,16.3500000000,4.0000000000));
#1406=VERTEX_POINT('',#1405);
#1407=EDGE_CURVE('',#1398,#1406,#1401,.T.);
#1408=ORIENTED_EDGE('',*,*,#1407,.T.);
#1409=(
BOUNDED_CURVE()
B_SPLINE_CURVE(2,(#1410,#1411,#1412),.UNSPECIFIED.,.F.,.F.)
B_SPLINE_CURVE_WITH_KNOTS((3,3),(0.000,1.000),.UNSPECIFIED.)
CURVE()
GEOMETRIC_REPRESENTATION_ITEM()
RATIONAL_B_SPLINE_CURVE((1.0000000000,0.7071067812,1.0000000000))
REPRESENTATION_ITEM('')
);
#1410=CARTESIAN_POINT('',(-32.5000000000,16.3500000000,4.0000000000));
#1411=CARTESIAN_POINT('',(-31.1500000001,16.3500000000,4.0000000000));
#1412=CARTESIAN_POINT('',(-31.1500000000,15.0000000001,4.0000000000));

#1413=CARTESIAN_POINT('',(-31.1500000000,15.0000000001,4.0000000000));
#1414=VERTEX_POINT('',#1413);
#1415=EDGE_CURVE('',#1406,#1414,#1409,.T.);
#1416=ORIENTED_EDGE('',*,*,#1415,.T.);
#1417=(
BOUNDED_CURVE()
B_SPLINE_CURVE(2,(#1418,#1419,#1420),.UNSPECIFIED.,.F.,.F.)
B_SPLINE_CURVE_WITH_KNOTS((3,3),(0.000,1.000),.UNSPECIFIED.)
CURVE()
GEOMETRIC_REPRESENTATION_ITEM()
RATIONAL_B_SPLINE_CURVE((1.0000000000,0.7071067812,1.0000000000))
REPRESENTATION_ITEM('')
);
#1418=CARTESIAN_POINT('',(-31.1500000000,15.0000000000,4.0000000000));
#1419=CARTESIAN_POINT('',(-31.1500000000,13.6500000001,4.0000000000));
#1420=CARTESIAN_POINT('',(-32.4999999999,13.6500000000,4.0000000000));

#1421=EDGE_CURVE('',#1414,#1392,#1417,.T.);
#1422=ORIENTED_EDGE('',*,*,#1421,.T.);
#1423=EDGE_LOOP('',(#1400,#1408,#1416,#1422));
#1424=FACE_BOUND('',#1423,.T.);
#1425=CARTESIAN_POINT('',(32.5000000001,-16.3500000000,4.0000000000));
#1426=VERTEX_POINT('',#1425);
#1427=(
BOUNDED_CURVE()
B_SPLINE_CURVE(2,(#1428,#1429,#1430),.UNSPECIFIED.,.F.,.F.)
B_SPLINE_CURVE_WITH_KNOTS((3,3),(0.000,1.000),.UNSPECIFIED.)
CURVE()
GEOMETRIC_REPRESENTATION_ITEM()
RATIONAL_B_SPLINE_CURVE((1.0000000000,0.7071067812,1.0000000000))
REPRESENTATION_ITEM('')
);
#1428=CARTESIAN_POINT('',(32.5000000000,-16.3500000000,4.0000000000));
#1429=CARTESIAN_POINT('',(31.1500000001,-16.3500000000,4.0000000000));
#1430=CARTESIAN_POINT('',(31.1500000000,-15.0000000001,4.0000000000));

#1431=CARTESIAN_POINT('',(31.1500000000,-15.0000000001,4.0000000000));
#1432=VERTEX_POINT('',#1431);
#1433=EDGE_CURVE('',#1426,#1432,#1427,.T.);
#1434=ORIENTED_EDGE('',*,*,#1433,.T.);
#1435=(
BOUNDED_CURVE()
B_SPLINE_CURVE(2,(#1436,#1437,#1438),.UNSPECIFIED.,.F.,.F.)
B_SPLINE_CURVE_WITH_KNOTS((3,3),(0.000,1.000),.UNSPECIFIED.)
CURVE()
GEOMETRIC_REPRESENTATION_ITEM()
RATIONAL_B_SPLINE_CURVE((1.0000000000,0.7071067812,1.0000000000))
REPRESENTATION_ITEM('')
);
#1436=CARTESIAN_POINT('',(31.1500000000,-15.0000000000,4.0000000000));
#1437=CARTESIAN_POINT('',(31.1500000000,-13.6500000001,4.0000000000));
#1438=CARTESIAN_POINT('',(32.4999999999,-13.6500000000,4.0000000000));

#1439=CARTESIAN_POINT('',(32.4999999999,-13.6500000000,4.0000000000));
#1440=VERTEX_POINT('',#1439);
#1441=EDGE_CURVE('',#1432,#1440,#1435,.T.);
#1442=ORIENTED_EDGE('',*,*,#1441,.T.);
#1443=(
BOUNDED_CURVE()
B_SPLINE_CURVE(2,(#1444,#1445,#1446),.UNSPECIFIED.,.F.,.F.)
B_SPLINE_CURVE_WITH_KNOTS((3,3),(0.000,1.000),.UNSPECIFIED.)
CURVE()
GEOMETRIC_REPRESENTATION_ITEM()
RATIONAL_B_SPLINE_CURVE((1.0000000000,0.7071067812,1.0000000000))
REPRESENTATION_ITEM('')
);
#1444=CARTESIAN_POINT('',(32.5000000000,-13.6500000000,4.0000000000));
#1445=CARTESIAN_POINT('',(33.8499999999,-13.6500000000,4.0000000000));
#1446=CARTESIAN_POINT('',(33.8500000000,-14.9999999999,4.0000000000));

#1447=CARTESIAN_POINT('',(33.8500000000,-14.9999999999,4.0000000000));
#1448=VERTEX_POINT('',#1447);
#1449=EDGE_CURVE('',#1440,#1448,#1443,.T.);
#1450=ORIENTED_EDGE('',*,*,#1449,.T.);
#1451=(
BOUNDED_CURVE()
B_SPLINE_CURVE(2,(#1452,#1453,#1454),.UNSPECIFIED.,.F.,.F.)
B_SPLINE_CURVE_WITH_KNOTS((3,3),(0.000,1.000),.UNSPECIFIED.)
CURVE()
GEOMETRIC_REPRESENTATION_ITEM()
RATIONAL_B_SPLINE_CURVE((1.0000000000,0.7071067812,1.0000000000))
REPRESENTATION_ITEM('')
);
#1452=CARTESIAN_POINT('',(33.8500000000,-15.0000000000,4.0000000000));
#1453=CARTESIAN_POINT('',(33.8500000000,-16.3499999999,4.0000000000));
#1454=CARTESIAN_POINT('',(32.5000000001,-16.3500000000,4.0000000000));

#1455=EDGE_CURVE('',#1448,#1426,#1451,.T.);
#1456=ORIENTED_EDGE('',*,*,#1455,.T.);
#1457=EDGE_LOOP('',(#1434,#1442,#1450,#1456));
#1458=FACE_BOUND('',#1457,.T.);
#1459=CARTESIAN_POINT('',(-32.4999999999,-16.3500000000,4.0000000000));
#1460=VERTEX_POINT('',#1459);
#1461=(
BOUNDED_CURVE()
B_SPLINE_CURVE(2,(#1462,#1463,#1464),.UNSPECIFIED.,.F.,.F.)
B_SPLINE_CURVE_WITH_KNOTS((3,3),(0.000,1.000),.UNSPECIFIED.)
CURVE()
GEOMETRIC_REPRESENTATION_ITEM()
RATIONAL_B_SPLINE_CURVE((1.0000000000,0.7071067812,1.0000000000))
REPRESENTATION_ITEM('')
);
#1462=CARTESIAN_POINT('',(-32.5000000000,-16.3500000000,4.0000000000));
#1463=CARTESIAN_POINT('',(-33.8499999999,-16.3500000000,4.0000000000));
#1464=CARTESIAN_POINT('',(-33.8500000000,-15.0000000001,4.0000000000));

#1465=CARTESIAN_POINT('',(-33.8500000000,-15.0000000001,4.0000000000));
#1466=VERTEX_POINT('',#1465);
#1467=EDGE_CURVE('',#1460,#1466,#1461,.T.);
#1468=ORIENTED_EDGE('',*,*,#1467,.T.);
#1469=(
BOUNDED_CURVE()
B_SPLINE_CURVE(2,(#1470,#1471,#1472),.UNSPECIFIED.,.F.,.F.)
B_SPLINE_CURVE_WITH_KNOTS((3,3),(0.000,1.000),.UNSPECIFIED.)
CURVE()
GEOMETRIC_REPRESENTATION_ITEM()
RATIONAL_B_SPLINE_CURVE((1.0000000000,0.7071067812,1.0000000000))
REPRESENTATION_ITEM('')
);
#1470=CARTESIAN_POINT('',(-33.8500000000,-15.0000000000,4.0000000000));
#1471=CARTESIAN_POINT('',(-33.8500000000,-13.6500000001,4.0000000000));
#1472=CARTESIAN_POINT('',(-32.5000000001,-13.6500000000,4.0000000000));

#1473=CARTESIAN_POINT('',(-32.5000000001,-13.6500000000,4.0000000000));
#1474=VERTEX_POINT('',#1473);
#1475=EDGE_CURVE('',#1466,#1474,#1469,.T.);
#1476=ORIENTED_EDGE('',*,*,#1475,.T.);
#1477=(
BOUNDED_CURVE()
B_SPLINE_CURVE(2,(#1478,#1479,#1480),.UNSPECIFIED.,.F.,.F.)
B_SPLINE_CURVE_WITH_KNOTS((3,3),(0.000,1.000),.UNSPECIFIED.)
CURVE()
GEOMETRIC_REPRESENTATION_ITEM()
RATIONAL_B_SPLINE_CURVE((1.0000000000,0.7071067812,1.0000000000))
REPRESENTATION_ITEM('')
);
#1478=CARTESIAN_POINT('',(-32.5000000000,-13.6500000000,4.0000000000));
#1479=CARTESIAN_POINT('',(-31.1500000001,-13.6500000000,4.0000000000));
#1480=CARTESIAN_POINT('',(-31.1500000000,-14.9999999999,4.0000000000));

#1481=CARTESIAN_POINT('',(-31.1500000000,-14.9999999999,4.0000000000));
#1482=VERTEX_POINT('',#1481);
#1483=EDGE_CURVE('',#1474,#1482,#1477,.T.);
#1484=ORIENTED_EDGE('',*,*,#1483,.T.);
#1485=(
BOUNDED_CURVE()
B_SPLINE_CURVE(2,(#1486,#1487,#1488),.UNSPECIFIED.,.F.,.F.)
B_SPLINE_CURVE_WITH_KNOTS((3,3),(0.000,1.000),.UNSPECIFIED.)
CURVE()
GEOMETRIC_REPRESENTATION_ITEM()
RATIONAL_B_SPLINE_CURVE((1.0000000000,0.7071067812,1.0000000000))
REPRESENTATION_ITEM('')
);
#1486=CARTESIAN_POINT('',(-31.1500000000,-15.0000000000,4.0000000000));
#1487=CARTESIAN_POINT('',(-31.1500000000,-16.3499999999,4.0000000000));
#1488=CARTESIAN_POINT('',(-32.4999999999,-16.3500000000,4.0000000000));

#1489=EDGE_CURVE('',#1482,#1460,#1485,.T.);
#1490=ORIENTED_EDGE('',*,*,#1489,.T.);
#1491=EDGE_LOOP('',(#1468,#1476,#1484,#1490));
#1492=FACE_BOUND('',#1491,.T.);
#1493=CARTESIAN_POINT('',(-30.8000000000,-11.8000000000,4.0000000000));
#1494=VERTEX_POINT('',#1493);
#1495=(
BOUNDED_CURVE()
B_SPLINE_CURVE(1,(#1496,#1497),.UNSPECIFIED.,.F.,.F.)
B_SPLINE_CURVE_WITH_KNOTS((2,2),(0.000,1.000),.UNSPECIFIED.)
CURVE()
GEOMETRIC_REPRESENTATION_ITEM()
RATIONAL_B_SPLINE_CURVE((1.0000000000,1.0000000000))
REPRESENTATION_ITEM('')
);
#1496=CARTESIAN_POINT('',(-30.8000000000,-11.8000000000,4.0000000000));
#1497=CARTESIAN_POINT('',(-36.0000000000,-11.8000000000,4.0000000000));

#1498=CARTESIAN_POINT('',(-36.0000000000,-11.8000000000,4.0000000000));
#1499=VERTEX_POINT('',#1498);
#1500=EDGE_CURVE('',#1494,#1499,#1495,.T.);
#1501=ORIENTED_EDGE('',*,*,#1500,.T.);
#1502=(
BOUNDED_CURVE()
B_SPLINE_CURVE(1,(#1503,#1504),.UNSPECIFIED.,.F.,.F.)
B_SPLINE_CURVE_WITH_KNOTS((2,2),(0.000,1.000),.UNSPECIFIED.)
CURVE()
GEOMETRIC_REPRESENTATION_ITEM()
RATIONAL_B_SPLINE_CURVE((1.0000000000,1.0000000000))
REPRESENTATION_ITEM('')
);
#1503=CARTESIAN_POINT('',(-36.0000000000,-11.8000000000,4.0000000000));
#1504=CARTESIAN_POINT('',(-36.0000000000,11.8000000000,4.0000000000));

#1505=CARTESIAN_POINT('',(-36.0000000000,11.8000000000,4.0000000000));
#1506=VERTEX_POINT('',#1505);
#1507=EDGE_CURVE('',#1499,#1506,#1502,.T.);
#1508=ORIENTED_EDGE('',*,*,#1507,.T.);
#1509=(
BOUNDED_CURVE()
B_SPLINE_CURVE(1,(#1510,#1511),.UNSPECIFIED.,.F.,.F.)
B_SPLINE_CURVE_WITH_KNOTS((2,2),(0.000,1.000),.UNSPECIFIED.)
CURVE()
GEOMETRIC_REPRESENTATION_ITEM()
RATIONAL_B_SPLINE_CURVE((1.0000000000,1.0000000000))
REPRESENTATION_ITEM('')
);
#1510=CARTESIAN_POINT('',(-36.0000000000,11.8000000000,4.0000000000));
#1511=CARTESIAN_POINT('',(-30.8000000000,11.8000000000,4.0000000000));

#1512=CARTESIAN_POINT('',(-30.8000000000,11.8000000000,4.0000000000));
#1513=VERTEX_POINT('',#1512);
#1514=EDGE_CURVE('',#1506,#1513,#1509,.T.);
#1515=ORIENTED_EDGE('',*,*,#1514,.T.);
#1516=(
BOUNDED_CURVE()
B_SPLINE_CURVE(2,(#1517,#1518,#1519),.UNSPECIFIED.,.F.,.F.)
B_SPLINE_CURVE_WITH_KNOTS((3,3),(0.000,1.000),.UNSPECIFIED.)
CURVE()
GEOMETRIC_REPRESENTATION_ITEM()
RATIONAL_B_SPLINE_CURVE((1.0000000000,0.7071067812,1.0000000000))
REPRESENTATION_ITEM('')
);
#1517=CARTESIAN_POINT('',(-30.7999999999,11.8000000000,4.0000000000));
#1518=CARTESIAN_POINT('',(-29.3000000000,11.8000000001,4.0000000000));
#1519=CARTESIAN_POINT('',(-29.3000000000,13.3000000000,4.0000000000));

#1520=CARTESIAN_POINT('',(-29.3000000000,13.3000000000,4.0000000000));
#1521=VERTEX_POINT('',#1520);
#1522=EDGE_CURVE('',#1513,#1521,#1516,.T.);
#1523=ORIENTED_EDGE('',*,*,#1522,.T.);
#1524=(
BOUNDED_CURVE()
B_SPLINE_CURVE(1,(#1525,#1526),.UNSPECIFIED.,.F.,.F.)
B_SPLINE_CURVE_WITH_KNOTS((2,2),(0.000,1.000),.UNSPECIFIED.)
CURVE()
GEOMETRIC_REPRESENTATION_ITEM()
RATIONAL_B_SPLINE_CURVE((1.0000000000,1.0000000000))
REPRESENTATION_ITEM('')
);
#1525=CARTESIAN_POINT('',(-29.3000000000,13.3000000000,4.0000000000));
#1526=CARTESIAN_POINT('',(-29.3000000000,18.5000000000,4.0000000000));

#1527=CARTESIAN_POINT('',(-29.3000000000,18.5000000000,4.0000000000));
#1528=VERTEX_POINT('',#1527);
#1529=EDGE_CURVE('',#1521,#1528,#1524,.T.);
#1530=ORIENTED_EDGE('',*,*,#1529,.T.);
#1531=(
BOUNDED_CURVE()
B_SPLINE_CURVE(1,(#1532,#1533),.UNSPECIFIED.,.F.,.F.)
B_SPLINE_CURVE_WITH_KNOTS((2,2),(0.000,1.000),.UNSPECIFIED.)
CURVE()
GEOMETRIC_REPRESENTATION_ITEM()
RATIONAL_B_SPLINE_CURVE((1.0000000000,1.0000000000))
REPRESENTATION_ITEM('')
);
#1532=CARTESIAN_POINT('',(-29.3000000000,18.5000000000,4.0000000000));
#1533=CARTESIAN_POINT('',(29.3000000000,18.5000000000,4.0000000000));

#1534=CARTESIAN_POINT('',(29.3000000000,18.5000000000,4.0000000000));
#1535=VERTEX_POINT('',#1534);
#1536=EDGE_CURVE('',#1528,#1535,#1531,.T.);
#1537=ORIENTED_EDGE('',*,*,#1536,.T.);
#1538=(
BOUNDED_CURVE()
B_SPLINE_CURVE(1,(#1539,#1540),.UNSPECIFIED.,.F.,.F.)
B_SPLINE_CURVE_WITH_KNOTS((2,2),(0.000,1.000),.UNSPECIFIED.)
CURVE()
GEOMETRIC_REPRESENTATION_ITEM()
RATIONAL_B_SPLINE_CURVE((1.0000000000,1.0000000000))
REPRESENTATION_ITEM('')
);
#1539=CARTESIAN_POINT('',(29.3000000000,18.5000000000,4.0000000000));
#1540=CARTESIAN_POINT('',(29.3000000000,13.3000000000,4.0000000000));

#1541=CARTESIAN_POINT('',(29.3000000000,13.3000000000,4.0000000000));
#1542=VERTEX_POINT('',#1541);
#1543=EDGE_CURVE('',#1535,#1542,#1538,.T.);
#1544=ORIENTED_EDGE('',*,*,#1543,.T.);
#1545=(
BOUNDED_CURVE()
B_SPLINE_CURVE(2,(#1546,#1547,#1548),.UNSPECIFIED.,.F.,.F.)
B_SPLINE_CURVE_WITH_KNOTS((3,3),(0.000,1.000),.UNSPECIFIED.)
CURVE()
GEOMETRIC_REPRESENTATION_ITEM()
RATIONAL_B_SPLINE_CURVE((1.0000000000,0.7071067812,1.0000000000))
REPRESENTATION_ITEM('')
);
#1546=CARTESIAN_POINT('',(29.3000000000,13.2999999999,4.0000000000));
#1547=CARTESIAN_POINT('',(29.3000000001,11.8000000000,4.0000000000));
#1548=CARTESIAN_POINT('',(30.8000000000,11.8000000000,4.0000000000));

#1549=CARTESIAN_POINT('',(30.8000000000,11.8000000000,4.0000000000));
#1550=VERTEX_POINT('',#1549);
#1551=EDGE_CURVE('',#1542,#1550,#1545,.T.);
#1552=ORIENTED_EDGE('',*,*,#1551,.T.);
#1553=(
BOUNDED_CURVE()
B_SPLINE_CURVE(1,(#1554,#1555),.UNSPECIFIED.,.F.,.F.)
B_SPLINE_CURVE_WITH_KNOTS((2,2),(0.000,1.000),.UNSPECIFIED.)
CURVE()
GEOMETRIC_REPRESENTATION_ITEM()
RATIONAL_B_SPLINE_CURVE((1.0000000000,1.0000000000))
REPRESENTATION_ITEM('')
);
#1554=CARTESIAN_POINT('',(30.8000000000,11.8000000000,4.0000000000));
#1555=CARTESIAN_POINT('',(36.0000000000,11.8000000000,4.0000000000));

#1556=CARTESIAN_POINT('',(36.0000000000,11.8000000000,4.0000000000));
#1557=VERTEX_POINT('',#1556);
#1558=EDGE_CURVE('',#1550,#1557,#1553,.T.);
#1559=ORIENTED_EDGE('',*,*,#1558,.T.);
#1560=(
BOUNDED_CURVE()
B_SPLINE_CURVE(1,(#1561,#1562),.UNSPECIFIED.,.F.,.F.)
B_SPLINE_CURVE_WITH_KNOTS((2,2),(0.000,1.000),.UNSPECIFIED.)
CURVE()
GEOMETRIC_REPRESENTATION_ITEM()
RATIONAL_B_SPLINE_CURVE((1.0000000000,1.0000000000))
REPRESENTATION_ITEM('')
);
#1561=CARTESIAN_POINT('',(36.0000000000,11.8000000000,4.0000000000));
#1562=CARTESIAN_POINT('',(36.0000000000,-11.8000000000,4.0000000000));

#1563=CARTESIAN_POINT('',(36.0000000000,-11.8000000000,4.0000000000));
#1564=VERTEX_POINT('',#1563);
#1565=EDGE_CURVE('',#1557,#1564,#1560,.T.);
#1566=ORIENTED_EDGE('',*,*,#1565,.T.);
#1567=(
BOUNDED_CURVE()
B_SPLINE_CURVE(1,(#1568,#1569),.UNSPECIFIED.,.F.,.F.)
B_SPLINE_CURVE_WITH_KNOTS((2,2),(0.000,1.000),.UNSPECIFIED.)
CURVE()
GEOMETRIC_REPRESENTATION_ITEM()
RATIONAL_B_SPLINE_CURVE((1.0000000000,1.0000000000))
REPRESENTATION_ITEM('')
);
#1568=CARTESIAN_POINT('',(36.0000000000,-11.8000000000,4.0000000000));
#1569=CARTESIAN_POINT('',(30.8000000000,-11.8000000000,4.0000000000));

#1570=CARTESIAN_POINT('',(30.8000000000,-11.8000000000,4.0000000000));
#1571=VERTEX_POINT('',#1570);
#1572=EDGE_CURVE('',#1564,#1571,#1567,.T.);
#1573=ORIENTED_EDGE('',*,*,#1572,.T.);
#1574=(
BOUNDED_CURVE()
B_SPLINE_CURVE(2,(#1575,#1576,#1577),.UNSPECIFIED.,.F.,.F.)
B_SPLINE_CURVE_WITH_KNOTS((3,3),(0.000,1.000),.UNSPECIFIED.)
CURVE()
GEOMETRIC_REPRESENTATION_ITEM()
RATIONAL_B_SPLINE_CURVE((1.0000000000,0.7071067812,1.0000000000))
REPRESENTATION_ITEM('')
);
#1575=CARTESIAN_POINT('',(30.7999999999,-11.8000000000,4.0000000000));
#1576=CARTESIAN_POINT('',(29.3000000000,-11.8000000001,4.0000000000));
#1577=CARTESIAN_POINT('',(29.3000000000,-13.3000000000,4.0000000000));

#1578=CARTESIAN_POINT('',(29.3000000000,-13.3000000000,4.0000000000));
#1579=VERTEX_POINT('',#1578);
#1580=EDGE_CURVE('',#1571,#1579,#1574,.T.);
#1581=ORIENTED_EDGE('',*,*,#1580,.T.);
#1582=(
BOUNDED_CURVE()
B_SPLINE_CURVE(1,(#1583,#1584),.UNSPECIFIED.,.F.,.F.)
B_SPLINE_CURVE_WITH_KNOTS((2,2),(0.000,1.000),.UNSPECIFIED.)
CURVE()
GEOMETRIC_REPRESENTATION_ITEM()
RATIONAL_B_SPLINE_CURVE((1.0000000000,1.0000000000))
REPRESENTATION_ITEM('')
);
#1583=CARTESIAN_POINT('',(29.3000000000,-13.3000000000,4.0000000000));
#1584=CARTESIAN_POINT('',(29.3000000000,-18.5000000000,4.0000000000));

#1585=CARTESIAN_POINT('',(29.3000000000,-18.5000000000,4.0000000000));
#1586=VERTEX_POINT('',#1585);
#1587=EDGE_CURVE('',#1579,#1586,#1582,.T.);
#1588=ORIENTED_EDGE('',*,*,#1587,.T.);
#1589=(
BOUNDED_CURVE()
B_SPLINE_CURVE(1,(#1590,#1591),.UNSPECIFIED.,.F.,.F.)
B_SPLINE_CURVE_WITH_KNOTS((2,2),(0.000,1.000),.UNSPECIFIED.)
CURVE()
GEOMETRIC_REPRESENTATION_ITEM()
RATIONAL_B_SPLINE_CURVE((1.0000000000,1.0000000000))
REPRESENTATION_ITEM('')
);
#1590=CARTESIAN_POINT('',(29.3000000000,-18.5000000000,4.0000000000));
#1591=CARTESIAN_POINT('',(-29.3000000000,-18.5000000000,4.0000000000));

#1592=CARTESIAN_POINT('',(-29.3000000000,-18.5000000000,4.0000000000));
#1593=VERTEX_POINT('',#1592);
#1594=EDGE_CURVE('',#1586,#1593,#1589,.T.);
#1595=ORIENTED_EDGE('',*,*,#1594,.T.);
#1596=(
BOUNDED_CURVE()
B_SPLINE_CURVE(1,(#1597,#1598),.UNSPECIFIED.,.F.,.F.)
B_SPLINE_CURVE_WITH_KNOTS((2,2),(0.000,1.000),.UNSPECIFIED.)
CURVE()
GEOMETRIC_REPRESENTATION_ITEM()
RATIONAL_B_SPLINE_CURVE((1.0000000000,1.0000000000))
REPRESENTATION_ITEM('')
);
#1597=CARTESIAN_POINT('',(-29.3000000000,-18.5000000000,4.0000000000));
#1598=CARTESIAN_POINT('',(-29.3000000000,-13.3000000000,4.0000000000));

#1599=CARTESIAN_POINT('',(-29.3000000000,-13.3000000000,4.0000000000));
#1600=VERTEX_POINT('',#1599);
#1601=EDGE_CURVE('',#1593,#1600,#1596,.T.);
#1602=ORIENTED_EDGE('',*,*,#1601,.T.);
#1603=(
BOUNDED_CURVE()
B_SPLINE_CURVE(2,(#1604,#1605,#1606),.UNSPECIFIED.,.F.,.F.)
B_SPLINE_CURVE_WITH_KNOTS((3,3),(0.000,1.000),.UNSPECIFIED.)
CURVE()
GEOMETRIC_REPRESENTATION_ITEM()
RATIONAL_B_SPLINE_CURVE((1.0000000000,0.7071067812,1.0000000000))
REPRESENTATION_ITEM('')
);
#1604=CARTESIAN_POINT('',(-29.3000000000,-13.2999999999,4.0000000000));
#1605=CARTESIAN_POINT('',(-29.3000000001,-11.8000000000,4.0000000000));
#1606=CARTESIAN_POINT('',(-30.8000000000,-11.8000000000,4.0000000000));

#1607=EDGE_CURVE('',#1600,#1494,#1603,.T.);
#1608=ORIENTED_EDGE('',*,*,#1607,.T.);
#1609=EDGE_LOOP('',(#1501,#1508,#1515,#1523,#1530,#1537,#1544,#1552,#1559,#1566,#1573,#1581,#1588,#1595,#1602,#1608));
#1610=FACE_BOUND('',#1609,.T.);
#1611=ADVANCED_FACE('',(#1356,#1390,#1424,#1458,#1492,#1610),#1290,.T.);
#1612=COLOUR_RGB('',0.39,0.39,0.39);
#1613=FILL_AREA_STYLE_COLOUR('',#1612);
#1614=FILL_AREA_STYLE('',(#1613));
#1615=SURFACE_STYLE_FILL_AREA(#1614);
#1616=SURFACE_STYLE_TRANSPARENT(0.00);
#1617=SURFACE_STYLE_RENDERING_WITH_PROPERTIES(.NORMAL_SHADING.,#1612,(#1616));
#1618=SURFACE_SIDE_STYLE('',(#1615, #1617));
#1619=SURFACE_STYLE_USAGE(.BOTH.,#1618);
#1620=PRESENTATION_STYLE_ASSIGNMENT((#1619));
#1621=STYLED_ITEM('',(#1620),#1611);

#1622=(
BOUNDED_SURFACE()
B_SPLINE_SURFACE(1,1,((#1623,#1624),(#1625,#1626)),.UNSPECIFIED.,.F.,.F.,.F.)
B_SPLINE_SURFACE_WITH_KNOTS((2,2),(2,2),(0.000,1.000),(0.000,1.000),.UNSPECIFIED.)
GEOMETRIC_REPRESENTATION_ITEM()
RATIONAL_B_SPLINE_SURFACE(((1.0000000000,1.0000000000),(1.0000000000,1.0000000000)))
REPRESENTATION_ITEM('')
SURFACE()
);
#1623=CARTESIAN_POINT('',(-37.0000000000,20.5000000000,0.0000000000));
#1624=CARTESIAN_POINT('',(-37.0000000000,20.5000000000,4.0000000000));
#1625=CARTESIAN_POINT('',(37.0000000000,20.5000000000,0.0000000000));
#1626=CARTESIAN_POINT('',(37.0000000000,20.5000000000,4.0000000000));

#1627=CARTESIAN_POINT('',(37.0000000000,20.5000000000,0.0000000000));
#1628=VERTEX_POINT('',#1627);
#1629=(
BOUNDED_CURVE()
B_SPLINE_CURVE(1,(#1630,#1631),.UNSPECIFIED.,.F.,.F.)
B_SPLINE_CURVE_WITH_KNOTS((2,2),(0.000,1.000),.UNSPECIFIED.)
CURVE()
GEOMETRIC_REPRESENTATION_ITEM()
RATIONAL_B_SPLINE_CURVE((1.0000000000,1.0000000000))
REPRESENTATION_ITEM('')
);
#1630=CARTESIAN_POINT('',(37.0000000000,20.5000000000,0.0000000000));
#1631=CARTESIAN_POINT('',(-37.0000000000,20.5000000000,0.0000000000));

#1632=CARTESIAN_POINT('',(-37.0000000000,20.5000000000,0.0000000000));
#1633=VERTEX_POINT('',#1632);
#1634=EDGE_CURVE('',#1628,#1633,#1629,.T.);
#1635=ORIENTED_EDGE('',*,*,#1634,.T.);
#1636=(
BOUNDED_CURVE()
B_SPLINE_CURVE(1,(#1637,#1638),.UNSPECIFIED.,.F.,.F.)
B_SPLINE_CURVE_WITH_KNOTS((2,2),(0.000,1.000),.UNSPECIFIED.)
CURVE()
GEOMETRIC_REPRESENTATION_ITEM()
RATIONAL_B_SPLINE_CURVE((1.0000000000,1.0000000000))
REPRESENTATION_ITEM('')
);
#1637=CARTESIAN_POINT('',(-37.0000000000,20.5000000000,0.0000000000));
#1638=CARTESIAN_POINT('',(-37.0000000000,20.5000000000,4.0000000000));

#1639=CARTESIAN_POINT('',(-37.0000000000,20.5000000000,4.0000000000));
#1640=VERTEX_POINT('',#1639);
#1641=EDGE_CURVE('',#1633,#1640,#1636,.T.);
#1642=ORIENTED_EDGE('',*,*,#1641,.T.);
#1643=(
BOUNDED_CURVE()
B_SPLINE_CURVE(1,(#1644,#1645),.UNSPECIFIED.,.F.,.F.)
B_SPLINE_CURVE_WITH_KNOTS((2,2),(0.000,1.000),.UNSPECIFIED.)
CURVE()
GEOMETRIC_REPRESENTATION_ITEM()
RATIONAL_B_SPLINE_CURVE((1.0000000000,1.0000000000))
REPRESENTATION_ITEM('')
);
#1644=CARTESIAN_POINT('',(-37.0000000000,20.5000000000,4.0000000000));
#1645=CARTESIAN_POINT('',(37.0000000000,20.5000000000,4.0000000000));

#1646=CARTESIAN_POINT('',(37.0000000000,20.5000000000,4.0000000000));
#1647=VERTEX_POINT('',#1646);
#1648=EDGE_CURVE('',#1640,#1647,#1643,.T.);
#1649=ORIENTED_EDGE('',*,*,#1648,.T.);
#1650=(
BOUNDED_CURVE()
B_SPLINE_CURVE(1,(#1651,#1652),.UNSPECIFIED.,.F.,.F.)
B_SPLINE_CURVE_WITH_KNOTS((2,2),(0.000,1.000),.UNSPECIFIED.)
CURVE()
GEOMETRIC_REPRESENTATION_ITEM()
RATIONAL_B_SPLINE_CURVE((1.0000000000,1.0000000000))
REPRESENTATION_ITEM('')
);
#1651=CARTESIAN_POINT('',(37.0000000000,20.5000000000,4.0000000000));
#1652=CARTESIAN_POINT('',(37.0000000000,20.5000000000,0.0000000000));

#1653=EDGE_CURVE('',#1647,#1628,#1650,.T.);
#1654=ORIENTED_EDGE('',*,*,#1653,.T.);
#1655=EDGE_LOOP('',(#1635,#1642,#1649,#1654));
#1656=FACE_OUTER_BOUND('',#1655,.T.);
#1657=ADVANCED_FACE('',(#1656),#1622,.T.);
#1658=COLOUR_RGB('',0.39,0.39,0.39);
#1659=FILL_AREA_STYLE_COLOUR('',#1658);
#1660=FILL_AREA_STYLE('',(#1659));
#1661=SURFACE_STYLE_FILL_AREA(#1660);
#1662=SURFACE_STYLE_TRANSPARENT(0.00);
#1663=SURFACE_STYLE_RENDERING_WITH_PROPERTIES(.NORMAL_SHADING.,#1658,(#1662));
#1664=SURFACE_SIDE_STYLE('',(#1661, #1663));
#1665=SURFACE_STYLE_USAGE(.BOTH.,#1664);
#1666=PRESENTATION_STYLE_ASSIGNMENT((#1665));
#1667=STYLED_ITEM('',(#1666),#1657);

#1668=(
BOUNDED_SURFACE()
B_SPLINE_SURFACE(2,1,((#1669,#1670),(#1671,#1672),(#1673,#1674)),.UNSPECIFIED.,.F.,.F.,.F.)
B_SPLINE_SURFACE_WITH_KNOTS((3,3),(2,2),(0.000,1.000),(0.000,1.000),.UNSPECIFIED.)
GEOMETRIC_REPRESENTATION_ITEM()
RATIONAL_B_SPLINE_SURFACE(((1.0000000000,1.0000000000),(0.7071067812,0.7071067812),(1.0000000000,1.0000000000)))
REPRESENTATION_ITEM('')
SURFACE()
);
#1669=CARTESIAN_POINT('',(-38.0000000000,19.5000000000,0.0000000000));
#1670=CARTESIAN_POINT('',(-38.0000000000,19.5000000000,4.0000000000));
#1671=CARTESIAN_POINT('',(-38.0000000000,20.5000000000,0.0000000000));
#1672=CARTESIAN_POINT('',(-38.0000000000,20.5000000000,4.0000000000));
#1673=CARTESIAN_POINT('',(-37.0000000000,20.5000000000,0.0000000000));
#1674=CARTESIAN_POINT('',(-37.0000000000,20.5000000000,4.0000000000));

#1675=CARTESIAN_POINT('',(-37.0000000000,20.5000000000,0.0000000000));
#1676=VERTEX_POINT('',#1675);
#1677=(
BOUNDED_CURVE()
B_SPLINE_CURVE(2,(#1678,#1679,#1680),.UNSPECIFIED.,.F.,.F.)
B_SPLINE_CURVE_WITH_KNOTS((3,3),(0.000,1.000),.UNSPECIFIED.)
CURVE()
GEOMETRIC_REPRESENTATION_ITEM()
RATIONAL_B_SPLINE_CURVE((1.0000000000,0.7071067812,1.0000000000))
REPRESENTATION_ITEM('')
);
#1678=CARTESIAN_POINT('',(-37.0000000000,20.5000000000,0.0000000000));
#1679=CARTESIAN_POINT('',(-38.0000000000,20.5000000000,0.0000000000));
#1680=CARTESIAN_POINT('',(-38.0000000000,19.5000000000,0.0000000000));

#1681=CARTESIAN_POINT('',(-38.0000000000,19.5000000000,0.0000000000));
#1682=VERTEX_POINT('',#1681);
#1683=EDGE_CURVE('',#1676,#1682,#1677,.T.);
#1684=ORIENTED_EDGE('',*,*,#1683,.T.);
#1685=(
BOUNDED_CURVE()
B_SPLINE_CURVE(1,(#1686,#1687),.UNSPECIFIED.,.F.,.F.)
B_SPLINE_CURVE_WITH_KNOTS((2,2),(0.000,1.000),.UNSPECIFIED.)
CURVE()
GEOMETRIC_REPRESENTATION_ITEM()
RATIONAL_B_SPLINE_CURVE((1.0000000000,1.0000000000))
REPRESENTATION_ITEM('')
);
#1686=CARTESIAN_POINT('',(-38.0000000000,19.5000000000,0.0000000000));
#1687=CARTESIAN_POINT('',(-38.0000000000,19.5000000000,4.0000000000));

#1688=CARTESIAN_POINT('',(-38.0000000000,19.5000000000,4.0000000000));
#1689=VERTEX_POINT('',#1688);
#1690=EDGE_CURVE('',#1682,#1689,#1685,.T.);
#1691=ORIENTED_EDGE('',*,*,#1690,.T.);
#1692=(
BOUNDED_CURVE()
B_SPLINE_CURVE(2,(#1693,#1694,#1695),.UNSPECIFIED.,.F.,.F.)
B_SPLINE_CURVE_WITH_KNOTS((3,3),(0.000,1.000),.UNSPECIFIED.)
CURVE()
GEOMETRIC_REPRESENTATION_ITEM()
RATIONAL_B_SPLINE_CURVE((1.0000000000,0.7071067812,1.0000000000))
REPRESENTATION_ITEM('')
);
#1693=CARTESIAN_POINT('',(-38.0000000000,19.5000000000,4.0000000000));
#1694=CARTESIAN_POINT('',(-38.0000000000,20.5000000000,4.0000000000));
#1695=CARTESIAN_POINT('',(-37.0000000000,20.5000000000,4.0000000000));

#1696=CARTESIAN_POINT('',(-37.0000000000,20.5000000000,4.0000000000));
#1697=VERTEX_POINT('',#1696);
#1698=EDGE_CURVE('',#1689,#1697,#1692,.T.);
#1699=ORIENTED_EDGE('',*,*,#1698,.T.);
#1700=(
BOUNDED_CURVE()
B_SPLINE_CURVE(1,(#1701,#1702),.UNSPECIFIED.,.F.,.F.)
B_SPLINE_CURVE_WITH_KNOTS((2,2),(0.000,1.000),.UNSPECIFIED.)
CURVE()
GEOMETRIC_REPRESENTATION_ITEM()
RATIONAL_B_SPLINE_CURVE((1.0000000000,1.0000000000))
REPRESENTATION_ITEM('')
);
#1701=CARTESIAN_POINT('',(-37.0000000000,20.5000000000,4.0000000000));
#1702=CARTESIAN_POINT('',(-37.0000000000,20.5000000000,0.0000000000));

#1703=EDGE_CURVE('',#1697,#1676,#1700,.T.);
#1704=ORIENTED_EDGE('',*,*,#1703,.T.);
#1705=EDGE_LOOP('',(#1684,#1691,#1699,#1704));
#1706=FACE_OUTER_BOUND('',#1705,.T.);
#1707=ADVANCED_FACE('',(#1706),#1668,.T.);
#1708=COLOUR_RGB('',0.39,0.39,0.39);
#1709=FILL_AREA_STYLE_COLOUR('',#1708);
#1710=FILL_AREA_STYLE('',(#1709));
#1711=SURFACE_STYLE_FILL_AREA(#1710);
#1712=SURFACE_STYLE_TRANSPARENT(0.00);
#1713=SURFACE_STYLE_RENDERING_WITH_PROPERTIES(.NORMAL_SHADING.,#1708,(#1712));
#1714=SURFACE_SIDE_STYLE('',(#1711, #1713));
#1715=SURFACE_STYLE_USAGE(.BOTH.,#1714);
#1716=PRESENTATION_STYLE_ASSIGNMENT((#1715));
#1717=STYLED_ITEM('',(#1716),#1707);

#1718=(
BOUNDED_SURFACE()
B_SPLINE_SURFACE(1,1,((#1719,#1720),(#1721,#1722)),.UNSPECIFIED.,.F.,.F.,.F.)
B_SPLINE_SURFACE_WITH_KNOTS((2,2),(2,2),(0.000,1.000),(0.000,1.000),.UNSPECIFIED.)
GEOMETRIC_REPRESENTATION_ITEM()
RATIONAL_B_SPLINE_SURFACE(((1.0000000000,1.0000000000),(1.0000000000,1.0000000000)))
REPRESENTATION_ITEM('')
SURFACE()
);
#1719=CARTESIAN_POINT('',(-38.0000000000,-19.5000000000,0.0000000000));
#1720=CARTESIAN_POINT('',(-38.0000000000,-19.5000000000,4.0000000000));
#1721=CARTESIAN_POINT('',(-38.0000000000,19.5000000000,0.0000000000));
#1722=CARTESIAN_POINT('',(-38.0000000000,19.5000000000,4.0000000000));

#1723=CARTESIAN_POINT('',(-38.0000000000,19.5000000000,0.0000000000));
#1724=VERTEX_POINT('',#1723);
#1725=(
BOUNDED_CURVE()
B_SPLINE_CURVE(1,(#1726,#1727),.UNSPECIFIED.,.F.,.F.)
B_SPLINE_CURVE_WITH_KNOTS((2,2),(0.000,1.000),.UNSPECIFIED.)
CURVE()
GEOMETRIC_REPRESENTATION_ITEM()
RATIONAL_B_SPLINE_CURVE((1.0000000000,1.0000000000))
REPRESENTATION_ITEM('')
);
#1726=CARTESIAN_POINT('',(-38.0000000000,19.5000000000,0.0000000000));
#1727=CARTESIAN_POINT('',(-38.0000000000,-19.5000000000,0.0000000000));

#1728=CARTESIAN_POINT('',(-38.0000000000,-19.5000000000,0.0000000000));
#1729=VERTEX_POINT('',#1728);
#1730=EDGE_CURVE('',#1724,#1729,#1725,.T.);
#1731=ORIENTED_EDGE('',*,*,#1730,.T.);
#1732=(
BOUNDED_CURVE()
B_SPLINE_CURVE(1,(#1733,#1734),.UNSPECIFIED.,.F.,.F.)
B_SPLINE_CURVE_WITH_KNOTS((2,2),(0.000,1.000),.UNSPECIFIED.)
CURVE()
GEOMETRIC_REPRESENTATION_ITEM()
RATIONAL_B_SPLINE_CURVE((1.0000000000,1.0000000000))
REPRESENTATION_ITEM('')
);
#1733=CARTESIAN_POINT('',(-38.0000000000,-19.5000000000,0.0000000000));
#1734=CARTESIAN_POINT('',(-38.0000000000,-19.5000000000,4.0000000000));

#1735=CARTESIAN_POINT('',(-38.0000000000,-19.5000000000,4.0000000000));
#1736=VERTEX_POINT('',#1735);
#1737=EDGE_CURVE('',#1729,#1736,#1732,.T.);
#1738=ORIENTED_EDGE('',*,*,#1737,.T.);
#1739=(
BOUNDED_CURVE()
B_SPLINE_CURVE(1,(#1740,#1741),.UNSPECIFIED.,.F.,.F.)
B_SPLINE_CURVE_WITH_KNOTS((2,2),(0.000,1.000),.UNSPECIFIED.)
CURVE()
GEOMETRIC_REPRESENTATION_ITEM()
RATIONAL_B_SPLINE_CURVE((1.0000000000,1.0000000000))
REPRESENTATION_ITEM('')
);
#1740=CARTESIAN_POINT('',(-38.0000000000,-19.5000000000,4.0000000000));
#1741=CARTESIAN_POINT('',(-38.0000000000,19.5000000000,4.0000000000));

#1742=CARTESIAN_POINT('',(-38.0000000000,19.5000000000,4.0000000000));
#1743=VERTEX_POINT('',#1742);
#1744=EDGE_CURVE('',#1736,#1743,#1739,.T.);
#1745=ORIENTED_EDGE('',*,*,#1744,.T.);
#1746=(
BOUNDED_CURVE()
B_SPLINE_CURVE(1,(#1747,#1748),.UNSPECIFIED.,.F.,.F.)
B_SPLINE_CURVE_WITH_KNOTS((2,2),(0.000,1.000),.UNSPECIFIED.)
CURVE()
GEOMETRIC_REPRESENTATION_ITEM()
RATIONAL_B_SPLINE_CURVE((1.0000000000,1.0000000000))
REPRESENTATION_ITEM('')
);
#1747=CARTESIAN_POINT('',(-38.0000000000,19.5000000000,4.0000000000));
#1748=CARTESIAN_POINT('',(-38.0000000000,19.5000000000,0.0000000000));

#1749=EDGE_CURVE('',#1743,#1724,#1746,.T.);
#1750=ORIENTED_EDGE('',*,*,#1749,.T.);
#1751=EDGE_LOOP('',(#1731,#1738,#1745,#1750));
#1752=FACE_OUTER_BOUND('',#1751,.T.);
#1753=ADVANCED_FACE('',(#1752),#1718,.T.);
#1754=COLOUR_RGB('',0.39,0.39,0.39);
#1755=FILL_AREA_STYLE_COLOUR('',#1754);
#1756=FILL_AREA_STYLE('',(#1755));
#1757=SURFACE_STYLE_FILL_AREA(#1756);
#1758=SURFACE_STYLE_TRANSPARENT(0.00);
#1759=SURFACE_STYLE_RENDERING_WITH_PROPERTIES(.NORMAL_SHADING.,#1754,(#1758));
#1760=SURFACE_SIDE_STYLE('',(#1757, #1759));
#1761=SURFACE_STYLE_USAGE(.BOTH.,#1760);
#1762=PRESENTATION_STYLE_ASSIGNMENT((#1761));
#1763=STYLED_ITEM('',(#1762),#1753);

#1764=(
BOUNDED_SURFACE()
B_SPLINE_SURFACE(2,1,((#1765,#1766),(#1767,#1768),(#1769,#1770)),.UNSPECIFIED.,.F.,.F.,.F.)
B_SPLINE_SURFACE_WITH_KNOTS((3,3),(2,2),(0.000,1.000),(0.000,1.000),.UNSPECIFIED.)
GEOMETRIC_REPRESENTATION_ITEM()
RATIONAL_B_SPLINE_SURFACE(((1.0000000000,1.0000000000),(0.7071067812,0.7071067812),(1.0000000000,1.0000000000)))
REPRESENTATION_ITEM('')
SURFACE()
);
#1765=CARTESIAN_POINT('',(-37.0000000000,-20.5000000000,0.0000000000));
#1766=CARTESIAN_POINT('',(-37.0000000000,-20.5000000000,4.0000000000));
#1767=CARTESIAN_POINT('',(-38.0000000000,-20.5000000000,0.0000000000));
#1768=CARTESIAN_POINT('',(-38.0000000000,-20.5000000000,4.0000000000));
#1769=CARTESIAN_POINT('',(-38.0000000000,-19.5000000000,0.0000000000));
#1770=CARTESIAN_POINT('',(-38.0000000000,-19.5000000000,4.0000000000));

#1771=CARTESIAN_POINT('',(-38.0000000000,-19.5000000000,0.0000000000));
#1772=VERTEX_POINT('',#1771);
#1773=(
BOUNDED_CURVE()
B_SPLINE_CURVE(2,(#1774,#1775,#1776),.UNSPECIFIED.,.F.,.F.)
B_SPLINE_CURVE_WITH_KNOTS((3,3),(0.000,1.000),.UNSPECIFIED.)
CURVE()
GEOMETRIC_REPRESENTATION_ITEM()
RATIONAL_B_SPLINE_CURVE((1.0000000000,0.7071067812,1.0000000000))
REPRESENTATION_ITEM('')
);
#1774=CARTESIAN_POINT('',(-38.0000000000,-19.5000000000,0.0000000000));
#1775=CARTESIAN_POINT('',(-38.0000000000,-20.5000000000,0.0000000000));
#1776=CARTESIAN_POINT('',(-37.0000000000,-20.5000000000,0.0000000000));

#1777=CARTESIAN_POINT('',(-37.0000000000,-20.5000000000,0.0000000000));
#1778=VERTEX_POINT('',#1777);
#1779=EDGE_CURVE('',#1772,#1778,#1773,.T.);
#1780=ORIENTED_EDGE('',*,*,#1779,.T.);
#1781=(
BOUNDED_CURVE()
B_SPLINE_CURVE(1,(#1782,#1783),.UNSPECIFIED.,.F.,.F.)
B_SPLINE_CURVE_WITH_KNOTS((2,2),(0.000,1.000),.UNSPECIFIED.)
CURVE()
GEOMETRIC_REPRESENTATION_ITEM()
RATIONAL_B_SPLINE_CURVE((1.0000000000,1.0000000000))
REPRESENTATION_ITEM('')
);
#1782=CARTESIAN_POINT('',(-37.0000000000,-20.5000000000,0.0000000000));
#1783=CARTESIAN_POINT('',(-37.0000000000,-20.5000000000,4.0000000000));

#1784=CARTESIAN_POINT('',(-37.0000000000,-20.5000000000,4.0000000000));
#1785=VERTEX_POINT('',#1784);
#1786=EDGE_CURVE('',#1778,#1785,#1781,.T.);
#1787=ORIENTED_EDGE('',*,*,#1786,.T.);
#1788=(
BOUNDED_CURVE()
B_SPLINE_CURVE(2,(#1789,#1790,#1791),.UNSPECIFIED.,.F.,.F.)
B_SPLINE_CURVE_WITH_KNOTS((3,3),(0.000,1.000),.UNSPECIFIED.)
CURVE()
GEOMETRIC_REPRESENTATION_ITEM()
RATIONAL_B_SPLINE_CURVE((1.0000000000,0.7071067812,1.0000000000))
REPRESENTATION_ITEM('')
);
#1789=CARTESIAN_POINT('',(-37.0000000000,-20.5000000000,4.0000000000));
#1790=CARTESIAN_POINT('',(-38.0000000000,-20.5000000000,4.0000000000));
#1791=CARTESIAN_POINT('',(-38.0000000000,-19.5000000000,4.0000000000));

#1792=CARTESIAN_POINT('',(-38.0000000000,-19.5000000000,4.0000000000));
#1793=VERTEX_POINT('',#1792);
#1794=EDGE_CURVE('',#1785,#1793,#1788,.T.);
#1795=ORIENTED_EDGE('',*,*,#1794,.T.);
#1796=(
BOUNDED_CURVE()
B_SPLINE_CURVE(1,(#1797,#1798),.UNSPECIFIED.,.F.,.F.)
B_SPLINE_CURVE_WITH_KNOTS((2,2),(0.000,1.000),.UNSPECIFIED.)
CURVE()
GEOMETRIC_REPRESENTATION_ITEM()
RATIONAL_B_SPLINE_CURVE((1.0000000000,1.0000000000))
REPRESENTATION_ITEM('')
);
#1797=CARTESIAN_POINT('',(-38.0000000000,-19.5000000000,4.0000000000));
#1798=CARTESIAN_POINT('',(-38.0000000000,-19.5000000000,0.0000000000));

#1799=EDGE_CURVE('',#1793,#1772,#1796,.T.);
#1800=ORIENTED_EDGE('',*,*,#1799,.T.);
#1801=EDGE_LOOP('',(#1780,#1787,#1795,#1800));
#1802=FACE_OUTER_BOUND('',#1801,.T.);
#1803=ADVANCED_FACE('',(#1802),#1764,.T.);
#1804=COLOUR_RGB('',0.39,0.39,0.39);
#1805=FILL_AREA_STYLE_COLOUR('',#1804);
#1806=FILL_AREA_STYLE('',(#1805));
#1807=SURFACE_STYLE_FILL_AREA(#1806);
#1808=SURFACE_STYLE_TRANSPARENT(0.00);
#1809=SURFACE_STYLE_RENDERING_WITH_PROPERTIES(.NORMAL_SHADING.,#1804,(#1808));
#1810=SURFACE_SIDE_STYLE('',(#1807, #1809));
#1811=SURFACE_STYLE_USAGE(.BOTH.,#1810);
#1812=PRESENTATION_STYLE_ASSIGNMENT((#1811));
#1813=STYLED_ITEM('',(#1812),#1803);

#1814=(
BOUNDED_SURFACE()
B_SPLINE_SURFACE(1,1,((#1815,#1816),(#1817,#1818)),.UNSPECIFIED.,.F.,.F.,.F.)
B_SPLINE_SURFACE_WITH_KNOTS((2,2),(2,2),(0.000,1.000),(0.000,1.000),.UNSPECIFIED.)
GEOMETRIC_REPRESENTATION_ITEM()
RATIONAL_B_SPLINE_SURFACE(((1.0000000000,1.0000000000),(1.0000000000,1.0000000000)))
REPRESENTATION_ITEM('')
SURFACE()
);
#1815=CARTESIAN_POINT('',(37.0000000000,-20.5000000000,0.0000000000));
#1816=CARTESIAN_POINT('',(37.0000000000,-20.5000000000,4.0000000000));
#1817=CARTESIAN_POINT('',(-37.0000000000,-20.5000000000,0.0000000000));
#1818=CARTESIAN_POINT('',(-37.0000000000,-20.5000000000,4.0000000000));

#1819=CARTESIAN_POINT('',(-37.0000000000,-20.5000000000,0.0000000000));
#1820=VERTEX_POINT('',#1819);
#1821=(
BOUNDED_CURVE()
B_SPLINE_CURVE(1,(#1822,#1823),.UNSPECIFIED.,.F.,.F.)
B_SPLINE_CURVE_WITH_KNOTS((2,2),(0.000,1.000),.UNSPECIFIED.)
CURVE()
GEOMETRIC_REPRESENTATION_ITEM()
RATIONAL_B_SPLINE_CURVE((1.0000000000,1.0000000000))
REPRESENTATION_ITEM('')
);
#1822=CARTESIAN_POINT('',(-37.0000000000,-20.5000000000,0.0000000000));
#1823=CARTESIAN_POINT('',(37.0000000000,-20.5000000000,0.0000000000));

#1824=CARTESIAN_POINT('',(37.0000000000,-20.5000000000,0.0000000000));
#1825=VERTEX_POINT('',#1824);
#1826=EDGE_CURVE('',#1820,#1825,#1821,.T.);
#1827=ORIENTED_EDGE('',*,*,#1826,.T.);
#1828=(
BOUNDED_CURVE()
B_SPLINE_CURVE(1,(#1829,#1830),.UNSPECIFIED.,.F.,.F.)
B_SPLINE_CURVE_WITH_KNOTS((2,2),(0.000,1.000),.UNSPECIFIED.)
CURVE()
GEOMETRIC_REPRESENTATION_ITEM()
RATIONAL_B_SPLINE_CURVE((1.0000000000,1.0000000000))
REPRESENTATION_ITEM('')
);
#1829=CARTESIAN_POINT('',(37.0000000000,-20.5000000000,0.0000000000));
#1830=CARTESIAN_POINT('',(37.0000000000,-20.5000000000,4.0000000000));

#1831=CARTESIAN_POINT('',(37.0000000000,-20.5000000000,4.0000000000));
#1832=VERTEX_POINT('',#1831);
#1833=EDGE_CURVE('',#1825,#1832,#1828,.T.);
#1834=ORIENTED_EDGE('',*,*,#1833,.T.);
#1835=(
BOUNDED_CURVE()
B_SPLINE_CURVE(1,(#1836,#1837),.UNSPECIFIED.,.F.,.F.)
B_SPLINE_CURVE_WITH_KNOTS((2,2),(0.000,1.000),.UNSPECIFIED.)
CURVE()
GEOMETRIC_REPRESENTATION_ITEM()
RATIONAL_B_SPLINE_CURVE((1.0000000000,1.0000000000))
REPRESENTATION_ITEM('')
);
#1836=CARTESIAN_POINT('',(37.0000000000,-20.5000000000,4.0000000000));
#1837=CARTESIAN_POINT('',(-37.0000000000,-20.5000000000,4.0000000000));

#1838=CARTESIAN_POINT('',(-37.0000000000,-20.5000000000,4.0000000000));
#1839=VERTEX_POINT('',#1838);
#1840=EDGE_CURVE('',#1832,#1839,#1835,.T.);
#1841=ORIENTED_EDGE('',*,*,#1840,.T.);
#1842=(
BOUNDED_CURVE()
B_SPLINE_CURVE(1,(#1843,#1844),.UNSPECIFIED.,.F.,.F.)
B_SPLINE_CURVE_WITH_KNOTS((2,2),(0.000,1.000),.UNSPECIFIED.)
CURVE()
GEOMETRIC_REPRESENTATION_ITEM()
RATIONAL_B_SPLINE_CURVE((1.0000000000,1.0000000000))
REPRESENTATION_ITEM('')
);
#1843=CARTESIAN_POINT('',(-37.0000000000,-20.5000000000,4.0000000000));
#1844=CARTESIAN_POINT('',(-37.0000000000,-20.5000000000,0.0000000000));

#1845=EDGE_CURVE('',#1839,#1820,#1842,.T.);
#1846=ORIENTED_EDGE('',*,*,#1845,.T.);
#1847=EDGE_LOOP('',(#1827,#1834,#1841,#1846));
#1848=FACE_OUTER_BOUND('',#1847,.T.);
#1849=ADVANCED_FACE('',(#1848),#1814,.T.);
#1850=COLOUR_RGB('',0.39,0.39,0.39);
#1851=FILL_AREA_STYLE_COLOUR('',#1850);
#1852=FILL_AREA_STYLE('',(#1851));
#1853=SURFACE_STYLE_FILL_AREA(#1852);
#1854=SURFACE_STYLE_TRANSPARENT(0.00);
#1855=SURFACE_STYLE_RENDERING_WITH_PROPERTIES(.NORMAL_SHADING.,#1850,(#1854));
#1856=SURFACE_SIDE_STYLE('',(#1853, #1855));
#1857=SURFACE_STYLE_USAGE(.BOTH.,#1856);
#1858=PRESENTATION_STYLE_ASSIGNMENT((#1857));
#1859=STYLED_ITEM('',(#1858),#1849);

#1860=(
BOUNDED_SURFACE()
B_SPLINE_SURFACE(2,1,((#1861,#1862),(#1863,#1864),(#1865,#1866)),.UNSPECIFIED.,.F.,.F.,.F.)
B_SPLINE_SURFACE_WITH_KNOTS((3,3),(2,2),(0.000,1.000),(0.000,1.000),.UNSPECIFIED.)
GEOMETRIC_REPRESENTATION_ITEM()
RATIONAL_B_SPLINE_SURFACE(((1.0000000000,1.0000000000),(0.7071067812,0.7071067812),(1.0000000000,1.0000000000)))
REPRESENTATION_ITEM('')
SURFACE()
);
#1861=CARTESIAN_POINT('',(38.0000000000,-19.5000000000,0.0000000000));
#1862=CARTESIAN_POINT('',(38.0000000000,-19.5000000000,4.0000000000));
#1863=CARTESIAN_POINT('',(38.0000000000,-20.5000000000,0.0000000000));
#1864=CARTESIAN_POINT('',(38.0000000000,-20.5000000000,4.0000000000));
#1865=CARTESIAN_POINT('',(37.0000000000,-20.5000000000,0.0000000000));
#1866=CARTESIAN_POINT('',(37.0000000000,-20.5000000000,4.0000000000));

#1867=CARTESIAN_POINT('',(37.0000000000,-20.5000000000,0.0000000000));
#1868=VERTEX_POINT('',#1867);
#1869=(
BOUNDED_CURVE()
B_SPLINE_CURVE(2,(#1870,#1871,#1872),.UNSPECIFIED.,.F.,.F.)
B_SPLINE_CURVE_WITH_KNOTS((3,3),(0.000,1.000),.UNSPECIFIED.)
CURVE()
GEOMETRIC_REPRESENTATION_ITEM()
RATIONAL_B_SPLINE_CURVE((1.0000000000,0.7071067812,1.0000000000))
REPRESENTATION_ITEM('')
);
#1870=CARTESIAN_POINT('',(37.0000000000,-20.5000000000,0.0000000000));
#1871=CARTESIAN_POINT('',(38.0000000000,-20.5000000000,0.0000000000));
#1872=CARTESIAN_POINT('',(38.0000000000,-19.5000000000,0.0000000000));

#1873=CARTESIAN_POINT('',(38.0000000000,-19.5000000000,0.0000000000));
#1874=VERTEX_POINT('',#1873);
#1875=EDGE_CURVE('',#1868,#1874,#1869,.T.);
#1876=ORIENTED_EDGE('',*,*,#1875,.T.);
#1877=(
BOUNDED_CURVE()
B_SPLINE_CURVE(1,(#1878,#1879),.UNSPECIFIED.,.F.,.F.)
B_SPLINE_CURVE_WITH_KNOTS((2,2),(0.000,1.000),.UNSPECIFIED.)
CURVE()
GEOMETRIC_REPRESENTATION_ITEM()
RATIONAL_B_SPLINE_CURVE((1.0000000000,1.0000000000))
REPRESENTATION_ITEM('')
);
#1878=CARTESIAN_POINT('',(38.0000000000,-19.5000000000,0.0000000000));
#1879=CARTESIAN_POINT('',(38.0000000000,-19.5000000000,4.0000000000));

#1880=CARTESIAN_POINT('',(38.0000000000,-19.5000000000,4.0000000000));
#1881=VERTEX_POINT('',#1880);
#1882=EDGE_CURVE('',#1874,#1881,#1877,.T.);
#1883=ORIENTED_EDGE('',*,*,#1882,.T.);
#1884=(
BOUNDED_CURVE()
B_SPLINE_CURVE(2,(#1885,#1886,#1887),.UNSPECIFIED.,.F.,.F.)
B_SPLINE_CURVE_WITH_KNOTS((3,3),(0.000,1.000),.UNSPECIFIED.)
CURVE()
GEOMETRIC_REPRESENTATION_ITEM()
RATIONAL_B_SPLINE_CURVE((1.0000000000,0.7071067812,1.0000000000))
REPRESENTATION_ITEM('')
);
#1885=CARTESIAN_POINT('',(38.0000000000,-19.5000000000,4.0000000000));
#1886=CARTESIAN_POINT('',(38.0000000000,-20.5000000000,4.0000000000));
#1887=CARTESIAN_POINT('',(37.0000000000,-20.5000000000,4.0000000000));

#1888=CARTESIAN_POINT('',(37.0000000000,-20.5000000000,4.0000000000));
#1889=VERTEX_POINT('',#1888);
#1890=EDGE_CURVE('',#1881,#1889,#1884,.T.);
#1891=ORIENTED_EDGE('',*,*,#1890,.T.);
#1892=(
BOUNDED_CURVE()
B_SPLINE_CURVE(1,(#1893,#1894),.UNSPECIFIED.,.F.,.F.)
B_SPLINE_CURVE_WITH_KNOTS((2,2),(0.000,1.000),.UNSPECIFIED.)
CURVE()
GEOMETRIC_REPRESENTATION_ITEM()
RATIONAL_B_SPLINE_CURVE((1.0000000000,1.0000000000))
REPRESENTATION_ITEM('')
);
#1893=CARTESIAN_POINT('',(37.0000000000,-20.5000000000,4.0000000000));
#1894=CARTESIAN_POINT('',(37.0000000000,-20.5000000000,0.0000000000));

#1895=EDGE_CURVE('',#1889,#1868,#1892,.T.);
#1896=ORIENTED_EDGE('',*,*,#1895,.T.);
#1897=EDGE_LOOP('',(#1876,#1883,#1891,#1896));
#1898=FACE_OUTER_BOUND('',#1897,.T.);
#1899=ADVANCED_FACE('',(#1898),#1860,.T.);
#1900=COLOUR_RGB('',0.39,0.39,0.39);
#1901=FILL_AREA_STYLE_COLOUR('',#1900);
#1902=FILL_AREA_STYLE('',(#1901));
#1903=SURFACE_STYLE_FILL_AREA(#1902);
#1904=SURFACE_STYLE_TRANSPARENT(0.00);
#1905=SURFACE_STYLE_RENDERING_WITH_PROPERTIES(.NORMAL_SHADING.,#1900,(#1904));
#1906=SURFACE_SIDE_STYLE('',(#1903, #1905));
#1907=SURFACE_STYLE_USAGE(.BOTH.,#1906);
#1908=PRESENTATION_STYLE_ASSIGNMENT((#1907));
#1909=STYLED_ITEM('',(#1908),#1899);

#1910=(
BOUNDED_SURFACE()
B_SPLINE_SURFACE(1,1,((#1911,#1912),(#1913,#1914)),.UNSPECIFIED.,.F.,.F.,.F.)
B_SPLINE_SURFACE_WITH_KNOTS((2,2),(2,2),(0.000,1.000),(0.000,1.000),.UNSPECIFIED.)
GEOMETRIC_REPRESENTATION_ITEM()
RATIONAL_B_SPLINE_SURFACE(((1.0000000000,1.0000000000),(1.0000000000,1.0000000000)))
REPRESENTATION_ITEM('')
SURFACE()
);
#1911=CARTESIAN_POINT('',(38.0000000000,19.5000000000,0.0000000000));
#1912=CARTESIAN_POINT('',(38.0000000000,19.5000000000,4.0000000000));
#1913=CARTESIAN_POINT('',(38.0000000000,-19.5000000000,0.0000000000));
#1914=CARTESIAN_POINT('',(38.0000000000,-19.5000000000,4.0000000000));

#1915=CARTESIAN_POINT('',(38.0000000000,-19.5000000000,0.0000000000));
#1916=VERTEX_POINT('',#1915);
#1917=(
BOUNDED_CURVE()
B_SPLINE_CURVE(1,(#1918,#1919),.UNSPECIFIED.,.F.,.F.)
B_SPLINE_CURVE_WITH_KNOTS((2,2),(0.000,1.000),.UNSPECIFIED.)
CURVE()
GEOMETRIC_REPRESENTATION_ITEM()
RATIONAL_B_SPLINE_CURVE((1.0000000000,1.0000000000))
REPRESENTATION_ITEM('')
);
#1918=CARTESIAN_POINT('',(38.0000000000,-19.5000000000,0.0000000000));
#1919=CARTESIAN_POINT('',(38.0000000000,19.5000000000,0.0000000000));

#1920=CARTESIAN_POINT('',(38.0000000000,19.5000000000,0.0000000000));
#1921=VERTEX_POINT('',#1920);
#1922=EDGE_CURVE('',#1916,#1921,#1917,.T.);
#1923=ORIENTED_EDGE('',*,*,#1922,.T.);
#1924=(
BOUNDED_CURVE()
B_SPLINE_CURVE(1,(#1925,#1926),.UNSPECIFIED.,.F.,.F.)
B_SPLINE_CURVE_WITH_KNOTS((2,2),(0.000,1.000),.UNSPECIFIED.)
CURVE()
GEOMETRIC_REPRESENTATION_ITEM()
RATIONAL_B_SPLINE_CURVE((1.0000000000,1.0000000000))
REPRESENTATION_ITEM('')
);
#1925=CARTESIAN_POINT('',(38.0000000000,19.5000000000,0.0000000000));
#1926=CARTESIAN_POINT('',(38.0000000000,19.5000000000,4.0000000000));

#1927=CARTESIAN_POINT('',(38.0000000000,19.5000000000,4.0000000000));
#1928=VERTEX_POINT('',#1927);
#1929=EDGE_CURVE('',#1921,#1928,#1924,.T.);
#1930=ORIENTED_EDGE('',*,*,#1929,.T.);
#1931=(
BOUNDED_CURVE()
B_SPLINE_CURVE(1,(#1932,#1933),.UNSPECIFIED.,.F.,.F.)
B_SPLINE_CURVE_WITH_KNOTS((2,2),(0.000,1.000),.UNSPECIFIED.)
CURVE()
GEOMETRIC_REPRESENTATION_ITEM()
RATIONAL_B_SPLINE_CURVE((1.0000000000,1.0000000000))
REPRESENTATION_ITEM('')
);
#1932=CARTESIAN_POINT('',(38.0000000000,19.5000000000,4.0000000000));
#1933=CARTESIAN_POINT('',(38.0000000000,-19.5000000000,4.0000000000));

#1934=CARTESIAN_POINT('',(38.0000000000,-19.5000000000,4.0000000000));
#1935=VERTEX_POINT('',#1934);
#1936=EDGE_CURVE('',#1928,#1935,#1931,.T.);
#1937=ORIENTED_EDGE('',*,*,#1936,.T.);
#1938=(
BOUNDED_CURVE()
B_SPLINE_CURVE(1,(#1939,#1940),.UNSPECIFIED.,.F.,.F.)
B_SPLINE_CURVE_WITH_KNOTS((2,2),(0.000,1.000),.UNSPECIFIED.)
CURVE()
GEOMETRIC_REPRESENTATION_ITEM()
RATIONAL_B_SPLINE_CURVE((1.0000000000,1.0000000000))
REPRESENTATION_ITEM('')
);
#1939=CARTESIAN_POINT('',(38.0000000000,-19.5000000000,4.0000000000));
#1940=CARTESIAN_POINT('',(38.0000000000,-19.5000000000,0.0000000000));

#1941=EDGE_CURVE('',#1935,#1916,#1938,.T.);
#1942=ORIENTED_EDGE('',*,*,#1941,.T.);
#1943=EDGE_LOOP('',(#1923,#1930,#1937,#1942));
#1944=FACE_OUTER_BOUND('',#1943,.T.);
#1945=ADVANCED_FACE('',(#1944),#1910,.T.);
#1946=COLOUR_RGB('',0.39,0.39,0.39);
#1947=FILL_AREA_STYLE_COLOUR('',#1946);
#1948=FILL_AREA_STYLE('',(#1947));
#1949=SURFACE_STYLE_FILL_AREA(#1948);
#1950=SURFACE_STYLE_TRANSPARENT(0.00);
#1951=SURFACE_STYLE_RENDERING_WITH_PROPERTIES(.NORMAL_SHADING.,#1946,(#1950));
#1952=SURFACE_SIDE_STYLE('',(#1949, #1951));
#1953=SURFACE_STYLE_USAGE(.BOTH.,#1952);
#1954=PRESENTATION_STYLE_ASSIGNMENT((#1953));
#1955=STYLED_ITEM('',(#1954),#1945);

#1956=(
BOUNDED_SURFACE()
B_SPLINE_SURFACE(2,1,((#1957,#1958),(#1959,#1960),(#1961,#1962)),.UNSPECIFIED.,.F.,.F.,.F.)
B_SPLINE_SURFACE_WITH_KNOTS((3,3),(2,2),(0.000,1.000),(0.000,1.000),.UNSPECIFIED.)
GEOMETRIC_REPRESENTATION_ITEM()
RATIONAL_B_SPLINE_SURFACE(((1.0000000000,1.0000000000),(0.7071067812,0.7071067812),(1.0000000000,1.0000000000)))
REPRESENTATION_ITEM('')
SURFACE()
);
#1957=CARTESIAN_POINT('',(37.0000000000,20.5000000000,0.0000000000));
#1958=CARTESIAN_POINT('',(37.0000000000,20.5000000000,4.0000000000));
#1959=CARTESIAN_POINT('',(38.0000000000,20.5000000000,0.0000000000));
#1960=CARTESIAN_POINT('',(38.0000000000,20.5000000000,4.0000000000));
#1961=CARTESIAN_POINT('',(38.0000000000,19.5000000000,0.0000000000));
#1962=CARTESIAN_POINT('',(38.0000000000,19.5000000000,4.0000000000));

#1963=CARTESIAN_POINT('',(38.0000000000,19.5000000000,0.0000000000));
#1964=VERTEX_POINT('',#1963);
#1965=(
BOUNDED_CURVE()
B_SPLINE_CURVE(2,(#1966,#1967,#1968),.UNSPECIFIED.,.F.,.F.)
B_SPLINE_CURVE_WITH_KNOTS((3,3),(0.000,1.000),.UNSPECIFIED.)
CURVE()
GEOMETRIC_REPRESENTATION_ITEM()
RATIONAL_B_SPLINE_CURVE((1.0000000000,0.7071067812,1.0000000000))
REPRESENTATION_ITEM('')
);
#1966=CARTESIAN_POINT('',(38.0000000000,19.5000000000,0.0000000000));
#1967=CARTESIAN_POINT('',(38.0000000000,20.5000000000,0.0000000000));
#1968=CARTESIAN_POINT('',(37.0000000000,20.5000000000,0.0000000000));

#1969=CARTESIAN_POINT('',(37.0000000000,20.5000000000,0.0000000000));
#1970=VERTEX_POINT('',#1969);
#1971=EDGE_CURVE('',#1964,#1970,#1965,.T.);
#1972=ORIENTED_EDGE('',*,*,#1971,.T.);
#1973=(
BOUNDED_CURVE()
B_SPLINE_CURVE(1,(#1974,#1975),.UNSPECIFIED.,.F.,.F.)
B_SPLINE_CURVE_WITH_KNOTS((2,2),(0.000,1.000),.UNSPECIFIED.)
CURVE()
GEOMETRIC_REPRESENTATION_ITEM()
RATIONAL_B_SPLINE_CURVE((1.0000000000,1.0000000000))
REPRESENTATION_ITEM('')
);
#1974=CARTESIAN_POINT('',(37.0000000000,20.5000000000,0.0000000000));
#1975=CARTESIAN_POINT('',(37.0000000000,20.5000000000,4.0000000000));

#1976=CARTESIAN_POINT('',(37.0000000000,20.5000000000,4.0000000000));
#1977=VERTEX_POINT('',#1976);
#1978=EDGE_CURVE('',#1970,#1977,#1973,.T.);
#1979=ORIENTED_EDGE('',*,*,#1978,.T.);
#1980=(
BOUNDED_CURVE()
B_SPLINE_CURVE(2,(#1981,#1982,#1983),.UNSPECIFIED.,.F.,.F.)
B_SPLINE_CURVE_WITH_KNOTS((3,3),(0.000,1.000),.UNSPECIFIED.)
CURVE()
GEOMETRIC_REPRESENTATION_ITEM()
RATIONAL_B_SPLINE_CURVE((1.0000000000,0.7071067812,1.0000000000))
REPRESENTATION_ITEM('')
);
#1981=CARTESIAN_POINT('',(37.0000000000,20.5000000000,4.0000000000));
#1982=CARTESIAN_POINT('',(38.0000000000,20.5000000000,4.0000000000));
#1983=CARTESIAN_POINT('',(38.0000000000,19.5000000000,4.0000000000));

#1984=CARTESIAN_POINT('',(38.0000000000,19.5000000000,4.0000000000));
#1985=VERTEX_POINT('',#1984);
#1986=EDGE_CURVE('',#1977,#1985,#1980,.T.);
#1987=ORIENTED_EDGE('',*,*,#1986,.T.);
#1988=(
BOUNDED_CURVE()
B_SPLINE_CURVE(1,(#1989,#1990),.UNSPECIFIED.,.F.,.F.)
B_SPLINE_CURVE_WITH_KNOTS((2,2),(0.000,1.000),.UNSPECIFIED.)
CURVE()
GEOMETRIC_REPRESENTATION_ITEM()
RATIONAL_B_SPLINE_CURVE((1.0000000000,1.0000000000))
REPRESENTATION_ITEM('')
);
#1989=CARTESIAN_POINT('',(38.0000000000,19.5000000000,4.0000000000));
#1990=CARTESIAN_POINT('',(38.0000000000,19.5000000000,0.0000000000));

#1991=EDGE_CURVE('',#1985,#1964,#1988,.T.);
#1992=ORIENTED_EDGE('',*,*,#1991,.T.);
#1993=EDGE_LOOP('',(#1972,#1979,#1987,#1992));
#1994=FACE_OUTER_BOUND('',#1993,.T.);
#1995=ADVANCED_FACE('',(#1994),#1956,.T.);
#1996=COLOUR_RGB('',0.39,0.39,0.39);
#1997=FILL_AREA_STYLE_COLOUR('',#1996);
#1998=FILL_AREA_STYLE('',(#1997));
#1999=SURFACE_STYLE_FILL_AREA(#1998);
#2000=SURFACE_STYLE_TRANSPARENT(0.00);
#2001=SURFACE_STYLE_RENDERING_WITH_PROPERTIES(.NORMAL_SHADING.,#1996,(#2000));
#2002=SURFACE_SIDE_STYLE('',(#1999, #2001));
#2003=SURFACE_STYLE_USAGE(.BOTH.,#2002);
#2004=PRESENTATION_STYLE_ASSIGNMENT((#2003));
#2005=STYLED_ITEM('',(#2004),#1995);

#2006=(
BOUNDED_SURFACE()
B_SPLINE_SURFACE(2,1,((#2007,#2008),(#2009,#2010),(#2011,#2012)),.UNSPECIFIED.,.F.,.F.,.F.)
B_SPLINE_SURFACE_WITH_KNOTS((3,3),(2,2),(0.000,1.000),(0.000,1.000),.UNSPECIFIED.)
GEOMETRIC_REPRESENTATION_ITEM()
RATIONAL_B_SPLINE_SURFACE(((1.0000000000,1.0000000000),(0.7071067812,0.7071067812),(1.0000000000,1.0000000000)))
REPRESENTATION_ITEM('')
SURFACE()
);
#2007=CARTESIAN_POINT('',(32.5000000000,16.3500000000,8.0000000000));
#2008=CARTESIAN_POINT('',(32.5000000000,16.3500000000,4.0000000000));
#2009=CARTESIAN_POINT('',(31.1500000000,16.3500000000,8.0000000000));
#2010=CARTESIAN_POINT('',(31.1500000000,16.3500000000,4.0000000000));
#2011=CARTESIAN_POINT('',(31.1500000000,15.0000000000,8.0000000000));
#2012=CARTESIAN_POINT('',(31.1500000000,15.0000000000,4.0000000000));

#2013=CARTESIAN_POINT('',(32.5000000000,16.3500000000,5.2000000000));
#2014=VERTEX_POINT('',#2013);
#2015=(
BOUNDED_CURVE()
B_SPLINE_CURVE(1,(#2016,#2017),.UNSPECIFIED.,.F.,.F.)
B_SPLINE_CURVE_WITH_KNOTS((2,2),(0.000,1.000),.UNSPECIFIED.)
CURVE()
GEOMETRIC_REPRESENTATION_ITEM()
RATIONAL_B_SPLINE_CURVE((1.0000000000,1.0000000000))
REPRESENTATION_ITEM('')
);
#2016=CARTESIAN_POINT('',(32.5000000000,16.3500000000,5.2000000000));
#2017=CARTESIAN_POINT('',(32.5000000000,16.3500000000,4.0000000000));

#2018=CARTESIAN_POINT('',(32.5000000000,16.3500000000,4.0000000000));
#2019=VERTEX_POINT('',#2018);
#2020=EDGE_CURVE('',#2014,#2019,#2015,.T.);
#2021=ORIENTED_EDGE('',*,*,#2020,.T.);
#2022=(
BOUNDED_CURVE()
B_SPLINE_CURVE(2,(#2023,#2024,#2025),.UNSPECIFIED.,.F.,.F.)
B_SPLINE_CURVE_WITH_KNOTS((3,3),(0.000,1.000),.UNSPECIFIED.)
CURVE()
GEOMETRIC_REPRESENTATION_ITEM()
RATIONAL_B_SPLINE_CURVE((1.0000000000,0.7071067812,1.0000000000))
REPRESENTATION_ITEM('')
);
#2023=CARTESIAN_POINT('',(32.4999999999,16.3500000000,4.0000000000));
#2024=CARTESIAN_POINT('',(31.1500000000,16.3499999999,4.0000000000));
#2025=CARTESIAN_POINT('',(31.1500000000,15.0000000000,4.0000000000));

#2026=CARTESIAN_POINT('',(31.1500000000,15.0000000000,4.0000000000));
#2027=VERTEX_POINT('',#2026);
#2028=EDGE_CURVE('',#2019,#2027,#2022,.T.);
#2029=ORIENTED_EDGE('',*,*,#2028,.T.);
#2030=(
BOUNDED_CURVE()
B_SPLINE_CURVE(1,(#2031,#2032),.UNSPECIFIED.,.F.,.F.)
B_SPLINE_CURVE_WITH_KNOTS((2,2),(0.000,1.000),.UNSPECIFIED.)
CURVE()
GEOMETRIC_REPRESENTATION_ITEM()
RATIONAL_B_SPLINE_CURVE((1.0000000000,1.0000000000))
REPRESENTATION_ITEM('')
);
#2031=CARTESIAN_POINT('',(31.1500000000,15.0000000000,4.0000000000));
#2032=CARTESIAN_POINT('',(31.1500000000,15.0000000000,5.2000000000));

#2033=CARTESIAN_POINT('',(31.1500000000,15.0000000000,5.2000000000));
#2034=VERTEX_POINT('',#2033);
#2035=EDGE_CURVE('',#2027,#2034,#2030,.T.);
#2036=ORIENTED_EDGE('',*,*,#2035,.T.);
#2037=(
BOUNDED_CURVE()
B_SPLINE_CURVE(2,(#2038,#2039,#2040),.UNSPECIFIED.,.F.,.F.)
B_SPLINE_CURVE_WITH_KNOTS((3,3),(0.000,1.000),.UNSPECIFIED.)
CURVE()
GEOMETRIC_REPRESENTATION_ITEM()
RATIONAL_B_SPLINE_CURVE((0.9999999983,0.7071067820,1.0000000000))
REPRESENTATION_ITEM('')
);
#2038=CARTESIAN_POINT('',(31.1500000000,15.0000000054,5.2000000000));
#2039=CARTESIAN_POINT('',(31.1500000054,16.3500000000,5.2000000000));
#2040=CARTESIAN_POINT('',(32.5000000000,16.3500000000,5.2000000000));

#2041=EDGE_CURVE('',#2034,#2014,#2037,.T.);
#2042=ORIENTED_EDGE('',*,*,#2041,.T.);
#2043=EDGE_LOOP('',(#2021,#2029,#2036,#2042));
#2044=FACE_OUTER_BOUND('',#2043,.T.);
#2045=ADVANCED_FACE('',(#2044),#2006,.T.);
#2046=COLOUR_RGB('',0.39,0.39,0.39);
#2047=FILL_AREA_STYLE_COLOUR('',#2046);
#2048=FILL_AREA_STYLE('',(#2047));
#2049=SURFACE_STYLE_FILL_AREA(#2048);
#2050=SURFACE_STYLE_TRANSPARENT(0.00);
#2051=SURFACE_STYLE_RENDERING_WITH_PROPERTIES(.NORMAL_SHADING.,#2046,(#2050));
#2052=SURFACE_SIDE_STYLE('',(#2049, #2051));
#2053=SURFACE_STYLE_USAGE(.BOTH.,#2052);
#2054=PRESENTATION_STYLE_ASSIGNMENT((#2053));
#2055=STYLED_ITEM('',(#2054),#2045);

#2056=(
BOUNDED_SURFACE()
B_SPLINE_SURFACE(2,1,((#2057,#2058),(#2059,#2060),(#2061,#2062)),.UNSPECIFIED.,.F.,.F.,.F.)
B_SPLINE_SURFACE_WITH_KNOTS((3,3),(2,2),(0.000,1.000),(0.000,1.000),.UNSPECIFIED.)
GEOMETRIC_REPRESENTATION_ITEM()
RATIONAL_B_SPLINE_SURFACE(((1.0000000000,1.0000000000),(0.7071067812,0.7071067812),(1.0000000000,1.0000000000)))
REPRESENTATION_ITEM('')
SURFACE()
);
#2057=CARTESIAN_POINT('',(33.8500000000,15.0000000000,8.0000000000));
#2058=CARTESIAN_POINT('',(33.8500000000,15.0000000000,4.0000000000));
#2059=CARTESIAN_POINT('',(33.8500000000,16.3500000000,8.0000000000));
#2060=CARTESIAN_POINT('',(33.8500000000,16.3500000000,4.0000000000));
#2061=CARTESIAN_POINT('',(32.5000000000,16.3500000000,8.0000000000));
#2062=CARTESIAN_POINT('',(32.5000000000,16.3500000000,4.0000000000));

#2063=CARTESIAN_POINT('',(33.8500000000,15.0000000000,5.2000000000));
#2064=VERTEX_POINT('',#2063);
#2065=(
BOUNDED_CURVE()
B_SPLINE_CURVE(1,(#2066,#2067),.UNSPECIFIED.,.F.,.F.)
B_SPLINE_CURVE_WITH_KNOTS((2,2),(0.000,1.000),.UNSPECIFIED.)
CURVE()
GEOMETRIC_REPRESENTATION_ITEM()
RATIONAL_B_SPLINE_CURVE((1.0000000000,1.0000000000))
REPRESENTATION_ITEM('')
);
#2066=CARTESIAN_POINT('',(33.8500000000,15.0000000000,5.2000000000));
#2067=CARTESIAN_POINT('',(33.8500000000,15.0000000000,4.0000000000));

#2068=CARTESIAN_POINT('',(33.8500000000,15.0000000000,4.0000000000));
#2069=VERTEX_POINT('',#2068);
#2070=EDGE_CURVE('',#2064,#2069,#2065,.T.);
#2071=ORIENTED_EDGE('',*,*,#2070,.T.);
#2072=(
BOUNDED_CURVE()
B_SPLINE_CURVE(2,(#2073,#2074,#2075),.UNSPECIFIED.,.F.,.F.)
B_SPLINE_CURVE_WITH_KNOTS((3,3),(0.000,1.000),.UNSPECIFIED.)
CURVE()
GEOMETRIC_REPRESENTATION_ITEM()
RATIONAL_B_SPLINE_CURVE((1.0000000000,0.7071067812,1.0000000000))
REPRESENTATION_ITEM('')
);
#2073=CARTESIAN_POINT('',(33.8500000000,15.0000000001,4.0000000000));
#2074=CARTESIAN_POINT('',(33.8499999999,16.3500000000,4.0000000000));
#2075=CARTESIAN_POINT('',(32.5000000000,16.3500000000,4.0000000000));

#2076=CARTESIAN_POINT('',(32.5000000000,16.3500000000,4.0000000000));
#2077=VERTEX_POINT('',#2076);
#2078=EDGE_CURVE('',#2069,#2077,#2072,.T.);
#2079=ORIENTED_EDGE('',*,*,#2078,.T.);
#2080=(
BOUNDED_CURVE()
B_SPLINE_CURVE(1,(#2081,#2082),.UNSPECIFIED.,.F.,.F.)
B_SPLINE_CURVE_WITH_KNOTS((2,2),(0.000,1.000),.UNSPECIFIED.)
CURVE()
GEOMETRIC_REPRESENTATION_ITEM()
RATIONAL_B_SPLINE_CURVE((1.0000000000,1.0000000000))
REPRESENTATION_ITEM('')
);
#2081=CARTESIAN_POINT('',(32.5000000000,16.3500000000,4.0000000000));
#2082=CARTESIAN_POINT('',(32.5000000000,16.3500000000,5.2000000000));

#2083=CARTESIAN_POINT('',(32.5000000000,16.3500000000,5.2000000000));
#2084=VERTEX_POINT('',#2083);
#2085=EDGE_CURVE('',#2077,#2084,#2080,.T.);
#2086=ORIENTED_EDGE('',*,*,#2085,.T.);
#2087=(
BOUNDED_CURVE()
B_SPLINE_CURVE(2,(#2088,#2089,#2090),.UNSPECIFIED.,.F.,.F.)
B_SPLINE_CURVE_WITH_KNOTS((3,3),(0.000,1.000),.UNSPECIFIED.)
CURVE()
GEOMETRIC_REPRESENTATION_ITEM()
RATIONAL_B_SPLINE_CURVE((0.9999999983,0.7071067820,1.0000000000))
REPRESENTATION_ITEM('')
);
#2088=CARTESIAN_POINT('',(32.5000000054,16.3500000000,5.2000000000));
#2089=CARTESIAN_POINT('',(33.8500000000,16.3499999946,5.2000000000));
#2090=CARTESIAN_POINT('',(33.8500000000,15.0000000000,5.2000000000));

#2091=EDGE_CURVE('',#2084,#2064,#2087,.T.);
#2092=ORIENTED_EDGE('',*,*,#2091,.T.);
#2093=EDGE_LOOP('',(#2071,#2079,#2086,#2092));
#2094=FACE_OUTER_BOUND('',#2093,.T.);
#2095=ADVANCED_FACE('',(#2094),#2056,.T.);
#2096=COLOUR_RGB('',0.39,0.39,0.39);
#2097=FILL_AREA_STYLE_COLOUR('',#2096);
#2098=FILL_AREA_STYLE('',(#2097));
#2099=SURFACE_STYLE_FILL_AREA(#2098);
#2100=SURFACE_STYLE_TRANSPARENT(0.00);
#2101=SURFACE_STYLE_RENDERING_WITH_PROPERTIES(.NORMAL_SHADING.,#2096,(#2100));
#2102=SURFACE_SIDE_STYLE('',(#2099, #2101));
#2103=SURFACE_STYLE_USAGE(.BOTH.,#2102);
#2104=PRESENTATION_STYLE_ASSIGNMENT((#2103));
#2105=STYLED_ITEM('',(#2104),#2095);

#2106=(
BOUNDED_SURFACE()
B_SPLINE_SURFACE(2,1,((#2107,#2108),(#2109,#2110),(#2111,#2112)),.UNSPECIFIED.,.F.,.F.,.F.)
B_SPLINE_SURFACE_WITH_KNOTS((3,3),(2,2),(0.000,1.000),(0.000,1.000),.UNSPECIFIED.)
GEOMETRIC_REPRESENTATION_ITEM()
RATIONAL_B_SPLINE_SURFACE(((1.0000000000,1.0000000000),(0.7071067812,0.7071067812),(1.0000000000,1.0000000000)))
REPRESENTATION_ITEM('')
SURFACE()
);
#2107=CARTESIAN_POINT('',(32.5000000000,13.6500000000,8.0000000000));
#2108=CARTESIAN_POINT('',(32.5000000000,13.6500000000,4.0000000000));
#2109=CARTESIAN_POINT('',(33.8500000000,13.6500000000,8.0000000000));
#2110=CARTESIAN_POINT('',(33.8500000000,13.6500000000,4.0000000000));
#2111=CARTESIAN_POINT('',(33.8500000000,15.0000000000,8.0000000000));
#2112=CARTESIAN_POINT('',(33.8500000000,15.0000000000,4.0000000000));

#2113=CARTESIAN_POINT('',(32.5000000000,13.6500000000,5.2000000000));
#2114=VERTEX_POINT('',#2113);
#2115=(
BOUNDED_CURVE()
B_SPLINE_CURVE(1,(#2116,#2117),.UNSPECIFIED.,.F.,.F.)
B_SPLINE_CURVE_WITH_KNOTS((2,2),(0.000,1.000),.UNSPECIFIED.)
CURVE()
GEOMETRIC_REPRESENTATION_ITEM()
RATIONAL_B_SPLINE_CURVE((1.0000000000,1.0000000000))
REPRESENTATION_ITEM('')
);
#2116=CARTESIAN_POINT('',(32.5000000000,13.6500000000,5.2000000000));
#2117=CARTESIAN_POINT('',(32.5000000000,13.6500000000,4.0000000000));

#2118=CARTESIAN_POINT('',(32.5000000000,13.6500000000,4.0000000000));
#2119=VERTEX_POINT('',#2118);
#2120=EDGE_CURVE('',#2114,#2119,#2115,.T.);
#2121=ORIENTED_EDGE('',*,*,#2120,.T.);
#2122=(
BOUNDED_CURVE()
B_SPLINE_CURVE(2,(#2123,#2124,#2125),.UNSPECIFIED.,.F.,.F.)
B_SPLINE_CURVE_WITH_KNOTS((3,3),(0.000,1.000),.UNSPECIFIED.)
CURVE()
GEOMETRIC_REPRESENTATION_ITEM()
RATIONAL_B_SPLINE_CURVE((1.0000000000,0.7071067812,1.0000000000))
REPRESENTATION_ITEM('')
);
#2123=CARTESIAN_POINT('',(32.5000000001,13.6500000000,4.0000000000));
#2124=CARTESIAN_POINT('',(33.8500000000,13.6500000001,4.0000000000));
#2125=CARTESIAN_POINT('',(33.8500000000,15.0000000000,4.0000000000));

#2126=CARTESIAN_POINT('',(33.8500000000,15.0000000000,4.0000000000));
#2127=VERTEX_POINT('',#2126);
#2128=EDGE_CURVE('',#2119,#2127,#2122,.T.);
#2129=ORIENTED_EDGE('',*,*,#2128,.T.);
#2130=(
BOUNDED_CURVE()
B_SPLINE_CURVE(1,(#2131,#2132),.UNSPECIFIED.,.F.,.F.)
B_SPLINE_CURVE_WITH_KNOTS((2,2),(0.000,1.000),.UNSPECIFIED.)
CURVE()
GEOMETRIC_REPRESENTATION_ITEM()
RATIONAL_B_SPLINE_CURVE((1.0000000000,1.0000000000))
REPRESENTATION_ITEM('')
);
#2131=CARTESIAN_POINT('',(33.8500000000,15.0000000000,4.0000000000));
#2132=CARTESIAN_POINT('',(33.8500000000,15.0000000000,5.2000000000));

#2133=CARTESIAN_POINT('',(33.8500000000,15.0000000000,5.2000000000));
#2134=VERTEX_POINT('',#2133);
#2135=EDGE_CURVE('',#2127,#2134,#2130,.T.);
#2136=ORIENTED_EDGE('',*,*,#2135,.T.);
#2137=(
BOUNDED_CURVE()
B_SPLINE_CURVE(2,(#2138,#2139,#2140),.UNSPECIFIED.,.F.,.F.)
B_SPLINE_CURVE_WITH_KNOTS((3,3),(0.000,1.000),.UNSPECIFIED.)
CURVE()
GEOMETRIC_REPRESENTATION_ITEM()
RATIONAL_B_SPLINE_CURVE((0.9999999983,0.7071067820,1.0000000000))
REPRESENTATION_ITEM('')
);
#2138=CARTESIAN_POINT('',(33.8500000000,14.9999999946,5.2000000000));
#2139=CARTESIAN_POINT('',(33.8499999946,13.6500000000,5.2000000000));
#2140=CARTESIAN_POINT('',(32.5000000000,13.6500000000,5.2000000000));

#2141=EDGE_CURVE('',#2134,#2114,#2137,.T.);
#2142=ORIENTED_EDGE('',*,*,#2141,.T.);
#2143=EDGE_LOOP('',(#2121,#2129,#2136,#2142));
#2144=FACE_OUTER_BOUND('',#2143,.T.);
#2145=ADVANCED_FACE('',(#2144),#2106,.T.);
#2146=COLOUR_RGB('',0.39,0.39,0.39);
#2147=FILL_AREA_STYLE_COLOUR('',#2146);
#2148=FILL_AREA_STYLE('',(#2147));
#2149=SURFACE_STYLE_FILL_AREA(#2148);
#2150=SURFACE_STYLE_TRANSPARENT(0.00);
#2151=SURFACE_STYLE_RENDERING_WITH_PROPERTIES(.NORMAL_SHADING.,#2146,(#2150));
#2152=SURFACE_SIDE_STYLE('',(#2149, #2151));
#2153=SURFACE_STYLE_USAGE(.BOTH.,#2152);
#2154=PRESENTATION_STYLE_ASSIGNMENT((#2153));
#2155=STYLED_ITEM('',(#2154),#2145);

#2156=(
BOUNDED_SURFACE()
B_SPLINE_SURFACE(2,1,((#2157,#2158),(#2159,#2160),(#2161,#2162)),.UNSPECIFIED.,.F.,.F.,.F.)
B_SPLINE_SURFACE_WITH_KNOTS((3,3),(2,2),(0.000,1.000),(0.000,1.000),.UNSPECIFIED.)
GEOMETRIC_REPRESENTATION_ITEM()
RATIONAL_B_SPLINE_SURFACE(((1.0000000000,1.0000000000),(0.7071067812,0.7071067812),(1.0000000000,1.0000000000)))
REPRESENTATION_ITEM('')
SURFACE()
);
#2157=CARTESIAN_POINT('',(31.1500000000,15.0000000000,8.0000000000));
#2158=CARTESIAN_POINT('',(31.1500000000,15.0000000000,4.0000000000));
#2159=CARTESIAN_POINT('',(31.1500000000,13.6500000000,8.0000000000));
#2160=CARTESIAN_POINT('',(31.1500000000,13.6500000000,4.0000000000));
#2161=CARTESIAN_POINT('',(32.5000000000,13.6500000000,8.0000000000));
#2162=CARTESIAN_POINT('',(32.5000000000,13.6500000000,4.0000000000));

#2163=CARTESIAN_POINT('',(31.1500000000,15.0000000000,5.2000000000));
#2164=VERTEX_POINT('',#2163);
#2165=(
BOUNDED_CURVE()
B_SPLINE_CURVE(1,(#2166,#2167),.UNSPECIFIED.,.F.,.F.)
B_SPLINE_CURVE_WITH_KNOTS((2,2),(0.000,1.000),.UNSPECIFIED.)
CURVE()
GEOMETRIC_REPRESENTATION_ITEM()
RATIONAL_B_SPLINE_CURVE((1.0000000000,1.0000000000))
REPRESENTATION_ITEM('')
);
#2166=CARTESIAN_POINT('',(31.1500000000,15.0000000000,5.2000000000));
#2167=CARTESIAN_POINT('',(31.1500000000,15.0000000000,4.0000000000));

#2168=CARTESIAN_POINT('',(31.1500000000,15.0000000000,4.0000000000));
#2169=VERTEX_POINT('',#2168);
#2170=EDGE_CURVE('',#2164,#2169,#2165,.T.);
#2171=ORIENTED_EDGE('',*,*,#2170,.T.);
#2172=(
BOUNDED_CURVE()
B_SPLINE_CURVE(2,(#2173,#2174,#2175),.UNSPECIFIED.,.F.,.F.)
B_SPLINE_CURVE_WITH_KNOTS((3,3),(0.000,1.000),.UNSPECIFIED.)
CURVE()
GEOMETRIC_REPRESENTATION_ITEM()
RATIONAL_B_SPLINE_CURVE((1.0000000000,0.7071067812,1.0000000000))
REPRESENTATION_ITEM('')
);
#2173=CARTESIAN_POINT('',(31.1500000000,14.9999999999,4.0000000000));
#2174=CARTESIAN_POINT('',(31.1500000001,13.6500000000,4.0000000000));
#2175=CARTESIAN_POINT('',(32.5000000000,13.6500000000,4.0000000000));

#2176=CARTESIAN_POINT('',(32.5000000000,13.6500000000,4.0000000000));
#2177=VERTEX_POINT('',#2176);
#2178=EDGE_CURVE('',#2169,#2177,#2172,.T.);
#2179=ORIENTED_EDGE('',*,*,#2178,.T.);
#2180=(
BOUNDED_CURVE()
B_SPLINE_CURVE(1,(#2181,#2182),.UNSPECIFIED.,.F.,.F.)
B_SPLINE_CURVE_WITH_KNOTS((2,2),(0.000,1.000),.UNSPECIFIED.)
CURVE()
GEOMETRIC_REPRESENTATION_ITEM()
RATIONAL_B_SPLINE_CURVE((1.0000000000,1.0000000000))
REPRESENTATION_ITEM('')
);
#2181=CARTESIAN_POINT('',(32.5000000000,13.6500000000,4.0000000000));
#2182=CARTESIAN_POINT('',(32.5000000000,13.6500000000,5.2000000000));

#2183=CARTESIAN_POINT('',(32.5000000000,13.6500000000,5.2000000000));
#2184=VERTEX_POINT('',#2183);
#2185=EDGE_CURVE('',#2177,#2184,#2180,.T.);
#2186=ORIENTED_EDGE('',*,*,#2185,.T.);
#2187=(
BOUNDED_CURVE()
B_SPLINE_CURVE(2,(#2188,#2189,#2190),.UNSPECIFIED.,.F.,.F.)
B_SPLINE_CURVE_WITH_KNOTS((3,3),(0.000,1.000),.UNSPECIFIED.)
CURVE()
GEOMETRIC_REPRESENTATION_ITEM()
RATIONAL_B_SPLINE_CURVE((0.9999999983,0.7071067820,1.0000000000))
REPRESENTATION_ITEM('')
);
#2188=CARTESIAN_POINT('',(32.4999999946,13.6500000000,5.2000000000));
#2189=CARTESIAN_POINT('',(31.1500000000,13.6500000054,5.2000000000));
#2190=CARTESIAN_POINT('',(31.1500000000,15.0000000000,5.2000000000));

#2191=EDGE_CURVE('',#2184,#2164,#2187,.T.);
#2192=ORIENTED_EDGE('',*,*,#2191,.T.);
#2193=EDGE_LOOP('',(#2171,#2179,#2186,#2192));
#2194=FACE_OUTER_BOUND('',#2193,.T.);
#2195=ADVANCED_FACE('',(#2194),#2156,.T.);
#2196=COLOUR_RGB('',0.39,0.39,0.39);
#2197=FILL_AREA_STYLE_COLOUR('',#2196);
#2198=FILL_AREA_STYLE('',(#2197));
#2199=SURFACE_STYLE_FILL_AREA(#2198);
#2200=SURFACE_STYLE_TRANSPARENT(0.00);
#2201=SURFACE_STYLE_RENDERING_WITH_PROPERTIES(.NORMAL_SHADING.,#2196,(#2200));
#2202=SURFACE_SIDE_STYLE('',(#2199, #2201));
#2203=SURFACE_STYLE_USAGE(.BOTH.,#2202);
#2204=PRESENTATION_STYLE_ASSIGNMENT((#2203));
#2205=STYLED_ITEM('',(#2204),#2195);

#2206=(
BOUNDED_SURFACE()
B_SPLINE_SURFACE(2,1,((#2207,#2208),(#2209,#2210),(#2211,#2212)),.UNSPECIFIED.,.F.,.F.,.F.)
B_SPLINE_SURFACE_WITH_KNOTS((3,3),(2,2),(0.000,1.000),(0.000,1.000),.UNSPECIFIED.)
GEOMETRIC_REPRESENTATION_ITEM()
RATIONAL_B_SPLINE_SURFACE(((1.0000000000,1.0000000000),(0.7071067812,0.7071067812),(1.0000000000,1.0000000000)))
REPRESENTATION_ITEM('')
SURFACE()
);
#2207=CARTESIAN_POINT('',(-32.5000000000,16.3500000000,8.0000000000));
#2208=CARTESIAN_POINT('',(-32.5000000000,16.3500000000,4.0000000000));
#2209=CARTESIAN_POINT('',(-33.8500000000,16.3500000000,8.0000000000));
#2210=CARTESIAN_POINT('',(-33.8500000000,16.3500000000,4.0000000000));
#2211=CARTESIAN_POINT('',(-33.8500000000,15.0000000000,8.0000000000));
#2212=CARTESIAN_POINT('',(-33.8500000000,15.0000000000,4.0000000000));

#2213=CARTESIAN_POINT('',(-32.5000000000,16.3500000000,5.2000000000));
#2214=VERTEX_POINT('',#2213);
#2215=(
BOUNDED_CURVE()
B_SPLINE_CURVE(1,(#2216,#2217),.UNSPECIFIED.,.F.,.F.)
B_SPLINE_CURVE_WITH_KNOTS((2,2),(0.000,1.000),.UNSPECIFIED.)
CURVE()
GEOMETRIC_REPRESENTATION_ITEM()
RATIONAL_B_SPLINE_CURVE((1.0000000000,1.0000000000))
REPRESENTATION_ITEM('')
);
#2216=CARTESIAN_POINT('',(-32.5000000000,16.3500000000,5.2000000000));
#2217=CARTESIAN_POINT('',(-32.5000000000,16.3500000000,4.0000000000));

#2218=CARTESIAN_POINT('',(-32.5000000000,16.3500000000,4.0000000000));
#2219=VERTEX_POINT('',#2218);
#2220=EDGE_CURVE('',#2214,#2219,#2215,.T.);
#2221=ORIENTED_EDGE('',*,*,#2220,.T.);
#2222=(
BOUNDED_CURVE()
B_SPLINE_CURVE(2,(#2223,#2224,#2225),.UNSPECIFIED.,.F.,.F.)
B_SPLINE_CURVE_WITH_KNOTS((3,3),(0.000,1.000),.UNSPECIFIED.)
CURVE()
GEOMETRIC_REPRESENTATION_ITEM()
RATIONAL_B_SPLINE_CURVE((1.0000000000,0.7071067812,1.0000000000))
REPRESENTATION_ITEM('')
);
#2223=CARTESIAN_POINT('',(-32.5000000001,16.3500000000,4.0000000000));
#2224=CARTESIAN_POINT('',(-33.8500000000,16.3499999999,4.0000000000));
#2225=CARTESIAN_POINT('',(-33.8500000000,15.0000000000,4.0000000000));

#2226=CARTESIAN_POINT('',(-33.8500000000,15.0000000000,4.0000000000));
#2227=VERTEX_POINT('',#2226);
#2228=EDGE_CURVE('',#2219,#2227,#2222,.T.);
#2229=ORIENTED_EDGE('',*,*,#2228,.T.);
#2230=(
BOUNDED_CURVE()
B_SPLINE_CURVE(1,(#2231,#2232),.UNSPECIFIED.,.F.,.F.)
B_SPLINE_CURVE_WITH_KNOTS((2,2),(0.000,1.000),.UNSPECIFIED.)
CURVE()
GEOMETRIC_REPRESENTATION_ITEM()
RATIONAL_B_SPLINE_CURVE((1.0000000000,1.0000000000))
REPRESENTATION_ITEM('')
);
#2231=CARTESIAN_POINT('',(-33.8500000000,15.0000000000,4.0000000000));
#2232=CARTESIAN_POINT('',(-33.8500000000,15.0000000000,5.2000000000));

#2233=CARTESIAN_POINT('',(-33.8500000000,15.0000000000,5.2000000000));
#2234=VERTEX_POINT('',#2233);
#2235=EDGE_CURVE('',#2227,#2234,#2230,.T.);
#2236=ORIENTED_EDGE('',*,*,#2235,.T.);
#2237=(
BOUNDED_CURVE()
B_SPLINE_CURVE(2,(#2238,#2239,#2240),.UNSPECIFIED.,.F.,.F.)
B_SPLINE_CURVE_WITH_KNOTS((3,3),(0.000,1.000),.UNSPECIFIED.)
CURVE()
GEOMETRIC_REPRESENTATION_ITEM()
RATIONAL_B_SPLINE_CURVE((0.9999999983,0.7071067820,1.0000000000))
REPRESENTATION_ITEM('')
);
#2238=CARTESIAN_POINT('',(-33.8500000000,15.0000000054,5.2000000000));
#2239=CARTESIAN_POINT('',(-33.8499999946,16.3500000000,5.2000000000));
#2240=CARTESIAN_POINT('',(-32.5000000000,16.3500000000,5.2000000000));

#2241=EDGE_CURVE('',#2234,#2214,#2237,.T.);
#2242=ORIENTED_EDGE('',*,*,#2241,.T.);
#2243=EDGE_LOOP('',(#2221,#2229,#2236,#2242));
#2244=FACE_OUTER_BOUND('',#2243,.T.);
#2245=ADVANCED_FACE('',(#2244),#2206,.T.);
#2246=COLOUR_RGB('',0.39,0.39,0.39);
#2247=FILL_AREA_STYLE_COLOUR('',#2246);
#2248=FILL_AREA_STYLE('',(#2247));
#2249=SURFACE_STYLE_FILL_AREA(#2248);
#2250=SURFACE_STYLE_TRANSPARENT(0.00);
#2251=SURFACE_STYLE_RENDERING_WITH_PROPERTIES(.NORMAL_SHADING.,#2246,(#2250));
#2252=SURFACE_SIDE_STYLE('',(#2249, #2251));
#2253=SURFACE_STYLE_USAGE(.BOTH.,#2252);
#2254=PRESENTATION_STYLE_ASSIGNMENT((#2253));
#2255=STYLED_ITEM('',(#2254),#2245);

#2256=(
BOUNDED_SURFACE()
B_SPLINE_SURFACE(2,1,((#2257,#2258),(#2259,#2260),(#2261,#2262)),.UNSPECIFIED.,.F.,.F.,.F.)
B_SPLINE_SURFACE_WITH_KNOTS((3,3),(2,2),(0.000,1.000),(0.000,1.000),.UNSPECIFIED.)
GEOMETRIC_REPRESENTATION_ITEM()
RATIONAL_B_SPLINE_SURFACE(((1.0000000000,1.0000000000),(0.7071067812,0.7071067812),(1.0000000000,1.0000000000)))
REPRESENTATION_ITEM('')
SURFACE()
);
#2257=CARTESIAN_POINT('',(-31.1500000000,15.0000000000,8.0000000000));
#2258=CARTESIAN_POINT('',(-31.1500000000,15.0000000000,4.0000000000));
#2259=CARTESIAN_POINT('',(-31.1500000000,16.3500000000,8.0000000000));
#2260=CARTESIAN_POINT('',(-31.1500000000,16.3500000000,4.0000000000));
#2261=CARTESIAN_POINT('',(-32.5000000000,16.3500000000,8.0000000000));
#2262=CARTESIAN_POINT('',(-32.5000000000,16.3500000000,4.0000000000));

#2263=CARTESIAN_POINT('',(-31.1500000000,15.0000000000,5.2000000000));
#2264=VERTEX_POINT('',#2263);
#2265=(
BOUNDED_CURVE()
B_SPLINE_CURVE(1,(#2266,#2267),.UNSPECIFIED.,.F.,.F.)
B_SPLINE_CURVE_WITH_KNOTS((2,2),(0.000,1.000),.UNSPECIFIED.)
CURVE()
GEOMETRIC_REPRESENTATION_ITEM()
RATIONAL_B_SPLINE_CURVE((1.0000000000,1.0000000000))
REPRESENTATION_ITEM('')
);
#2266=CARTESIAN_POINT('',(-31.1500000000,15.0000000000,5.2000000000));
#2267=CARTESIAN_POINT('',(-31.1500000000,15.0000000000,4.0000000000));

#2268=CARTESIAN_POINT('',(-31.1500000000,15.0000000000,4.0000000000));
#2269=VERTEX_POINT('',#2268);
#2270=EDGE_CURVE('',#2264,#2269,#2265,.T.);
#2271=ORIENTED_EDGE('',*,*,#2270,.T.);
#2272=(
BOUNDED_CURVE()
B_SPLINE_CURVE(2,(#2273,#2274,#2275),.UNSPECIFIED.,.F.,.F.)
B_SPLINE_CURVE_WITH_KNOTS((3,3),(0.000,1.000),.UNSPECIFIED.)
CURVE()
GEOMETRIC_REPRESENTATION_ITEM()
RATIONAL_B_SPLINE_CURVE((1.0000000000,0.7071067812,1.0000000000))
REPRESENTATION_ITEM('')
);
#2273=CARTESIAN_POINT('',(-31.1500000000,15.0000000001,4.0000000000));
#2274=CARTESIAN_POINT('',(-31.1500000001,16.3500000000,4.0000000000));
#2275=CARTESIAN_POINT('',(-32.5000000000,16.3500000000,4.0000000000));

#2276=CARTESIAN_POINT('',(-32.5000000000,16.3500000000,4.0000000000));
#2277=VERTEX_POINT('',#2276);
#2278=EDGE_CURVE('',#2269,#2277,#2272,.T.);
#2279=ORIENTED_EDGE('',*,*,#2278,.T.);
#2280=(
BOUNDED_CURVE()
B_SPLINE_CURVE(1,(#2281,#2282),.UNSPECIFIED.,.F.,.F.)
B_SPLINE_CURVE_WITH_KNOTS((2,2),(0.000,1.000),.UNSPECIFIED.)
CURVE()
GEOMETRIC_REPRESENTATION_ITEM()
RATIONAL_B_SPLINE_CURVE((1.0000000000,1.0000000000))
REPRESENTATION_ITEM('')
);
#2281=CARTESIAN_POINT('',(-32.5000000000,16.3500000000,4.0000000000));
#2282=CARTESIAN_POINT('',(-32.5000000000,16.3500000000,5.2000000000));

#2283=CARTESIAN_POINT('',(-32.5000000000,16.3500000000,5.2000000000));
#2284=VERTEX_POINT('',#2283);
#2285=EDGE_CURVE('',#2277,#2284,#2280,.T.);
#2286=ORIENTED_EDGE('',*,*,#2285,.T.);
#2287=(
BOUNDED_CURVE()
B_SPLINE_CURVE(2,(#2288,#2289,#2290),.UNSPECIFIED.,.F.,.F.)
B_SPLINE_CURVE_WITH_KNOTS((3,3),(0.000,1.000),.UNSPECIFIED.)
CURVE()
GEOMETRIC_REPRESENTATION_ITEM()
RATIONAL_B_SPLINE_CURVE((0.9999999983,0.7071067820,1.0000000000))
REPRESENTATION_ITEM('')
);
#2288=CARTESIAN_POINT('',(-32.4999999946,16.3500000000,5.2000000000));
#2289=CARTESIAN_POINT('',(-31.1500000000,16.3499999946,5.2000000000));
#2290=CARTESIAN_POINT('',(-31.1500000000,15.0000000000,5.2000000000));

#2291=EDGE_CURVE('',#2284,#2264,#2287,.T.);
#2292=ORIENTED_EDGE('',*,*,#2291,.T.);
#2293=EDGE_LOOP('',(#2271,#2279,#2286,#2292));
#2294=FACE_OUTER_BOUND('',#2293,.T.);
#2295=ADVANCED_FACE('',(#2294),#2256,.T.);
#2296=COLOUR_RGB('',0.39,0.39,0.39);
#2297=FILL_AREA_STYLE_COLOUR('',#2296);
#2298=FILL_AREA_STYLE('',(#2297));
#2299=SURFACE_STYLE_FILL_AREA(#2298);
#2300=SURFACE_STYLE_TRANSPARENT(0.00);
#2301=SURFACE_STYLE_RENDERING_WITH_PROPERTIES(.NORMAL_SHADING.,#2296,(#2300));
#2302=SURFACE_SIDE_STYLE('',(#2299, #2301));
#2303=SURFACE_STYLE_USAGE(.BOTH.,#2302);
#2304=PRESENTATION_STYLE_ASSIGNMENT((#2303));
#2305=STYLED_ITEM('',(#2304),#2295);

#2306=(
BOUNDED_SURFACE()
B_SPLINE_SURFACE(2,1,((#2307,#2308),(#2309,#2310),(#2311,#2312)),.UNSPECIFIED.,.F.,.F.,.F.)
B_SPLINE_SURFACE_WITH_KNOTS((3,3),(2,2),(0.000,1.000),(0.000,1.000),.UNSPECIFIED.)
GEOMETRIC_REPRESENTATION_ITEM()
RATIONAL_B_SPLINE_SURFACE(((1.0000000000,1.0000000000),(0.7071067812,0.7071067812),(1.0000000000,1.0000000000)))
REPRESENTATION_ITEM('')
SURFACE()
);
#2307=CARTESIAN_POINT('',(-32.5000000000,13.6500000000,8.0000000000));
#2308=CARTESIAN_POINT('',(-32.5000000000,13.6500000000,4.0000000000));
#2309=CARTESIAN_POINT('',(-31.1500000000,13.6500000000,8.0000000000));
#2310=CARTESIAN_POINT('',(-31.1500000000,13.6500000000,4.0000000000));
#2311=CARTESIAN_POINT('',(-31.1500000000,15.0000000000,8.0000000000));
#2312=CARTESIAN_POINT('',(-31.1500000000,15.0000000000,4.0000000000));

#2313=CARTESIAN_POINT('',(-32.5000000000,13.6500000000,5.2000000000));
#2314=VERTEX_POINT('',#2313);
#2315=(
BOUNDED_CURVE()
B_SPLINE_CURVE(1,(#2316,#2317),.UNSPECIFIED.,.F.,.F.)
B_SPLINE_CURVE_WITH_KNOTS((2,2),(0.000,1.000),.UNSPECIFIED.)
CURVE()
GEOMETRIC_REPRESENTATION_ITEM()
RATIONAL_B_SPLINE_CURVE((1.0000000000,1.0000000000))
REPRESENTATION_ITEM('')
);
#2316=CARTESIAN_POINT('',(-32.5000000000,13.6500000000,5.2000000000));
#2317=CARTESIAN_POINT('',(-32.5000000000,13.6500000000,4.0000000000));

#2318=CARTESIAN_POINT('',(-32.5000000000,13.6500000000,4.0000000000));
#2319=VERTEX_POINT('',#2318);
#2320=EDGE_CURVE('',#2314,#2319,#2315,.T.);
#2321=ORIENTED_EDGE('',*,*,#2320,.T.);
#2322=(
BOUNDED_CURVE()
B_SPLINE_CURVE(2,(#2323,#2324,#2325),.UNSPECIFIED.,.F.,.F.)
B_SPLINE_CURVE_WITH_KNOTS((3,3),(0.000,1.000),.UNSPECIFIED.)
CURVE()
GEOMETRIC_REPRESENTATION_ITEM()
RATIONAL_B_SPLINE_CURVE((1.0000000000,0.7071067812,1.0000000000))
REPRESENTATION_ITEM('')
);
#2323=CARTESIAN_POINT('',(-32.4999999999,13.6500000000,4.0000000000));
#2324=CARTESIAN_POINT('',(-31.1500000000,13.6500000001,4.0000000000));
#2325=CARTESIAN_POINT('',(-31.1500000000,15.0000000000,4.0000000000));

#2326=CARTESIAN_POINT('',(-31.1500000000,15.0000000000,4.0000000000));
#2327=VERTEX_POINT('',#2326);
#2328=EDGE_CURVE('',#2319,#2327,#2322,.T.);
#2329=ORIENTED_EDGE('',*,*,#2328,.T.);
#2330=(
BOUNDED_CURVE()
B_SPLINE_CURVE(1,(#2331,#2332),.UNSPECIFIED.,.F.,.F.)
B_SPLINE_CURVE_WITH_KNOTS((2,2),(0.000,1.000),.UNSPECIFIED.)
CURVE()
GEOMETRIC_REPRESENTATION_ITEM()
RATIONAL_B_SPLINE_CURVE((1.0000000000,1.0000000000))
REPRESENTATION_ITEM('')
);
#2331=CARTESIAN_POINT('',(-31.1500000000,15.0000000000,4.0000000000));
#2332=CARTESIAN_POINT('',(-31.1500000000,15.0000000000,5.2000000000));

#2333=CARTESIAN_POINT('',(-31.1500000000,15.0000000000,5.2000000000));
#2334=VERTEX_POINT('',#2333);
#2335=EDGE_CURVE('',#2327,#2334,#2330,.T.);
#2336=ORIENTED_EDGE('',*,*,#2335,.T.);
#2337=(
BOUNDED_CURVE()
B_SPLINE_CURVE(2,(#2338,#2339,#2340),.UNSPECIFIED.,.F.,.F.)
B_SPLINE_CURVE_WITH_KNOTS((3,3),(0.000,1.000),.UNSPECIFIED.)
CURVE()
GEOMETRIC_REPRESENTATION_ITEM()
RATIONAL_B_SPLINE_CURVE((0.9999999983,0.7071067820,1.0000000000))
REPRESENTATION_ITEM('')
);
#2338=CARTESIAN_POINT('',(-31.1500000000,14.9999999946,5.2000000000));
#2339=CARTESIAN_POINT('',(-31.1500000054,13.6500000000,5.2000000000));
#2340=CARTESIAN_POINT('',(-32.5000000000,13.6500000000,5.2000000000));

#2341=EDGE_CURVE('',#2334,#2314,#2337,.T.);
#2342=ORIENTED_EDGE('',*,*,#2341,.T.);
#2343=EDGE_LOOP('',(#2321,#2329,#2336,#2342));
#2344=FACE_OUTER_BOUND('',#2343,.T.);
#2345=ADVANCED_FACE('',(#2344),#2306,.T.);
#2346=COLOUR_RGB('',0.39,0.39,0.39);
#2347=FILL_AREA_STYLE_COLOUR('',#2346);
#2348=FILL_AREA_STYLE('',(#2347));
#2349=SURFACE_STYLE_FILL_AREA(#2348);
#2350=SURFACE_STYLE_TRANSPARENT(0.00);
#2351=SURFACE_STYLE_RENDERING_WITH_PROPERTIES(.NORMAL_SHADING.,#2346,(#2350));
#2352=SURFACE_SIDE_STYLE('',(#2349, #2351));
#2353=SURFACE_STYLE_USAGE(.BOTH.,#2352);
#2354=PRESENTATION_STYLE_ASSIGNMENT((#2353));
#2355=STYLED_ITEM('',(#2354),#2345);

#2356=(
BOUNDED_SURFACE()
B_SPLINE_SURFACE(2,1,((#2357,#2358),(#2359,#2360),(#2361,#2362)),.UNSPECIFIED.,.F.,.F.,.F.)
B_SPLINE_SURFACE_WITH_KNOTS((3,3),(2,2),(0.000,1.000),(0.000,1.000),.UNSPECIFIED.)
GEOMETRIC_REPRESENTATION_ITEM()
RATIONAL_B_SPLINE_SURFACE(((1.0000000000,1.0000000000),(0.7071067812,0.7071067812),(1.0000000000,1.0000000000)))
REPRESENTATION_ITEM('')
SURFACE()
);
#2357=CARTESIAN_POINT('',(-33.8500000000,15.0000000000,8.0000000000));
#2358=CARTESIAN_POINT('',(-33.8500000000,15.0000000000,4.0000000000));
#2359=CARTESIAN_POINT('',(-33.8500000000,13.6500000000,8.0000000000));
#2360=CARTESIAN_POINT('',(-33.8500000000,13.6500000000,4.0000000000));
#2361=CARTESIAN_POINT('',(-32.5000000000,13.6500000000,8.0000000000));
#2362=CARTESIAN_POINT('',(-32.5000000000,13.6500000000,4.0000000000));

#2363=CARTESIAN_POINT('',(-33.8500000000,15.0000000000,5.2000000000));
#2364=VERTEX_POINT('',#2363);
#2365=(
BOUNDED_CURVE()
B_SPLINE_CURVE(1,(#2366,#2367),.UNSPECIFIED.,.F.,.F.)
B_SPLINE_CURVE_WITH_KNOTS((2,2),(0.000,1.000),.UNSPECIFIED.)
CURVE()
GEOMETRIC_REPRESENTATION_ITEM()
RATIONAL_B_SPLINE_CURVE((1.0000000000,1.0000000000))
REPRESENTATION_ITEM('')
);
#2366=CARTESIAN_POINT('',(-33.8500000000,15.0000000000,5.2000000000));
#2367=CARTESIAN_POINT('',(-33.8500000000,15.0000000000,4.0000000000));

#2368=CARTESIAN_POINT('',(-33.8500000000,15.0000000000,4.0000000000));
#2369=VERTEX_POINT('',#2368);
#2370=EDGE_CURVE('',#2364,#2369,#2365,.T.);
#2371=ORIENTED_EDGE('',*,*,#2370,.T.);
#2372=(
BOUNDED_CURVE()
B_SPLINE_CURVE(2,(#2373,#2374,#2375),.UNSPECIFIED.,.F.,.F.)
B_SPLINE_CURVE_WITH_KNOTS((3,3),(0.000,1.000),.UNSPECIFIED.)
CURVE()
GEOMETRIC_REPRESENTATION_ITEM()
RATIONAL_B_SPLINE_CURVE((1.0000000000,0.7071067812,1.0000000000))
REPRESENTATION_ITEM('')
);
#2373=CARTESIAN_POINT('',(-33.8500000000,14.9999999999,4.0000000000));
#2374=CARTESIAN_POINT('',(-33.8499999999,13.6500000000,4.0000000000));
#2375=CARTESIAN_POINT('',(-32.5000000000,13.6500000000,4.0000000000));

#2376=CARTESIAN_POINT('',(-32.5000000000,13.6500000000,4.0000000000));
#2377=VERTEX_POINT('',#2376);
#2378=EDGE_CURVE('',#2369,#2377,#2372,.T.);
#2379=ORIENTED_EDGE('',*,*,#2378,.T.);
#2380=(
BOUNDED_CURVE()
B_SPLINE_CURVE(1,(#2381,#2382),.UNSPECIFIED.,.F.,.F.)
B_SPLINE_CURVE_WITH_KNOTS((2,2),(0.000,1.000),.UNSPECIFIED.)
CURVE()
GEOMETRIC_REPRESENTATION_ITEM()
RATIONAL_B_SPLINE_CURVE((1.0000000000,1.0000000000))
REPRESENTATION_ITEM('')
);
#2381=CARTESIAN_POINT('',(-32.5000000000,13.6500000000,4.0000000000));
#2382=CARTESIAN_POINT('',(-32.5000000000,13.6500000000,5.2000000000));

#2383=CARTESIAN_POINT('',(-32.5000000000,13.6500000000,5.2000000000));
#2384=VERTEX_POINT('',#2383);
#2385=EDGE_CURVE('',#2377,#2384,#2380,.T.);
#2386=ORIENTED_EDGE('',*,*,#2385,.T.);
#2387=(
BOUNDED_CURVE()
B_SPLINE_CURVE(2,(#2388,#2389,#2390),.UNSPECIFIED.,.F.,.F.)
B_SPLINE_CURVE_WITH_KNOTS((3,3),(0.000,1.000),.UNSPECIFIED.)
CURVE()
GEOMETRIC_REPRESENTATION_ITEM()
RATIONAL_B_SPLINE_CURVE((0.9999999983,0.7071067820,1.0000000000))
REPRESENTATION_ITEM('')
);
#2388=CARTESIAN_POINT('',(-32.5000000054,13.6500000000,5.2000000000));
#2389=CARTESIAN_POINT('',(-33.8500000000,13.6500000054,5.2000000000));
#2390=CARTESIAN_POINT('',(-33.8500000000,15.0000000000,5.2000000000));

#2391=EDGE_CURVE('',#2384,#2364,#2387,.T.);
#2392=ORIENTED_EDGE('',*,*,#2391,.T.);
#2393=EDGE_LOOP('',(#2371,#2379,#2386,#2392));
#2394=FACE_OUTER_BOUND('',#2393,.T.);
#2395=ADVANCED_FACE('',(#2394),#2356,.T.);
#2396=COLOUR_RGB('',0.39,0.39,0.39);
#2397=FILL_AREA_STYLE_COLOUR('',#2396);
#2398=FILL_AREA_STYLE('',(#2397));
#2399=SURFACE_STYLE_FILL_AREA(#2398);
#2400=SURFACE_STYLE_TRANSPARENT(0.00);
#2401=SURFACE_STYLE_RENDERING_WITH_PROPERTIES(.NORMAL_SHADING.,#2396,(#2400));
#2402=SURFACE_SIDE_STYLE('',(#2399, #2401));
#2403=SURFACE_STYLE_USAGE(.BOTH.,#2402);
#2404=PRESENTATION_STYLE_ASSIGNMENT((#2403));
#2405=STYLED_ITEM('',(#2404),#2395);

#2406=(
BOUNDED_SURFACE()
B_SPLINE_SURFACE(2,1,((#2407,#2408),(#2409,#2410),(#2411,#2412)),.UNSPECIFIED.,.F.,.F.,.F.)
B_SPLINE_SURFACE_WITH_KNOTS((3,3),(2,2),(0.000,1.000),(0.000,1.000),.UNSPECIFIED.)
GEOMETRIC_REPRESENTATION_ITEM()
RATIONAL_B_SPLINE_SURFACE(((1.0000000000,1.0000000000),(0.7071067812,0.7071067812),(1.0000000000,1.0000000000)))
REPRESENTATION_ITEM('')
SURFACE()
);
#2407=CARTESIAN_POINT('',(32.5000000000,-13.6500000000,8.0000000000));
#2408=CARTESIAN_POINT('',(32.5000000000,-13.6500000000,4.0000000000));
#2409=CARTESIAN_POINT('',(31.1500000000,-13.6500000000,8.0000000000));
#2410=CARTESIAN_POINT('',(31.1500000000,-13.6500000000,4.0000000000));
#2411=CARTESIAN_POINT('',(31.1500000000,-15.0000000000,8.0000000000));
#2412=CARTESIAN_POINT('',(31.1500000000,-15.0000000000,4.0000000000));

#2413=CARTESIAN_POINT('',(32.5000000000,-13.6500000000,5.2000000000));
#2414=VERTEX_POINT('',#2413);
#2415=(
BOUNDED_CURVE()
B_SPLINE_CURVE(1,(#2416,#2417),.UNSPECIFIED.,.F.,.F.)
B_SPLINE_CURVE_WITH_KNOTS((2,2),(0.000,1.000),.UNSPECIFIED.)
CURVE()
GEOMETRIC_REPRESENTATION_ITEM()
RATIONAL_B_SPLINE_CURVE((1.0000000000,1.0000000000))
REPRESENTATION_ITEM('')
);
#2416=CARTESIAN_POINT('',(32.5000000000,-13.6500000000,5.2000000000));
#2417=CARTESIAN_POINT('',(32.5000000000,-13.6500000000,4.0000000000));

#2418=CARTESIAN_POINT('',(32.5000000000,-13.6500000000,4.0000000000));
#2419=VERTEX_POINT('',#2418);
#2420=EDGE_CURVE('',#2414,#2419,#2415,.T.);
#2421=ORIENTED_EDGE('',*,*,#2420,.T.);
#2422=(
BOUNDED_CURVE()
B_SPLINE_CURVE(2,(#2423,#2424,#2425),.UNSPECIFIED.,.F.,.F.)
B_SPLINE_CURVE_WITH_KNOTS((3,3),(0.000,1.000),.UNSPECIFIED.)
CURVE()
GEOMETRIC_REPRESENTATION_ITEM()
RATIONAL_B_SPLINE_CURVE((1.0000000000,0.7071067812,1.0000000000))
REPRESENTATION_ITEM('')
);
#2423=CARTESIAN_POINT('',(32.4999999999,-13.6500000000,4.0000000000));
#2424=CARTESIAN_POINT('',(31.1500000000,-13.6500000001,4.0000000000));
#2425=CARTESIAN_POINT('',(31.1500000000,-15.0000000000,4.0000000000));

#2426=CARTESIAN_POINT('',(31.1500000000,-15.0000000000,4.0000000000));
#2427=VERTEX_POINT('',#2426);
#2428=EDGE_CURVE('',#2419,#2427,#2422,.T.);
#2429=ORIENTED_EDGE('',*,*,#2428,.T.);
#2430=(
BOUNDED_CURVE()
B_SPLINE_CURVE(1,(#2431,#2432),.UNSPECIFIED.,.F.,.F.)
B_SPLINE_CURVE_WITH_KNOTS((2,2),(0.000,1.000),.UNSPECIFIED.)
CURVE()
GEOMETRIC_REPRESENTATION_ITEM()
RATIONAL_B_SPLINE_CURVE((1.0000000000,1.0000000000))
REPRESENTATION_ITEM('')
);
#2431=CARTESIAN_POINT('',(31.1500000000,-15.0000000000,4.0000000000));
#2432=CARTESIAN_POINT('',(31.1500000000,-15.0000000000,5.2000000000));

#2433=CARTESIAN_POINT('',(31.1500000000,-15.0000000000,5.2000000000));
#2434=VERTEX_POINT('',#2433);
#2435=EDGE_CURVE('',#2427,#2434,#2430,.T.);
#2436=ORIENTED_EDGE('',*,*,#2435,.T.);
#2437=(
BOUNDED_CURVE()
B_SPLINE_CURVE(2,(#2438,#2439,#2440),.UNSPECIFIED.,.F.,.F.)
B_SPLINE_CURVE_WITH_KNOTS((3,3),(0.000,1.000),.UNSPECIFIED.)
CURVE()
GEOMETRIC_REPRESENTATION_ITEM()
RATIONAL_B_SPLINE_CURVE((0.9999999983,0.7071067820,1.0000000000))
REPRESENTATION_ITEM('')
);
#2438=CARTESIAN_POINT('',(31.1500000000,-14.9999999946,5.2000000000));
#2439=CARTESIAN_POINT('',(31.1500000054,-13.6500000000,5.2000000000));
#2440=CARTESIAN_POINT('',(32.5000000000,-13.6500000000,5.2000000000));

#2441=EDGE_CURVE('',#2434,#2414,#2437,.T.);
#2442=ORIENTED_EDGE('',*,*,#2441,.T.);
#2443=EDGE_LOOP('',(#2421,#2429,#2436,#2442));
#2444=FACE_OUTER_BOUND('',#2443,.T.);
#2445=ADVANCED_FACE('',(#2444),#2406,.T.);
#2446=COLOUR_RGB('',0.39,0.39,0.39);
#2447=FILL_AREA_STYLE_COLOUR('',#2446);
#2448=FILL_AREA_STYLE('',(#2447));
#2449=SURFACE_STYLE_FILL_AREA(#2448);
#2450=SURFACE_STYLE_TRANSPARENT(0.00);
#2451=SURFACE_STYLE_RENDERING_WITH_PROPERTIES(.NORMAL_SHADING.,#2446,(#2450));
#2452=SURFACE_SIDE_STYLE('',(#2449, #2451));
#2453=SURFACE_STYLE_USAGE(.BOTH.,#2452);
#2454=PRESENTATION_STYLE_ASSIGNMENT((#2453));
#2455=STYLED_ITEM('',(#2454),#2445);

#2456=(
BOUNDED_SURFACE()
B_SPLINE_SURFACE(2,1,((#2457,#2458),(#2459,#2460),(#2461,#2462)),.UNSPECIFIED.,.F.,.F.,.F.)
B_SPLINE_SURFACE_WITH_KNOTS((3,3),(2,2),(0.000,1.000),(0.000,1.000),.UNSPECIFIED.)
GEOMETRIC_REPRESENTATION_ITEM()
RATIONAL_B_SPLINE_SURFACE(((1.0000000000,1.0000000000),(0.7071067812,0.7071067812),(1.0000000000,1.0000000000)))
REPRESENTATION_ITEM('')
SURFACE()
);
#2457=CARTESIAN_POINT('',(33.8500000000,-15.0000000000,8.0000000000));
#2458=CARTESIAN_POINT('',(33.8500000000,-15.0000000000,4.0000000000));
#2459=CARTESIAN_POINT('',(33.8500000000,-13.6500000000,8.0000000000));
#2460=CARTESIAN_POINT('',(33.8500000000,-13.6500000000,4.0000000000));
#2461=CARTESIAN_POINT('',(32.5000000000,-13.6500000000,8.0000000000));
#2462=CARTESIAN_POINT('',(32.5000000000,-13.6500000000,4.0000000000));

#2463=CARTESIAN_POINT('',(33.8500000000,-15.0000000000,5.2000000000));
#2464=VERTEX_POINT('',#2463);
#2465=(
BOUNDED_CURVE()
B_SPLINE_CURVE(1,(#2466,#2467),.UNSPECIFIED.,.F.,.F.)
B_SPLINE_CURVE_WITH_KNOTS((2,2),(0.000,1.000),.UNSPECIFIED.)
CURVE()
GEOMETRIC_REPRESENTATION_ITEM()
RATIONAL_B_SPLINE_CURVE((1.0000000000,1.0000000000))
REPRESENTATION_ITEM('')
);
#2466=CARTESIAN_POINT('',(33.8500000000,-15.0000000000,5.2000000000));
#2467=CARTESIAN_POINT('',(33.8500000000,-15.0000000000,4.0000000000));

#2468=CARTESIAN_POINT('',(33.8500000000,-15.0000000000,4.0000000000));
#2469=VERTEX_POINT('',#2468);
#2470=EDGE_CURVE('',#2464,#2469,#2465,.T.);
#2471=ORIENTED_EDGE('',*,*,#2470,.T.);
#2472=(
BOUNDED_CURVE()
B_SPLINE_CURVE(2,(#2473,#2474,#2475),.UNSPECIFIED.,.F.,.F.)
B_SPLINE_CURVE_WITH_KNOTS((3,3),(0.000,1.000),.UNSPECIFIED.)
CURVE()
GEOMETRIC_REPRESENTATION_ITEM()
RATIONAL_B_SPLINE_CURVE((1.0000000000,0.7071067812,1.0000000000))
REPRESENTATION_ITEM('')
);
#2473=CARTESIAN_POINT('',(33.8500000000,-14.9999999999,4.0000000000));
#2474=CARTESIAN_POINT('',(33.8499999999,-13.6500000000,4.0000000000));
#2475=CARTESIAN_POINT('',(32.5000000000,-13.6500000000,4.0000000000));

#2476=CARTESIAN_POINT('',(32.5000000000,-13.6500000000,4.0000000000));
#2477=VERTEX_POINT('',#2476);
#2478=EDGE_CURVE('',#2469,#2477,#2472,.T.);
#2479=ORIENTED_EDGE('',*,*,#2478,.T.);
#2480=(
BOUNDED_CURVE()
B_SPLINE_CURVE(1,(#2481,#2482),.UNSPECIFIED.,.F.,.F.)
B_SPLINE_CURVE_WITH_KNOTS((2,2),(0.000,1.000),.UNSPECIFIED.)
CURVE()
GEOMETRIC_REPRESENTATION_ITEM()
RATIONAL_B_SPLINE_CURVE((1.0000000000,1.0000000000))
REPRESENTATION_ITEM('')
);
#2481=CARTESIAN_POINT('',(32.5000000000,-13.6500000000,4.0000000000));
#2482=CARTESIAN_POINT('',(32.5000000000,-13.6500000000,5.2000000000));

#2483=CARTESIAN_POINT('',(32.5000000000,-13.6500000000,5.2000000000));
#2484=VERTEX_POINT('',#2483);
#2485=EDGE_CURVE('',#2477,#2484,#2480,.T.);
#2486=ORIENTED_EDGE('',*,*,#2485,.T.);
#2487=(
BOUNDED_CURVE()
B_SPLINE_CURVE(2,(#2488,#2489,#2490),.UNSPECIFIED.,.F.,.F.)
B_SPLINE_CURVE_WITH_KNOTS((3,3),(0.000,1.000),.UNSPECIFIED.)
CURVE()
GEOMETRIC_REPRESENTATION_ITEM()
RATIONAL_B_SPLINE_CURVE((0.9999999983,0.7071067820,1.0000000000))
REPRESENTATION_ITEM('')
);
#2488=CARTESIAN_POINT('',(32.5000000054,-13.6500000000,5.2000000000));
#2489=CARTESIAN_POINT('',(33.8500000000,-13.6500000054,5.2000000000));
#2490=CARTESIAN_POINT('',(33.8500000000,-15.0000000000,5.2000000000));

#2491=EDGE_CURVE('',#2484,#2464,#2487,.T.);
#2492=ORIENTED_EDGE('',*,*,#2491,.T.);
#2493=EDGE_LOOP('',(#2471,#2479,#2486,#2492));
#2494=FACE_OUTER_BOUND('',#2493,.T.);
#2495=ADVANCED_FACE('',(#2494),#2456,.T.);
#2496=COLOUR_RGB('',0.39,0.39,0.39);
#2497=FILL_AREA_STYLE_COLOUR('',#2496);
#2498=FILL_AREA_STYLE('',(#2497));
#2499=SURFACE_STYLE_FILL_AREA(#2498);
#2500=SURFACE_STYLE_TRANSPARENT(0.00);
#2501=SURFACE_STYLE_RENDERING_WITH_PROPERTIES(.NORMAL_SHADING.,#2496,(#2500));
#2502=SURFACE_SIDE_STYLE('',(#2499, #2501));
#2503=SURFACE_STYLE_USAGE(.BOTH.,#2502);
#2504=PRESENTATION_STYLE_ASSIGNMENT((#2503));
#2505=STYLED_ITEM('',(#2504),#2495);

#2506=(
BOUNDED_SURFACE()
B_SPLINE_SURFACE(2,1,((#2507,#2508),(#2509,#2510),(#2511,#2512)),.UNSPECIFIED.,.F.,.F.,.F.)
B_SPLINE_SURFACE_WITH_KNOTS((3,3),(2,2),(0.000,1.000),(0.000,1.000),.UNSPECIFIED.)
GEOMETRIC_REPRESENTATION_ITEM()
RATIONAL_B_SPLINE_SURFACE(((1.0000000000,1.0000000000),(0.7071067812,0.7071067812),(1.0000000000,1.0000000000)))
REPRESENTATION_ITEM('')
SURFACE()
);
#2507=CARTESIAN_POINT('',(32.5000000000,-16.3500000000,8.0000000000));
#2508=CARTESIAN_POINT('',(32.5000000000,-16.3500000000,4.0000000000));
#2509=CARTESIAN_POINT('',(33.8500000000,-16.3500000000,8.0000000000));
#2510=CARTESIAN_POINT('',(33.8500000000,-16.3500000000,4.0000000000));
#2511=CARTESIAN_POINT('',(33.8500000000,-15.0000000000,8.0000000000));
#2512=CARTESIAN_POINT('',(33.8500000000,-15.0000000000,4.0000000000));

#2513=CARTESIAN_POINT('',(32.5000000000,-16.3500000000,5.2000000000));
#2514=VERTEX_POINT('',#2513);
#2515=(
BOUNDED_CURVE()
B_SPLINE_CURVE(1,(#2516,#2517),.UNSPECIFIED.,.F.,.F.)
B_SPLINE_CURVE_WITH_KNOTS((2,2),(0.000,1.000),.UNSPECIFIED.)
CURVE()
GEOMETRIC_REPRESENTATION_ITEM()
RATIONAL_B_SPLINE_CURVE((1.0000000000,1.0000000000))
REPRESENTATION_ITEM('')
);
#2516=CARTESIAN_POINT('',(32.5000000000,-16.3500000000,5.2000000000));
#2517=CARTESIAN_POINT('',(32.5000000000,-16.3500000000,4.0000000000));

#2518=CARTESIAN_POINT('',(32.5000000000,-16.3500000000,4.0000000000));
#2519=VERTEX_POINT('',#2518);
#2520=EDGE_CURVE('',#2514,#2519,#2515,.T.);
#2521=ORIENTED_EDGE('',*,*,#2520,.T.);
#2522=(
BOUNDED_CURVE()
B_SPLINE_CURVE(2,(#2523,#2524,#2525),.UNSPECIFIED.,.F.,.F.)
B_SPLINE_CURVE_WITH_KNOTS((3,3),(0.000,1.000),.UNSPECIFIED.)
CURVE()
GEOMETRIC_REPRESENTATION_ITEM()
RATIONAL_B_SPLINE_CURVE((1.0000000000,0.7071067812,1.0000000000))
REPRESENTATION_ITEM('')
);
#2523=CARTESIAN_POINT('',(32.5000000001,-16.3500000000,4.0000000000));
#2524=CARTESIAN_POINT('',(33.8500000000,-16.3499999999,4.0000000000));
#2525=CARTESIAN_POINT('',(33.8500000000,-15.0000000000,4.0000000000));

#2526=CARTESIAN_POINT('',(33.8500000000,-15.0000000000,4.0000000000));
#2527=VERTEX_POINT('',#2526);
#2528=EDGE_CURVE('',#2519,#2527,#2522,.T.);
#2529=ORIENTED_EDGE('',*,*,#2528,.T.);
#2530=(
BOUNDED_CURVE()
B_SPLINE_CURVE(1,(#2531,#2532),.UNSPECIFIED.,.F.,.F.)
B_SPLINE_CURVE_WITH_KNOTS((2,2),(0.000,1.000),.UNSPECIFIED.)
CURVE()
GEOMETRIC_REPRESENTATION_ITEM()
RATIONAL_B_SPLINE_CURVE((1.0000000000,1.0000000000))
REPRESENTATION_ITEM('')
);
#2531=CARTESIAN_POINT('',(33.8500000000,-15.0000000000,4.0000000000));
#2532=CARTESIAN_POINT('',(33.8500000000,-15.0000000000,5.2000000000));

#2533=CARTESIAN_POINT('',(33.8500000000,-15.0000000000,5.2000000000));
#2534=VERTEX_POINT('',#2533);
#2535=EDGE_CURVE('',#2527,#2534,#2530,.T.);
#2536=ORIENTED_EDGE('',*,*,#2535,.T.);
#2537=(
BOUNDED_CURVE()
B_SPLINE_CURVE(2,(#2538,#2539,#2540),.UNSPECIFIED.,.F.,.F.)
B_SPLINE_CURVE_WITH_KNOTS((3,3),(0.000,1.000),.UNSPECIFIED.)
CURVE()
GEOMETRIC_REPRESENTATION_ITEM()
RATIONAL_B_SPLINE_CURVE((0.9999999983,0.7071067820,1.0000000000))
REPRESENTATION_ITEM('')
);
#2538=CARTESIAN_POINT('',(33.8500000000,-15.0000000054,5.2000000000));
#2539=CARTESIAN_POINT('',(33.8499999946,-16.3500000000,5.2000000000));
#2540=CARTESIAN_POINT('',(32.5000000000,-16.3500000000,5.2000000000));

#2541=EDGE_CURVE('',#2534,#2514,#2537,.T.);
#2542=ORIENTED_EDGE('',*,*,#2541,.T.);
#2543=EDGE_LOOP('',(#2521,#2529,#2536,#2542));
#2544=FACE_OUTER_BOUND('',#2543,.T.);
#2545=ADVANCED_FACE('',(#2544),#2506,.T.);
#2546=COLOUR_RGB('',0.39,0.39,0.39);
#2547=FILL_AREA_STYLE_COLOUR('',#2546);
#2548=FILL_AREA_STYLE('',(#2547));
#2549=SURFACE_STYLE_FILL_AREA(#2548);
#2550=SURFACE_STYLE_TRANSPARENT(0.00);
#2551=SURFACE_STYLE_RENDERING_WITH_PROPERTIES(.NORMAL_SHADING.,#2546,(#2550));
#2552=SURFACE_SIDE_STYLE('',(#2549, #2551));
#2553=SURFACE_STYLE_USAGE(.BOTH.,#2552);
#2554=PRESENTATION_STYLE_ASSIGNMENT((#2553));
#2555=STYLED_ITEM('',(#2554),#2545);

#2556=(
BOUNDED_SURFACE()
B_SPLINE_SURFACE(2,1,((#2557,#2558),(#2559,#2560),(#2561,#2562)),.UNSPECIFIED.,.F.,.F.,.F.)
B_SPLINE_SURFACE_WITH_KNOTS((3,3),(2,2),(0.000,1.000),(0.000,1.000),.UNSPECIFIED.)
GEOMETRIC_REPRESENTATION_ITEM()
RATIONAL_B_SPLINE_SURFACE(((1.0000000000,1.0000000000),(0.7071067812,0.7071067812),(1.0000000000,1.0000000000)))
REPRESENTATION_ITEM('')
SURFACE()
);
#2557=CARTESIAN_POINT('',(31.1500000000,-15.0000000000,8.0000000000));
#2558=CARTESIAN_POINT('',(31.1500000000,-15.0000000000,4.0000000000));
#2559=CARTESIAN_POINT('',(31.1500000000,-16.3500000000,8.0000000000));
#2560=CARTESIAN_POINT('',(31.1500000000,-16.3500000000,4.0000000000));
#2561=CARTESIAN_POINT('',(32.5000000000,-16.3500000000,8.0000000000));
#2562=CARTESIAN_POINT('',(32.5000000000,-16.3500000000,4.0000000000));

#2563=CARTESIAN_POINT('',(31.1500000000,-15.0000000000,5.2000000000));
#2564=VERTEX_POINT('',#2563);
#2565=(
BOUNDED_CURVE()
B_SPLINE_CURVE(1,(#2566,#2567),.UNSPECIFIED.,.F.,.F.)
B_SPLINE_CURVE_WITH_KNOTS((2,2),(0.000,1.000),.UNSPECIFIED.)
CURVE()
GEOMETRIC_REPRESENTATION_ITEM()
RATIONAL_B_SPLINE_CURVE((1.0000000000,1.0000000000))
REPRESENTATION_ITEM('')
);
#2566=CARTESIAN_POINT('',(31.1500000000,-15.0000000000,5.2000000000));
#2567=CARTESIAN_POINT('',(31.1500000000,-15.0000000000,4.0000000000));

#2568=CARTESIAN_POINT('',(31.1500000000,-15.0000000000,4.0000000000));
#2569=VERTEX_POINT('',#2568);
#2570=EDGE_CURVE('',#2564,#2569,#2565,.T.);
#2571=ORIENTED_EDGE('',*,*,#2570,.T.);
#2572=(
BOUNDED_CURVE()
B_SPLINE_CURVE(2,(#2573,#2574,#2575),.UNSPECIFIED.,.F.,.F.)
B_SPLINE_CURVE_WITH_KNOTS((3,3),(0.000,1.000),.UNSPECIFIED.)
CURVE()
GEOMETRIC_REPRESENTATION_ITEM()
RATIONAL_B_SPLINE_CURVE((1.0000000000,0.7071067812,1.0000000000))
REPRESENTATION_ITEM('')
);
#2573=CARTESIAN_POINT('',(31.1500000000,-15.0000000001,4.0000000000));
#2574=CARTESIAN_POINT('',(31.1500000001,-16.3500000000,4.0000000000));
#2575=CARTESIAN_POINT('',(32.5000000000,-16.3500000000,4.0000000000));

#2576=CARTESIAN_POINT('',(32.5000000000,-16.3500000000,4.0000000000));
#2577=VERTEX_POINT('',#2576);
#2578=EDGE_CURVE('',#2569,#2577,#2572,.T.);
#2579=ORIENTED_EDGE('',*,*,#2578,.T.);
#2580=(
BOUNDED_CURVE()
B_SPLINE_CURVE(1,(#2581,#2582),.UNSPECIFIED.,.F.,.F.)
B_SPLINE_CURVE_WITH_KNOTS((2,2),(0.000,1.000),.UNSPECIFIED.)
CURVE()
GEOMETRIC_REPRESENTATION_ITEM()
RATIONAL_B_SPLINE_CURVE((1.0000000000,1.0000000000))
REPRESENTATION_ITEM('')
);
#2581=CARTESIAN_POINT('',(32.5000000000,-16.3500000000,4.0000000000));
#2582=CARTESIAN_POINT('',(32.5000000000,-16.3500000000,5.2000000000));

#2583=CARTESIAN_POINT('',(32.5000000000,-16.3500000000,5.2000000000));
#2584=VERTEX_POINT('',#2583);
#2585=EDGE_CURVE('',#2577,#2584,#2580,.T.);
#2586=ORIENTED_EDGE('',*,*,#2585,.T.);
#2587=(
BOUNDED_CURVE()
B_SPLINE_CURVE(2,(#2588,#2589,#2590),.UNSPECIFIED.,.F.,.F.)
B_SPLINE_CURVE_WITH_KNOTS((3,3),(0.000,1.000),.UNSPECIFIED.)
CURVE()
GEOMETRIC_REPRESENTATION_ITEM()
RATIONAL_B_SPLINE_CURVE((0.9999999983,0.7071067820,1.0000000000))
REPRESENTATION_ITEM('')
);
#2588=CARTESIAN_POINT('',(32.4999999946,-16.3500000000,5.2000000000));
#2589=CARTESIAN_POINT('',(31.1500000000,-16.3499999946,5.2000000000));
#2590=CARTESIAN_POINT('',(31.1500000000,-15.0000000000,5.2000000000));

#2591=EDGE_CURVE('',#2584,#2564,#2587,.T.);
#2592=ORIENTED_EDGE('',*,*,#2591,.T.);
#2593=EDGE_LOOP('',(#2571,#2579,#2586,#2592));
#2594=FACE_OUTER_BOUND('',#2593,.T.);
#2595=ADVANCED_FACE('',(#2594),#2556,.T.);
#2596=COLOUR_RGB('',0.39,0.39,0.39);
#2597=FILL_AREA_STYLE_COLOUR('',#2596);
#2598=FILL_AREA_STYLE('',(#2597));
#2599=SURFACE_STYLE_FILL_AREA(#2598);
#2600=SURFACE_STYLE_TRANSPARENT(0.00);
#2601=SURFACE_STYLE_RENDERING_WITH_PROPERTIES(.NORMAL_SHADING.,#2596,(#2600));
#2602=SURFACE_SIDE_STYLE('',(#2599, #2601));
#2603=SURFACE_STYLE_USAGE(.BOTH.,#2602);
#2604=PRESENTATION_STYLE_ASSIGNMENT((#2603));
#2605=STYLED_ITEM('',(#2604),#2595);

#2606=(
BOUNDED_SURFACE()
B_SPLINE_SURFACE(2,1,((#2607,#2608),(#2609,#2610),(#2611,#2612)),.UNSPECIFIED.,.F.,.F.,.F.)
B_SPLINE_SURFACE_WITH_KNOTS((3,3),(2,2),(0.000,1.000),(0.000,1.000),.UNSPECIFIED.)
GEOMETRIC_REPRESENTATION_ITEM()
RATIONAL_B_SPLINE_SURFACE(((1.0000000000,1.0000000000),(0.7071067812,0.7071067812),(1.0000000000,1.0000000000)))
REPRESENTATION_ITEM('')
SURFACE()
);
#2607=CARTESIAN_POINT('',(-32.5000000000,-13.6500000000,8.0000000000));
#2608=CARTESIAN_POINT('',(-32.5000000000,-13.6500000000,4.0000000000));
#2609=CARTESIAN_POINT('',(-33.8500000000,-13.6500000000,8.0000000000));
#2610=CARTESIAN_POINT('',(-33.8500000000,-13.6500000000,4.0000000000));
#2611=CARTESIAN_POINT('',(-33.8500000000,-15.0000000000,8.0000000000));
#2612=CARTESIAN_POINT('',(-33.8500000000,-15.0000000000,4.0000000000));

#2613=CARTESIAN_POINT('',(-32.5000000000,-13.6500000000,5.2000000000));
#2614=VERTEX_POINT('',#2613);
#2615=(
BOUNDED_CURVE()
B_SPLINE_CURVE(1,(#2616,#2617),.UNSPECIFIED.,.F.,.F.)
B_SPLINE_CURVE_WITH_KNOTS((2,2),(0.000,1.000),.UNSPECIFIED.)
CURVE()
GEOMETRIC_REPRESENTATION_ITEM()
RATIONAL_B_SPLINE_CURVE((1.0000000000,1.0000000000))
REPRESENTATION_ITEM('')
);
#2616=CARTESIAN_POINT('',(-32.5000000000,-13.6500000000,5.2000000000));
#2617=CARTESIAN_POINT('',(-32.5000000000,-13.6500000000,4.0000000000));

#2618=CARTESIAN_POINT('',(-32.5000000000,-13.6500000000,4.0000000000));
#2619=VERTEX_POINT('',#2618);
#2620=EDGE_CURVE('',#2614,#2619,#2615,.T.);
#2621=ORIENTED_EDGE('',*,*,#2620,.T.);
#2622=(
BOUNDED_CURVE()
B_SPLINE_CURVE(2,(#2623,#2624,#2625),.UNSPECIFIED.,.F.,.F.)
B_SPLINE_CURVE_WITH_KNOTS((3,3),(0.000,1.000),.UNSPECIFIED.)
CURVE()
GEOMETRIC_REPRESENTATION_ITEM()
RATIONAL_B_SPLINE_CURVE((1.0000000000,0.7071067812,1.0000000000))
REPRESENTATION_ITEM('')
);
#2623=CARTESIAN_POINT('',(-32.5000000001,-13.6500000000,4.0000000000));
#2624=CARTESIAN_POINT('',(-33.8500000000,-13.6500000001,4.0000000000));
#2625=CARTESIAN_POINT('',(-33.8500000000,-15.0000000000,4.0000000000));

#2626=CARTESIAN_POINT('',(-33.8500000000,-15.0000000000,4.0000000000));
#2627=VERTEX_POINT('',#2626);
#2628=EDGE_CURVE('',#2619,#2627,#2622,.T.);
#2629=ORIENTED_EDGE('',*,*,#2628,.T.);
#2630=(
BOUNDED_CURVE()
B_SPLINE_CURVE(1,(#2631,#2632),.UNSPECIFIED.,.F.,.F.)
B_SPLINE_CURVE_WITH_KNOTS((2,2),(0.000,1.000),.UNSPECIFIED.)
CURVE()
GEOMETRIC_REPRESENTATION_ITEM()
RATIONAL_B_SPLINE_CURVE((1.0000000000,1.0000000000))
REPRESENTATION_ITEM('')
);
#2631=CARTESIAN_POINT('',(-33.8500000000,-15.0000000000,4.0000000000));
#2632=CARTESIAN_POINT('',(-33.8500000000,-15.0000000000,5.2000000000));

#2633=CARTESIAN_POINT('',(-33.8500000000,-15.0000000000,5.2000000000));
#2634=VERTEX_POINT('',#2633);
#2635=EDGE_CURVE('',#2627,#2634,#2630,.T.);
#2636=ORIENTED_EDGE('',*,*,#2635,.T.);
#2637=(
BOUNDED_CURVE()
B_SPLINE_CURVE(2,(#2638,#2639,#2640),.UNSPECIFIED.,.F.,.F.)
B_SPLINE_CURVE_WITH_KNOTS((3,3),(0.000,1.000),.UNSPECIFIED.)
CURVE()
GEOMETRIC_REPRESENTATION_ITEM()
RATIONAL_B_SPLINE_CURVE((0.9999999983,0.7071067820,1.0000000000))
REPRESENTATION_ITEM('')
);
#2638=CARTESIAN_POINT('',(-33.8500000000,-14.9999999946,5.2000000000));
#2639=CARTESIAN_POINT('',(-33.8499999946,-13.6500000000,5.2000000000));
#2640=CARTESIAN_POINT('',(-32.5000000000,-13.6500000000,5.2000000000));

#2641=EDGE_CURVE('',#2634,#2614,#2637,.T.);
#2642=ORIENTED_EDGE('',*,*,#2641,.T.);
#2643=EDGE_LOOP('',(#2621,#2629,#2636,#2642));
#2644=FACE_OUTER_BOUND('',#2643,.T.);
#2645=ADVANCED_FACE('',(#2644),#2606,.T.);
#2646=COLOUR_RGB('',0.39,0.39,0.39);
#2647=FILL_AREA_STYLE_COLOUR('',#2646);
#2648=FILL_AREA_STYLE('',(#2647));
#2649=SURFACE_STYLE_FILL_AREA(#2648);
#2650=SURFACE_STYLE_TRANSPARENT(0.00);
#2651=SURFACE_STYLE_RENDERING_WITH_PROPERTIES(.NORMAL_SHADING.,#2646,(#2650));
#2652=SURFACE_SIDE_STYLE('',(#2649, #2651));
#2653=SURFACE_STYLE_USAGE(.BOTH.,#2652);
#2654=PRESENTATION_STYLE_ASSIGNMENT((#2653));
#2655=STYLED_ITEM('',(#2654),#2645);

#2656=(
BOUNDED_SURFACE()
B_SPLINE_SURFACE(2,1,((#2657,#2658),(#2659,#2660),(#2661,#2662)),.UNSPECIFIED.,.F.,.F.,.F.)
B_SPLINE_SURFACE_WITH_KNOTS((3,3),(2,2),(0.000,1.000),(0.000,1.000),.UNSPECIFIED.)
GEOMETRIC_REPRESENTATION_ITEM()
RATIONAL_B_SPLINE_SURFACE(((1.0000000000,1.0000000000),(0.7071067812,0.7071067812),(1.0000000000,1.0000000000)))
REPRESENTATION_ITEM('')
SURFACE()
);
#2657=CARTESIAN_POINT('',(-31.1500000000,-15.0000000000,8.0000000000));
#2658=CARTESIAN_POINT('',(-31.1500000000,-15.0000000000,4.0000000000));
#2659=CARTESIAN_POINT('',(-31.1500000000,-13.6500000000,8.0000000000));
#2660=CARTESIAN_POINT('',(-31.1500000000,-13.6500000000,4.0000000000));
#2661=CARTESIAN_POINT('',(-32.5000000000,-13.6500000000,8.0000000000));
#2662=CARTESIAN_POINT('',(-32.5000000000,-13.6500000000,4.0000000000));

#2663=CARTESIAN_POINT('',(-31.1500000000,-15.0000000000,5.2000000000));
#2664=VERTEX_POINT('',#2663);
#2665=(
BOUNDED_CURVE()
B_SPLINE_CURVE(1,(#2666,#2667),.UNSPECIFIED.,.F.,.F.)
B_SPLINE_CURVE_WITH_KNOTS((2,2),(0.000,1.000),.UNSPECIFIED.)
CURVE()
GEOMETRIC_REPRESENTATION_ITEM()
RATIONAL_B_SPLINE_CURVE((1.0000000000,1.0000000000))
REPRESENTATION_ITEM('')
);
#2666=CARTESIAN_POINT('',(-31.1500000000,-15.0000000000,5.2000000000));
#2667=CARTESIAN_POINT('',(-31.1500000000,-15.0000000000,4.0000000000));

#2668=CARTESIAN_POINT('',(-31.1500000000,-15.0000000000,4.0000000000));
#2669=VERTEX_POINT('',#2668);
#2670=EDGE_CURVE('',#2664,#2669,#2665,.T.);
#2671=ORIENTED_EDGE('',*,*,#2670,.T.);
#2672=(
BOUNDED_CURVE()
B_SPLINE_CURVE(2,(#2673,#2674,#2675),.UNSPECIFIED.,.F.,.F.)
B_SPLINE_CURVE_WITH_KNOTS((3,3),(0.000,1.000),.UNSPECIFIED.)
CURVE()
GEOMETRIC_REPRESENTATION_ITEM()
RATIONAL_B_SPLINE_CURVE((1.0000000000,0.7071067812,1.0000000000))
REPRESENTATION_ITEM('')
);
#2673=CARTESIAN_POINT('',(-31.1500000000,-14.9999999999,4.0000000000));
#2674=CARTESIAN_POINT('',(-31.1500000001,-13.6500000000,4.0000000000));
#2675=CARTESIAN_POINT('',(-32.5000000000,-13.6500000000,4.0000000000));

#2676=CARTESIAN_POINT('',(-32.5000000000,-13.6500000000,4.0000000000));
#2677=VERTEX_POINT('',#2676);
#2678=EDGE_CURVE('',#2669,#2677,#2672,.T.);
#2679=ORIENTED_EDGE('',*,*,#2678,.T.);
#2680=(
BOUNDED_CURVE()
B_SPLINE_CURVE(1,(#2681,#2682),.UNSPECIFIED.,.F.,.F.)
B_SPLINE_CURVE_WITH_KNOTS((2,2),(0.000,1.000),.UNSPECIFIED.)
CURVE()
GEOMETRIC_REPRESENTATION_ITEM()
RATIONAL_B_SPLINE_CURVE((1.0000000000,1.0000000000))
REPRESENTATION_ITEM('')
);
#2681=CARTESIAN_POINT('',(-32.5000000000,-13.6500000000,4.0000000000));
#2682=CARTESIAN_POINT('',(-32.5000000000,-13.6500000000,5.2000000000));

#2683=CARTESIAN_POINT('',(-32.5000000000,-13.6500000000,5.2000000000));
#2684=VERTEX_POINT('',#2683);
#2685=EDGE_CURVE('',#2677,#2684,#2680,.T.);
#2686=ORIENTED_EDGE('',*,*,#2685,.T.);
#2687=(
BOUNDED_CURVE()
B_SPLINE_CURVE(2,(#2688,#2689,#2690),.UNSPECIFIED.,.F.,.F.)
B_SPLINE_CURVE_WITH_KNOTS((3,3),(0.000,1.000),.UNSPECIFIED.)
CURVE()
GEOMETRIC_REPRESENTATION_ITEM()
RATIONAL_B_SPLINE_CURVE((0.9999999983,0.7071067820,1.0000000000))
REPRESENTATION_ITEM('')
);
#2688=CARTESIAN_POINT('',(-32.4999999946,-13.6500000000,5.2000000000));
#2689=CARTESIAN_POINT('',(-31.1500000000,-13.6500000054,5.2000000000));
#2690=CARTESIAN_POINT('',(-31.1500000000,-15.0000000000,5.2000000000));

#2691=EDGE_CURVE('',#2684,#2664,#2687,.T.);
#2692=ORIENTED_EDGE('',*,*,#2691,.T.);
#2693=EDGE_LOOP('',(#2671,#2679,#2686,#2692));
#2694=FACE_OUTER_BOUND('',#2693,.T.);
#2695=ADVANCED_FACE('',(#2694),#2656,.T.);
#2696=COLOUR_RGB('',0.39,0.39,0.39);
#2697=FILL_AREA_STYLE_COLOUR('',#2696);
#2698=FILL_AREA_STYLE('',(#2697));
#2699=SURFACE_STYLE_FILL_AREA(#2698);
#2700=SURFACE_STYLE_TRANSPARENT(0.00);
#2701=SURFACE_STYLE_RENDERING_WITH_PROPERTIES(.NORMAL_SHADING.,#2696,(#2700));
#2702=SURFACE_SIDE_STYLE('',(#2699, #2701));
#2703=SURFACE_STYLE_USAGE(.BOTH.,#2702);
#2704=PRESENTATION_STYLE_ASSIGNMENT((#2703));
#2705=STYLED_ITEM('',(#2704),#2695);

#2706=(
BOUNDED_SURFACE()
B_SPLINE_SURFACE(2,1,((#2707,#2708),(#2709,#2710),(#2711,#2712)),.UNSPECIFIED.,.F.,.F.,.F.)
B_SPLINE_SURFACE_WITH_KNOTS((3,3),(2,2),(0.000,1.000),(0.000,1.000),.UNSPECIFIED.)
GEOMETRIC_REPRESENTATION_ITEM()
RATIONAL_B_SPLINE_SURFACE(((1.0000000000,1.0000000000),(0.7071067812,0.7071067812),(1.0000000000,1.0000000000)))
REPRESENTATION_ITEM('')
SURFACE()
);
#2707=CARTESIAN_POINT('',(-32.5000000000,-16.3500000000,8.0000000000));
#2708=CARTESIAN_POINT('',(-32.5000000000,-16.3500000000,4.0000000000));
#2709=CARTESIAN_POINT('',(-31.1500000000,-16.3500000000,8.0000000000));
#2710=CARTESIAN_POINT('',(-31.1500000000,-16.3500000000,4.0000000000));
#2711=CARTESIAN_POINT('',(-31.1500000000,-15.0000000000,8.0000000000));
#2712=CARTESIAN_POINT('',(-31.1500000000,-15.0000000000,4.0000000000));

#2713=CARTESIAN_POINT('',(-32.5000000000,-16.3500000000,5.2000000000));
#2714=VERTEX_POINT('',#2713);
#2715=(
BOUNDED_CURVE()
B_SPLINE_CURVE(1,(#2716,#2717),.UNSPECIFIED.,.F.,.F.)
B_SPLINE_CURVE_WITH_KNOTS((2,2),(0.000,1.000),.UNSPECIFIED.)
CURVE()
GEOMETRIC_REPRESENTATION_ITEM()
RATIONAL_B_SPLINE_CURVE((1.0000000000,1.0000000000))
REPRESENTATION_ITEM('')
);
#2716=CARTESIAN_POINT('',(-32.5000000000,-16.3500000000,5.2000000000));
#2717=CARTESIAN_POINT('',(-32.5000000000,-16.3500000000,4.0000000000));

#2718=CARTESIAN_POINT('',(-32.5000000000,-16.3500000000,4.0000000000));
#2719=VERTEX_POINT('',#2718);
#2720=EDGE_CURVE('',#2714,#2719,#2715,.T.);
#2721=ORIENTED_EDGE('',*,*,#2720,.T.);
#2722=(
BOUNDED_CURVE()
B_SPLINE_CURVE(2,(#2723,#2724,#2725),.UNSPECIFIED.,.F.,.F.)
B_SPLINE_CURVE_WITH_KNOTS((3,3),(0.000,1.000),.UNSPECIFIED.)
CURVE()
GEOMETRIC_REPRESENTATION_ITEM()
RATIONAL_B_SPLINE_CURVE((1.0000000000,0.7071067812,1.0000000000))
REPRESENTATION_ITEM('')
);
#2723=CARTESIAN_POINT('',(-32.4999999999,-16.3500000000,4.0000000000));
#2724=CARTESIAN_POINT('',(-31.1500000000,-16.3499999999,4.0000000000));
#2725=CARTESIAN_POINT('',(-31.1500000000,-15.0000000000,4.0000000000));

#2726=CARTESIAN_POINT('',(-31.1500000000,-15.0000000000,4.0000000000));
#2727=VERTEX_POINT('',#2726);
#2728=EDGE_CURVE('',#2719,#2727,#2722,.T.);
#2729=ORIENTED_EDGE('',*,*,#2728,.T.);
#2730=(
BOUNDED_CURVE()
B_SPLINE_CURVE(1,(#2731,#2732),.UNSPECIFIED.,.F.,.F.)
B_SPLINE_CURVE_WITH_KNOTS((2,2),(0.000,1.000),.UNSPECIFIED.)
CURVE()
GEOMETRIC_REPRESENTATION_ITEM()
RATIONAL_B_SPLINE_CURVE((1.0000000000,1.0000000000))
REPRESENTATION_ITEM('')
);
#2731=CARTESIAN_POINT('',(-31.1500000000,-15.0000000000,4.0000000000));
#2732=CARTESIAN_POINT('',(-31.1500000000,-15.0000000000,5.2000000000));

#2733=CARTESIAN_POINT('',(-31.1500000000,-15.0000000000,5.2000000000));
#2734=VERTEX_POINT('',#2733);
#2735=EDGE_CURVE('',#2727,#2734,#2730,.T.);
#2736=ORIENTED_EDGE('',*,*,#2735,.T.);
#2737=(
BOUNDED_CURVE()
B_SPLINE_CURVE(2,(#2738,#2739,#2740),.UNSPECIFIED.,.F.,.F.)
B_SPLINE_CURVE_WITH_KNOTS((3,3),(0.000,1.000),.UNSPECIFIED.)
CURVE()
GEOMETRIC_REPRESENTATION_ITEM()
RATIONAL_B_SPLINE_CURVE((0.9999999983,0.7071067820,1.0000000000))
REPRESENTATION_ITEM('')
);
#2738=CARTESIAN_POINT('',(-31.1500000000,-15.0000000054,5.2000000000));
#2739=CARTESIAN_POINT('',(-31.1500000054,-16.3500000000,5.2000000000));
#2740=CARTESIAN_POINT('',(-32.5000000000,-16.3500000000,5.2000000000));

#2741=EDGE_CURVE('',#2734,#2714,#2737,.T.);
#2742=ORIENTED_EDGE('',*,*,#2741,.T.);
#2743=EDGE_LOOP('',(#2721,#2729,#2736,#2742));
#2744=FACE_OUTER_BOUND('',#2743,.T.);
#2745=ADVANCED_FACE('',(#2744),#2706,.T.);
#2746=COLOUR_RGB('',0.39,0.39,0.39);
#2747=FILL_AREA_STYLE_COLOUR('',#2746);
#2748=FILL_AREA_STYLE('',(#2747));
#2749=SURFACE_STYLE_FILL_AREA(#2748);
#2750=SURFACE_STYLE_TRANSPARENT(0.00);
#2751=SURFACE_STYLE_RENDERING_WITH_PROPERTIES(.NORMAL_SHADING.,#2746,(#2750));
#2752=SURFACE_SIDE_STYLE('',(#2749, #2751));
#2753=SURFACE_STYLE_USAGE(.BOTH.,#2752);
#2754=PRESENTATION_STYLE_ASSIGNMENT((#2753));
#2755=STYLED_ITEM('',(#2754),#2745);

#2756=(
BOUNDED_SURFACE()
B_SPLINE_SURFACE(2,1,((#2757,#2758),(#2759,#2760),(#2761,#2762)),.UNSPECIFIED.,.F.,.F.,.F.)
B_SPLINE_SURFACE_WITH_KNOTS((3,3),(2,2),(0.000,1.000),(0.000,1.000),.UNSPECIFIED.)
GEOMETRIC_REPRESENTATION_ITEM()
RATIONAL_B_SPLINE_SURFACE(((1.0000000000,1.0000000000),(0.7071067812,0.7071067812),(1.0000000000,1.0000000000)))
REPRESENTATION_ITEM('')
SURFACE()
);
#2757=CARTESIAN_POINT('',(-33.8500000000,-15.0000000000,8.0000000000));
#2758=CARTESIAN_POINT('',(-33.8500000000,-15.0000000000,4.0000000000));
#2759=CARTESIAN_POINT('',(-33.8500000000,-16.3500000000,8.0000000000));
#2760=CARTESIAN_POINT('',(-33.8500000000,-16.3500000000,4.0000000000));
#2761=CARTESIAN_POINT('',(-32.5000000000,-16.3500000000,8.0000000000));
#2762=CARTESIAN_POINT('',(-32.5000000000,-16.3500000000,4.0000000000));

#2763=CARTESIAN_POINT('',(-33.8500000000,-15.0000000000,5.2000000000));
#2764=VERTEX_POINT('',#2763);
#2765=(
BOUNDED_CURVE()
B_SPLINE_CURVE(1,(#2766,#2767),.UNSPECIFIED.,.F.,.F.)
B_SPLINE_CURVE_WITH_KNOTS((2,2),(0.000,1.000),.UNSPECIFIED.)
CURVE()
GEOMETRIC_REPRESENTATION_ITEM()
RATIONAL_B_SPLINE_CURVE((1.0000000000,1.0000000000))
REPRESENTATION_ITEM('')
);
#2766=CARTESIAN_POINT('',(-33.8500000000,-15.0000000000,5.2000000000));
#2767=CARTESIAN_POINT('',(-33.8500000000,-15.0000000000,4.0000000000));

#2768=CARTESIAN_POINT('',(-33.8500000000,-15.0000000000,4.0000000000));
#2769=VERTEX_POINT('',#2768);
#2770=EDGE_CURVE('',#2764,#2769,#2765,.T.);
#2771=ORIENTED_EDGE('',*,*,#2770,.T.);
#2772=(
BOUNDED_CURVE()
B_SPLINE_CURVE(2,(#2773,#2774,#2775),.UNSPECIFIED.,.F.,.F.)
B_SPLINE_CURVE_WITH_KNOTS((3,3),(0.000,1.000),.UNSPECIFIED.)
CURVE()
GEOMETRIC_REPRESENTATION_ITEM()
RATIONAL_B_SPLINE_CURVE((1.0000000000,0.7071067812,1.0000000000))
REPRESENTATION_ITEM('')
);
#2773=CARTESIAN_POINT('',(-33.8500000000,-15.0000000001,4.0000000000));
#2774=CARTESIAN_POINT('',(-33.8499999999,-16.3500000000,4.0000000000));
#2775=CARTESIAN_POINT('',(-32.5000000000,-16.3500000000,4.0000000000));

#2776=CARTESIAN_POINT('',(-32.5000000000,-16.3500000000,4.0000000000));
#2777=VERTEX_POINT('',#2776);
#2778=EDGE_CURVE('',#2769,#2777,#2772,.T.);
#2779=ORIENTED_EDGE('',*,*,#2778,.T.);
#2780=(
BOUNDED_CURVE()
B_SPLINE_CURVE(1,(#2781,#2782),.UNSPECIFIED.,.F.,.F.)
B_SPLINE_CURVE_WITH_KNOTS((2,2),(0.000,1.000),.UNSPECIFIED.)
CURVE()
GEOMETRIC_REPRESENTATION_ITEM()
RATIONAL_B_SPLINE_CURVE((1.0000000000,1.0000000000))
REPRESENTATION_ITEM('')
);
#2781=CARTESIAN_POINT('',(-32.5000000000,-16.3500000000,4.0000000000));
#2782=CARTESIAN_POINT('',(-32.5000000000,-16.3500000000,5.2000000000));

#2783=CARTESIAN_POINT('',(-32.5000000000,-16.3500000000,5.2000000000));
#2784=VERTEX_POINT('',#2783);
#2785=EDGE_CURVE('',#2777,#2784,#2780,.T.);
#2786=ORIENTED_EDGE('',*,*,#2785,.T.);
#2787=(
BOUNDED_CURVE()
B_SPLINE_CURVE(2,(#2788,#2789,#2790),.UNSPECIFIED.,.F.,.F.)
B_SPLINE_CURVE_WITH_KNOTS((3,3),(0.000,1.000),.UNSPECIFIED.)
CURVE()
GEOMETRIC_REPRESENTATION_ITEM()
RATIONAL_B_SPLINE_CURVE((0.9999999983,0.7071067820,1.0000000000))
REPRESENTATION_ITEM('')
);
#2788=CARTESIAN_POINT('',(-32.5000000054,-16.3500000000,5.2000000000));
#2789=CARTESIAN_POINT('',(-33.8500000000,-16.3499999946,5.2000000000));
#2790=CARTESIAN_POINT('',(-33.8500000000,-15.0000000000,5.2000000000));

#2791=EDGE_CURVE('',#2784,#2764,#2787,.T.);
#2792=ORIENTED_EDGE('',*,*,#2791,.T.);
#2793=EDGE_LOOP('',(#2771,#2779,#2786,#2792));
#2794=FACE_OUTER_BOUND('',#2793,.T.);
#2795=ADVANCED_FACE('',(#2794),#2756,.T.);
#2796=COLOUR_RGB('',0.39,0.39,0.39);
#2797=FILL_AREA_STYLE_COLOUR('',#2796);
#2798=FILL_AREA_STYLE('',(#2797));
#2799=SURFACE_STYLE_FILL_AREA(#2798);
#2800=SURFACE_STYLE_TRANSPARENT(0.00);
#2801=SURFACE_STYLE_RENDERING_WITH_PROPERTIES(.NORMAL_SHADING.,#2796,(#2800));
#2802=SURFACE_SIDE_STYLE('',(#2799, #2801));
#2803=SURFACE_STYLE_USAGE(.BOTH.,#2802);
#2804=PRESENTATION_STYLE_ASSIGNMENT((#2803));
#2805=STYLED_ITEM('',(#2804),#2795);

#2806=(
BOUNDED_SURFACE()
B_SPLINE_SURFACE(1,1,((#2807,#2808),(#2809,#2810)),.UNSPECIFIED.,.F.,.F.,.F.)
B_SPLINE_SURFACE_WITH_KNOTS((2,2),(2,2),(0.000,1.000),(0.000,1.000),.UNSPECIFIED.)
GEOMETRIC_REPRESENTATION_ITEM()
RATIONAL_B_SPLINE_SURFACE(((1.0000000000,1.0000000000),(1.0000000000,1.0000000000)))
REPRESENTATION_ITEM('')
SURFACE()
);
#2807=CARTESIAN_POINT('',(-29.9250000000,12.0266461137,5.2000000000));
#2808=CARTESIAN_POINT('',(-35.0750000000,12.0266461137,5.2000000000));
#2809=CARTESIAN_POINT('',(-29.9250000000,17.9733538863,5.2000000000));
#2810=CARTESIAN_POINT('',(-35.0750000000,17.9733538863,5.2000000000));

#2811=CARTESIAN_POINT('',(-35.0750000000,16.4866769432,5.2000000000));
#2812=VERTEX_POINT('',#2811);
#2813=(
BOUNDED_CURVE()
B_SPLINE_CURVE(1,(#2814,#2815),.UNSPECIFIED.,.F.,.F.)
B_SPLINE_CURVE_WITH_KNOTS((2,2),(0.000,1.000),.UNSPECIFIED.)
CURVE()
GEOMETRIC_REPRESENTATION_ITEM()
RATIONAL_B_SPLINE_CURVE((1.0000000000,1.0000000000))
REPRESENTATION_ITEM('')
);
#2814=CARTESIAN_POINT('',(-35.0750000000,16.4866769432,5.2000000000));
#2815=CARTESIAN_POINT('',(-32.5000000000,17.9733538863,5.2000000000));

#2816=CARTESIAN_POINT('',(-32.5000000000,17.9733538863,5.2000000000));
#2817=VERTEX_POINT('',#2816);
#2818=EDGE_CURVE('',#2812,#2817,#2813,.T.);
#2819=ORIENTED_EDGE('',*,*,#2818,.T.);
#2820=(
BOUNDED_CURVE()
B_SPLINE_CURVE(1,(#2821,#2822),.UNSPECIFIED.,.F.,.F.)
B_SPLINE_CURVE_WITH_KNOTS((2,2),(0.000,1.000),.UNSPECIFIED.)
CURVE()
GEOMETRIC_REPRESENTATION_ITEM()
RATIONAL_B_SPLINE_CURVE((1.0000000000,1.0000000000))
REPRESENTATION_ITEM('')
);
#2821=CARTESIAN_POINT('',(-32.5000000000,17.9733538863,5.2000000000));
#2822=CARTESIAN_POINT('',(-29.9250000000,16.4866769432,5.2000000000));

#2823=CARTESIAN_POINT('',(-29.9250000000,16.4866769432,5.2000000000));
#2824=VERTEX_POINT('',#2823);
#2825=EDGE_CURVE('',#2817,#2824,#2820,.T.);
#2826=ORIENTED_EDGE('',*,*,#2825,.T.);
#2827=(
BOUNDED_CURVE()
B_SPLINE_CURVE(1,(#2828,#2829),.UNSPECIFIED.,.F.,.F.)
B_SPLINE_CURVE_WITH_KNOTS((2,2),(0.000,1.000),.UNSPECIFIED.)
CURVE()
GEOMETRIC_REPRESENTATION_ITEM()
RATIONAL_B_SPLINE_CURVE((1.0000000000,1.0000000000))
REPRESENTATION_ITEM('')
);
#2828=CARTESIAN_POINT('',(-29.9250000000,16.4866769432,5.2000000000));
#2829=CARTESIAN_POINT('',(-29.9250000000,13.5133230568,5.2000000000));

#2830=CARTESIAN_POINT('',(-29.9250000000,13.5133230568,5.2000000000));
#2831=VERTEX_POINT('',#2830);
#2832=EDGE_CURVE('',#2824,#2831,#2827,.T.);
#2833=ORIENTED_EDGE('',*,*,#2832,.T.);
#2834=(
BOUNDED_CURVE()
B_SPLINE_CURVE(1,(#2835,#2836),.UNSPECIFIED.,.F.,.F.)
B_SPLINE_CURVE_WITH_KNOTS((2,2),(0.000,1.000),.UNSPECIFIED.)
CURVE()
GEOMETRIC_REPRESENTATION_ITEM()
RATIONAL_B_SPLINE_CURVE((1.0000000000,1.0000000000))
REPRESENTATION_ITEM('')
);
#2835=CARTESIAN_POINT('',(-29.9250000000,13.5133230568,5.2000000000));
#2836=CARTESIAN_POINT('',(-32.5000000000,12.0266461137,5.2000000000));

#2837=CARTESIAN_POINT('',(-32.5000000000,12.0266461137,5.2000000000));
#2838=VERTEX_POINT('',#2837);
#2839=EDGE_CURVE('',#2831,#2838,#2834,.T.);
#2840=ORIENTED_EDGE('',*,*,#2839,.T.);
#2841=(
BOUNDED_CURVE()
B_SPLINE_CURVE(1,(#2842,#2843),.UNSPECIFIED.,.F.,.F.)
B_SPLINE_CURVE_WITH_KNOTS((2,2),(0.000,1.000),.UNSPECIFIED.)
CURVE()
GEOMETRIC_REPRESENTATION_ITEM()
RATIONAL_B_SPLINE_CURVE((1.0000000000,1.0000000000))
REPRESENTATION_ITEM('')
);
#2842=CARTESIAN_POINT('',(-32.5000000000,12.0266461137,5.2000000000));
#2843=CARTESIAN_POINT('',(-35.0750000000,13.5133230568,5.2000000000));

#2844=CARTESIAN_POINT('',(-35.0750000000,13.5133230568,5.2000000000));
#2845=VERTEX_POINT('',#2844);
#2846=EDGE_CURVE('',#2838,#2845,#2841,.T.);
#2847=ORIENTED_EDGE('',*,*,#2846,.T.);
#2848=(
BOUNDED_CURVE()
B_SPLINE_CURVE(1,(#2849,#2850),.UNSPECIFIED.,.F.,.F.)
B_SPLINE_CURVE_WITH_KNOTS((2,2),(0.000,1.000),.UNSPECIFIED.)
CURVE()
GEOMETRIC_REPRESENTATION_ITEM()
RATIONAL_B_SPLINE_CURVE((1.0000000000,1.0000000000))
REPRESENTATION_ITEM('')
);
#2849=CARTESIAN_POINT('',(-35.0750000000,13.5133230568,5.2000000000));
#2850=CARTESIAN_POINT('',(-35.0750000000,16.4866769432,5.2000000000));

#2851=EDGE_CURVE('',#2845,#2812,#2848,.T.);
#2852=ORIENTED_EDGE('',*,*,#2851,.T.);
#2853=EDGE_LOOP('',(#2819,#2826,#2833,#2840,#2847,#2852));
#2854=FACE_OUTER_BOUND('',#2853,.T.);
#2855=CARTESIAN_POINT('',(-31.1500000000,14.9999999999,5.2000000000));
#2856=VERTEX_POINT('',#2855);
#2857=(
BOUNDED_CURVE()
B_SPLINE_CURVE(2,(#2858,#2859,#2860),.UNSPECIFIED.,.F.,.F.)
B_SPLINE_CURVE_WITH_KNOTS((3,3),(0.000,1.000),.UNSPECIFIED.)
CURVE()
GEOMETRIC_REPRESENTATION_ITEM()
RATIONAL_B_SPLINE_CURVE((1.0000000000,0.7071067812,1.0000000000))
REPRESENTATION_ITEM('')
);
#2858=CARTESIAN_POINT('',(-31.1500000000,15.0000000000,5.2000000000));
#2859=CARTESIAN_POINT('',(-31.1500000000,16.3499999999,5.2000000000));
#2860=CARTESIAN_POINT('',(-32.4999999999,16.3500000000,5.2000000000));

#2861=CARTESIAN_POINT('',(-32.4999999999,16.3500000000,5.2000000000));
#2862=VERTEX_POINT('',#2861);
#2863=EDGE_CURVE('',#2856,#2862,#2857,.T.);
#2864=ORIENTED_EDGE('',*,*,#2863,.T.);
#2865=(
BOUNDED_CURVE()
B_SPLINE_CURVE(2,(#2866,#2867,#2868),.UNSPECIFIED.,.F.,.F.)
B_SPLINE_CURVE_WITH_KNOTS((3,3),(0.000,1.000),.UNSPECIFIED.)
CURVE()
GEOMETRIC_REPRESENTATION_ITEM()
RATIONAL_B_SPLINE_CURVE((1.0000000000,0.7071067812,1.0000000000))
REPRESENTATION_ITEM('')
);
#2866=CARTESIAN_POINT('',(-32.5000000000,16.3500000000,5.2000000000));
#2867=CARTESIAN_POINT('',(-33.8499999999,16.3500000000,5.2000000000));
#2868=CARTESIAN_POINT('',(-33.8500000000,15.0000000001,5.2000000000));

#2869=CARTESIAN_POINT('',(-33.8500000000,15.0000000001,5.2000000000));
#2870=VERTEX_POINT('',#2869);
#2871=EDGE_CURVE('',#2862,#2870,#2865,.T.);
#2872=ORIENTED_EDGE('',*,*,#2871,.T.);
#2873=(
BOUNDED_CURVE()
B_SPLINE_CURVE(2,(#2874,#2875,#2876),.UNSPECIFIED.,.F.,.F.)
B_SPLINE_CURVE_WITH_KNOTS((3,3),(0.000,1.000),.UNSPECIFIED.)
CURVE()
GEOMETRIC_REPRESENTATION_ITEM()
RATIONAL_B_SPLINE_CURVE((1.0000000000,0.7071067812,1.0000000000))
REPRESENTATION_ITEM('')
);
#2874=CARTESIAN_POINT('',(-33.8500000000,15.0000000000,5.2000000000));
#2875=CARTESIAN_POINT('',(-33.8500000000,13.6500000001,5.2000000000));
#2876=CARTESIAN_POINT('',(-32.5000000001,13.6500000000,5.2000000000));

#2877=CARTESIAN_POINT('',(-32.5000000001,13.6500000000,5.2000000000));
#2878=VERTEX_POINT('',#2877);
#2879=EDGE_CURVE('',#2870,#2878,#2873,.T.);
#2880=ORIENTED_EDGE('',*,*,#2879,.T.);
#2881=(
BOUNDED_CURVE()
B_SPLINE_CURVE(2,(#2882,#2883,#2884),.UNSPECIFIED.,.F.,.F.)
B_SPLINE_CURVE_WITH_KNOTS((3,3),(0.000,1.000),.UNSPECIFIED.)
CURVE()
GEOMETRIC_REPRESENTATION_ITEM()
RATIONAL_B_SPLINE_CURVE((1.0000000000,0.7071067812,1.0000000000))
REPRESENTATION_ITEM('')
);
#2882=CARTESIAN_POINT('',(-32.5000000000,13.6500000000,5.2000000000));
#2883=CARTESIAN_POINT('',(-31.1500000001,13.6500000000,5.2000000000));
#2884=CARTESIAN_POINT('',(-31.1500000000,14.9999999999,5.2000000000));

#2885=EDGE_CURVE('',#2878,#2856,#2881,.T.);
#2886=ORIENTED_EDGE('',*,*,#2885,.T.);
#2887=EDGE_LOOP('',(#2864,#2872,#2880,#2886));
#2888=FACE_BOUND('',#2887,.T.);
#2889=ADVANCED_FACE('',(#2854,#2888),#2806,.T.);
#2890=COLOUR_RGB('',0.39,0.39,0.39);
#2891=FILL_AREA_STYLE_COLOUR('',#2890);
#2892=FILL_AREA_STYLE('',(#2891));
#2893=SURFACE_STYLE_FILL_AREA(#2892);
#2894=SURFACE_STYLE_TRANSPARENT(0.00);
#2895=SURFACE_STYLE_RENDERING_WITH_PROPERTIES(.NORMAL_SHADING.,#2890,(#2894));
#2896=SURFACE_SIDE_STYLE('',(#2893, #2895));
#2897=SURFACE_STYLE_USAGE(.BOTH.,#2896);
#2898=PRESENTATION_STYLE_ASSIGNMENT((#2897));
#2899=STYLED_ITEM('',(#2898),#2889);

#2900=(
BOUNDED_SURFACE()
B_SPLINE_SURFACE(1,1,((#2901,#2902),(#2903,#2904)),.UNSPECIFIED.,.F.,.F.,.F.)
B_SPLINE_SURFACE_WITH_KNOTS((2,2),(2,2),(0.000,1.000),(0.000,1.000),.UNSPECIFIED.)
GEOMETRIC_REPRESENTATION_ITEM()
RATIONAL_B_SPLINE_SURFACE(((1.0000000000,1.0000000000),(1.0000000000,1.0000000000)))
REPRESENTATION_ITEM('')
SURFACE()
);
#2901=CARTESIAN_POINT('',(-29.9250000000,16.4866769432,8.0000000000));
#2902=CARTESIAN_POINT('',(-29.9250000000,16.4866769432,5.2000000000));
#2903=CARTESIAN_POINT('',(-32.5000000000,17.9733538863,8.0000000000));
#2904=CARTESIAN_POINT('',(-32.5000000000,17.9733538863,5.2000000000));

#2905=CARTESIAN_POINT('',(-32.5000000000,17.9733538863,8.0000000000));
#2906=VERTEX_POINT('',#2905);
#2907=(
BOUNDED_CURVE()
B_SPLINE_CURVE(1,(#2908,#2909),.UNSPECIFIED.,.F.,.F.)
B_SPLINE_CURVE_WITH_KNOTS((2,2),(0.000,1.000),.UNSPECIFIED.)
CURVE()
GEOMETRIC_REPRESENTATION_ITEM()
RATIONAL_B_SPLINE_CURVE((1.0000000000,1.0000000000))
REPRESENTATION_ITEM('')
);
#2908=CARTESIAN_POINT('',(-32.5000000000,17.9733538863,8.0000000000));
#2909=CARTESIAN_POINT('',(-29.9250000000,16.4866769432,8.0000000000));

#2910=CARTESIAN_POINT('',(-29.9250000000,16.4866769432,8.0000000000));
#2911=VERTEX_POINT('',#2910);
#2912=EDGE_CURVE('',#2906,#2911,#2907,.T.);
#2913=ORIENTED_EDGE('',*,*,#2912,.T.);
#2914=(
BOUNDED_CURVE()
B_SPLINE_CURVE(1,(#2915,#2916),.UNSPECIFIED.,.F.,.F.)
B_SPLINE_CURVE_WITH_KNOTS((2,2),(0.000,1.000),.UNSPECIFIED.)
CURVE()
GEOMETRIC_REPRESENTATION_ITEM()
RATIONAL_B_SPLINE_CURVE((1.0000000000,1.0000000000))
REPRESENTATION_ITEM('')
);
#2915=CARTESIAN_POINT('',(-29.9250000000,16.4866769432,8.0000000000));
#2916=CARTESIAN_POINT('',(-29.9250000000,16.4866769432,5.2000000000));

#2917=CARTESIAN_POINT('',(-29.9250000000,16.4866769432,5.2000000000));
#2918=VERTEX_POINT('',#2917);
#2919=EDGE_CURVE('',#2911,#2918,#2914,.T.);
#2920=ORIENTED_EDGE('',*,*,#2919,.T.);
#2921=(
BOUNDED_CURVE()
B_SPLINE_CURVE(1,(#2922,#2923),.UNSPECIFIED.,.F.,.F.)
B_SPLINE_CURVE_WITH_KNOTS((2,2),(0.000,1.000),.UNSPECIFIED.)
CURVE()
GEOMETRIC_REPRESENTATION_ITEM()
RATIONAL_B_SPLINE_CURVE((1.0000000000,1.0000000000))
REPRESENTATION_ITEM('')
);
#2922=CARTESIAN_POINT('',(-29.9250000000,16.4866769432,5.2000000000));
#2923=CARTESIAN_POINT('',(-32.5000000000,17.9733538863,5.2000000000));

#2924=CARTESIAN_POINT('',(-32.5000000000,17.9733538863,5.2000000000));
#2925=VERTEX_POINT('',#2924);
#2926=EDGE_CURVE('',#2918,#2925,#2921,.T.);
#2927=ORIENTED_EDGE('',*,*,#2926,.T.);
#2928=(
BOUNDED_CURVE()
B_SPLINE_CURVE(1,(#2929,#2930),.UNSPECIFIED.,.F.,.F.)
B_SPLINE_CURVE_WITH_KNOTS((2,2),(0.000,1.000),.UNSPECIFIED.)
CURVE()
GEOMETRIC_REPRESENTATION_ITEM()
RATIONAL_B_SPLINE_CURVE((1.0000000000,1.0000000000))
REPRESENTATION_ITEM('')
);
#2929=CARTESIAN_POINT('',(-32.5000000000,17.9733538863,5.2000000000));
#2930=CARTESIAN_POINT('',(-32.5000000000,17.9733538863,8.0000000000));

#2931=EDGE_CURVE('',#2925,#2906,#2928,.T.);
#2932=ORIENTED_EDGE('',*,*,#2931,.T.);
#2933=EDGE_LOOP('',(#2913,#2920,#2927,#2932));
#2934=FACE_OUTER_BOUND('',#2933,.T.);
#2935=ADVANCED_FACE('',(#2934),#2900,.T.);
#2936=COLOUR_RGB('',0.39,0.39,0.39);
#2937=FILL_AREA_STYLE_COLOUR('',#2936);
#2938=FILL_AREA_STYLE('',(#2937));
#2939=SURFACE_STYLE_FILL_AREA(#2938);
#2940=SURFACE_STYLE_TRANSPARENT(0.00);
#2941=SURFACE_STYLE_RENDERING_WITH_PROPERTIES(.NORMAL_SHADING.,#2936,(#2940));
#2942=SURFACE_SIDE_STYLE('',(#2939, #2941));
#2943=SURFACE_STYLE_USAGE(.BOTH.,#2942);
#2944=PRESENTATION_STYLE_ASSIGNMENT((#2943));
#2945=STYLED_ITEM('',(#2944),#2935);

#2946=(
BOUNDED_SURFACE()
B_SPLINE_SURFACE(1,1,((#2947,#2948),(#2949,#2950)),.UNSPECIFIED.,.F.,.F.,.F.)
B_SPLINE_SURFACE_WITH_KNOTS((2,2),(2,2),(0.000,1.000),(0.000,1.000),.UNSPECIFIED.)
GEOMETRIC_REPRESENTATION_ITEM()
RATIONAL_B_SPLINE_SURFACE(((1.0000000000,1.0000000000),(1.0000000000,1.0000000000)))
REPRESENTATION_ITEM('')
SURFACE()
);
#2947=CARTESIAN_POINT('',(-29.9250000000,13.5133230568,8.0000000000));
#2948=CARTESIAN_POINT('',(-29.9250000000,13.5133230568,5.2000000000));
#2949=CARTESIAN_POINT('',(-29.9250000000,16.4866769432,8.0000000000));
#2950=CARTESIAN_POINT('',(-29.9250000000,16.4866769432,5.2000000000));

#2951=CARTESIAN_POINT('',(-29.9250000000,16.4866769432,8.0000000000));
#2952=VERTEX_POINT('',#2951);
#2953=(
BOUNDED_CURVE()
B_SPLINE_CURVE(1,(#2954,#2955),.UNSPECIFIED.,.F.,.F.)
B_SPLINE_CURVE_WITH_KNOTS((2,2),(0.000,1.000),.UNSPECIFIED.)
CURVE()
GEOMETRIC_REPRESENTATION_ITEM()
RATIONAL_B_SPLINE_CURVE((1.0000000000,1.0000000000))
REPRESENTATION_ITEM('')
);
#2954=CARTESIAN_POINT('',(-29.9250000000,16.4866769432,8.0000000000));
#2955=CARTESIAN_POINT('',(-29.9250000000,13.5133230568,8.0000000000));

#2956=CARTESIAN_POINT('',(-29.9250000000,13.5133230568,8.0000000000));
#2957=VERTEX_POINT('',#2956);
#2958=EDGE_CURVE('',#2952,#2957,#2953,.T.);
#2959=ORIENTED_EDGE('',*,*,#2958,.T.);
#2960=(
BOUNDED_CURVE()
B_SPLINE_CURVE(1,(#2961,#2962),.UNSPECIFIED.,.F.,.F.)
B_SPLINE_CURVE_WITH_KNOTS((2,2),(0.000,1.000),.UNSPECIFIED.)
CURVE()
GEOMETRIC_REPRESENTATION_ITEM()
RATIONAL_B_SPLINE_CURVE((1.0000000000,1.0000000000))
REPRESENTATION_ITEM('')
);
#2961=CARTESIAN_POINT('',(-29.9250000000,13.5133230568,8.0000000000));
#2962=CARTESIAN_POINT('',(-29.9250000000,13.5133230568,5.2000000000));

#2963=CARTESIAN_POINT('',(-29.9250000000,13.5133230568,5.2000000000));
#2964=VERTEX_POINT('',#2963);
#2965=EDGE_CURVE('',#2957,#2964,#2960,.T.);
#2966=ORIENTED_EDGE('',*,*,#2965,.T.);
#2967=(
BOUNDED_CURVE()
B_SPLINE_CURVE(1,(#2968,#2969),.UNSPECIFIED.,.F.,.F.)
B_SPLINE_CURVE_WITH_KNOTS((2,2),(0.000,1.000),.UNSPECIFIED.)
CURVE()
GEOMETRIC_REPRESENTATION_ITEM()
RATIONAL_B_SPLINE_CURVE((1.0000000000,1.0000000000))
REPRESENTATION_ITEM('')
);
#2968=CARTESIAN_POINT('',(-29.9250000000,13.5133230568,5.2000000000));
#2969=CARTESIAN_POINT('',(-29.9250000000,16.4866769432,5.2000000000));

#2970=CARTESIAN_POINT('',(-29.9250000000,16.4866769432,5.2000000000));
#2971=VERTEX_POINT('',#2970);
#2972=EDGE_CURVE('',#2964,#2971,#2967,.T.);
#2973=ORIENTED_EDGE('',*,*,#2972,.T.);
#2974=(
BOUNDED_CURVE()
B_SPLINE_CURVE(1,(#2975,#2976),.UNSPECIFIED.,.F.,.F.)
B_SPLINE_CURVE_WITH_KNOTS((2,2),(0.000,1.000),.UNSPECIFIED.)
CURVE()
GEOMETRIC_REPRESENTATION_ITEM()
RATIONAL_B_SPLINE_CURVE((1.0000000000,1.0000000000))
REPRESENTATION_ITEM('')
);
#2975=CARTESIAN_POINT('',(-29.9250000000,16.4866769432,5.2000000000));
#2976=CARTESIAN_POINT('',(-29.9250000000,16.4866769432,8.0000000000));

#2977=EDGE_CURVE('',#2971,#2952,#2974,.T.);
#2978=ORIENTED_EDGE('',*,*,#2977,.T.);
#2979=EDGE_LOOP('',(#2959,#2966,#2973,#2978));
#2980=FACE_OUTER_BOUND('',#2979,.T.);
#2981=ADVANCED_FACE('',(#2980),#2946,.T.);
#2982=COLOUR_RGB('',0.39,0.39,0.39);
#2983=FILL_AREA_STYLE_COLOUR('',#2982);
#2984=FILL_AREA_STYLE('',(#2983));
#2985=SURFACE_STYLE_FILL_AREA(#2984);
#2986=SURFACE_STYLE_TRANSPARENT(0.00);
#2987=SURFACE_STYLE_RENDERING_WITH_PROPERTIES(.NORMAL_SHADING.,#2982,(#2986));
#2988=SURFACE_SIDE_STYLE('',(#2985, #2987));
#2989=SURFACE_STYLE_USAGE(.BOTH.,#2988);
#2990=PRESENTATION_STYLE_ASSIGNMENT((#2989));
#2991=STYLED_ITEM('',(#2990),#2981);

#2992=(
BOUNDED_SURFACE()
B_SPLINE_SURFACE(1,1,((#2993,#2994),(#2995,#2996)),.UNSPECIFIED.,.F.,.F.,.F.)
B_SPLINE_SURFACE_WITH_KNOTS((2,2),(2,2),(0.000,1.000),(0.000,1.000),.UNSPECIFIED.)
GEOMETRIC_REPRESENTATION_ITEM()
RATIONAL_B_SPLINE_SURFACE(((1.0000000000,1.0000000000),(1.0000000000,1.0000000000)))
REPRESENTATION_ITEM('')
SURFACE()
);
#2993=CARTESIAN_POINT('',(-32.5000000000,12.0266461137,8.0000000000));
#2994=CARTESIAN_POINT('',(-32.5000000000,12.0266461137,5.2000000000));
#2995=CARTESIAN_POINT('',(-29.9250000000,13.5133230568,8.0000000000));
#2996=CARTESIAN_POINT('',(-29.9250000000,13.5133230568,5.2000000000));

#2997=CARTESIAN_POINT('',(-29.9250000000,13.5133230568,8.0000000000));
#2998=VERTEX_POINT('',#2997);
#2999=(
BOUNDED_CURVE()
B_SPLINE_CURVE(1,(#3000,#3001),.UNSPECIFIED.,.F.,.F.)
B_SPLINE_CURVE_WITH_KNOTS((2,2),(0.000,1.000),.UNSPECIFIED.)
CURVE()
GEOMETRIC_REPRESENTATION_ITEM()
RATIONAL_B_SPLINE_CURVE((1.0000000000,1.0000000000))
REPRESENTATION_ITEM('')
);
#3000=CARTESIAN_POINT('',(-29.9250000000,13.5133230568,8.0000000000));
#3001=CARTESIAN_POINT('',(-32.5000000000,12.0266461137,8.0000000000));

#3002=CARTESIAN_POINT('',(-32.5000000000,12.0266461137,8.0000000000));
#3003=VERTEX_POINT('',#3002);
#3004=EDGE_CURVE('',#2998,#3003,#2999,.T.);
#3005=ORIENTED_EDGE('',*,*,#3004,.T.);
#3006=(
BOUNDED_CURVE()
B_SPLINE_CURVE(1,(#3007,#3008),.UNSPECIFIED.,.F.,.F.)
B_SPLINE_CURVE_WITH_KNOTS((2,2),(0.000,1.000),.UNSPECIFIED.)
CURVE()
GEOMETRIC_REPRESENTATION_ITEM()
RATIONAL_B_SPLINE_CURVE((1.0000000000,1.0000000000))
REPRESENTATION_ITEM('')
);
#3007=CARTESIAN_POINT('',(-32.5000000000,12.0266461137,8.0000000000));
#3008=CARTESIAN_POINT('',(-32.5000000000,12.0266461137,5.2000000000));

#3009=CARTESIAN_POINT('',(-32.5000000000,12.0266461137,5.2000000000));
#3010=VERTEX_POINT('',#3009);
#3011=EDGE_CURVE('',#3003,#3010,#3006,.T.);
#3012=ORIENTED_EDGE('',*,*,#3011,.T.);
#3013=(
BOUNDED_CURVE()
B_SPLINE_CURVE(1,(#3014,#3015),.UNSPECIFIED.,.F.,.F.)
B_SPLINE_CURVE_WITH_KNOTS((2,2),(0.000,1.000),.UNSPECIFIED.)
CURVE()
GEOMETRIC_REPRESENTATION_ITEM()
RATIONAL_B_SPLINE_CURVE((1.0000000000,1.0000000000))
REPRESENTATION_ITEM('')
);
#3014=CARTESIAN_POINT('',(-32.5000000000,12.0266461137,5.2000000000));
#3015=CARTESIAN_POINT('',(-29.9250000000,13.5133230568,5.2000000000));

#3016=CARTESIAN_POINT('',(-29.9250000000,13.5133230568,5.2000000000));
#3017=VERTEX_POINT('',#3016);
#3018=EDGE_CURVE('',#3010,#3017,#3013,.T.);
#3019=ORIENTED_EDGE('',*,*,#3018,.T.);
#3020=(
BOUNDED_CURVE()
B_SPLINE_CURVE(1,(#3021,#3022),.UNSPECIFIED.,.F.,.F.)
B_SPLINE_CURVE_WITH_KNOTS((2,2),(0.000,1.000),.UNSPECIFIED.)
CURVE()
GEOMETRIC_REPRESENTATION_ITEM()
RATIONAL_B_SPLINE_CURVE((1.0000000000,1.0000000000))
REPRESENTATION_ITEM('')
);
#3021=CARTESIAN_POINT('',(-29.9250000000,13.5133230568,5.2000000000));
#3022=CARTESIAN_POINT('',(-29.9250000000,13.5133230568,8.0000000000));

#3023=EDGE_CURVE('',#3017,#2998,#3020,.T.);
#3024=ORIENTED_EDGE('',*,*,#3023,.T.);
#3025=EDGE_LOOP('',(#3005,#3012,#3019,#3024));
#3026=FACE_OUTER_BOUND('',#3025,.T.);
#3027=ADVANCED_FACE('',(#3026),#2992,.T.);
#3028=COLOUR_RGB('',0.39,0.39,0.39);
#3029=FILL_AREA_STYLE_COLOUR('',#3028);
#3030=FILL_AREA_STYLE('',(#3029));
#3031=SURFACE_STYLE_FILL_AREA(#3030);
#3032=SURFACE_STYLE_TRANSPARENT(0.00);
#3033=SURFACE_STYLE_RENDERING_WITH_PROPERTIES(.NORMAL_SHADING.,#3028,(#3032));
#3034=SURFACE_SIDE_STYLE('',(#3031, #3033));
#3035=SURFACE_STYLE_USAGE(.BOTH.,#3034);
#3036=PRESENTATION_STYLE_ASSIGNMENT((#3035));
#3037=STYLED_ITEM('',(#3036),#3027);

#3038=(
BOUNDED_SURFACE()
B_SPLINE_SURFACE(1,1,((#3039,#3040),(#3041,#3042)),.UNSPECIFIED.,.F.,.F.,.F.)
B_SPLINE_SURFACE_WITH_KNOTS((2,2),(2,2),(0.000,1.000),(0.000,1.000),.UNSPECIFIED.)
GEOMETRIC_REPRESENTATION_ITEM()
RATIONAL_B_SPLINE_SURFACE(((1.0000000000,1.0000000000),(1.0000000000,1.0000000000)))
REPRESENTATION_ITEM('')
SURFACE()
);
#3039=CARTESIAN_POINT('',(-35.0750000000,13.5133230568,8.0000000000));
#3040=CARTESIAN_POINT('',(-35.0750000000,13.5133230568,5.2000000000));
#3041=CARTESIAN_POINT('',(-32.5000000000,12.0266461137,8.0000000000));
#3042=CARTESIAN_POINT('',(-32.5000000000,12.0266461137,5.2000000000));

#3043=CARTESIAN_POINT('',(-32.5000000000,12.0266461137,8.0000000000));
#3044=VERTEX_POINT('',#3043);
#3045=(
BOUNDED_CURVE()
B_SPLINE_CURVE(1,(#3046,#3047),.UNSPECIFIED.,.F.,.F.)
B_SPLINE_CURVE_WITH_KNOTS((2,2),(0.000,1.000),.UNSPECIFIED.)
CURVE()
GEOMETRIC_REPRESENTATION_ITEM()
RATIONAL_B_SPLINE_CURVE((1.0000000000,1.0000000000))
REPRESENTATION_ITEM('')
);
#3046=CARTESIAN_POINT('',(-32.5000000000,12.0266461137,8.0000000000));
#3047=CARTESIAN_POINT('',(-35.0750000000,13.5133230568,8.0000000000));

#3048=CARTESIAN_POINT('',(-35.0750000000,13.5133230568,8.0000000000));
#3049=VERTEX_POINT('',#3048);
#3050=EDGE_CURVE('',#3044,#3049,#3045,.T.);
#3051=ORIENTED_EDGE('',*,*,#3050,.T.);
#3052=(
BOUNDED_CURVE()
B_SPLINE_CURVE(1,(#3053,#3054),.UNSPECIFIED.,.F.,.F.)
B_SPLINE_CURVE_WITH_KNOTS((2,2),(0.000,1.000),.UNSPECIFIED.)
CURVE()
GEOMETRIC_REPRESENTATION_ITEM()
RATIONAL_B_SPLINE_CURVE((1.0000000000,1.0000000000))
REPRESENTATION_ITEM('')
);
#3053=CARTESIAN_POINT('',(-35.0750000000,13.5133230568,8.0000000000));
#3054=CARTESIAN_POINT('',(-35.0750000000,13.5133230568,5.2000000000));

#3055=CARTESIAN_POINT('',(-35.0750000000,13.5133230568,5.2000000000));
#3056=VERTEX_POINT('',#3055);
#3057=EDGE_CURVE('',#3049,#3056,#3052,.T.);
#3058=ORIENTED_EDGE('',*,*,#3057,.T.);
#3059=(
BOUNDED_CURVE()
B_SPLINE_CURVE(1,(#3060,#3061),.UNSPECIFIED.,.F.,.F.)
B_SPLINE_CURVE_WITH_KNOTS((2,2),(0.000,1.000),.UNSPECIFIED.)
CURVE()
GEOMETRIC_REPRESENTATION_ITEM()
RATIONAL_B_SPLINE_CURVE((1.0000000000,1.0000000000))
REPRESENTATION_ITEM('')
);
#3060=CARTESIAN_POINT('',(-35.0750000000,13.5133230568,5.2000000000));
#3061=CARTESIAN_POINT('',(-32.5000000000,12.0266461137,5.2000000000));

#3062=CARTESIAN_POINT('',(-32.5000000000,12.0266461137,5.2000000000));
#3063=VERTEX_POINT('',#3062);
#3064=EDGE_CURVE('',#3056,#3063,#3059,.T.);
#3065=ORIENTED_EDGE('',*,*,#3064,.T.);
#3066=(
BOUNDED_CURVE()
B_SPLINE_CURVE(1,(#3067,#3068),.UNSPECIFIED.,.F.,.F.)
B_SPLINE_CURVE_WITH_KNOTS((2,2),(0.000,1.000),.UNSPECIFIED.)
CURVE()
GEOMETRIC_REPRESENTATION_ITEM()
RATIONAL_B_SPLINE_CURVE((1.0000000000,1.0000000000))
REPRESENTATION_ITEM('')
);
#3067=CARTESIAN_POINT('',(-32.5000000000,12.0266461137,5.2000000000));
#3068=CARTESIAN_POINT('',(-32.5000000000,12.0266461137,8.0000000000));

#3069=EDGE_CURVE('',#3063,#3044,#3066,.T.);
#3070=ORIENTED_EDGE('',*,*,#3069,.T.);
#3071=EDGE_LOOP('',(#3051,#3058,#3065,#3070));
#3072=FACE_OUTER_BOUND('',#3071,.T.);
#3073=ADVANCED_FACE('',(#3072),#3038,.T.);
#3074=COLOUR_RGB('',0.39,0.39,0.39);
#3075=FILL_AREA_STYLE_COLOUR('',#3074);
#3076=FILL_AREA_STYLE('',(#3075));
#3077=SURFACE_STYLE_FILL_AREA(#3076);
#3078=SURFACE_STYLE_TRANSPARENT(0.00);
#3079=SURFACE_STYLE_RENDERING_WITH_PROPERTIES(.NORMAL_SHADING.,#3074,(#3078));
#3080=SURFACE_SIDE_STYLE('',(#3077, #3079));
#3081=SURFACE_STYLE_USAGE(.BOTH.,#3080);
#3082=PRESENTATION_STYLE_ASSIGNMENT((#3081));
#3083=STYLED_ITEM('',(#3082),#3073);

#3084=(
BOUNDED_SURFACE()
B_SPLINE_SURFACE(1,1,((#3085,#3086),(#3087,#3088)),.UNSPECIFIED.,.F.,.F.,.F.)
B_SPLINE_SURFACE_WITH_KNOTS((2,2),(2,2),(0.000,1.000),(0.000,1.000),.UNSPECIFIED.)
GEOMETRIC_REPRESENTATION_ITEM()
RATIONAL_B_SPLINE_SURFACE(((1.0000000000,1.0000000000),(1.0000000000,1.0000000000)))
REPRESENTATION_ITEM('')
SURFACE()
);
#3085=CARTESIAN_POINT('',(-35.0750000000,16.4866769432,8.0000000000));
#3086=CARTESIAN_POINT('',(-35.0750000000,16.4866769432,5.2000000000));
#3087=CARTESIAN_POINT('',(-35.0750000000,13.5133230568,8.0000000000));
#3088=CARTESIAN_POINT('',(-35.0750000000,13.5133230568,5.2000000000));

#3089=CARTESIAN_POINT('',(-35.0750000000,13.5133230568,8.0000000000));
#3090=VERTEX_POINT('',#3089);
#3091=(
BOUNDED_CURVE()
B_SPLINE_CURVE(1,(#3092,#3093),.UNSPECIFIED.,.F.,.F.)
B_SPLINE_CURVE_WITH_KNOTS((2,2),(0.000,1.000),.UNSPECIFIED.)
CURVE()
GEOMETRIC_REPRESENTATION_ITEM()
RATIONAL_B_SPLINE_CURVE((1.0000000000,1.0000000000))
REPRESENTATION_ITEM('')
);
#3092=CARTESIAN_POINT('',(-35.0750000000,13.5133230568,8.0000000000));
#3093=CARTESIAN_POINT('',(-35.0750000000,16.4866769432,8.0000000000));

#3094=CARTESIAN_POINT('',(-35.0750000000,16.4866769432,8.0000000000));
#3095=VERTEX_POINT('',#3094);
#3096=EDGE_CURVE('',#3090,#3095,#3091,.T.);
#3097=ORIENTED_EDGE('',*,*,#3096,.T.);
#3098=(
BOUNDED_CURVE()
B_SPLINE_CURVE(1,(#3099,#3100),.UNSPECIFIED.,.F.,.F.)
B_SPLINE_CURVE_WITH_KNOTS((2,2),(0.000,1.000),.UNSPECIFIED.)
CURVE()
GEOMETRIC_REPRESENTATION_ITEM()
RATIONAL_B_SPLINE_CURVE((1.0000000000,1.0000000000))
REPRESENTATION_ITEM('')
);
#3099=CARTESIAN_POINT('',(-35.0750000000,16.4866769432,8.0000000000));
#3100=CARTESIAN_POINT('',(-35.0750000000,16.4866769432,5.2000000000));

#3101=CARTESIAN_POINT('',(-35.0750000000,16.4866769432,5.2000000000));
#3102=VERTEX_POINT('',#3101);
#3103=EDGE_CURVE('',#3095,#3102,#3098,.T.);
#3104=ORIENTED_EDGE('',*,*,#3103,.T.);
#3105=(
BOUNDED_CURVE()
B_SPLINE_CURVE(1,(#3106,#3107),.UNSPECIFIED.,.F.,.F.)
B_SPLINE_CURVE_WITH_KNOTS((2,2),(0.000,1.000),.UNSPECIFIED.)
CURVE()
GEOMETRIC_REPRESENTATION_ITEM()
RATIONAL_B_SPLINE_CURVE((1.0000000000,1.0000000000))
REPRESENTATION_ITEM('')
);
#3106=CARTESIAN_POINT('',(-35.0750000000,16.4866769432,5.2000000000));
#3107=CARTESIAN_POINT('',(-35.0750000000,13.5133230568,5.2000000000));

#3108=CARTESIAN_POINT('',(-35.0750000000,13.5133230568,5.2000000000));
#3109=VERTEX_POINT('',#3108);
#3110=EDGE_CURVE('',#3102,#3109,#3105,.T.);
#3111=ORIENTED_EDGE('',*,*,#3110,.T.);
#3112=(
BOUNDED_CURVE()
B_SPLINE_CURVE(1,(#3113,#3114),.UNSPECIFIED.,.F.,.F.)
B_SPLINE_CURVE_WITH_KNOTS((2,2),(0.000,1.000),.UNSPECIFIED.)
CURVE()
GEOMETRIC_REPRESENTATION_ITEM()
RATIONAL_B_SPLINE_CURVE((1.0000000000,1.0000000000))
REPRESENTATION_ITEM('')
);
#3113=CARTESIAN_POINT('',(-35.0750000000,13.5133230568,5.2000000000));
#3114=CARTESIAN_POINT('',(-35.0750000000,13.5133230568,8.0000000000));

#3115=EDGE_CURVE('',#3109,#3090,#3112,.T.);
#3116=ORIENTED_EDGE('',*,*,#3115,.T.);
#3117=EDGE_LOOP('',(#3097,#3104,#3111,#3116));
#3118=FACE_OUTER_BOUND('',#3117,.T.);
#3119=ADVANCED_FACE('',(#3118),#3084,.T.);
#3120=COLOUR_RGB('',0.39,0.39,0.39);
#3121=FILL_AREA_STYLE_COLOUR('',#3120);
#3122=FILL_AREA_STYLE('',(#3121));
#3123=SURFACE_STYLE_FILL_AREA(#3122);
#3124=SURFACE_STYLE_TRANSPARENT(0.00);
#3125=SURFACE_STYLE_RENDERING_WITH_PROPERTIES(.NORMAL_SHADING.,#3120,(#3124));
#3126=SURFACE_SIDE_STYLE('',(#3123, #3125));
#3127=SURFACE_STYLE_USAGE(.BOTH.,#3126);
#3128=PRESENTATION_STYLE_ASSIGNMENT((#3127));
#3129=STYLED_ITEM('',(#3128),#3119);

#3130=(
BOUNDED_SURFACE()
B_SPLINE_SURFACE(1,1,((#3131,#3132),(#3133,#3134)),.UNSPECIFIED.,.F.,.F.,.F.)
B_SPLINE_SURFACE_WITH_KNOTS((2,2),(2,2),(0.000,1.000),(0.000,1.000),.UNSPECIFIED.)
GEOMETRIC_REPRESENTATION_ITEM()
RATIONAL_B_SPLINE_SURFACE(((1.0000000000,1.0000000000),(1.0000000000,1.0000000000)))
REPRESENTATION_ITEM('')
SURFACE()
);
#3131=CARTESIAN_POINT('',(-32.5000000000,17.9733538863,8.0000000000));
#3132=CARTESIAN_POINT('',(-32.5000000000,17.9733538863,5.2000000000));
#3133=CARTESIAN_POINT('',(-35.0750000000,16.4866769432,8.0000000000));
#3134=CARTESIAN_POINT('',(-35.0750000000,16.4866769432,5.2000000000));

#3135=CARTESIAN_POINT('',(-35.0750000000,16.4866769432,8.0000000000));
#3136=VERTEX_POINT('',#3135);
#3137=(
BOUNDED_CURVE()
B_SPLINE_CURVE(1,(#3138,#3139),.UNSPECIFIED.,.F.,.F.)
B_SPLINE_CURVE_WITH_KNOTS((2,2),(0.000,1.000),.UNSPECIFIED.)
CURVE()
GEOMETRIC_REPRESENTATION_ITEM()
RATIONAL_B_SPLINE_CURVE((1.0000000000,1.0000000000))
REPRESENTATION_ITEM('')
);
#3138=CARTESIAN_POINT('',(-35.0750000000,16.4866769432,8.0000000000));
#3139=CARTESIAN_POINT('',(-32.5000000000,17.9733538863,8.0000000000));

#3140=CARTESIAN_POINT('',(-32.5000000000,17.9733538863,8.0000000000));
#3141=VERTEX_POINT('',#3140);
#3142=EDGE_CURVE('',#3136,#3141,#3137,.T.);
#3143=ORIENTED_EDGE('',*,*,#3142,.T.);
#3144=(
BOUNDED_CURVE()
B_SPLINE_CURVE(1,(#3145,#3146),.UNSPECIFIED.,.F.,.F.)
B_SPLINE_CURVE_WITH_KNOTS((2,2),(0.000,1.000),.UNSPECIFIED.)
CURVE()
GEOMETRIC_REPRESENTATION_ITEM()
RATIONAL_B_SPLINE_CURVE((1.0000000000,1.0000000000))
REPRESENTATION_ITEM('')
);
#3145=CARTESIAN_POINT('',(-32.5000000000,17.9733538863,8.0000000000));
#3146=CARTESIAN_POINT('',(-32.5000000000,17.9733538863,5.2000000000));

#3147=CARTESIAN_POINT('',(-32.5000000000,17.9733538863,5.2000000000));
#3148=VERTEX_POINT('',#3147);
#3149=EDGE_CURVE('',#3141,#3148,#3144,.T.);
#3150=ORIENTED_EDGE('',*,*,#3149,.T.);
#3151=(
BOUNDED_CURVE()
B_SPLINE_CURVE(1,(#3152,#3153),.UNSPECIFIED.,.F.,.F.)
B_SPLINE_CURVE_WITH_KNOTS((2,2),(0.000,1.000),.UNSPECIFIED.)
CURVE()
GEOMETRIC_REPRESENTATION_ITEM()
RATIONAL_B_SPLINE_CURVE((1.0000000000,1.0000000000))
REPRESENTATION_ITEM('')
);
#3152=CARTESIAN_POINT('',(-32.5000000000,17.9733538863,5.2000000000));
#3153=CARTESIAN_POINT('',(-35.0750000000,16.4866769432,5.2000000000));

#3154=CARTESIAN_POINT('',(-35.0750000000,16.4866769432,5.2000000000));
#3155=VERTEX_POINT('',#3154);
#3156=EDGE_CURVE('',#3148,#3155,#3151,.T.);
#3157=ORIENTED_EDGE('',*,*,#3156,.T.);
#3158=(
BOUNDED_CURVE()
B_SPLINE_CURVE(1,(#3159,#3160),.UNSPECIFIED.,.F.,.F.)
B_SPLINE_CURVE_WITH_KNOTS((2,2),(0.000,1.000),.UNSPECIFIED.)
CURVE()
GEOMETRIC_REPRESENTATION_ITEM()
RATIONAL_B_SPLINE_CURVE((1.0000000000,1.0000000000))
REPRESENTATION_ITEM('')
);
#3159=CARTESIAN_POINT('',(-35.0750000000,16.4866769432,5.2000000000));
#3160=CARTESIAN_POINT('',(-35.0750000000,16.4866769432,8.0000000000));

#3161=EDGE_CURVE('',#3155,#3136,#3158,.T.);
#3162=ORIENTED_EDGE('',*,*,#3161,.T.);
#3163=EDGE_LOOP('',(#3143,#3150,#3157,#3162));
#3164=FACE_OUTER_BOUND('',#3163,.T.);
#3165=ADVANCED_FACE('',(#3164),#3130,.T.);
#3166=COLOUR_RGB('',0.39,0.39,0.39);
#3167=FILL_AREA_STYLE_COLOUR('',#3166);
#3168=FILL_AREA_STYLE('',(#3167));
#3169=SURFACE_STYLE_FILL_AREA(#3168);
#3170=SURFACE_STYLE_TRANSPARENT(0.00);
#3171=SURFACE_STYLE_RENDERING_WITH_PROPERTIES(.NORMAL_SHADING.,#3166,(#3170));
#3172=SURFACE_SIDE_STYLE('',(#3169, #3171));
#3173=SURFACE_STYLE_USAGE(.BOTH.,#3172);
#3174=PRESENTATION_STYLE_ASSIGNMENT((#3173));
#3175=STYLED_ITEM('',(#3174),#3165);

#3176=(
BOUNDED_SURFACE()
B_SPLINE_SURFACE(1,1,((#3177,#3178),(#3179,#3180)),.UNSPECIFIED.,.F.,.F.,.F.)
B_SPLINE_SURFACE_WITH_KNOTS((2,2),(2,2),(0.000,1.000),(0.000,1.000),.UNSPECIFIED.)
GEOMETRIC_REPRESENTATION_ITEM()
RATIONAL_B_SPLINE_SURFACE(((1.0000000000,1.0000000000),(1.0000000000,1.0000000000)))
REPRESENTATION_ITEM('')
SURFACE()
);
#3177=CARTESIAN_POINT('',(35.0750000000,12.0266461137,5.2000000000));
#3178=CARTESIAN_POINT('',(29.9250000000,12.0266461137,5.2000000000));
#3179=CARTESIAN_POINT('',(35.0750000000,17.9733538863,5.2000000000));
#3180=CARTESIAN_POINT('',(29.9250000000,17.9733538863,5.2000000000));

#3181=CARTESIAN_POINT('',(29.9250000000,16.4866769432,5.2000000000));
#3182=VERTEX_POINT('',#3181);
#3183=(
BOUNDED_CURVE()
B_SPLINE_CURVE(1,(#3184,#3185),.UNSPECIFIED.,.F.,.F.)
B_SPLINE_CURVE_WITH_KNOTS((2,2),(0.000,1.000),.UNSPECIFIED.)
CURVE()
GEOMETRIC_REPRESENTATION_ITEM()
RATIONAL_B_SPLINE_CURVE((1.0000000000,1.0000000000))
REPRESENTATION_ITEM('')
);
#3184=CARTESIAN_POINT('',(29.9250000000,16.4866769432,5.2000000000));
#3185=CARTESIAN_POINT('',(32.5000000000,17.9733538863,5.2000000000));

#3186=CARTESIAN_POINT('',(32.5000000000,17.9733538863,5.2000000000));
#3187=VERTEX_POINT('',#3186);
#3188=EDGE_CURVE('',#3182,#3187,#3183,.T.);
#3189=ORIENTED_EDGE('',*,*,#3188,.T.);
#3190=(
BOUNDED_CURVE()
B_SPLINE_CURVE(1,(#3191,#3192),.UNSPECIFIED.,.F.,.F.)
B_SPLINE_CURVE_WITH_KNOTS((2,2),(0.000,1.000),.UNSPECIFIED.)
CURVE()
GEOMETRIC_REPRESENTATION_ITEM()
RATIONAL_B_SPLINE_CURVE((1.0000000000,1.0000000000))
REPRESENTATION_ITEM('')
);
#3191=CARTESIAN_POINT('',(32.5000000000,17.9733538863,5.2000000000));
#3192=CARTESIAN_POINT('',(35.0750000000,16.4866769432,5.2000000000));

#3193=CARTESIAN_POINT('',(35.0750000000,16.4866769432,5.2000000000));
#3194=VERTEX_POINT('',#3193);
#3195=EDGE_CURVE('',#3187,#3194,#3190,.T.);
#3196=ORIENTED_EDGE('',*,*,#3195,.T.);
#3197=(
BOUNDED_CURVE()
B_SPLINE_CURVE(1,(#3198,#3199),.UNSPECIFIED.,.F.,.F.)
B_SPLINE_CURVE_WITH_KNOTS((2,2),(0.000,1.000),.UNSPECIFIED.)
CURVE()
GEOMETRIC_REPRESENTATION_ITEM()
RATIONAL_B_SPLINE_CURVE((1.0000000000,1.0000000000))
REPRESENTATION_ITEM('')
);
#3198=CARTESIAN_POINT('',(35.0750000000,16.4866769432,5.2000000000));
#3199=CARTESIAN_POINT('',(35.0750000000,13.5133230568,5.2000000000));

#3200=CARTESIAN_POINT('',(35.0750000000,13.5133230568,5.2000000000));
#3201=VERTEX_POINT('',#3200);
#3202=EDGE_CURVE('',#3194,#3201,#3197,.T.);
#3203=ORIENTED_EDGE('',*,*,#3202,.T.);
#3204=(
BOUNDED_CURVE()
B_SPLINE_CURVE(1,(#3205,#3206),.UNSPECIFIED.,.F.,.F.)
B_SPLINE_CURVE_WITH_KNOTS((2,2),(0.000,1.000),.UNSPECIFIED.)
CURVE()
GEOMETRIC_REPRESENTATION_ITEM()
RATIONAL_B_SPLINE_CURVE((1.0000000000,1.0000000000))
REPRESENTATION_ITEM('')
);
#3205=CARTESIAN_POINT('',(35.0750000000,13.5133230568,5.2000000000));
#3206=CARTESIAN_POINT('',(32.5000000000,12.0266461137,5.2000000000));

#3207=CARTESIAN_POINT('',(32.5000000000,12.0266461137,5.2000000000));
#3208=VERTEX_POINT('',#3207);
#3209=EDGE_CURVE('',#3201,#3208,#3204,.T.);
#3210=ORIENTED_EDGE('',*,*,#3209,.T.);
#3211=(
BOUNDED_CURVE()
B_SPLINE_CURVE(1,(#3212,#3213),.UNSPECIFIED.,.F.,.F.)
B_SPLINE_CURVE_WITH_KNOTS((2,2),(0.000,1.000),.UNSPECIFIED.)
CURVE()
GEOMETRIC_REPRESENTATION_ITEM()
RATIONAL_B_SPLINE_CURVE((1.0000000000,1.0000000000))
REPRESENTATION_ITEM('')
);
#3212=CARTESIAN_POINT('',(32.5000000000,12.0266461137,5.2000000000));
#3213=CARTESIAN_POINT('',(29.9250000000,13.5133230568,5.2000000000));

#3214=CARTESIAN_POINT('',(29.9250000000,13.5133230568,5.2000000000));
#3215=VERTEX_POINT('',#3214);
#3216=EDGE_CURVE('',#3208,#3215,#3211,.T.);
#3217=ORIENTED_EDGE('',*,*,#3216,.T.);
#3218=(
BOUNDED_CURVE()
B_SPLINE_CURVE(1,(#3219,#3220),.UNSPECIFIED.,.F.,.F.)
B_SPLINE_CURVE_WITH_KNOTS((2,2),(0.000,1.000),.UNSPECIFIED.)
CURVE()
GEOMETRIC_REPRESENTATION_ITEM()
RATIONAL_B_SPLINE_CURVE((1.0000000000,1.0000000000))
REPRESENTATION_ITEM('')
);
#3219=CARTESIAN_POINT('',(29.9250000000,13.5133230568,5.2000000000));
#3220=CARTESIAN_POINT('',(29.9250000000,16.4866769432,5.2000000000));

#3221=EDGE_CURVE('',#3215,#3182,#3218,.T.);
#3222=ORIENTED_EDGE('',*,*,#3221,.T.);
#3223=EDGE_LOOP('',(#3189,#3196,#3203,#3210,#3217,#3222));
#3224=FACE_OUTER_BOUND('',#3223,.T.);
#3225=CARTESIAN_POINT('',(32.5000000001,16.3500000000,5.2000000000));
#3226=VERTEX_POINT('',#3225);
#3227=(
BOUNDED_CURVE()
B_SPLINE_CURVE(2,(#3228,#3229,#3230),.UNSPECIFIED.,.F.,.F.)
B_SPLINE_CURVE_WITH_KNOTS((3,3),(0.000,1.000),.UNSPECIFIED.)
CURVE()
GEOMETRIC_REPRESENTATION_ITEM()
RATIONAL_B_SPLINE_CURVE((1.0000000000,0.7071067812,1.0000000000))
REPRESENTATION_ITEM('')
);
#3228=CARTESIAN_POINT('',(32.5000000000,16.3500000000,5.2000000000));
#3229=CARTESIAN_POINT('',(31.1500000001,16.3500000000,5.2000000000));
#3230=CARTESIAN_POINT('',(31.1500000000,15.0000000001,5.2000000000));

#3231=CARTESIAN_POINT('',(31.1500000000,15.0000000001,5.2000000000));
#3232=VERTEX_POINT('',#3231);
#3233=EDGE_CURVE('',#3226,#3232,#3227,.T.);
#3234=ORIENTED_EDGE('',*,*,#3233,.T.);
#3235=(
BOUNDED_CURVE()
B_SPLINE_CURVE(2,(#3236,#3237,#3238),.UNSPECIFIED.,.F.,.F.)
B_SPLINE_CURVE_WITH_KNOTS((3,3),(0.000,1.000),.UNSPECIFIED.)
CURVE()
GEOMETRIC_REPRESENTATION_ITEM()
RATIONAL_B_SPLINE_CURVE((1.0000000000,0.7071067812,1.0000000000))
REPRESENTATION_ITEM('')
);
#3236=CARTESIAN_POINT('',(31.1500000000,15.0000000000,5.2000000000));
#3237=CARTESIAN_POINT('',(31.1500000000,13.6500000001,5.2000000000));
#3238=CARTESIAN_POINT('',(32.4999999999,13.6500000000,5.2000000000));

#3239=CARTESIAN_POINT('',(32.4999999999,13.6500000000,5.2000000000));
#3240=VERTEX_POINT('',#3239);
#3241=EDGE_CURVE('',#3232,#3240,#3235,.T.);
#3242=ORIENTED_EDGE('',*,*,#3241,.T.);
#3243=(
BOUNDED_CURVE()
B_SPLINE_CURVE(2,(#3244,#3245,#3246),.UNSPECIFIED.,.F.,.F.)
B_SPLINE_CURVE_WITH_KNOTS((3,3),(0.000,1.000),.UNSPECIFIED.)
CURVE()
GEOMETRIC_REPRESENTATION_ITEM()
RATIONAL_B_SPLINE_CURVE((1.0000000000,0.7071067812,1.0000000000))
REPRESENTATION_ITEM('')
);
#3244=CARTESIAN_POINT('',(32.5000000000,13.6500000000,5.2000000000));
#3245=CARTESIAN_POINT('',(33.8499999999,13.6500000000,5.2000000000));
#3246=CARTESIAN_POINT('',(33.8500000000,14.9999999999,5.2000000000));

#3247=CARTESIAN_POINT('',(33.8500000000,14.9999999999,5.2000000000));
#3248=VERTEX_POINT('',#3247);
#3249=EDGE_CURVE('',#3240,#3248,#3243,.T.);
#3250=ORIENTED_EDGE('',*,*,#3249,.T.);
#3251=(
BOUNDED_CURVE()
B_SPLINE_CURVE(2,(#3252,#3253,#3254),.UNSPECIFIED.,.F.,.F.)
B_SPLINE_CURVE_WITH_KNOTS((3,3),(0.000,1.000),.UNSPECIFIED.)
CURVE()
GEOMETRIC_REPRESENTATION_ITEM()
RATIONAL_B_SPLINE_CURVE((1.0000000000,0.7071067812,1.0000000000))
REPRESENTATION_ITEM('')
);
#3252=CARTESIAN_POINT('',(33.8500000000,15.0000000000,5.2000000000));
#3253=CARTESIAN_POINT('',(33.8500000000,16.3499999999,5.2000000000));
#3254=CARTESIAN_POINT('',(32.5000000001,16.3500000000,5.2000000000));

#3255=EDGE_CURVE('',#3248,#3226,#3251,.T.);
#3256=ORIENTED_EDGE('',*,*,#3255,.T.);
#3257=EDGE_LOOP('',(#3234,#3242,#3250,#3256));
#3258=FACE_BOUND('',#3257,.T.);
#3259=ADVANCED_FACE('',(#3224,#3258),#3176,.T.);
#3260=COLOUR_RGB('',0.39,0.39,0.39);
#3261=FILL_AREA_STYLE_COLOUR('',#3260);
#3262=FILL_AREA_STYLE('',(#3261));
#3263=SURFACE_STYLE_FILL_AREA(#3262);
#3264=SURFACE_STYLE_TRANSPARENT(0.00);
#3265=SURFACE_STYLE_RENDERING_WITH_PROPERTIES(.NORMAL_SHADING.,#3260,(#3264));
#3266=SURFACE_SIDE_STYLE('',(#3263, #3265));
#3267=SURFACE_STYLE_USAGE(.BOTH.,#3266);
#3268=PRESENTATION_STYLE_ASSIGNMENT((#3267));
#3269=STYLED_ITEM('',(#3268),#3259);

#3270=(
BOUNDED_SURFACE()
B_SPLINE_SURFACE(1,1,((#3271,#3272),(#3273,#3274)),.UNSPECIFIED.,.F.,.F.,.F.)
B_SPLINE_SURFACE_WITH_KNOTS((2,2),(2,2),(0.000,1.000),(0.000,1.000),.UNSPECIFIED.)
GEOMETRIC_REPRESENTATION_ITEM()
RATIONAL_B_SPLINE_SURFACE(((1.0000000000,1.0000000000),(1.0000000000,1.0000000000)))
REPRESENTATION_ITEM('')
SURFACE()
);
#3271=CARTESIAN_POINT('',(35.0750000000,16.4866769432,8.0000000000));
#3272=CARTESIAN_POINT('',(35.0750000000,16.4866769432,5.2000000000));
#3273=CARTESIAN_POINT('',(32.5000000000,17.9733538863,8.0000000000));
#3274=CARTESIAN_POINT('',(32.5000000000,17.9733538863,5.2000000000));

#3275=CARTESIAN_POINT('',(32.5000000000,17.9733538863,8.0000000000));
#3276=VERTEX_POINT('',#3275);
#3277=(
BOUNDED_CURVE()
B_SPLINE_CURVE(1,(#3278,#3279),.UNSPECIFIED.,.F.,.F.)
B_SPLINE_CURVE_WITH_KNOTS((2,2),(0.000,1.000),.UNSPECIFIED.)
CURVE()
GEOMETRIC_REPRESENTATION_ITEM()
RATIONAL_B_SPLINE_CURVE((1.0000000000,1.0000000000))
REPRESENTATION_ITEM('')
);
#3278=CARTESIAN_POINT('',(32.5000000000,17.9733538863,8.0000000000));
#3279=CARTESIAN_POINT('',(35.0750000000,16.4866769432,8.0000000000));

#3280=CARTESIAN_POINT('',(35.0750000000,16.4866769432,8.0000000000));
#3281=VERTEX_POINT('',#3280);
#3282=EDGE_CURVE('',#3276,#3281,#3277,.T.);
#3283=ORIENTED_EDGE('',*,*,#3282,.T.);
#3284=(
BOUNDED_CURVE()
B_SPLINE_CURVE(1,(#3285,#3286),.UNSPECIFIED.,.F.,.F.)
B_SPLINE_CURVE_WITH_KNOTS((2,2),(0.000,1.000),.UNSPECIFIED.)
CURVE()
GEOMETRIC_REPRESENTATION_ITEM()
RATIONAL_B_SPLINE_CURVE((1.0000000000,1.0000000000))
REPRESENTATION_ITEM('')
);
#3285=CARTESIAN_POINT('',(35.0750000000,16.4866769432,8.0000000000));
#3286=CARTESIAN_POINT('',(35.0750000000,16.4866769432,5.2000000000));

#3287=CARTESIAN_POINT('',(35.0750000000,16.4866769432,5.2000000000));
#3288=VERTEX_POINT('',#3287);
#3289=EDGE_CURVE('',#3281,#3288,#3284,.T.);
#3290=ORIENTED_EDGE('',*,*,#3289,.T.);
#3291=(
BOUNDED_CURVE()
B_SPLINE_CURVE(1,(#3292,#3293),.UNSPECIFIED.,.F.,.F.)
B_SPLINE_CURVE_WITH_KNOTS((2,2),(0.000,1.000),.UNSPECIFIED.)
CURVE()
GEOMETRIC_REPRESENTATION_ITEM()
RATIONAL_B_SPLINE_CURVE((1.0000000000,1.0000000000))
REPRESENTATION_ITEM('')
);
#3292=CARTESIAN_POINT('',(35.0750000000,16.4866769432,5.2000000000));
#3293=CARTESIAN_POINT('',(32.5000000000,17.9733538863,5.2000000000));

#3294=CARTESIAN_POINT('',(32.5000000000,17.9733538863,5.2000000000));
#3295=VERTEX_POINT('',#3294);
#3296=EDGE_CURVE('',#3288,#3295,#3291,.T.);
#3297=ORIENTED_EDGE('',*,*,#3296,.T.);
#3298=(
BOUNDED_CURVE()
B_SPLINE_CURVE(1,(#3299,#3300),.UNSPECIFIED.,.F.,.F.)
B_SPLINE_CURVE_WITH_KNOTS((2,2),(0.000,1.000),.UNSPECIFIED.)
CURVE()
GEOMETRIC_REPRESENTATION_ITEM()
RATIONAL_B_SPLINE_CURVE((1.0000000000,1.0000000000))
REPRESENTATION_ITEM('')
);
#3299=CARTESIAN_POINT('',(32.5000000000,17.9733538863,5.2000000000));
#3300=CARTESIAN_POINT('',(32.5000000000,17.9733538863,8.0000000000));

#3301=EDGE_CURVE('',#3295,#3276,#3298,.T.);
#3302=ORIENTED_EDGE('',*,*,#3301,.T.);
#3303=EDGE_LOOP('',(#3283,#3290,#3297,#3302));
#3304=FACE_OUTER_BOUND('',#3303,.T.);
#3305=ADVANCED_FACE('',(#3304),#3270,.T.);
#3306=COLOUR_RGB('',0.39,0.39,0.39);
#3307=FILL_AREA_STYLE_COLOUR('',#3306);
#3308=FILL_AREA_STYLE('',(#3307));
#3309=SURFACE_STYLE_FILL_AREA(#3308);
#3310=SURFACE_STYLE_TRANSPARENT(0.00);
#3311=SURFACE_STYLE_RENDERING_WITH_PROPERTIES(.NORMAL_SHADING.,#3306,(#3310));
#3312=SURFACE_SIDE_STYLE('',(#3309, #3311));
#3313=SURFACE_STYLE_USAGE(.BOTH.,#3312);
#3314=PRESENTATION_STYLE_ASSIGNMENT((#3313));
#3315=STYLED_ITEM('',(#3314),#3305);

#3316=(
BOUNDED_SURFACE()
B_SPLINE_SURFACE(1,1,((#3317,#3318),(#3319,#3320)),.UNSPECIFIED.,.F.,.F.,.F.)
B_SPLINE_SURFACE_WITH_KNOTS((2,2),(2,2),(0.000,1.000),(0.000,1.000),.UNSPECIFIED.)
GEOMETRIC_REPRESENTATION_ITEM()
RATIONAL_B_SPLINE_SURFACE(((1.0000000000,1.0000000000),(1.0000000000,1.0000000000)))
REPRESENTATION_ITEM('')
SURFACE()
);
#3317=CARTESIAN_POINT('',(35.0750000000,13.5133230568,8.0000000000));
#3318=CARTESIAN_POINT('',(35.0750000000,13.5133230568,5.2000000000));
#3319=CARTESIAN_POINT('',(35.0750000000,16.4866769432,8.0000000000));
#3320=CARTESIAN_POINT('',(35.0750000000,16.4866769432,5.2000000000));

#3321=CARTESIAN_POINT('',(35.0750000000,16.4866769432,8.0000000000));
#3322=VERTEX_POINT('',#3321);
#3323=(
BOUNDED_CURVE()
B_SPLINE_CURVE(1,(#3324,#3325),.UNSPECIFIED.,.F.,.F.)
B_SPLINE_CURVE_WITH_KNOTS((2,2),(0.000,1.000),.UNSPECIFIED.)
CURVE()
GEOMETRIC_REPRESENTATION_ITEM()
RATIONAL_B_SPLINE_CURVE((1.0000000000,1.0000000000))
REPRESENTATION_ITEM('')
);
#3324=CARTESIAN_POINT('',(35.0750000000,16.4866769432,8.0000000000));
#3325=CARTESIAN_POINT('',(35.0750000000,13.5133230568,8.0000000000));

#3326=CARTESIAN_POINT('',(35.0750000000,13.5133230568,8.0000000000));
#3327=VERTEX_POINT('',#3326);
#3328=EDGE_CURVE('',#3322,#3327,#3323,.T.);
#3329=ORIENTED_EDGE('',*,*,#3328,.T.);
#3330=(
BOUNDED_CURVE()
B_SPLINE_CURVE(1,(#3331,#3332),.UNSPECIFIED.,.F.,.F.)
B_SPLINE_CURVE_WITH_KNOTS((2,2),(0.000,1.000),.UNSPECIFIED.)
CURVE()
GEOMETRIC_REPRESENTATION_ITEM()
RATIONAL_B_SPLINE_CURVE((1.0000000000,1.0000000000))
REPRESENTATION_ITEM('')
);
#3331=CARTESIAN_POINT('',(35.0750000000,13.5133230568,8.0000000000));
#3332=CARTESIAN_POINT('',(35.0750000000,13.5133230568,5.2000000000));

#3333=CARTESIAN_POINT('',(35.0750000000,13.5133230568,5.2000000000));
#3334=VERTEX_POINT('',#3333);
#3335=EDGE_CURVE('',#3327,#3334,#3330,.T.);
#3336=ORIENTED_EDGE('',*,*,#3335,.T.);
#3337=(
BOUNDED_CURVE()
B_SPLINE_CURVE(1,(#3338,#3339),.UNSPECIFIED.,.F.,.F.)
B_SPLINE_CURVE_WITH_KNOTS((2,2),(0.000,1.000),.UNSPECIFIED.)
CURVE()
GEOMETRIC_REPRESENTATION_ITEM()
RATIONAL_B_SPLINE_CURVE((1.0000000000,1.0000000000))
REPRESENTATION_ITEM('')
);
#3338=CARTESIAN_POINT('',(35.0750000000,13.5133230568,5.2000000000));
#3339=CARTESIAN_POINT('',(35.0750000000,16.4866769432,5.2000000000));

#3340=CARTESIAN_POINT('',(35.0750000000,16.4866769432,5.2000000000));
#3341=VERTEX_POINT('',#3340);
#3342=EDGE_CURVE('',#3334,#3341,#3337,.T.);
#3343=ORIENTED_EDGE('',*,*,#3342,.T.);
#3344=(
BOUNDED_CURVE()
B_SPLINE_CURVE(1,(#3345,#3346),.UNSPECIFIED.,.F.,.F.)
B_SPLINE_CURVE_WITH_KNOTS((2,2),(0.000,1.000),.UNSPECIFIED.)
CURVE()
GEOMETRIC_REPRESENTATION_ITEM()
RATIONAL_B_SPLINE_CURVE((1.0000000000,1.0000000000))
REPRESENTATION_ITEM('')
);
#3345=CARTESIAN_POINT('',(35.0750000000,16.4866769432,5.2000000000));
#3346=CARTESIAN_POINT('',(35.0750000000,16.4866769432,8.0000000000));

#3347=EDGE_CURVE('',#3341,#3322,#3344,.T.);
#3348=ORIENTED_EDGE('',*,*,#3347,.T.);
#3349=EDGE_LOOP('',(#3329,#3336,#3343,#3348));
#3350=FACE_OUTER_BOUND('',#3349,.T.);
#3351=ADVANCED_FACE('',(#3350),#3316,.T.);
#3352=COLOUR_RGB('',0.39,0.39,0.39);
#3353=FILL_AREA_STYLE_COLOUR('',#3352);
#3354=FILL_AREA_STYLE('',(#3353));
#3355=SURFACE_STYLE_FILL_AREA(#3354);
#3356=SURFACE_STYLE_TRANSPARENT(0.00);
#3357=SURFACE_STYLE_RENDERING_WITH_PROPERTIES(.NORMAL_SHADING.,#3352,(#3356));
#3358=SURFACE_SIDE_STYLE('',(#3355, #3357));
#3359=SURFACE_STYLE_USAGE(.BOTH.,#3358);
#3360=PRESENTATION_STYLE_ASSIGNMENT((#3359));
#3361=STYLED_ITEM('',(#3360),#3351);

#3362=(
BOUNDED_SURFACE()
B_SPLINE_SURFACE(1,1,((#3363,#3364),(#3365,#3366)),.UNSPECIFIED.,.F.,.F.,.F.)
B_SPLINE_SURFACE_WITH_KNOTS((2,2),(2,2),(0.000,1.000),(0.000,1.000),.UNSPECIFIED.)
GEOMETRIC_REPRESENTATION_ITEM()
RATIONAL_B_SPLINE_SURFACE(((1.0000000000,1.0000000000),(1.0000000000,1.0000000000)))
REPRESENTATION_ITEM('')
SURFACE()
);
#3363=CARTESIAN_POINT('',(32.5000000000,12.0266461137,8.0000000000));
#3364=CARTESIAN_POINT('',(32.5000000000,12.0266461137,5.2000000000));
#3365=CARTESIAN_POINT('',(35.0750000000,13.5133230568,8.0000000000));
#3366=CARTESIAN_POINT('',(35.0750000000,13.5133230568,5.2000000000));

#3367=CARTESIAN_POINT('',(35.0750000000,13.5133230568,8.0000000000));
#3368=VERTEX_POINT('',#3367);
#3369=(
BOUNDED_CURVE()
B_SPLINE_CURVE(1,(#3370,#3371),.UNSPECIFIED.,.F.,.F.)
B_SPLINE_CURVE_WITH_KNOTS((2,2),(0.000,1.000),.UNSPECIFIED.)
CURVE()
GEOMETRIC_REPRESENTATION_ITEM()
RATIONAL_B_SPLINE_CURVE((1.0000000000,1.0000000000))
REPRESENTATION_ITEM('')
);
#3370=CARTESIAN_POINT('',(35.0750000000,13.5133230568,8.0000000000));
#3371=CARTESIAN_POINT('',(32.5000000000,12.0266461137,8.0000000000));

#3372=CARTESIAN_POINT('',(32.5000000000,12.0266461137,8.0000000000));
#3373=VERTEX_POINT('',#3372);
#3374=EDGE_CURVE('',#3368,#3373,#3369,.T.);
#3375=ORIENTED_EDGE('',*,*,#3374,.T.);
#3376=(
BOUNDED_CURVE()
B_SPLINE_CURVE(1,(#3377,#3378),.UNSPECIFIED.,.F.,.F.)
B_SPLINE_CURVE_WITH_KNOTS((2,2),(0.000,1.000),.UNSPECIFIED.)
CURVE()
GEOMETRIC_REPRESENTATION_ITEM()
RATIONAL_B_SPLINE_CURVE((1.0000000000,1.0000000000))
REPRESENTATION_ITEM('')
);
#3377=CARTESIAN_POINT('',(32.5000000000,12.0266461137,8.0000000000));
#3378=CARTESIAN_POINT('',(32.5000000000,12.0266461137,5.2000000000));

#3379=CARTESIAN_POINT('',(32.5000000000,12.0266461137,5.2000000000));
#3380=VERTEX_POINT('',#3379);
#3381=EDGE_CURVE('',#3373,#3380,#3376,.T.);
#3382=ORIENTED_EDGE('',*,*,#3381,.T.);
#3383=(
BOUNDED_CURVE()
B_SPLINE_CURVE(1,(#3384,#3385),.UNSPECIFIED.,.F.,.F.)
B_SPLINE_CURVE_WITH_KNOTS((2,2),(0.000,1.000),.UNSPECIFIED.)
CURVE()
GEOMETRIC_REPRESENTATION_ITEM()
RATIONAL_B_SPLINE_CURVE((1.0000000000,1.0000000000))
REPRESENTATION_ITEM('')
);
#3384=CARTESIAN_POINT('',(32.5000000000,12.0266461137,5.2000000000));
#3385=CARTESIAN_POINT('',(35.0750000000,13.5133230568,5.2000000000));

#3386=CARTESIAN_POINT('',(35.0750000000,13.5133230568,5.2000000000));
#3387=VERTEX_POINT('',#3386);
#3388=EDGE_CURVE('',#3380,#3387,#3383,.T.);
#3389=ORIENTED_EDGE('',*,*,#3388,.T.);
#3390=(
BOUNDED_CURVE()
B_SPLINE_CURVE(1,(#3391,#3392),.UNSPECIFIED.,.F.,.F.)
B_SPLINE_CURVE_WITH_KNOTS((2,2),(0.000,1.000),.UNSPECIFIED.)
CURVE()
GEOMETRIC_REPRESENTATION_ITEM()
RATIONAL_B_SPLINE_CURVE((1.0000000000,1.0000000000))
REPRESENTATION_ITEM('')
);
#3391=CARTESIAN_POINT('',(35.0750000000,13.5133230568,5.2000000000));
#3392=CARTESIAN_POINT('',(35.0750000000,13.5133230568,8.0000000000));

#3393=EDGE_CURVE('',#3387,#3368,#3390,.T.);
#3394=ORIENTED_EDGE('',*,*,#3393,.T.);
#3395=EDGE_LOOP('',(#3375,#3382,#3389,#3394));
#3396=FACE_OUTER_BOUND('',#3395,.T.);
#3397=ADVANCED_FACE('',(#3396),#3362,.T.);
#3398=COLOUR_RGB('',0.39,0.39,0.39);
#3399=FILL_AREA_STYLE_COLOUR('',#3398);
#3400=FILL_AREA_STYLE('',(#3399));
#3401=SURFACE_STYLE_FILL_AREA(#3400);
#3402=SURFACE_STYLE_TRANSPARENT(0.00);
#3403=SURFACE_STYLE_RENDERING_WITH_PROPERTIES(.NORMAL_SHADING.,#3398,(#3402));
#3404=SURFACE_SIDE_STYLE('',(#3401, #3403));
#3405=SURFACE_STYLE_USAGE(.BOTH.,#3404);
#3406=PRESENTATION_STYLE_ASSIGNMENT((#3405));
#3407=STYLED_ITEM('',(#3406),#3397);

#3408=(
BOUNDED_SURFACE()
B_SPLINE_SURFACE(1,1,((#3409,#3410),(#3411,#3412)),.UNSPECIFIED.,.F.,.F.,.F.)
B_SPLINE_SURFACE_WITH_KNOTS((2,2),(2,2),(0.000,1.000),(0.000,1.000),.UNSPECIFIED.)
GEOMETRIC_REPRESENTATION_ITEM()
RATIONAL_B_SPLINE_SURFACE(((1.0000000000,1.0000000000),(1.0000000000,1.0000000000)))
REPRESENTATION_ITEM('')
SURFACE()
);
#3409=CARTESIAN_POINT('',(29.9250000000,13.5133230568,8.0000000000));
#3410=CARTESIAN_POINT('',(29.9250000000,13.5133230568,5.2000000000));
#3411=CARTESIAN_POINT('',(32.5000000000,12.0266461137,8.0000000000));
#3412=CARTESIAN_POINT('',(32.5000000000,12.0266461137,5.2000000000));

#3413=CARTESIAN_POINT('',(32.5000000000,12.0266461137,8.0000000000));
#3414=VERTEX_POINT('',#3413);
#3415=(
BOUNDED_CURVE()
B_SPLINE_CURVE(1,(#3416,#3417),.UNSPECIFIED.,.F.,.F.)
B_SPLINE_CURVE_WITH_KNOTS((2,2),(0.000,1.000),.UNSPECIFIED.)
CURVE()
GEOMETRIC_REPRESENTATION_ITEM()
RATIONAL_B_SPLINE_CURVE((1.0000000000,1.0000000000))
REPRESENTATION_ITEM('')
);
#3416=CARTESIAN_POINT('',(32.5000000000,12.0266461137,8.0000000000));
#3417=CARTESIAN_POINT('',(29.9250000000,13.5133230568,8.0000000000));

#3418=CARTESIAN_POINT('',(29.9250000000,13.5133230568,8.0000000000));
#3419=VERTEX_POINT('',#3418);
#3420=EDGE_CURVE('',#3414,#3419,#3415,.T.);
#3421=ORIENTED_EDGE('',*,*,#3420,.T.);
#3422=(
BOUNDED_CURVE()
B_SPLINE_CURVE(1,(#3423,#3424),.UNSPECIFIED.,.F.,.F.)
B_SPLINE_CURVE_WITH_KNOTS((2,2),(0.000,1.000),.UNSPECIFIED.)
CURVE()
GEOMETRIC_REPRESENTATION_ITEM()
RATIONAL_B_SPLINE_CURVE((1.0000000000,1.0000000000))
REPRESENTATION_ITEM('')
);
#3423=CARTESIAN_POINT('',(29.9250000000,13.5133230568,8.0000000000));
#3424=CARTESIAN_POINT('',(29.9250000000,13.5133230568,5.2000000000));

#3425=CARTESIAN_POINT('',(29.9250000000,13.5133230568,5.2000000000));
#3426=VERTEX_POINT('',#3425);
#3427=EDGE_CURVE('',#3419,#3426,#3422,.T.);
#3428=ORIENTED_EDGE('',*,*,#3427,.T.);
#3429=(
BOUNDED_CURVE()
B_SPLINE_CURVE(1,(#3430,#3431),.UNSPECIFIED.,.F.,.F.)
B_SPLINE_CURVE_WITH_KNOTS((2,2),(0.000,1.000),.UNSPECIFIED.)
CURVE()
GEOMETRIC_REPRESENTATION_ITEM()
RATIONAL_B_SPLINE_CURVE((1.0000000000,1.0000000000))
REPRESENTATION_ITEM('')
);
#3430=CARTESIAN_POINT('',(29.9250000000,13.5133230568,5.2000000000));
#3431=CARTESIAN_POINT('',(32.5000000000,12.0266461137,5.2000000000));

#3432=CARTESIAN_POINT('',(32.5000000000,12.0266461137,5.2000000000));
#3433=VERTEX_POINT('',#3432);
#3434=EDGE_CURVE('',#3426,#3433,#3429,.T.);
#3435=ORIENTED_EDGE('',*,*,#3434,.T.);
#3436=(
BOUNDED_CURVE()
B_SPLINE_CURVE(1,(#3437,#3438),.UNSPECIFIED.,.F.,.F.)
B_SPLINE_CURVE_WITH_KNOTS((2,2),(0.000,1.000),.UNSPECIFIED.)
CURVE()
GEOMETRIC_REPRESENTATION_ITEM()
RATIONAL_B_SPLINE_CURVE((1.0000000000,1.0000000000))
REPRESENTATION_ITEM('')
);
#3437=CARTESIAN_POINT('',(32.5000000000,12.0266461137,5.2000000000));
#3438=CARTESIAN_POINT('',(32.5000000000,12.0266461137,8.0000000000));

#3439=EDGE_CURVE('',#3433,#3414,#3436,.T.);
#3440=ORIENTED_EDGE('',*,*,#3439,.T.);
#3441=EDGE_LOOP('',(#3421,#3428,#3435,#3440));
#3442=FACE_OUTER_BOUND('',#3441,.T.);
#3443=ADVANCED_FACE('',(#3442),#3408,.T.);
#3444=COLOUR_RGB('',0.39,0.39,0.39);
#3445=FILL_AREA_STYLE_COLOUR('',#3444);
#3446=FILL_AREA_STYLE('',(#3445));
#3447=SURFACE_STYLE_FILL_AREA(#3446);
#3448=SURFACE_STYLE_TRANSPARENT(0.00);
#3449=SURFACE_STYLE_RENDERING_WITH_PROPERTIES(.NORMAL_SHADING.,#3444,(#3448));
#3450=SURFACE_SIDE_STYLE('',(#3447, #3449));
#3451=SURFACE_STYLE_USAGE(.BOTH.,#3450);
#3452=PRESENTATION_STYLE_ASSIGNMENT((#3451));
#3453=STYLED_ITEM('',(#3452),#3443);

#3454=(
BOUNDED_SURFACE()
B_SPLINE_SURFACE(1,1,((#3455,#3456),(#3457,#3458)),.UNSPECIFIED.,.F.,.F.,.F.)
B_SPLINE_SURFACE_WITH_KNOTS((2,2),(2,2),(0.000,1.000),(0.000,1.000),.UNSPECIFIED.)
GEOMETRIC_REPRESENTATION_ITEM()
RATIONAL_B_SPLINE_SURFACE(((1.0000000000,1.0000000000),(1.0000000000,1.0000000000)))
REPRESENTATION_ITEM('')
SURFACE()
);
#3455=CARTESIAN_POINT('',(29.9250000000,16.4866769432,8.0000000000));
#3456=CARTESIAN_POINT('',(29.9250000000,16.4866769432,5.2000000000));
#3457=CARTESIAN_POINT('',(29.9250000000,13.5133230568,8.0000000000));
#3458=CARTESIAN_POINT('',(29.9250000000,13.5133230568,5.2000000000));

#3459=CARTESIAN_POINT('',(29.9250000000,13.5133230568,8.0000000000));
#3460=VERTEX_POINT('',#3459);
#3461=(
BOUNDED_CURVE()
B_SPLINE_CURVE(1,(#3462,#3463),.UNSPECIFIED.,.F.,.F.)
B_SPLINE_CURVE_WITH_KNOTS((2,2),(0.000,1.000),.UNSPECIFIED.)
CURVE()
GEOMETRIC_REPRESENTATION_ITEM()
RATIONAL_B_SPLINE_CURVE((1.0000000000,1.0000000000))
REPRESENTATION_ITEM('')
);
#3462=CARTESIAN_POINT('',(29.9250000000,13.5133230568,8.0000000000));
#3463=CARTESIAN_POINT('',(29.9250000000,16.4866769432,8.0000000000));

#3464=CARTESIAN_POINT('',(29.9250000000,16.4866769432,8.0000000000));
#3465=VERTEX_POINT('',#3464);
#3466=EDGE_CURVE('',#3460,#3465,#3461,.T.);
#3467=ORIENTED_EDGE('',*,*,#3466,.T.);
#3468=(
BOUNDED_CURVE()
B_SPLINE_CURVE(1,(#3469,#3470),.UNSPECIFIED.,.F.,.F.)
B_SPLINE_CURVE_WITH_KNOTS((2,2),(0.000,1.000),.UNSPECIFIED.)
CURVE()
GEOMETRIC_REPRESENTATION_ITEM()
RATIONAL_B_SPLINE_CURVE((1.0000000000,1.0000000000))
REPRESENTATION_ITEM('')
);
#3469=CARTESIAN_POINT('',(29.9250000000,16.4866769432,8.0000000000));
#3470=CARTESIAN_POINT('',(29.9250000000,16.4866769432,5.2000000000));

#3471=CARTESIAN_POINT('',(29.9250000000,16.4866769432,5.2000000000));
#3472=VERTEX_POINT('',#3471);
#3473=EDGE_CURVE('',#3465,#3472,#3468,.T.);
#3474=ORIENTED_EDGE('',*,*,#3473,.T.);
#3475=(
BOUNDED_CURVE()
B_SPLINE_CURVE(1,(#3476,#3477),.UNSPECIFIED.,.F.,.F.)
B_SPLINE_CURVE_WITH_KNOTS((2,2),(0.000,1.000),.UNSPECIFIED.)
CURVE()
GEOMETRIC_REPRESENTATION_ITEM()
RATIONAL_B_SPLINE_CURVE((1.0000000000,1.0000000000))
REPRESENTATION_ITEM('')
);
#3476=CARTESIAN_POINT('',(29.9250000000,16.4866769432,5.2000000000));
#3477=CARTESIAN_POINT('',(29.9250000000,13.5133230568,5.2000000000));

#3478=CARTESIAN_POINT('',(29.9250000000,13.5133230568,5.2000000000));
#3479=VERTEX_POINT('',#3478);
#3480=EDGE_CURVE('',#3472,#3479,#3475,.T.);
#3481=ORIENTED_EDGE('',*,*,#3480,.T.);
#3482=(
BOUNDED_CURVE()
B_SPLINE_CURVE(1,(#3483,#3484),.UNSPECIFIED.,.F.,.F.)
B_SPLINE_CURVE_WITH_KNOTS((2,2),(0.000,1.000),.UNSPECIFIED.)
CURVE()
GEOMETRIC_REPRESENTATION_ITEM()
RATIONAL_B_SPLINE_CURVE((1.0000000000,1.0000000000))
REPRESENTATION_ITEM('')
);
#3483=CARTESIAN_POINT('',(29.9250000000,13.5133230568,5.2000000000));
#3484=CARTESIAN_POINT('',(29.9250000000,13.5133230568,8.0000000000));

#3485=EDGE_CURVE('',#3479,#3460,#3482,.T.);
#3486=ORIENTED_EDGE('',*,*,#3485,.T.);
#3487=EDGE_LOOP('',(#3467,#3474,#3481,#3486));
#3488=FACE_OUTER_BOUND('',#3487,.T.);
#3489=ADVANCED_FACE('',(#3488),#3454,.T.);
#3490=COLOUR_RGB('',0.39,0.39,0.39);
#3491=FILL_AREA_STYLE_COLOUR('',#3490);
#3492=FILL_AREA_STYLE('',(#3491));
#3493=SURFACE_STYLE_FILL_AREA(#3492);
#3494=SURFACE_STYLE_TRANSPARENT(0.00);
#3495=SURFACE_STYLE_RENDERING_WITH_PROPERTIES(.NORMAL_SHADING.,#3490,(#3494));
#3496=SURFACE_SIDE_STYLE('',(#3493, #3495));
#3497=SURFACE_STYLE_USAGE(.BOTH.,#3496);
#3498=PRESENTATION_STYLE_ASSIGNMENT((#3497));
#3499=STYLED_ITEM('',(#3498),#3489);

#3500=(
BOUNDED_SURFACE()
B_SPLINE_SURFACE(1,1,((#3501,#3502),(#3503,#3504)),.UNSPECIFIED.,.F.,.F.,.F.)
B_SPLINE_SURFACE_WITH_KNOTS((2,2),(2,2),(0.000,1.000),(0.000,1.000),.UNSPECIFIED.)
GEOMETRIC_REPRESENTATION_ITEM()
RATIONAL_B_SPLINE_SURFACE(((1.0000000000,1.0000000000),(1.0000000000,1.0000000000)))
REPRESENTATION_ITEM('')
SURFACE()
);
#3501=CARTESIAN_POINT('',(32.5000000000,17.9733538863,8.0000000000));
#3502=CARTESIAN_POINT('',(32.5000000000,17.9733538863,5.2000000000));
#3503=CARTESIAN_POINT('',(29.9250000000,16.4866769432,8.0000000000));
#3504=CARTESIAN_POINT('',(29.9250000000,16.4866769432,5.2000000000));

#3505=CARTESIAN_POINT('',(29.9250000000,16.4866769432,8.0000000000));
#3506=VERTEX_POINT('',#3505);
#3507=(
BOUNDED_CURVE()
B_SPLINE_CURVE(1,(#3508,#3509),.UNSPECIFIED.,.F.,.F.)
B_SPLINE_CURVE_WITH_KNOTS((2,2),(0.000,1.000),.UNSPECIFIED.)
CURVE()
GEOMETRIC_REPRESENTATION_ITEM()
RATIONAL_B_SPLINE_CURVE((1.0000000000,1.0000000000))
REPRESENTATION_ITEM('')
);
#3508=CARTESIAN_POINT('',(29.9250000000,16.4866769432,8.0000000000));
#3509=CARTESIAN_POINT('',(32.5000000000,17.9733538863,8.0000000000));

#3510=CARTESIAN_POINT('',(32.5000000000,17.9733538863,8.0000000000));
#3511=VERTEX_POINT('',#3510);
#3512=EDGE_CURVE('',#3506,#3511,#3507,.T.);
#3513=ORIENTED_EDGE('',*,*,#3512,.T.);
#3514=(
BOUNDED_CURVE()
B_SPLINE_CURVE(1,(#3515,#3516),.UNSPECIFIED.,.F.,.F.)
B_SPLINE_CURVE_WITH_KNOTS((2,2),(0.000,1.000),.UNSPECIFIED.)
CURVE()
GEOMETRIC_REPRESENTATION_ITEM()
RATIONAL_B_SPLINE_CURVE((1.0000000000,1.0000000000))
REPRESENTATION_ITEM('')
);
#3515=CARTESIAN_POINT('',(32.5000000000,17.9733538863,8.0000000000));
#3516=CARTESIAN_POINT('',(32.5000000000,17.9733538863,5.2000000000));

#3517=CARTESIAN_POINT('',(32.5000000000,17.9733538863,5.2000000000));
#3518=VERTEX_POINT('',#3517);
#3519=EDGE_CURVE('',#3511,#3518,#3514,.T.);
#3520=ORIENTED_EDGE('',*,*,#3519,.T.);
#3521=(
BOUNDED_CURVE()
B_SPLINE_CURVE(1,(#3522,#3523),.UNSPECIFIED.,.F.,.F.)
B_SPLINE_CURVE_WITH_KNOTS((2,2),(0.000,1.000),.UNSPECIFIED.)
CURVE()
GEOMETRIC_REPRESENTATION_ITEM()
RATIONAL_B_SPLINE_CURVE((1.0000000000,1.0000000000))
REPRESENTATION_ITEM('')
);
#3522=CARTESIAN_POINT('',(32.5000000000,17.9733538863,5.2000000000));
#3523=CARTESIAN_POINT('',(29.9250000000,16.4866769432,5.2000000000));

#3524=CARTESIAN_POINT('',(29.9250000000,16.4866769432,5.2000000000));
#3525=VERTEX_POINT('',#3524);
#3526=EDGE_CURVE('',#3518,#3525,#3521,.T.);
#3527=ORIENTED_EDGE('',*,*,#3526,.T.);
#3528=(
BOUNDED_CURVE()
B_SPLINE_CURVE(1,(#3529,#3530),.UNSPECIFIED.,.F.,.F.)
B_SPLINE_CURVE_WITH_KNOTS((2,2),(0.000,1.000),.UNSPECIFIED.)
CURVE()
GEOMETRIC_REPRESENTATION_ITEM()
RATIONAL_B_SPLINE_CURVE((1.0000000000,1.0000000000))
REPRESENTATION_ITEM('')
);
#3529=CARTESIAN_POINT('',(29.9250000000,16.4866769432,5.2000000000));
#3530=CARTESIAN_POINT('',(29.9250000000,16.4866769432,8.0000000000));

#3531=EDGE_CURVE('',#3525,#3506,#3528,.T.);
#3532=ORIENTED_EDGE('',*,*,#3531,.T.);
#3533=EDGE_LOOP('',(#3513,#3520,#3527,#3532));
#3534=FACE_OUTER_BOUND('',#3533,.T.);
#3535=ADVANCED_FACE('',(#3534),#3500,.T.);
#3536=COLOUR_RGB('',0.39,0.39,0.39);
#3537=FILL_AREA_STYLE_COLOUR('',#3536);
#3538=FILL_AREA_STYLE('',(#3537));
#3539=SURFACE_STYLE_FILL_AREA(#3538);
#3540=SURFACE_STYLE_TRANSPARENT(0.00);
#3541=SURFACE_STYLE_RENDERING_WITH_PROPERTIES(.NORMAL_SHADING.,#3536,(#3540));
#3542=SURFACE_SIDE_STYLE('',(#3539, #3541));
#3543=SURFACE_STYLE_USAGE(.BOTH.,#3542);
#3544=PRESENTATION_STYLE_ASSIGNMENT((#3543));
#3545=STYLED_ITEM('',(#3544),#3535);

#3546=(
BOUNDED_SURFACE()
B_SPLINE_SURFACE(1,1,((#3547,#3548),(#3549,#3550)),.UNSPECIFIED.,.F.,.F.,.F.)
B_SPLINE_SURFACE_WITH_KNOTS((2,2),(2,2),(0.000,1.000),(0.000,1.000),.UNSPECIFIED.)
GEOMETRIC_REPRESENTATION_ITEM()
RATIONAL_B_SPLINE_SURFACE(((1.0000000000,1.0000000000),(1.0000000000,1.0000000000)))
REPRESENTATION_ITEM('')
SURFACE()
);
#3547=CARTESIAN_POINT('',(35.0750000000,-17.9733538863,5.2000000000));
#3548=CARTESIAN_POINT('',(29.9250000000,-17.9733538863,5.2000000000));
#3549=CARTESIAN_POINT('',(35.0750000000,-12.0266461137,5.2000000000));
#3550=CARTESIAN_POINT('',(29.9250000000,-12.0266461137,5.2000000000));

#3551=CARTESIAN_POINT('',(29.9250000000,-13.5133230568,5.2000000000));
#3552=VERTEX_POINT('',#3551);
#3553=(
BOUNDED_CURVE()
B_SPLINE_CURVE(1,(#3554,#3555),.UNSPECIFIED.,.F.,.F.)
B_SPLINE_CURVE_WITH_KNOTS((2,2),(0.000,1.000),.UNSPECIFIED.)
CURVE()
GEOMETRIC_REPRESENTATION_ITEM()
RATIONAL_B_SPLINE_CURVE((1.0000000000,1.0000000000))
REPRESENTATION_ITEM('')
);
#3554=CARTESIAN_POINT('',(29.9250000000,-13.5133230568,5.2000000000));
#3555=CARTESIAN_POINT('',(32.5000000000,-12.0266461137,5.2000000000));

#3556=CARTESIAN_POINT('',(32.5000000000,-12.0266461137,5.2000000000));
#3557=VERTEX_POINT('',#3556);
#3558=EDGE_CURVE('',#3552,#3557,#3553,.T.);
#3559=ORIENTED_EDGE('',*,*,#3558,.T.);
#3560=(
BOUNDED_CURVE()
B_SPLINE_CURVE(1,(#3561,#3562),.UNSPECIFIED.,.F.,.F.)
B_SPLINE_CURVE_WITH_KNOTS((2,2),(0.000,1.000),.UNSPECIFIED.)
CURVE()
GEOMETRIC_REPRESENTATION_ITEM()
RATIONAL_B_SPLINE_CURVE((1.0000000000,1.0000000000))
REPRESENTATION_ITEM('')
);
#3561=CARTESIAN_POINT('',(32.5000000000,-12.0266461137,5.2000000000));
#3562=CARTESIAN_POINT('',(35.0750000000,-13.5133230568,5.2000000000));

#3563=CARTESIAN_POINT('',(35.0750000000,-13.5133230568,5.2000000000));
#3564=VERTEX_POINT('',#3563);
#3565=EDGE_CURVE('',#3557,#3564,#3560,.T.);
#3566=ORIENTED_EDGE('',*,*,#3565,.T.);
#3567=(
BOUNDED_CURVE()
B_SPLINE_CURVE(1,(#3568,#3569),.UNSPECIFIED.,.F.,.F.)
B_SPLINE_CURVE_WITH_KNOTS((2,2),(0.000,1.000),.UNSPECIFIED.)
CURVE()
GEOMETRIC_REPRESENTATION_ITEM()
RATIONAL_B_SPLINE_CURVE((1.0000000000,1.0000000000))
REPRESENTATION_ITEM('')
);
#3568=CARTESIAN_POINT('',(35.0750000000,-13.5133230568,5.2000000000));
#3569=CARTESIAN_POINT('',(35.0750000000,-16.4866769432,5.2000000000));

#3570=CARTESIAN_POINT('',(35.0750000000,-16.4866769432,5.2000000000));
#3571=VERTEX_POINT('',#3570);
#3572=EDGE_CURVE('',#3564,#3571,#3567,.T.);
#3573=ORIENTED_EDGE('',*,*,#3572,.T.);
#3574=(
BOUNDED_CURVE()
B_SPLINE_CURVE(1,(#3575,#3576),.UNSPECIFIED.,.F.,.F.)
B_SPLINE_CURVE_WITH_KNOTS((2,2),(0.000,1.000),.UNSPECIFIED.)
CURVE()
GEOMETRIC_REPRESENTATION_ITEM()
RATIONAL_B_SPLINE_CURVE((1.0000000000,1.0000000000))
REPRESENTATION_ITEM('')
);
#3575=CARTESIAN_POINT('',(35.0750000000,-16.4866769432,5.2000000000));
#3576=CARTESIAN_POINT('',(32.5000000000,-17.9733538863,5.2000000000));

#3577=CARTESIAN_POINT('',(32.5000000000,-17.9733538863,5.2000000000));
#3578=VERTEX_POINT('',#3577);
#3579=EDGE_CURVE('',#3571,#3578,#3574,.T.);
#3580=ORIENTED_EDGE('',*,*,#3579,.T.);
#3581=(
BOUNDED_CURVE()
B_SPLINE_CURVE(1,(#3582,#3583),.UNSPECIFIED.,.F.,.F.)
B_SPLINE_CURVE_WITH_KNOTS((2,2),(0.000,1.000),.UNSPECIFIED.)
CURVE()
GEOMETRIC_REPRESENTATION_ITEM()
RATIONAL_B_SPLINE_CURVE((1.0000000000,1.0000000000))
REPRESENTATION_ITEM('')
);
#3582=CARTESIAN_POINT('',(32.5000000000,-17.9733538863,5.2000000000));
#3583=CARTESIAN_POINT('',(29.9250000000,-16.4866769432,5.2000000000));

#3584=CARTESIAN_POINT('',(29.9250000000,-16.4866769432,5.2000000000));
#3585=VERTEX_POINT('',#3584);
#3586=EDGE_CURVE('',#3578,#3585,#3581,.T.);
#3587=ORIENTED_EDGE('',*,*,#3586,.T.);
#3588=(
BOUNDED_CURVE()
B_SPLINE_CURVE(1,(#3589,#3590),.UNSPECIFIED.,.F.,.F.)
B_SPLINE_CURVE_WITH_KNOTS((2,2),(0.000,1.000),.UNSPECIFIED.)
CURVE()
GEOMETRIC_REPRESENTATION_ITEM()
RATIONAL_B_SPLINE_CURVE((1.0000000000,1.0000000000))
REPRESENTATION_ITEM('')
);
#3589=CARTESIAN_POINT('',(29.9250000000,-16.4866769432,5.2000000000));
#3590=CARTESIAN_POINT('',(29.9250000000,-13.5133230568,5.2000000000));

#3591=EDGE_CURVE('',#3585,#3552,#3588,.T.);
#3592=ORIENTED_EDGE('',*,*,#3591,.T.);
#3593=EDGE_LOOP('',(#3559,#3566,#3573,#3580,#3587,#3592));
#3594=FACE_OUTER_BOUND('',#3593,.T.);
#3595=CARTESIAN_POINT('',(33.8500000000,-15.0000000001,5.2000000000));
#3596=VERTEX_POINT('',#3595);
#3597=(
BOUNDED_CURVE()
B_SPLINE_CURVE(2,(#3598,#3599,#3600),.UNSPECIFIED.,.F.,.F.)
B_SPLINE_CURVE_WITH_KNOTS((3,3),(0.000,1.000),.UNSPECIFIED.)
CURVE()
GEOMETRIC_REPRESENTATION_ITEM()
RATIONAL_B_SPLINE_CURVE((1.0000000000,0.7071067812,1.0000000000))
REPRESENTATION_ITEM('')
);
#3598=CARTESIAN_POINT('',(33.8500000000,-15.0000000000,5.2000000000));
#3599=CARTESIAN_POINT('',(33.8500000000,-13.6500000001,5.2000000000));
#3600=CARTESIAN_POINT('',(32.5000000001,-13.6500000000,5.2000000000));

#3601=CARTESIAN_POINT('',(32.5000000001,-13.6500000000,5.2000000000));
#3602=VERTEX_POINT('',#3601);
#3603=EDGE_CURVE('',#3596,#3602,#3597,.T.);
#3604=ORIENTED_EDGE('',*,*,#3603,.T.);
#3605=(
BOUNDED_CURVE()
B_SPLINE_CURVE(2,(#3606,#3607,#3608),.UNSPECIFIED.,.F.,.F.)
B_SPLINE_CURVE_WITH_KNOTS((3,3),(0.000,1.000),.UNSPECIFIED.)
CURVE()
GEOMETRIC_REPRESENTATION_ITEM()
RATIONAL_B_SPLINE_CURVE((1.0000000000,0.7071067812,1.0000000000))
REPRESENTATION_ITEM('')
);
#3606=CARTESIAN_POINT('',(32.5000000000,-13.6500000000,5.2000000000));
#3607=CARTESIAN_POINT('',(31.1500000001,-13.6500000000,5.2000000000));
#3608=CARTESIAN_POINT('',(31.1500000000,-14.9999999999,5.2000000000));

#3609=CARTESIAN_POINT('',(31.1500000000,-14.9999999999,5.2000000000));
#3610=VERTEX_POINT('',#3609);
#3611=EDGE_CURVE('',#3602,#3610,#3605,.T.);
#3612=ORIENTED_EDGE('',*,*,#3611,.T.);
#3613=(
BOUNDED_CURVE()
B_SPLINE_CURVE(2,(#3614,#3615,#3616),.UNSPECIFIED.,.F.,.F.)
B_SPLINE_CURVE_WITH_KNOTS((3,3),(0.000,1.000),.UNSPECIFIED.)
CURVE()
GEOMETRIC_REPRESENTATION_ITEM()
RATIONAL_B_SPLINE_CURVE((1.0000000000,0.7071067812,1.0000000000))
REPRESENTATION_ITEM('')
);
#3614=CARTESIAN_POINT('',(31.1500000000,-15.0000000000,5.2000000000));
#3615=CARTESIAN_POINT('',(31.1500000000,-16.3499999999,5.2000000000));
#3616=CARTESIAN_POINT('',(32.4999999999,-16.3500000000,5.2000000000));

#3617=CARTESIAN_POINT('',(32.4999999999,-16.3500000000,5.2000000000));
#3618=VERTEX_POINT('',#3617);
#3619=EDGE_CURVE('',#3610,#3618,#3613,.T.);
#3620=ORIENTED_EDGE('',*,*,#3619,.T.);
#3621=(
BOUNDED_CURVE()
B_SPLINE_CURVE(2,(#3622,#3623,#3624),.UNSPECIFIED.,.F.,.F.)
B_SPLINE_CURVE_WITH_KNOTS((3,3),(0.000,1.000),.UNSPECIFIED.)
CURVE()
GEOMETRIC_REPRESENTATION_ITEM()
RATIONAL_B_SPLINE_CURVE((1.0000000000,0.7071067812,1.0000000000))
REPRESENTATION_ITEM('')
);
#3622=CARTESIAN_POINT('',(32.5000000000,-16.3500000000,5.2000000000));
#3623=CARTESIAN_POINT('',(33.8499999999,-16.3500000000,5.2000000000));
#3624=CARTESIAN_POINT('',(33.8500000000,-15.0000000001,5.2000000000));

#3625=EDGE_CURVE('',#3618,#3596,#3621,.T.);
#3626=ORIENTED_EDGE('',*,*,#3625,.T.);
#3627=EDGE_LOOP('',(#3604,#3612,#3620,#3626));
#3628=FACE_BOUND('',#3627,.T.);
#3629=ADVANCED_FACE('',(#3594,#3628),#3546,.T.);
#3630=COLOUR_RGB('',0.39,0.39,0.39);
#3631=FILL_AREA_STYLE_COLOUR('',#3630);
#3632=FILL_AREA_STYLE('',(#3631));
#3633=SURFACE_STYLE_FILL_AREA(#3632);
#3634=SURFACE_STYLE_TRANSPARENT(0.00);
#3635=SURFACE_STYLE_RENDERING_WITH_PROPERTIES(.NORMAL_SHADING.,#3630,(#3634));
#3636=SURFACE_SIDE_STYLE('',(#3633, #3635));
#3637=SURFACE_STYLE_USAGE(.BOTH.,#3636);
#3638=PRESENTATION_STYLE_ASSIGNMENT((#3637));
#3639=STYLED_ITEM('',(#3638),#3629);

#3640=(
BOUNDED_SURFACE()
B_SPLINE_SURFACE(1,1,((#3641,#3642),(#3643,#3644)),.UNSPECIFIED.,.F.,.F.,.F.)
B_SPLINE_SURFACE_WITH_KNOTS((2,2),(2,2),(0.000,1.000),(0.000,1.000),.UNSPECIFIED.)
GEOMETRIC_REPRESENTATION_ITEM()
RATIONAL_B_SPLINE_SURFACE(((1.0000000000,1.0000000000),(1.0000000000,1.0000000000)))
REPRESENTATION_ITEM('')
SURFACE()
);
#3641=CARTESIAN_POINT('',(35.0750000000,-13.5133230568,8.0000000000));
#3642=CARTESIAN_POINT('',(35.0750000000,-13.5133230568,5.2000000000));
#3643=CARTESIAN_POINT('',(32.5000000000,-12.0266461137,8.0000000000));
#3644=CARTESIAN_POINT('',(32.5000000000,-12.0266461137,5.2000000000));

#3645=CARTESIAN_POINT('',(32.5000000000,-12.0266461137,8.0000000000));
#3646=VERTEX_POINT('',#3645);
#3647=(
BOUNDED_CURVE()
B_SPLINE_CURVE(1,(#3648,#3649),.UNSPECIFIED.,.F.,.F.)
B_SPLINE_CURVE_WITH_KNOTS((2,2),(0.000,1.000),.UNSPECIFIED.)
CURVE()
GEOMETRIC_REPRESENTATION_ITEM()
RATIONAL_B_SPLINE_CURVE((1.0000000000,1.0000000000))
REPRESENTATION_ITEM('')
);
#3648=CARTESIAN_POINT('',(32.5000000000,-12.0266461137,8.0000000000));
#3649=CARTESIAN_POINT('',(35.0750000000,-13.5133230568,8.0000000000));

#3650=CARTESIAN_POINT('',(35.0750000000,-13.5133230568,8.0000000000));
#3651=VERTEX_POINT('',#3650);
#3652=EDGE_CURVE('',#3646,#3651,#3647,.T.);
#3653=ORIENTED_EDGE('',*,*,#3652,.T.);
#3654=(
BOUNDED_CURVE()
B_SPLINE_CURVE(1,(#3655,#3656),.UNSPECIFIED.,.F.,.F.)
B_SPLINE_CURVE_WITH_KNOTS((2,2),(0.000,1.000),.UNSPECIFIED.)
CURVE()
GEOMETRIC_REPRESENTATION_ITEM()
RATIONAL_B_SPLINE_CURVE((1.0000000000,1.0000000000))
REPRESENTATION_ITEM('')
);
#3655=CARTESIAN_POINT('',(35.0750000000,-13.5133230568,8.0000000000));
#3656=CARTESIAN_POINT('',(35.0750000000,-13.5133230568,5.2000000000));

#3657=CARTESIAN_POINT('',(35.0750000000,-13.5133230568,5.2000000000));
#3658=VERTEX_POINT('',#3657);
#3659=EDGE_CURVE('',#3651,#3658,#3654,.T.);
#3660=ORIENTED_EDGE('',*,*,#3659,.T.);
#3661=(
BOUNDED_CURVE()
B_SPLINE_CURVE(1,(#3662,#3663),.UNSPECIFIED.,.F.,.F.)
B_SPLINE_CURVE_WITH_KNOTS((2,2),(0.000,1.000),.UNSPECIFIED.)
CURVE()
GEOMETRIC_REPRESENTATION_ITEM()
RATIONAL_B_SPLINE_CURVE((1.0000000000,1.0000000000))
REPRESENTATION_ITEM('')
);
#3662=CARTESIAN_POINT('',(35.0750000000,-13.5133230568,5.2000000000));
#3663=CARTESIAN_POINT('',(32.5000000000,-12.0266461137,5.2000000000));

#3664=CARTESIAN_POINT('',(32.5000000000,-12.0266461137,5.2000000000));
#3665=VERTEX_POINT('',#3664);
#3666=EDGE_CURVE('',#3658,#3665,#3661,.T.);
#3667=ORIENTED_EDGE('',*,*,#3666,.T.);
#3668=(
BOUNDED_CURVE()
B_SPLINE_CURVE(1,(#3669,#3670),.UNSPECIFIED.,.F.,.F.)
B_SPLINE_CURVE_WITH_KNOTS((2,2),(0.000,1.000),.UNSPECIFIED.)
CURVE()
GEOMETRIC_REPRESENTATION_ITEM()
RATIONAL_B_SPLINE_CURVE((1.0000000000,1.0000000000))
REPRESENTATION_ITEM('')
);
#3669=CARTESIAN_POINT('',(32.5000000000,-12.0266461137,5.2000000000));
#3670=CARTESIAN_POINT('',(32.5000000000,-12.0266461137,8.0000000000));

#3671=EDGE_CURVE('',#3665,#3646,#3668,.T.);
#3672=ORIENTED_EDGE('',*,*,#3671,.T.);
#3673=EDGE_LOOP('',(#3653,#3660,#3667,#3672));
#3674=FACE_OUTER_BOUND('',#3673,.T.);
#3675=ADVANCED_FACE('',(#3674),#3640,.T.);
#3676=COLOUR_RGB('',0.39,0.39,0.39);
#3677=FILL_AREA_STYLE_COLOUR('',#3676);
#3678=FILL_AREA_STYLE('',(#3677));
#3679=SURFACE_STYLE_FILL_AREA(#3678);
#3680=SURFACE_STYLE_TRANSPARENT(0.00);
#3681=SURFACE_STYLE_RENDERING_WITH_PROPERTIES(.NORMAL_SHADING.,#3676,(#3680));
#3682=SURFACE_SIDE_STYLE('',(#3679, #3681));
#3683=SURFACE_STYLE_USAGE(.BOTH.,#3682);
#3684=PRESENTATION_STYLE_ASSIGNMENT((#3683));
#3685=STYLED_ITEM('',(#3684),#3675);

#3686=(
BOUNDED_SURFACE()
B_SPLINE_SURFACE(1,1,((#3687,#3688),(#3689,#3690)),.UNSPECIFIED.,.F.,.F.,.F.)
B_SPLINE_SURFACE_WITH_KNOTS((2,2),(2,2),(0.000,1.000),(0.000,1.000),.UNSPECIFIED.)
GEOMETRIC_REPRESENTATION_ITEM()
RATIONAL_B_SPLINE_SURFACE(((1.0000000000,1.0000000000),(1.0000000000,1.0000000000)))
REPRESENTATION_ITEM('')
SURFACE()
);
#3687=CARTESIAN_POINT('',(35.0750000000,-16.4866769432,8.0000000000));
#3688=CARTESIAN_POINT('',(35.0750000000,-16.4866769432,5.2000000000));
#3689=CARTESIAN_POINT('',(35.0750000000,-13.5133230568,8.0000000000));
#3690=CARTESIAN_POINT('',(35.0750000000,-13.5133230568,5.2000000000));

#3691=CARTESIAN_POINT('',(35.0750000000,-13.5133230568,8.0000000000));
#3692=VERTEX_POINT('',#3691);
#3693=(
BOUNDED_CURVE()
B_SPLINE_CURVE(1,(#3694,#3695),.UNSPECIFIED.,.F.,.F.)
B_SPLINE_CURVE_WITH_KNOTS((2,2),(0.000,1.000),.UNSPECIFIED.)
CURVE()
GEOMETRIC_REPRESENTATION_ITEM()
RATIONAL_B_SPLINE_CURVE((1.0000000000,1.0000000000))
REPRESENTATION_ITEM('')
);
#3694=CARTESIAN_POINT('',(35.0750000000,-13.5133230568,8.0000000000));
#3695=CARTESIAN_POINT('',(35.0750000000,-16.4866769432,8.0000000000));

#3696=CARTESIAN_POINT('',(35.0750000000,-16.4866769432,8.0000000000));
#3697=VERTEX_POINT('',#3696);
#3698=EDGE_CURVE('',#3692,#3697,#3693,.T.);
#3699=ORIENTED_EDGE('',*,*,#3698,.T.);
#3700=(
BOUNDED_CURVE()
B_SPLINE_CURVE(1,(#3701,#3702),.UNSPECIFIED.,.F.,.F.)
B_SPLINE_CURVE_WITH_KNOTS((2,2),(0.000,1.000),.UNSPECIFIED.)
CURVE()
GEOMETRIC_REPRESENTATION_ITEM()
RATIONAL_B_SPLINE_CURVE((1.0000000000,1.0000000000))
REPRESENTATION_ITEM('')
);
#3701=CARTESIAN_POINT('',(35.0750000000,-16.4866769432,8.0000000000));
#3702=CARTESIAN_POINT('',(35.0750000000,-16.4866769432,5.2000000000));

#3703=CARTESIAN_POINT('',(35.0750000000,-16.4866769432,5.2000000000));
#3704=VERTEX_POINT('',#3703);
#3705=EDGE_CURVE('',#3697,#3704,#3700,.T.);
#3706=ORIENTED_EDGE('',*,*,#3705,.T.);
#3707=(
BOUNDED_CURVE()
B_SPLINE_CURVE(1,(#3708,#3709),.UNSPECIFIED.,.F.,.F.)
B_SPLINE_CURVE_WITH_KNOTS((2,2),(0.000,1.000),.UNSPECIFIED.)
CURVE()
GEOMETRIC_REPRESENTATION_ITEM()
RATIONAL_B_SPLINE_CURVE((1.0000000000,1.0000000000))
REPRESENTATION_ITEM('')
);
#3708=CARTESIAN_POINT('',(35.0750000000,-16.4866769432,5.2000000000));
#3709=CARTESIAN_POINT('',(35.0750000000,-13.5133230568,5.2000000000));

#3710=CARTESIAN_POINT('',(35.0750000000,-13.5133230568,5.2000000000));
#3711=VERTEX_POINT('',#3710);
#3712=EDGE_CURVE('',#3704,#3711,#3707,.T.);
#3713=ORIENTED_EDGE('',*,*,#3712,.T.);
#3714=(
BOUNDED_CURVE()
B_SPLINE_CURVE(1,(#3715,#3716),.UNSPECIFIED.,.F.,.F.)
B_SPLINE_CURVE_WITH_KNOTS((2,2),(0.000,1.000),.UNSPECIFIED.)
CURVE()
GEOMETRIC_REPRESENTATION_ITEM()
RATIONAL_B_SPLINE_CURVE((1.0000000000,1.0000000000))
REPRESENTATION_ITEM('')
);
#3715=CARTESIAN_POINT('',(35.0750000000,-13.5133230568,5.2000000000));
#3716=CARTESIAN_POINT('',(35.0750000000,-13.5133230568,8.0000000000));

#3717=EDGE_CURVE('',#3711,#3692,#3714,.T.);
#3718=ORIENTED_EDGE('',*,*,#3717,.T.);
#3719=EDGE_LOOP('',(#3699,#3706,#3713,#3718));
#3720=FACE_OUTER_BOUND('',#3719,.T.);
#3721=ADVANCED_FACE('',(#3720),#3686,.T.);
#3722=COLOUR_RGB('',0.39,0.39,0.39);
#3723=FILL_AREA_STYLE_COLOUR('',#3722);
#3724=FILL_AREA_STYLE('',(#3723));
#3725=SURFACE_STYLE_FILL_AREA(#3724);
#3726=SURFACE_STYLE_TRANSPARENT(0.00);
#3727=SURFACE_STYLE_RENDERING_WITH_PROPERTIES(.NORMAL_SHADING.,#3722,(#3726));
#3728=SURFACE_SIDE_STYLE('',(#3725, #3727));
#3729=SURFACE_STYLE_USAGE(.BOTH.,#3728);
#3730=PRESENTATION_STYLE_ASSIGNMENT((#3729));
#3731=STYLED_ITEM('',(#3730),#3721);

#3732=(
BOUNDED_SURFACE()
B_SPLINE_SURFACE(1,1,((#3733,#3734),(#3735,#3736)),.UNSPECIFIED.,.F.,.F.,.F.)
B_SPLINE_SURFACE_WITH_KNOTS((2,2),(2,2),(0.000,1.000),(0.000,1.000),.UNSPECIFIED.)
GEOMETRIC_REPRESENTATION_ITEM()
RATIONAL_B_SPLINE_SURFACE(((1.0000000000,1.0000000000),(1.0000000000,1.0000000000)))
REPRESENTATION_ITEM('')
SURFACE()
);
#3733=CARTESIAN_POINT('',(32.5000000000,-17.9733538863,8.0000000000));
#3734=CARTESIAN_POINT('',(32.5000000000,-17.9733538863,5.2000000000));
#3735=CARTESIAN_POINT('',(35.0750000000,-16.4866769432,8.0000000000));
#3736=CARTESIAN_POINT('',(35.0750000000,-16.4866769432,5.2000000000));

#3737=CARTESIAN_POINT('',(35.0750000000,-16.4866769432,8.0000000000));
#3738=VERTEX_POINT('',#3737);
#3739=(
BOUNDED_CURVE()
B_SPLINE_CURVE(1,(#3740,#3741),.UNSPECIFIED.,.F.,.F.)
B_SPLINE_CURVE_WITH_KNOTS((2,2),(0.000,1.000),.UNSPECIFIED.)
CURVE()
GEOMETRIC_REPRESENTATION_ITEM()
RATIONAL_B_SPLINE_CURVE((1.0000000000,1.0000000000))
REPRESENTATION_ITEM('')
);
#3740=CARTESIAN_POINT('',(35.0750000000,-16.4866769432,8.0000000000));
#3741=CARTESIAN_POINT('',(32.5000000000,-17.9733538863,8.0000000000));

#3742=CARTESIAN_POINT('',(32.5000000000,-17.9733538863,8.0000000000));
#3743=VERTEX_POINT('',#3742);
#3744=EDGE_CURVE('',#3738,#3743,#3739,.T.);
#3745=ORIENTED_EDGE('',*,*,#3744,.T.);
#3746=(
BOUNDED_CURVE()
B_SPLINE_CURVE(1,(#3747,#3748),.UNSPECIFIED.,.F.,.F.)
B_SPLINE_CURVE_WITH_KNOTS((2,2),(0.000,1.000),.UNSPECIFIED.)
CURVE()
GEOMETRIC_REPRESENTATION_ITEM()
RATIONAL_B_SPLINE_CURVE((1.0000000000,1.0000000000))
REPRESENTATION_ITEM('')
);
#3747=CARTESIAN_POINT('',(32.5000000000,-17.9733538863,8.0000000000));
#3748=CARTESIAN_POINT('',(32.5000000000,-17.9733538863,5.2000000000));

#3749=CARTESIAN_POINT('',(32.5000000000,-17.9733538863,5.2000000000));
#3750=VERTEX_POINT('',#3749);
#3751=EDGE_CURVE('',#3743,#3750,#3746,.T.);
#3752=ORIENTED_EDGE('',*,*,#3751,.T.);
#3753=(
BOUNDED_CURVE()
B_SPLINE_CURVE(1,(#3754,#3755),.UNSPECIFIED.,.F.,.F.)
B_SPLINE_CURVE_WITH_KNOTS((2,2),(0.000,1.000),.UNSPECIFIED.)
CURVE()
GEOMETRIC_REPRESENTATION_ITEM()
RATIONAL_B_SPLINE_CURVE((1.0000000000,1.0000000000))
REPRESENTATION_ITEM('')
);
#3754=CARTESIAN_POINT('',(32.5000000000,-17.9733538863,5.2000000000));
#3755=CARTESIAN_POINT('',(35.0750000000,-16.4866769432,5.2000000000));

#3756=CARTESIAN_POINT('',(35.0750000000,-16.4866769432,5.2000000000));
#3757=VERTEX_POINT('',#3756);
#3758=EDGE_CURVE('',#3750,#3757,#3753,.T.);
#3759=ORIENTED_EDGE('',*,*,#3758,.T.);
#3760=(
BOUNDED_CURVE()
B_SPLINE_CURVE(1,(#3761,#3762),.UNSPECIFIED.,.F.,.F.)
B_SPLINE_CURVE_WITH_KNOTS((2,2),(0.000,1.000),.UNSPECIFIED.)
CURVE()
GEOMETRIC_REPRESENTATION_ITEM()
RATIONAL_B_SPLINE_CURVE((1.0000000000,1.0000000000))
REPRESENTATION_ITEM('')
);
#3761=CARTESIAN_POINT('',(35.0750000000,-16.4866769432,5.2000000000));
#3762=CARTESIAN_POINT('',(35.0750000000,-16.4866769432,8.0000000000));

#3763=EDGE_CURVE('',#3757,#3738,#3760,.T.);
#3764=ORIENTED_EDGE('',*,*,#3763,.T.);
#3765=EDGE_LOOP('',(#3745,#3752,#3759,#3764));
#3766=FACE_OUTER_BOUND('',#3765,.T.);
#3767=ADVANCED_FACE('',(#3766),#3732,.T.);
#3768=COLOUR_RGB('',0.39,0.39,0.39);
#3769=FILL_AREA_STYLE_COLOUR('',#3768);
#3770=FILL_AREA_STYLE('',(#3769));
#3771=SURFACE_STYLE_FILL_AREA(#3770);
#3772=SURFACE_STYLE_TRANSPARENT(0.00);
#3773=SURFACE_STYLE_RENDERING_WITH_PROPERTIES(.NORMAL_SHADING.,#3768,(#3772));
#3774=SURFACE_SIDE_STYLE('',(#3771, #3773));
#3775=SURFACE_STYLE_USAGE(.BOTH.,#3774);
#3776=PRESENTATION_STYLE_ASSIGNMENT((#3775));
#3777=STYLED_ITEM('',(#3776),#3767);

#3778=(
BOUNDED_SURFACE()
B_SPLINE_SURFACE(1,1,((#3779,#3780),(#3781,#3782)),.UNSPECIFIED.,.F.,.F.,.F.)
B_SPLINE_SURFACE_WITH_KNOTS((2,2),(2,2),(0.000,1.000),(0.000,1.000),.UNSPECIFIED.)
GEOMETRIC_REPRESENTATION_ITEM()
RATIONAL_B_SPLINE_SURFACE(((1.0000000000,1.0000000000),(1.0000000000,1.0000000000)))
REPRESENTATION_ITEM('')
SURFACE()
);
#3779=CARTESIAN_POINT('',(29.9250000000,-16.4866769432,8.0000000000));
#3780=CARTESIAN_POINT('',(29.9250000000,-16.4866769432,5.2000000000));
#3781=CARTESIAN_POINT('',(32.5000000000,-17.9733538863,8.0000000000));
#3782=CARTESIAN_POINT('',(32.5000000000,-17.9733538863,5.2000000000));

#3783=CARTESIAN_POINT('',(32.5000000000,-17.9733538863,8.0000000000));
#3784=VERTEX_POINT('',#3783);
#3785=(
BOUNDED_CURVE()
B_SPLINE_CURVE(1,(#3786,#3787),.UNSPECIFIED.,.F.,.F.)
B_SPLINE_CURVE_WITH_KNOTS((2,2),(0.000,1.000),.UNSPECIFIED.)
CURVE()
GEOMETRIC_REPRESENTATION_ITEM()
RATIONAL_B_SPLINE_CURVE((1.0000000000,1.0000000000))
REPRESENTATION_ITEM('')
);
#3786=CARTESIAN_POINT('',(32.5000000000,-17.9733538863,8.0000000000));
#3787=CARTESIAN_POINT('',(29.9250000000,-16.4866769432,8.0000000000));

#3788=CARTESIAN_POINT('',(29.9250000000,-16.4866769432,8.0000000000));
#3789=VERTEX_POINT('',#3788);
#3790=EDGE_CURVE('',#3784,#3789,#3785,.T.);
#3791=ORIENTED_EDGE('',*,*,#3790,.T.);
#3792=(
BOUNDED_CURVE()
B_SPLINE_CURVE(1,(#3793,#3794),.UNSPECIFIED.,.F.,.F.)
B_SPLINE_CURVE_WITH_KNOTS((2,2),(0.000,1.000),.UNSPECIFIED.)
CURVE()
GEOMETRIC_REPRESENTATION_ITEM()
RATIONAL_B_SPLINE_CURVE((1.0000000000,1.0000000000))
REPRESENTATION_ITEM('')
);
#3793=CARTESIAN_POINT('',(29.9250000000,-16.4866769432,8.0000000000));
#3794=CARTESIAN_POINT('',(29.9250000000,-16.4866769432,5.2000000000));

#3795=CARTESIAN_POINT('',(29.9250000000,-16.4866769432,5.2000000000));
#3796=VERTEX_POINT('',#3795);
#3797=EDGE_CURVE('',#3789,#3796,#3792,.T.);
#3798=ORIENTED_EDGE('',*,*,#3797,.T.);
#3799=(
BOUNDED_CURVE()
B_SPLINE_CURVE(1,(#3800,#3801),.UNSPECIFIED.,.F.,.F.)
B_SPLINE_CURVE_WITH_KNOTS((2,2),(0.000,1.000),.UNSPECIFIED.)
CURVE()
GEOMETRIC_REPRESENTATION_ITEM()
RATIONAL_B_SPLINE_CURVE((1.0000000000,1.0000000000))
REPRESENTATION_ITEM('')
);
#3800=CARTESIAN_POINT('',(29.9250000000,-16.4866769432,5.2000000000));
#3801=CARTESIAN_POINT('',(32.5000000000,-17.9733538863,5.2000000000));

#3802=CARTESIAN_POINT('',(32.5000000000,-17.9733538863,5.2000000000));
#3803=VERTEX_POINT('',#3802);
#3804=EDGE_CURVE('',#3796,#3803,#3799,.T.);
#3805=ORIENTED_EDGE('',*,*,#3804,.T.);
#3806=(
BOUNDED_CURVE()
B_SPLINE_CURVE(1,(#3807,#3808),.UNSPECIFIED.,.F.,.F.)
B_SPLINE_CURVE_WITH_KNOTS((2,2),(0.000,1.000),.UNSPECIFIED.)
CURVE()
GEOMETRIC_REPRESENTATION_ITEM()
RATIONAL_B_SPLINE_CURVE((1.0000000000,1.0000000000))
REPRESENTATION_ITEM('')
);
#3807=CARTESIAN_POINT('',(32.5000000000,-17.9733538863,5.2000000000));
#3808=CARTESIAN_POINT('',(32.5000000000,-17.9733538863,8.0000000000));

#3809=EDGE_CURVE('',#3803,#3784,#3806,.T.);
#3810=ORIENTED_EDGE('',*,*,#3809,.T.);
#3811=EDGE_LOOP('',(#3791,#3798,#3805,#3810));
#3812=FACE_OUTER_BOUND('',#3811,.T.);
#3813=ADVANCED_FACE('',(#3812),#3778,.T.);
#3814=COLOUR_RGB('',0.39,0.39,0.39);
#3815=FILL_AREA_STYLE_COLOUR('',#3814);
#3816=FILL_AREA_STYLE('',(#3815));
#3817=SURFACE_STYLE_FILL_AREA(#3816);
#3818=SURFACE_STYLE_TRANSPARENT(0.00);
#3819=SURFACE_STYLE_RENDERING_WITH_PROPERTIES(.NORMAL_SHADING.,#3814,(#3818));
#3820=SURFACE_SIDE_STYLE('',(#3817, #3819));
#3821=SURFACE_STYLE_USAGE(.BOTH.,#3820);
#3822=PRESENTATION_STYLE_ASSIGNMENT((#3821));
#3823=STYLED_ITEM('',(#3822),#3813);

#3824=(
BOUNDED_SURFACE()
B_SPLINE_SURFACE(1,1,((#3825,#3826),(#3827,#3828)),.UNSPECIFIED.,.F.,.F.,.F.)
B_SPLINE_SURFACE_WITH_KNOTS((2,2),(2,2),(0.000,1.000),(0.000,1.000),.UNSPECIFIED.)
GEOMETRIC_REPRESENTATION_ITEM()
RATIONAL_B_SPLINE_SURFACE(((1.0000000000,1.0000000000),(1.0000000000,1.0000000000)))
REPRESENTATION_ITEM('')
SURFACE()
);
#3825=CARTESIAN_POINT('',(29.9250000000,-13.5133230568,8.0000000000));
#3826=CARTESIAN_POINT('',(29.9250000000,-13.5133230568,5.2000000000));
#3827=CARTESIAN_POINT('',(29.9250000000,-16.4866769432,8.0000000000));
#3828=CARTESIAN_POINT('',(29.9250000000,-16.4866769432,5.2000000000));

#3829=CARTESIAN_POINT('',(29.9250000000,-16.4866769432,8.0000000000));
#3830=VERTEX_POINT('',#3829);
#3831=(
BOUNDED_CURVE()
B_SPLINE_CURVE(1,(#3832,#3833),.UNSPECIFIED.,.F.,.F.)
B_SPLINE_CURVE_WITH_KNOTS((2,2),(0.000,1.000),.UNSPECIFIED.)
CURVE()
GEOMETRIC_REPRESENTATION_ITEM()
RATIONAL_B_SPLINE_CURVE((1.0000000000,1.0000000000))
REPRESENTATION_ITEM('')
);
#3832=CARTESIAN_POINT('',(29.9250000000,-16.4866769432,8.0000000000));
#3833=CARTESIAN_POINT('',(29.9250000000,-13.5133230568,8.0000000000));

#3834=CARTESIAN_POINT('',(29.9250000000,-13.5133230568,8.0000000000));
#3835=VERTEX_POINT('',#3834);
#3836=EDGE_CURVE('',#3830,#3835,#3831,.T.);
#3837=ORIENTED_EDGE('',*,*,#3836,.T.);
#3838=(
BOUNDED_CURVE()
B_SPLINE_CURVE(1,(#3839,#3840),.UNSPECIFIED.,.F.,.F.)
B_SPLINE_CURVE_WITH_KNOTS((2,2),(0.000,1.000),.UNSPECIFIED.)
CURVE()
GEOMETRIC_REPRESENTATION_ITEM()
RATIONAL_B_SPLINE_CURVE((1.0000000000,1.0000000000))
REPRESENTATION_ITEM('')
);
#3839=CARTESIAN_POINT('',(29.9250000000,-13.5133230568,8.0000000000));
#3840=CARTESIAN_POINT('',(29.9250000000,-13.5133230568,5.2000000000));

#3841=CARTESIAN_POINT('',(29.9250000000,-13.5133230568,5.2000000000));
#3842=VERTEX_POINT('',#3841);
#3843=EDGE_CURVE('',#3835,#3842,#3838,.T.);
#3844=ORIENTED_EDGE('',*,*,#3843,.T.);
#3845=(
BOUNDED_CURVE()
B_SPLINE_CURVE(1,(#3846,#3847),.UNSPECIFIED.,.F.,.F.)
B_SPLINE_CURVE_WITH_KNOTS((2,2),(0.000,1.000),.UNSPECIFIED.)
CURVE()
GEOMETRIC_REPRESENTATION_ITEM()
RATIONAL_B_SPLINE_CURVE((1.0000000000,1.0000000000))
REPRESENTATION_ITEM('')
);
#3846=CARTESIAN_POINT('',(29.9250000000,-13.5133230568,5.2000000000));
#3847=CARTESIAN_POINT('',(29.9250000000,-16.4866769432,5.2000000000));

#3848=CARTESIAN_POINT('',(29.9250000000,-16.4866769432,5.2000000000));
#3849=VERTEX_POINT('',#3848);
#3850=EDGE_CURVE('',#3842,#3849,#3845,.T.);
#3851=ORIENTED_EDGE('',*,*,#3850,.T.);
#3852=(
BOUNDED_CURVE()
B_SPLINE_CURVE(1,(#3853,#3854),.UNSPECIFIED.,.F.,.F.)
B_SPLINE_CURVE_WITH_KNOTS((2,2),(0.000,1.000),.UNSPECIFIED.)
CURVE()
GEOMETRIC_REPRESENTATION_ITEM()
RATIONAL_B_SPLINE_CURVE((1.0000000000,1.0000000000))
REPRESENTATION_ITEM('')
);
#3853=CARTESIAN_POINT('',(29.9250000000,-16.4866769432,5.2000000000));
#3854=CARTESIAN_POINT('',(29.9250000000,-16.4866769432,8.0000000000));

#3855=EDGE_CURVE('',#3849,#3830,#3852,.T.);
#3856=ORIENTED_EDGE('',*,*,#3855,.T.);
#3857=EDGE_LOOP('',(#3837,#3844,#3851,#3856));
#3858=FACE_OUTER_BOUND('',#3857,.T.);
#3859=ADVANCED_FACE('',(#3858),#3824,.T.);
#3860=COLOUR_RGB('',0.39,0.39,0.39);
#3861=FILL_AREA_STYLE_COLOUR('',#3860);
#3862=FILL_AREA_STYLE('',(#3861));
#3863=SURFACE_STYLE_FILL_AREA(#3862);
#3864=SURFACE_STYLE_TRANSPARENT(0.00);
#3865=SURFACE_STYLE_RENDERING_WITH_PROPERTIES(.NORMAL_SHADING.,#3860,(#3864));
#3866=SURFACE_SIDE_STYLE('',(#3863, #3865));
#3867=SURFACE_STYLE_USAGE(.BOTH.,#3866);
#3868=PRESENTATION_STYLE_ASSIGNMENT((#3867));
#3869=STYLED_ITEM('',(#3868),#3859);

#3870=(
BOUNDED_SURFACE()
B_SPLINE_SURFACE(1,1,((#3871,#3872),(#3873,#3874)),.UNSPECIFIED.,.F.,.F.,.F.)
B_SPLINE_SURFACE_WITH_KNOTS((2,2),(2,2),(0.000,1.000),(0.000,1.000),.UNSPECIFIED.)
GEOMETRIC_REPRESENTATION_ITEM()
RATIONAL_B_SPLINE_SURFACE(((1.0000000000,1.0000000000),(1.0000000000,1.0000000000)))
REPRESENTATION_ITEM('')
SURFACE()
);
#3871=CARTESIAN_POINT('',(32.5000000000,-12.0266461137,8.0000000000));
#3872=CARTESIAN_POINT('',(32.5000000000,-12.0266461137,5.2000000000));
#3873=CARTESIAN_POINT('',(29.9250000000,-13.5133230568,8.0000000000));
#3874=CARTESIAN_POINT('',(29.9250000000,-13.5133230568,5.2000000000));

#3875=CARTESIAN_POINT('',(29.9250000000,-13.5133230568,8.0000000000));
#3876=VERTEX_POINT('',#3875);
#3877=(
BOUNDED_CURVE()
B_SPLINE_CURVE(1,(#3878,#3879),.UNSPECIFIED.,.F.,.F.)
B_SPLINE_CURVE_WITH_KNOTS((2,2),(0.000,1.000),.UNSPECIFIED.)
CURVE()
GEOMETRIC_REPRESENTATION_ITEM()
RATIONAL_B_SPLINE_CURVE((1.0000000000,1.0000000000))
REPRESENTATION_ITEM('')
);
#3878=CARTESIAN_POINT('',(29.9250000000,-13.5133230568,8.0000000000));
#3879=CARTESIAN_POINT('',(32.5000000000,-12.0266461137,8.0000000000));

#3880=CARTESIAN_POINT('',(32.5000000000,-12.0266461137,8.0000000000));
#3881=VERTEX_POINT('',#3880);
#3882=EDGE_CURVE('',#3876,#3881,#3877,.T.);
#3883=ORIENTED_EDGE('',*,*,#3882,.T.);
#3884=(
BOUNDED_CURVE()
B_SPLINE_CURVE(1,(#3885,#3886),.UNSPECIFIED.,.F.,.F.)
B_SPLINE_CURVE_WITH_KNOTS((2,2),(0.000,1.000),.UNSPECIFIED.)
CURVE()
GEOMETRIC_REPRESENTATION_ITEM()
RATIONAL_B_SPLINE_CURVE((1.0000000000,1.0000000000))
REPRESENTATION_ITEM('')
);
#3885=CARTESIAN_POINT('',(32.5000000000,-12.0266461137,8.0000000000));
#3886=CARTESIAN_POINT('',(32.5000000000,-12.0266461137,5.2000000000));

#3887=CARTESIAN_POINT('',(32.5000000000,-12.0266461137,5.2000000000));
#3888=VERTEX_POINT('',#3887);
#3889=EDGE_CURVE('',#3881,#3888,#3884,.T.);
#3890=ORIENTED_EDGE('',*,*,#3889,.T.);
#3891=(
BOUNDED_CURVE()
B_SPLINE_CURVE(1,(#3892,#3893),.UNSPECIFIED.,.F.,.F.)
B_SPLINE_CURVE_WITH_KNOTS((2,2),(0.000,1.000),.UNSPECIFIED.)
CURVE()
GEOMETRIC_REPRESENTATION_ITEM()
RATIONAL_B_SPLINE_CURVE((1.0000000000,1.0000000000))
REPRESENTATION_ITEM('')
);
#3892=CARTESIAN_POINT('',(32.5000000000,-12.0266461137,5.2000000000));
#3893=CARTESIAN_POINT('',(29.9250000000,-13.5133230568,5.2000000000));

#3894=CARTESIAN_POINT('',(29.9250000000,-13.5133230568,5.2000000000));
#3895=VERTEX_POINT('',#3894);
#3896=EDGE_CURVE('',#3888,#3895,#3891,.T.);
#3897=ORIENTED_EDGE('',*,*,#3896,.T.);
#3898=(
BOUNDED_CURVE()
B_SPLINE_CURVE(1,(#3899,#3900),.UNSPECIFIED.,.F.,.F.)
B_SPLINE_CURVE_WITH_KNOTS((2,2),(0.000,1.000),.UNSPECIFIED.)
CURVE()
GEOMETRIC_REPRESENTATION_ITEM()
RATIONAL_B_SPLINE_CURVE((1.0000000000,1.0000000000))
REPRESENTATION_ITEM('')
);
#3899=CARTESIAN_POINT('',(29.9250000000,-13.5133230568,5.2000000000));
#3900=CARTESIAN_POINT('',(29.9250000000,-13.5133230568,8.0000000000));

#3901=EDGE_CURVE('',#3895,#3876,#3898,.T.);
#3902=ORIENTED_EDGE('',*,*,#3901,.T.);
#3903=EDGE_LOOP('',(#3883,#3890,#3897,#3902));
#3904=FACE_OUTER_BOUND('',#3903,.T.);
#3905=ADVANCED_FACE('',(#3904),#3870,.T.);
#3906=COLOUR_RGB('',0.39,0.39,0.39);
#3907=FILL_AREA_STYLE_COLOUR('',#3906);
#3908=FILL_AREA_STYLE('',(#3907));
#3909=SURFACE_STYLE_FILL_AREA(#3908);
#3910=SURFACE_STYLE_TRANSPARENT(0.00);
#3911=SURFACE_STYLE_RENDERING_WITH_PROPERTIES(.NORMAL_SHADING.,#3906,(#3910));
#3912=SURFACE_SIDE_STYLE('',(#3909, #3911));
#3913=SURFACE_STYLE_USAGE(.BOTH.,#3912);
#3914=PRESENTATION_STYLE_ASSIGNMENT((#3913));
#3915=STYLED_ITEM('',(#3914),#3905);

#3916=(
BOUNDED_SURFACE()
B_SPLINE_SURFACE(1,1,((#3917,#3918),(#3919,#3920)),.UNSPECIFIED.,.F.,.F.,.F.)
B_SPLINE_SURFACE_WITH_KNOTS((2,2),(2,2),(0.000,1.000),(0.000,1.000),.UNSPECIFIED.)
GEOMETRIC_REPRESENTATION_ITEM()
RATIONAL_B_SPLINE_SURFACE(((1.0000000000,1.0000000000),(1.0000000000,1.0000000000)))
REPRESENTATION_ITEM('')
SURFACE()
);
#3917=CARTESIAN_POINT('',(-29.9250000000,-17.9733538863,5.2000000000));
#3918=CARTESIAN_POINT('',(-35.0750000000,-17.9733538863,5.2000000000));
#3919=CARTESIAN_POINT('',(-29.9250000000,-12.0266461137,5.2000000000));
#3920=CARTESIAN_POINT('',(-35.0750000000,-12.0266461137,5.2000000000));

#3921=CARTESIAN_POINT('',(-35.0750000000,-13.5133230568,5.2000000000));
#3922=VERTEX_POINT('',#3921);
#3923=(
BOUNDED_CURVE()
B_SPLINE_CURVE(1,(#3924,#3925),.UNSPECIFIED.,.F.,.F.)
B_SPLINE_CURVE_WITH_KNOTS((2,2),(0.000,1.000),.UNSPECIFIED.)
CURVE()
GEOMETRIC_REPRESENTATION_ITEM()
RATIONAL_B_SPLINE_CURVE((1.0000000000,1.0000000000))
REPRESENTATION_ITEM('')
);
#3924=CARTESIAN_POINT('',(-35.0750000000,-13.5133230568,5.2000000000));
#3925=CARTESIAN_POINT('',(-32.5000000000,-12.0266461137,5.2000000000));

#3926=CARTESIAN_POINT('',(-32.5000000000,-12.0266461137,5.2000000000));
#3927=VERTEX_POINT('',#3926);
#3928=EDGE_CURVE('',#3922,#3927,#3923,.T.);
#3929=ORIENTED_EDGE('',*,*,#3928,.T.);
#3930=(
BOUNDED_CURVE()
B_SPLINE_CURVE(1,(#3931,#3932),.UNSPECIFIED.,.F.,.F.)
B_SPLINE_CURVE_WITH_KNOTS((2,2),(0.000,1.000),.UNSPECIFIED.)
CURVE()
GEOMETRIC_REPRESENTATION_ITEM()
RATIONAL_B_SPLINE_CURVE((1.0000000000,1.0000000000))
REPRESENTATION_ITEM('')
);
#3931=CARTESIAN_POINT('',(-32.5000000000,-12.0266461137,5.2000000000));
#3932=CARTESIAN_POINT('',(-29.9250000000,-13.5133230568,5.2000000000));

#3933=CARTESIAN_POINT('',(-29.9250000000,-13.5133230568,5.2000000000));
#3934=VERTEX_POINT('',#3933);
#3935=EDGE_CURVE('',#3927,#3934,#3930,.T.);
#3936=ORIENTED_EDGE('',*,*,#3935,.T.);
#3937=(
BOUNDED_CURVE()
B_SPLINE_CURVE(1,(#3938,#3939),.UNSPECIFIED.,.F.,.F.)
B_SPLINE_CURVE_WITH_KNOTS((2,2),(0.000,1.000),.UNSPECIFIED.)
CURVE()
GEOMETRIC_REPRESENTATION_ITEM()
RATIONAL_B_SPLINE_CURVE((1.0000000000,1.0000000000))
REPRESENTATION_ITEM('')
);
#3938=CARTESIAN_POINT('',(-29.9250000000,-13.5133230568,5.2000000000));
#3939=CARTESIAN_POINT('',(-29.9250000000,-16.4866769432,5.2000000000));

#3940=CARTESIAN_POINT('',(-29.9250000000,-16.4866769432,5.2000000000));
#3941=VERTEX_POINT('',#3940);
#3942=EDGE_CURVE('',#3934,#3941,#3937,.T.);
#3943=ORIENTED_EDGE('',*,*,#3942,.T.);
#3944=(
BOUNDED_CURVE()
B_SPLINE_CURVE(1,(#3945,#3946),.UNSPECIFIED.,.F.,.F.)
B_SPLINE_CURVE_WITH_KNOTS((2,2),(0.000,1.000),.UNSPECIFIED.)
CURVE()
GEOMETRIC_REPRESENTATION_ITEM()
RATIONAL_B_SPLINE_CURVE((1.0000000000,1.0000000000))
REPRESENTATION_ITEM('')
);
#3945=CARTESIAN_POINT('',(-29.9250000000,-16.4866769432,5.2000000000));
#3946=CARTESIAN_POINT('',(-32.5000000000,-17.9733538863,5.2000000000));

#3947=CARTESIAN_POINT('',(-32.5000000000,-17.9733538863,5.2000000000));
#3948=VERTEX_POINT('',#3947);
#3949=EDGE_CURVE('',#3941,#3948,#3944,.T.);
#3950=ORIENTED_EDGE('',*,*,#3949,.T.);
#3951=(
BOUNDED_CURVE()
B_SPLINE_CURVE(1,(#3952,#3953),.UNSPECIFIED.,.F.,.F.)
B_SPLINE_CURVE_WITH_KNOTS((2,2),(0.000,1.000),.UNSPECIFIED.)
CURVE()
GEOMETRIC_REPRESENTATION_ITEM()
RATIONAL_B_SPLINE_CURVE((1.0000000000,1.0000000000))
REPRESENTATION_ITEM('')
);
#3952=CARTESIAN_POINT('',(-32.5000000000,-17.9733538863,5.2000000000));
#3953=CARTESIAN_POINT('',(-35.0750000000,-16.4866769432,5.2000000000));

#3954=CARTESIAN_POINT('',(-35.0750000000,-16.4866769432,5.2000000000));
#3955=VERTEX_POINT('',#3954);
#3956=EDGE_CURVE('',#3948,#3955,#3951,.T.);
#3957=ORIENTED_EDGE('',*,*,#3956,.T.);
#3958=(
BOUNDED_CURVE()
B_SPLINE_CURVE(1,(#3959,#3960),.UNSPECIFIED.,.F.,.F.)
B_SPLINE_CURVE_WITH_KNOTS((2,2),(0.000,1.000),.UNSPECIFIED.)
CURVE()
GEOMETRIC_REPRESENTATION_ITEM()
RATIONAL_B_SPLINE_CURVE((1.0000000000,1.0000000000))
REPRESENTATION_ITEM('')
);
#3959=CARTESIAN_POINT('',(-35.0750000000,-16.4866769432,5.2000000000));
#3960=CARTESIAN_POINT('',(-35.0750000000,-13.5133230568,5.2000000000));

#3961=EDGE_CURVE('',#3955,#3922,#3958,.T.);
#3962=ORIENTED_EDGE('',*,*,#3961,.T.);
#3963=EDGE_LOOP('',(#3929,#3936,#3943,#3950,#3957,#3962));
#3964=FACE_OUTER_BOUND('',#3963,.T.);
#3965=CARTESIAN_POINT('',(-31.1500000000,-15.0000000001,5.2000000000));
#3966=VERTEX_POINT('',#3965);
#3967=(
BOUNDED_CURVE()
B_SPLINE_CURVE(2,(#3968,#3969,#3970),.UNSPECIFIED.,.F.,.F.)
B_SPLINE_CURVE_WITH_KNOTS((3,3),(0.000,1.000),.UNSPECIFIED.)
CURVE()
GEOMETRIC_REPRESENTATION_ITEM()
RATIONAL_B_SPLINE_CURVE((1.0000000000,0.7071067812,1.0000000000))
REPRESENTATION_ITEM('')
);
#3968=CARTESIAN_POINT('',(-31.1500000000,-15.0000000000,5.2000000000));
#3969=CARTESIAN_POINT('',(-31.1500000000,-13.6500000001,5.2000000000));
#3970=CARTESIAN_POINT('',(-32.4999999999,-13.6500000000,5.2000000000));

#3971=CARTESIAN_POINT('',(-32.4999999999,-13.6500000000,5.2000000000));
#3972=VERTEX_POINT('',#3971);
#3973=EDGE_CURVE('',#3966,#3972,#3967,.T.);
#3974=ORIENTED_EDGE('',*,*,#3973,.T.);
#3975=(
BOUNDED_CURVE()
B_SPLINE_CURVE(2,(#3976,#3977,#3978),.UNSPECIFIED.,.F.,.F.)
B_SPLINE_CURVE_WITH_KNOTS((3,3),(0.000,1.000),.UNSPECIFIED.)
CURVE()
GEOMETRIC_REPRESENTATION_ITEM()
RATIONAL_B_SPLINE_CURVE((1.0000000000,0.7071067812,1.0000000000))
REPRESENTATION_ITEM('')
);
#3976=CARTESIAN_POINT('',(-32.5000000000,-13.6500000000,5.2000000000));
#3977=CARTESIAN_POINT('',(-33.8499999999,-13.6500000000,5.2000000000));
#3978=CARTESIAN_POINT('',(-33.8500000000,-14.9999999999,5.2000000000));

#3979=CARTESIAN_POINT('',(-33.8500000000,-14.9999999999,5.2000000000));
#3980=VERTEX_POINT('',#3979);
#3981=EDGE_CURVE('',#3972,#3980,#3975,.T.);
#3982=ORIENTED_EDGE('',*,*,#3981,.T.);
#3983=(
BOUNDED_CURVE()
B_SPLINE_CURVE(2,(#3984,#3985,#3986),.UNSPECIFIED.,.F.,.F.)
B_SPLINE_CURVE_WITH_KNOTS((3,3),(0.000,1.000),.UNSPECIFIED.)
CURVE()
GEOMETRIC_REPRESENTATION_ITEM()
RATIONAL_B_SPLINE_CURVE((1.0000000000,0.7071067812,1.0000000000))
REPRESENTATION_ITEM('')
);
#3984=CARTESIAN_POINT('',(-33.8500000000,-15.0000000000,5.2000000000));
#3985=CARTESIAN_POINT('',(-33.8500000000,-16.3499999999,5.2000000000));
#3986=CARTESIAN_POINT('',(-32.5000000001,-16.3500000000,5.2000000000));

#3987=CARTESIAN_POINT('',(-32.5000000001,-16.3500000000,5.2000000000));
#3988=VERTEX_POINT('',#3987);
#3989=EDGE_CURVE('',#3980,#3988,#3983,.T.);
#3990=ORIENTED_EDGE('',*,*,#3989,.T.);
#3991=(
BOUNDED_CURVE()
B_SPLINE_CURVE(2,(#3992,#3993,#3994),.UNSPECIFIED.,.F.,.F.)
B_SPLINE_CURVE_WITH_KNOTS((3,3),(0.000,1.000),.UNSPECIFIED.)
CURVE()
GEOMETRIC_REPRESENTATION_ITEM()
RATIONAL_B_SPLINE_CURVE((1.0000000000,0.7071067812,1.0000000000))
REPRESENTATION_ITEM('')
);
#3992=CARTESIAN_POINT('',(-32.5000000000,-16.3500000000,5.2000000000));
#3993=CARTESIAN_POINT('',(-31.1500000001,-16.3500000000,5.2000000000));
#3994=CARTESIAN_POINT('',(-31.1500000000,-15.0000000001,5.2000000000));

#3995=EDGE_CURVE('',#3988,#3966,#3991,.T.);
#3996=ORIENTED_EDGE('',*,*,#3995,.T.);
#3997=EDGE_LOOP('',(#3974,#3982,#3990,#3996));
#3998=FACE_BOUND('',#3997,.T.);
#3999=ADVANCED_FACE('',(#3964,#3998),#3916,.T.);
#4000=COLOUR_RGB('',0.39,0.39,0.39);
#4001=FILL_AREA_STYLE_COLOUR('',#4000);
#4002=FILL_AREA_STYLE('',(#4001));
#4003=SURFACE_STYLE_FILL_AREA(#4002);
#4004=SURFACE_STYLE_TRANSPARENT(0.00);
#4005=SURFACE_STYLE_RENDERING_WITH_PROPERTIES(.NORMAL_SHADING.,#4000,(#4004));
#4006=SURFACE_SIDE_STYLE('',(#4003, #4005));
#4007=SURFACE_STYLE_USAGE(.BOTH.,#4006);
#4008=PRESENTATION_STYLE_ASSIGNMENT((#4007));
#4009=STYLED_ITEM('',(#4008),#3999);

#4010=(
BOUNDED_SURFACE()
B_SPLINE_SURFACE(1,1,((#4011,#4012),(#4013,#4014)),.UNSPECIFIED.,.F.,.F.,.F.)
B_SPLINE_SURFACE_WITH_KNOTS((2,2),(2,2),(0.000,1.000),(0.000,1.000),.UNSPECIFIED.)
GEOMETRIC_REPRESENTATION_ITEM()
RATIONAL_B_SPLINE_SURFACE(((1.0000000000,1.0000000000),(1.0000000000,1.0000000000)))
REPRESENTATION_ITEM('')
SURFACE()
);
#4011=CARTESIAN_POINT('',(-29.9250000000,-13.5133230568,8.0000000000));
#4012=CARTESIAN_POINT('',(-29.9250000000,-13.5133230568,5.2000000000));
#4013=CARTESIAN_POINT('',(-32.5000000000,-12.0266461137,8.0000000000));
#4014=CARTESIAN_POINT('',(-32.5000000000,-12.0266461137,5.2000000000));

#4015=CARTESIAN_POINT('',(-32.5000000000,-12.0266461137,8.0000000000));
#4016=VERTEX_POINT('',#4015);
#4017=(
BOUNDED_CURVE()
B_SPLINE_CURVE(1,(#4018,#4019),.UNSPECIFIED.,.F.,.F.)
B_SPLINE_CURVE_WITH_KNOTS((2,2),(0.000,1.000),.UNSPECIFIED.)
CURVE()
GEOMETRIC_REPRESENTATION_ITEM()
RATIONAL_B_SPLINE_CURVE((1.0000000000,1.0000000000))
REPRESENTATION_ITEM('')
);
#4018=CARTESIAN_POINT('',(-32.5000000000,-12.0266461137,8.0000000000));
#4019=CARTESIAN_POINT('',(-29.9250000000,-13.5133230568,8.0000000000));

#4020=CARTESIAN_POINT('',(-29.9250000000,-13.5133230568,8.0000000000));
#4021=VERTEX_POINT('',#4020);
#4022=EDGE_CURVE('',#4016,#4021,#4017,.T.);
#4023=ORIENTED_EDGE('',*,*,#4022,.T.);
#4024=(
BOUNDED_CURVE()
B_SPLINE_CURVE(1,(#4025,#4026),.UNSPECIFIED.,.F.,.F.)
B_SPLINE_CURVE_WITH_KNOTS((2,2),(0.000,1.000),.UNSPECIFIED.)
CURVE()
GEOMETRIC_REPRESENTATION_ITEM()
RATIONAL_B_SPLINE_CURVE((1.0000000000,1.0000000000))
REPRESENTATION_ITEM('')
);
#4025=CARTESIAN_POINT('',(-29.9250000000,-13.5133230568,8.0000000000));
#4026=CARTESIAN_POINT('',(-29.9250000000,-13.5133230568,5.2000000000));

#4027=CARTESIAN_POINT('',(-29.9250000000,-13.5133230568,5.2000000000));
#4028=VERTEX_POINT('',#4027);
#4029=EDGE_CURVE('',#4021,#4028,#4024,.T.);
#4030=ORIENTED_EDGE('',*,*,#4029,.T.);
#4031=(
BOUNDED_CURVE()
B_SPLINE_CURVE(1,(#4032,#4033),.UNSPECIFIED.,.F.,.F.)
B_SPLINE_CURVE_WITH_KNOTS((2,2),(0.000,1.000),.UNSPECIFIED.)
CURVE()
GEOMETRIC_REPRESENTATION_ITEM()
RATIONAL_B_SPLINE_CURVE((1.0000000000,1.0000000000))
REPRESENTATION_ITEM('')
);
#4032=CARTESIAN_POINT('',(-29.9250000000,-13.5133230568,5.2000000000));
#4033=CARTESIAN_POINT('',(-32.5000000000,-12.0266461137,5.2000000000));

#4034=CARTESIAN_POINT('',(-32.5000000000,-12.0266461137,5.2000000000));
#4035=VERTEX_POINT('',#4034);
#4036=EDGE_CURVE('',#4028,#4035,#4031,.T.);
#4037=ORIENTED_EDGE('',*,*,#4036,.T.);
#4038=(
BOUNDED_CURVE()
B_SPLINE_CURVE(1,(#4039,#4040),.UNSPECIFIED.,.F.,.F.)
B_SPLINE_CURVE_WITH_KNOTS((2,2),(0.000,1.000),.UNSPECIFIED.)
CURVE()
GEOMETRIC_REPRESENTATION_ITEM()
RATIONAL_B_SPLINE_CURVE((1.0000000000,1.0000000000))
REPRESENTATION_ITEM('')
);
#4039=CARTESIAN_POINT('',(-32.5000000000,-12.0266461137,5.2000000000));
#4040=CARTESIAN_POINT('',(-32.5000000000,-12.0266461137,8.0000000000));

#4041=EDGE_CURVE('',#4035,#4016,#4038,.T.);
#4042=ORIENTED_EDGE('',*,*,#4041,.T.);
#4043=EDGE_LOOP('',(#4023,#4030,#4037,#4042));
#4044=FACE_OUTER_BOUND('',#4043,.T.);
#4045=ADVANCED_FACE('',(#4044),#4010,.T.);
#4046=COLOUR_RGB('',0.39,0.39,0.39);
#4047=FILL_AREA_STYLE_COLOUR('',#4046);
#4048=FILL_AREA_STYLE('',(#4047));
#4049=SURFACE_STYLE_FILL_AREA(#4048);
#4050=SURFACE_STYLE_TRANSPARENT(0.00);
#4051=SURFACE_STYLE_RENDERING_WITH_PROPERTIES(.NORMAL_SHADING.,#4046,(#4050));
#4052=SURFACE_SIDE_STYLE('',(#4049, #4051));
#4053=SURFACE_STYLE_USAGE(.BOTH.,#4052);
#4054=PRESENTATION_STYLE_ASSIGNMENT((#4053));
#4055=STYLED_ITEM('',(#4054),#4045);

#4056=(
BOUNDED_SURFACE()
B_SPLINE_SURFACE(1,1,((#4057,#4058),(#4059,#4060)),.UNSPECIFIED.,.F.,.F.,.F.)
B_SPLINE_SURFACE_WITH_KNOTS((2,2),(2,2),(0.000,1.000),(0.000,1.000),.UNSPECIFIED.)
GEOMETRIC_REPRESENTATION_ITEM()
RATIONAL_B_SPLINE_SURFACE(((1.0000000000,1.0000000000),(1.0000000000,1.0000000000)))
REPRESENTATION_ITEM('')
SURFACE()
);
#4057=CARTESIAN_POINT('',(-29.9250000000,-16.4866769432,8.0000000000));
#4058=CARTESIAN_POINT('',(-29.9250000000,-16.4866769432,5.2000000000));
#4059=CARTESIAN_POINT('',(-29.9250000000,-13.5133230568,8.0000000000));
#4060=CARTESIAN_POINT('',(-29.9250000000,-13.5133230568,5.2000000000));

#4061=CARTESIAN_POINT('',(-29.9250000000,-13.5133230568,8.0000000000));
#4062=VERTEX_POINT('',#4061);
#4063=(
BOUNDED_CURVE()
B_SPLINE_CURVE(1,(#4064,#4065),.UNSPECIFIED.,.F.,.F.)
B_SPLINE_CURVE_WITH_KNOTS((2,2),(0.000,1.000),.UNSPECIFIED.)
CURVE()
GEOMETRIC_REPRESENTATION_ITEM()
RATIONAL_B_SPLINE_CURVE((1.0000000000,1.0000000000))
REPRESENTATION_ITEM('')
);
#4064=CARTESIAN_POINT('',(-29.9250000000,-13.5133230568,8.0000000000));
#4065=CARTESIAN_POINT('',(-29.9250000000,-16.4866769432,8.0000000000));

#4066=CARTESIAN_POINT('',(-29.9250000000,-16.4866769432,8.0000000000));
#4067=VERTEX_POINT('',#4066);
#4068=EDGE_CURVE('',#4062,#4067,#4063,.T.);
#4069=ORIENTED_EDGE('',*,*,#4068,.T.);
#4070=(
BOUNDED_CURVE()
B_SPLINE_CURVE(1,(#4071,#4072),.UNSPECIFIED.,.F.,.F.)
B_SPLINE_CURVE_WITH_KNOTS((2,2),(0.000,1.000),.UNSPECIFIED.)
CURVE()
GEOMETRIC_REPRESENTATION_ITEM()
RATIONAL_B_SPLINE_CURVE((1.0000000000,1.0000000000))
REPRESENTATION_ITEM('')
);
#4071=CARTESIAN_POINT('',(-29.9250000000,-16.4866769432,8.0000000000));
#4072=CARTESIAN_POINT('',(-29.9250000000,-16.4866769432,5.2000000000));

#4073=CARTESIAN_POINT('',(-29.9250000000,-16.4866769432,5.2000000000));
#4074=VERTEX_POINT('',#4073);
#4075=EDGE_CURVE('',#4067,#4074,#4070,.T.);
#4076=ORIENTED_EDGE('',*,*,#4075,.T.);
#4077=(
BOUNDED_CURVE()
B_SPLINE_CURVE(1,(#4078,#4079),.UNSPECIFIED.,.F.,.F.)
B_SPLINE_CURVE_WITH_KNOTS((2,2),(0.000,1.000),.UNSPECIFIED.)
CURVE()
GEOMETRIC_REPRESENTATION_ITEM()
RATIONAL_B_SPLINE_CURVE((1.0000000000,1.0000000000))
REPRESENTATION_ITEM('')
);
#4078=CARTESIAN_POINT('',(-29.9250000000,-16.4866769432,5.2000000000));
#4079=CARTESIAN_POINT('',(-29.9250000000,-13.5133230568,5.2000000000));

#4080=CARTESIAN_POINT('',(-29.9250000000,-13.5133230568,5.2000000000));
#4081=VERTEX_POINT('',#4080);
#4082=EDGE_CURVE('',#4074,#4081,#4077,.T.);
#4083=ORIENTED_EDGE('',*,*,#4082,.T.);
#4084=(
BOUNDED_CURVE()
B_SPLINE_CURVE(1,(#4085,#4086),.UNSPECIFIED.,.F.,.F.)
B_SPLINE_CURVE_WITH_KNOTS((2,2),(0.000,1.000),.UNSPECIFIED.)
CURVE()
GEOMETRIC_REPRESENTATION_ITEM()
RATIONAL_B_SPLINE_CURVE((1.0000000000,1.0000000000))
REPRESENTATION_ITEM('')
);
#4085=CARTESIAN_POINT('',(-29.9250000000,-13.5133230568,5.2000000000));
#4086=CARTESIAN_POINT('',(-29.9250000000,-13.5133230568,8.0000000000));

#4087=EDGE_CURVE('',#4081,#4062,#4084,.T.);
#4088=ORIENTED_EDGE('',*,*,#4087,.T.);
#4089=EDGE_LOOP('',(#4069,#4076,#4083,#4088));
#4090=FACE_OUTER_BOUND('',#4089,.T.);
#4091=ADVANCED_FACE('',(#4090),#4056,.T.);
#4092=COLOUR_RGB('',0.39,0.39,0.39);
#4093=FILL_AREA_STYLE_COLOUR('',#4092);
#4094=FILL_AREA_STYLE('',(#4093));
#4095=SURFACE_STYLE_FILL_AREA(#4094);
#4096=SURFACE_STYLE_TRANSPARENT(0.00);
#4097=SURFACE_STYLE_RENDERING_WITH_PROPERTIES(.NORMAL_SHADING.,#4092,(#4096));
#4098=SURFACE_SIDE_STYLE('',(#4095, #4097));
#4099=SURFACE_STYLE_USAGE(.BOTH.,#4098);
#4100=PRESENTATION_STYLE_ASSIGNMENT((#4099));
#4101=STYLED_ITEM('',(#4100),#4091);

#4102=(
BOUNDED_SURFACE()
B_SPLINE_SURFACE(1,1,((#4103,#4104),(#4105,#4106)),.UNSPECIFIED.,.F.,.F.,.F.)
B_SPLINE_SURFACE_WITH_KNOTS((2,2),(2,2),(0.000,1.000),(0.000,1.000),.UNSPECIFIED.)
GEOMETRIC_REPRESENTATION_ITEM()
RATIONAL_B_SPLINE_SURFACE(((1.0000000000,1.0000000000),(1.0000000000,1.0000000000)))
REPRESENTATION_ITEM('')
SURFACE()
);
#4103=CARTESIAN_POINT('',(-32.5000000000,-17.9733538863,8.0000000000));
#4104=CARTESIAN_POINT('',(-32.5000000000,-17.9733538863,5.2000000000));
#4105=CARTESIAN_POINT('',(-29.9250000000,-16.4866769432,8.0000000000));
#4106=CARTESIAN_POINT('',(-29.9250000000,-16.4866769432,5.2000000000));

#4107=CARTESIAN_POINT('',(-29.9250000000,-16.4866769432,8.0000000000));
#4108=VERTEX_POINT('',#4107);
#4109=(
BOUNDED_CURVE()
B_SPLINE_CURVE(1,(#4110,#4111),.UNSPECIFIED.,.F.,.F.)
B_SPLINE_CURVE_WITH_KNOTS((2,2),(0.000,1.000),.UNSPECIFIED.)
CURVE()
GEOMETRIC_REPRESENTATION_ITEM()
RATIONAL_B_SPLINE_CURVE((1.0000000000,1.0000000000))
REPRESENTATION_ITEM('')
);
#4110=CARTESIAN_POINT('',(-29.9250000000,-16.4866769432,8.0000000000));
#4111=CARTESIAN_POINT('',(-32.5000000000,-17.9733538863,8.0000000000));

#4112=CARTESIAN_POINT('',(-32.5000000000,-17.9733538863,8.0000000000));
#4113=VERTEX_POINT('',#4112);
#4114=EDGE_CURVE('',#4108,#4113,#4109,.T.);
#4115=ORIENTED_EDGE('',*,*,#4114,.T.);
#4116=(
BOUNDED_CURVE()
B_SPLINE_CURVE(1,(#4117,#4118),.UNSPECIFIED.,.F.,.F.)
B_SPLINE_CURVE_WITH_KNOTS((2,2),(0.000,1.000),.UNSPECIFIED.)
CURVE()
GEOMETRIC_REPRESENTATION_ITEM()
RATIONAL_B_SPLINE_CURVE((1.0000000000,1.0000000000))
REPRESENTATION_ITEM('')
);
#4117=CARTESIAN_POINT('',(-32.5000000000,-17.9733538863,8.0000000000));
#4118=CARTESIAN_POINT('',(-32.5000000000,-17.9733538863,5.2000000000));

#4119=CARTESIAN_POINT('',(-32.5000000000,-17.9733538863,5.2000000000));
#4120=VERTEX_POINT('',#4119);
#4121=EDGE_CURVE('',#4113,#4120,#4116,.T.);
#4122=ORIENTED_EDGE('',*,*,#4121,.T.);
#4123=(
BOUNDED_CURVE()
B_SPLINE_CURVE(1,(#4124,#4125),.UNSPECIFIED.,.F.,.F.)
B_SPLINE_CURVE_WITH_KNOTS((2,2),(0.000,1.000),.UNSPECIFIED.)
CURVE()
GEOMETRIC_REPRESENTATION_ITEM()
RATIONAL_B_SPLINE_CURVE((1.0000000000,1.0000000000))
REPRESENTATION_ITEM('')
);
#4124=CARTESIAN_POINT('',(-32.5000000000,-17.9733538863,5.2000000000));
#4125=CARTESIAN_POINT('',(-29.9250000000,-16.4866769432,5.2000000000));

#4126=CARTESIAN_POINT('',(-29.9250000000,-16.4866769432,5.2000000000));
#4127=VERTEX_POINT('',#4126);
#4128=EDGE_CURVE('',#4120,#4127,#4123,.T.);
#4129=ORIENTED_EDGE('',*,*,#4128,.T.);
#4130=(
BOUNDED_CURVE()
B_SPLINE_CURVE(1,(#4131,#4132),.UNSPECIFIED.,.F.,.F.)
B_SPLINE_CURVE_WITH_KNOTS((2,2),(0.000,1.000),.UNSPECIFIED.)
CURVE()
GEOMETRIC_REPRESENTATION_ITEM()
RATIONAL_B_SPLINE_CURVE((1.0000000000,1.0000000000))
REPRESENTATION_ITEM('')
);
#4131=CARTESIAN_POINT('',(-29.9250000000,-16.4866769432,5.2000000000));
#4132=CARTESIAN_POINT('',(-29.9250000000,-16.4866769432,8.0000000000));

#4133=EDGE_CURVE('',#4127,#4108,#4130,.T.);
#4134=ORIENTED_EDGE('',*,*,#4133,.T.);
#4135=EDGE_LOOP('',(#4115,#4122,#4129,#4134));
#4136=FACE_OUTER_BOUND('',#4135,.T.);
#4137=ADVANCED_FACE('',(#4136),#4102,.T.);
#4138=COLOUR_RGB('',0.39,0.39,0.39);
#4139=FILL_AREA_STYLE_COLOUR('',#4138);
#4140=FILL_AREA_STYLE('',(#4139));
#4141=SURFACE_STYLE_FILL_AREA(#4140);
#4142=SURFACE_STYLE_TRANSPARENT(0.00);
#4143=SURFACE_STYLE_RENDERING_WITH_PROPERTIES(.NORMAL_SHADING.,#4138,(#4142));
#4144=SURFACE_SIDE_STYLE('',(#4141, #4143));
#4145=SURFACE_STYLE_USAGE(.BOTH.,#4144);
#4146=PRESENTATION_STYLE_ASSIGNMENT((#4145));
#4147=STYLED_ITEM('',(#4146),#4137);

#4148=(
BOUNDED_SURFACE()
B_SPLINE_SURFACE(1,1,((#4149,#4150),(#4151,#4152)),.UNSPECIFIED.,.F.,.F.,.F.)
B_SPLINE_SURFACE_WITH_KNOTS((2,2),(2,2),(0.000,1.000),(0.000,1.000),.UNSPECIFIED.)
GEOMETRIC_REPRESENTATION_ITEM()
RATIONAL_B_SPLINE_SURFACE(((1.0000000000,1.0000000000),(1.0000000000,1.0000000000)))
REPRESENTATION_ITEM('')
SURFACE()
);
#4149=CARTESIAN_POINT('',(-35.0750000000,-16.4866769432,8.0000000000));
#4150=CARTESIAN_POINT('',(-35.0750000000,-16.4866769432,5.2000000000));
#4151=CARTESIAN_POINT('',(-32.5000000000,-17.9733538863,8.0000000000));
#4152=CARTESIAN_POINT('',(-32.5000000000,-17.9733538863,5.2000000000));

#4153=CARTESIAN_POINT('',(-32.5000000000,-17.9733538863,8.0000000000));
#4154=VERTEX_POINT('',#4153);
#4155=(
BOUNDED_CURVE()
B_SPLINE_CURVE(1,(#4156,#4157),.UNSPECIFIED.,.F.,.F.)
B_SPLINE_CURVE_WITH_KNOTS((2,2),(0.000,1.000),.UNSPECIFIED.)
CURVE()
GEOMETRIC_REPRESENTATION_ITEM()
RATIONAL_B_SPLINE_CURVE((1.0000000000,1.0000000000))
REPRESENTATION_ITEM('')
);
#4156=CARTESIAN_POINT('',(-32.5000000000,-17.9733538863,8.0000000000));
#4157=CARTESIAN_POINT('',(-35.0750000000,-16.4866769432,8.0000000000));

#4158=CARTESIAN_POINT('',(-35.0750000000,-16.4866769432,8.0000000000));
#4159=VERTEX_POINT('',#4158);
#4160=EDGE_CURVE('',#4154,#4159,#4155,.T.);
#4161=ORIENTED_EDGE('',*,*,#4160,.T.);
#4162=(
BOUNDED_CURVE()
B_SPLINE_CURVE(1,(#4163,#4164),.UNSPECIFIED.,.F.,.F.)
B_SPLINE_CURVE_WITH_KNOTS((2,2),(0.000,1.000),.UNSPECIFIED.)
CURVE()
GEOMETRIC_REPRESENTATION_ITEM()
RATIONAL_B_SPLINE_CURVE((1.0000000000,1.0000000000))
REPRESENTATION_ITEM('')
);
#4163=CARTESIAN_POINT('',(-35.0750000000,-16.4866769432,8.0000000000));
#4164=CARTESIAN_POINT('',(-35.0750000000,-16.4866769432,5.2000000000));

#4165=CARTESIAN_POINT('',(-35.0750000000,-16.4866769432,5.2000000000));
#4166=VERTEX_POINT('',#4165);
#4167=EDGE_CURVE('',#4159,#4166,#4162,.T.);
#4168=ORIENTED_EDGE('',*,*,#4167,.T.);
#4169=(
BOUNDED_CURVE()
B_SPLINE_CURVE(1,(#4170,#4171),.UNSPECIFIED.,.F.,.F.)
B_SPLINE_CURVE_WITH_KNOTS((2,2),(0.000,1.000),.UNSPECIFIED.)
CURVE()
GEOMETRIC_REPRESENTATION_ITEM()
RATIONAL_B_SPLINE_CURVE((1.0000000000,1.0000000000))
REPRESENTATION_ITEM('')
);
#4170=CARTESIAN_POINT('',(-35.0750000000,-16.4866769432,5.2000000000));
#4171=CARTESIAN_POINT('',(-32.5000000000,-17.9733538863,5.2000000000));

#4172=CARTESIAN_POINT('',(-32.5000000000,-17.9733538863,5.2000000000));
#4173=VERTEX_POINT('',#4172);
#4174=EDGE_CURVE('',#4166,#4173,#4169,.T.);
#4175=ORIENTED_EDGE('',*,*,#4174,.T.);
#4176=(
BOUNDED_CURVE()
B_SPLINE_CURVE(1,(#4177,#4178),.UNSPECIFIED.,.F.,.F.)
B_SPLINE_CURVE_WITH_KNOTS((2,2),(0.000,1.000),.UNSPECIFIED.)
CURVE()
GEOMETRIC_REPRESENTATION_ITEM()
RATIONAL_B_SPLINE_CURVE((1.0000000000,1.0000000000))
REPRESENTATION_ITEM('')
);
#4177=CARTESIAN_POINT('',(-32.5000000000,-17.9733538863,5.2000000000));
#4178=CARTESIAN_POINT('',(-32.5000000000,-17.9733538863,8.0000000000));

#4179=EDGE_CURVE('',#4173,#4154,#4176,.T.);
#4180=ORIENTED_EDGE('',*,*,#4179,.T.);
#4181=EDGE_LOOP('',(#4161,#4168,#4175,#4180));
#4182=FACE_OUTER_BOUND('',#4181,.T.);
#4183=ADVANCED_FACE('',(#4182),#4148,.T.);
#4184=COLOUR_RGB('',0.39,0.39,0.39);
#4185=FILL_AREA_STYLE_COLOUR('',#4184);
#4186=FILL_AREA_STYLE('',(#4185));
#4187=SURFACE_STYLE_FILL_AREA(#4186);
#4188=SURFACE_STYLE_TRANSPARENT(0.00);
#4189=SURFACE_STYLE_RENDERING_WITH_PROPERTIES(.NORMAL_SHADING.,#4184,(#4188));
#4190=SURFACE_SIDE_STYLE('',(#4187, #4189));
#4191=SURFACE_STYLE_USAGE(.BOTH.,#4190);
#4192=PRESENTATION_STYLE_ASSIGNMENT((#4191));
#4193=STYLED_ITEM('',(#4192),#4183);

#4194=(
BOUNDED_SURFACE()
B_SPLINE_SURFACE(1,1,((#4195,#4196),(#4197,#4198)),.UNSPECIFIED.,.F.,.F.,.F.)
B_SPLINE_SURFACE_WITH_KNOTS((2,2),(2,2),(0.000,1.000),(0.000,1.000),.UNSPECIFIED.)
GEOMETRIC_REPRESENTATION_ITEM()
RATIONAL_B_SPLINE_SURFACE(((1.0000000000,1.0000000000),(1.0000000000,1.0000000000)))
REPRESENTATION_ITEM('')
SURFACE()
);
#4195=CARTESIAN_POINT('',(-35.0750000000,-13.5133230568,8.0000000000));
#4196=CARTESIAN_POINT('',(-35.0750000000,-13.5133230568,5.2000000000));
#4197=CARTESIAN_POINT('',(-35.0750000000,-16.4866769432,8.0000000000));
#4198=CARTESIAN_POINT('',(-35.0750000000,-16.4866769432,5.2000000000));

#4199=CARTESIAN_POINT('',(-35.0750000000,-16.4866769432,8.0000000000));
#4200=VERTEX_POINT('',#4199);
#4201=(
BOUNDED_CURVE()
B_SPLINE_CURVE(1,(#4202,#4203),.UNSPECIFIED.,.F.,.F.)
B_SPLINE_CURVE_WITH_KNOTS((2,2),(0.000,1.000),.UNSPECIFIED.)
CURVE()
GEOMETRIC_REPRESENTATION_ITEM()
RATIONAL_B_SPLINE_CURVE((1.0000000000,1.0000000000))
REPRESENTATION_ITEM('')
);
#4202=CARTESIAN_POINT('',(-35.0750000000,-16.4866769432,8.0000000000));
#4203=CARTESIAN_POINT('',(-35.0750000000,-13.5133230568,8.0000000000));

#4204=CARTESIAN_POINT('',(-35.0750000000,-13.5133230568,8.0000000000));
#4205=VERTEX_POINT('',#4204);
#4206=EDGE_CURVE('',#4200,#4205,#4201,.T.);
#4207=ORIENTED_EDGE('',*,*,#4206,.T.);
#4208=(
BOUNDED_CURVE()
B_SPLINE_CURVE(1,(#4209,#4210),.UNSPECIFIED.,.F.,.F.)
B_SPLINE_CURVE_WITH_KNOTS((2,2),(0.000,1.000),.UNSPECIFIED.)
CURVE()
GEOMETRIC_REPRESENTATION_ITEM()
RATIONAL_B_SPLINE_CURVE((1.0000000000,1.0000000000))
REPRESENTATION_ITEM('')
);
#4209=CARTESIAN_POINT('',(-35.0750000000,-13.5133230568,8.0000000000));
#4210=CARTESIAN_POINT('',(-35.0750000000,-13.5133230568,5.2000000000));

#4211=CARTESIAN_POINT('',(-35.0750000000,-13.5133230568,5.2000000000));
#4212=VERTEX_POINT('',#4211);
#4213=EDGE_CURVE('',#4205,#4212,#4208,.T.);
#4214=ORIENTED_EDGE('',*,*,#4213,.T.);
#4215=(
BOUNDED_CURVE()
B_SPLINE_CURVE(1,(#4216,#4217),.UNSPECIFIED.,.F.,.F.)
B_SPLINE_CURVE_WITH_KNOTS((2,2),(0.000,1.000),.UNSPECIFIED.)
CURVE()
GEOMETRIC_REPRESENTATION_ITEM()
RATIONAL_B_SPLINE_CURVE((1.0000000000,1.0000000000))
REPRESENTATION_ITEM('')
);
#4216=CARTESIAN_POINT('',(-35.0750000000,-13.5133230568,5.2000000000));
#4217=CARTESIAN_POINT('',(-35.0750000000,-16.4866769432,5.2000000000));

#4218=CARTESIAN_POINT('',(-35.0750000000,-16.4866769432,5.2000000000));
#4219=VERTEX_POINT('',#4218);
#4220=EDGE_CURVE('',#4212,#4219,#4215,.T.);
#4221=ORIENTED_EDGE('',*,*,#4220,.T.);
#4222=(
BOUNDED_CURVE()
B_SPLINE_CURVE(1,(#4223,#4224),.UNSPECIFIED.,.F.,.F.)
B_SPLINE_CURVE_WITH_KNOTS((2,2),(0.000,1.000),.UNSPECIFIED.)
CURVE()
GEOMETRIC_REPRESENTATION_ITEM()
RATIONAL_B_SPLINE_CURVE((1.0000000000,1.0000000000))
REPRESENTATION_ITEM('')
);
#4223=CARTESIAN_POINT('',(-35.0750000000,-16.4866769432,5.2000000000));
#4224=CARTESIAN_POINT('',(-35.0750000000,-16.4866769432,8.0000000000));

#4225=EDGE_CURVE('',#4219,#4200,#4222,.T.);
#4226=ORIENTED_EDGE('',*,*,#4225,.T.);
#4227=EDGE_LOOP('',(#4207,#4214,#4221,#4226));
#4228=FACE_OUTER_BOUND('',#4227,.T.);
#4229=ADVANCED_FACE('',(#4228),#4194,.T.);
#4230=COLOUR_RGB('',0.39,0.39,0.39);
#4231=FILL_AREA_STYLE_COLOUR('',#4230);
#4232=FILL_AREA_STYLE('',(#4231));
#4233=SURFACE_STYLE_FILL_AREA(#4232);
#4234=SURFACE_STYLE_TRANSPARENT(0.00);
#4235=SURFACE_STYLE_RENDERING_WITH_PROPERTIES(.NORMAL_SHADING.,#4230,(#4234));
#4236=SURFACE_SIDE_STYLE('',(#4233, #4235));
#4237=SURFACE_STYLE_USAGE(.BOTH.,#4236);
#4238=PRESENTATION_STYLE_ASSIGNMENT((#4237));
#4239=STYLED_ITEM('',(#4238),#4229);

#4240=(
BOUNDED_SURFACE()
B_SPLINE_SURFACE(1,1,((#4241,#4242),(#4243,#4244)),.UNSPECIFIED.,.F.,.F.,.F.)
B_SPLINE_SURFACE_WITH_KNOTS((2,2),(2,2),(0.000,1.000),(0.000,1.000),.UNSPECIFIED.)
GEOMETRIC_REPRESENTATION_ITEM()
RATIONAL_B_SPLINE_SURFACE(((1.0000000000,1.0000000000),(1.0000000000,1.0000000000)))
REPRESENTATION_ITEM('')
SURFACE()
);
#4241=CARTESIAN_POINT('',(-32.5000000000,-12.0266461137,8.0000000000));
#4242=CARTESIAN_POINT('',(-32.5000000000,-12.0266461137,5.2000000000));
#4243=CARTESIAN_POINT('',(-35.0750000000,-13.5133230568,8.0000000000));
#4244=CARTESIAN_POINT('',(-35.0750000000,-13.5133230568,5.2000000000));

#4245=CARTESIAN_POINT('',(-35.0750000000,-13.5133230568,8.0000000000));
#4246=VERTEX_POINT('',#4245);
#4247=(
BOUNDED_CURVE()
B_SPLINE_CURVE(1,(#4248,#4249),.UNSPECIFIED.,.F.,.F.)
B_SPLINE_CURVE_WITH_KNOTS((2,2),(0.000,1.000),.UNSPECIFIED.)
CURVE()
GEOMETRIC_REPRESENTATION_ITEM()
RATIONAL_B_SPLINE_CURVE((1.0000000000,1.0000000000))
REPRESENTATION_ITEM('')
);
#4248=CARTESIAN_POINT('',(-35.0750000000,-13.5133230568,8.0000000000));
#4249=CARTESIAN_POINT('',(-32.5000000000,-12.0266461137,8.0000000000));

#4250=CARTESIAN_POINT('',(-32.5000000000,-12.0266461137,8.0000000000));
#4251=VERTEX_POINT('',#4250);
#4252=EDGE_CURVE('',#4246,#4251,#4247,.T.);
#4253=ORIENTED_EDGE('',*,*,#4252,.T.);
#4254=(
BOUNDED_CURVE()
B_SPLINE_CURVE(1,(#4255,#4256),.UNSPECIFIED.,.F.,.F.)
B_SPLINE_CURVE_WITH_KNOTS((2,2),(0.000,1.000),.UNSPECIFIED.)
CURVE()
GEOMETRIC_REPRESENTATION_ITEM()
RATIONAL_B_SPLINE_CURVE((1.0000000000,1.0000000000))
REPRESENTATION_ITEM('')
);
#4255=CARTESIAN_POINT('',(-32.5000000000,-12.0266461137,8.0000000000));
#4256=CARTESIAN_POINT('',(-32.5000000000,-12.0266461137,5.2000000000));

#4257=CARTESIAN_POINT('',(-32.5000000000,-12.0266461137,5.2000000000));
#4258=VERTEX_POINT('',#4257);
#4259=EDGE_CURVE('',#4251,#4258,#4254,.T.);
#4260=ORIENTED_EDGE('',*,*,#4259,.T.);
#4261=(
BOUNDED_CURVE()
B_SPLINE_CURVE(1,(#4262,#4263),.UNSPECIFIED.,.F.,.F.)
B_SPLINE_CURVE_WITH_KNOTS((2,2),(0.000,1.000),.UNSPECIFIED.)
CURVE()
GEOMETRIC_REPRESENTATION_ITEM()
RATIONAL_B_SPLINE_CURVE((1.0000000000,1.0000000000))
REPRESENTATION_ITEM('')
);
#4262=CARTESIAN_POINT('',(-32.5000000000,-12.0266461137,5.2000000000));
#4263=CARTESIAN_POINT('',(-35.0750000000,-13.5133230568,5.2000000000));

#4264=CARTESIAN_POINT('',(-35.0750000000,-13.5133230568,5.2000000000));
#4265=VERTEX_POINT('',#4264);
#4266=EDGE_CURVE('',#4258,#4265,#4261,.T.);
#4267=ORIENTED_EDGE('',*,*,#4266,.T.);
#4268=(
BOUNDED_CURVE()
B_SPLINE_CURVE(1,(#4269,#4270),.UNSPECIFIED.,.F.,.F.)
B_SPLINE_CURVE_WITH_KNOTS((2,2),(0.000,1.000),.UNSPECIFIED.)
CURVE()
GEOMETRIC_REPRESENTATION_ITEM()
RATIONAL_B_SPLINE_CURVE((1.0000000000,1.0000000000))
REPRESENTATION_ITEM('')
);
#4269=CARTESIAN_POINT('',(-35.0750000000,-13.5133230568,5.2000000000));
#4270=CARTESIAN_POINT('',(-35.0750000000,-13.5133230568,8.0000000000));

#4271=EDGE_CURVE('',#4265,#4246,#4268,.T.);
#4272=ORIENTED_EDGE('',*,*,#4271,.T.);
#4273=EDGE_LOOP('',(#4253,#4260,#4267,#4272));
#4274=FACE_OUTER_BOUND('',#4273,.T.);
#4275=ADVANCED_FACE('',(#4274),#4240,.T.);
#4276=COLOUR_RGB('',0.39,0.39,0.39);
#4277=FILL_AREA_STYLE_COLOUR('',#4276);
#4278=FILL_AREA_STYLE('',(#4277));
#4279=SURFACE_STYLE_FILL_AREA(#4278);
#4280=SURFACE_STYLE_TRANSPARENT(0.00);
#4281=SURFACE_STYLE_RENDERING_WITH_PROPERTIES(.NORMAL_SHADING.,#4276,(#4280));
#4282=SURFACE_SIDE_STYLE('',(#4279, #4281));
#4283=SURFACE_STYLE_USAGE(.BOTH.,#4282);
#4284=PRESENTATION_STYLE_ASSIGNMENT((#4283));
#4285=STYLED_ITEM('',(#4284),#4275);

#4286=(
BOUNDED_SURFACE()
B_SPLINE_SURFACE(1,1,((#4287,#4288),(#4289,#4290)),.UNSPECIFIED.,.F.,.F.,.F.)
B_SPLINE_SURFACE_WITH_KNOTS((2,2),(2,2),(0.000,1.000),(0.000,1.000),.UNSPECIFIED.)
GEOMETRIC_REPRESENTATION_ITEM()
RATIONAL_B_SPLINE_SURFACE(((1.0000000000,1.0000000000),(1.0000000000,1.0000000000)))
REPRESENTATION_ITEM('')
SURFACE()
);
#4287=CARTESIAN_POINT('',(-29.3000000000,18.5000000000,4.0000000000));
#4288=CARTESIAN_POINT('',(-29.3000000000,18.5000000000,8.0000000000));
#4289=CARTESIAN_POINT('',(29.3000000000,18.5000000000,4.0000000000));
#4290=CARTESIAN_POINT('',(29.3000000000,18.5000000000,8.0000000000));

#4291=CARTESIAN_POINT('',(29.3000000000,18.5000000000,4.0000000000));
#4292=VERTEX_POINT('',#4291);
#4293=(
BOUNDED_CURVE()
B_SPLINE_CURVE(1,(#4294,#4295),.UNSPECIFIED.,.F.,.F.)
B_SPLINE_CURVE_WITH_KNOTS((2,2),(0.000,1.000),.UNSPECIFIED.)
CURVE()
GEOMETRIC_REPRESENTATION_ITEM()
RATIONAL_B_SPLINE_CURVE((1.0000000000,1.0000000000))
REPRESENTATION_ITEM('')
);
#4294=CARTESIAN_POINT('',(29.3000000000,18.5000000000,4.0000000000));
#4295=CARTESIAN_POINT('',(-29.3000000000,18.5000000000,4.0000000000));

#4296=CARTESIAN_POINT('',(-29.3000000000,18.5000000000,4.0000000000));
#4297=VERTEX_POINT('',#4296);
#4298=EDGE_CURVE('',#4292,#4297,#4293,.T.);
#4299=ORIENTED_EDGE('',*,*,#4298,.T.);
#4300=(
BOUNDED_CURVE()
B_SPLINE_CURVE(1,(#4301,#4302),.UNSPECIFIED.,.F.,.F.)
B_SPLINE_CURVE_WITH_KNOTS((2,2),(0.000,1.000),.UNSPECIFIED.)
CURVE()
GEOMETRIC_REPRESENTATION_ITEM()
RATIONAL_B_SPLINE_CURVE((1.0000000000,1.0000000000))
REPRESENTATION_ITEM('')
);
#4301=CARTESIAN_POINT('',(-29.3000000000,18.5000000000,4.0000000000));
#4302=CARTESIAN_POINT('',(-29.3000000000,18.5000000000,8.0000000000));

#4303=CARTESIAN_POINT('',(-29.3000000000,18.5000000000,8.0000000000));
#4304=VERTEX_POINT('',#4303);
#4305=EDGE_CURVE('',#4297,#4304,#4300,.T.);
#4306=ORIENTED_EDGE('',*,*,#4305,.T.);
#4307=(
BOUNDED_CURVE()
B_SPLINE_CURVE(1,(#4308,#4309),.UNSPECIFIED.,.F.,.F.)
B_SPLINE_CURVE_WITH_KNOTS((2,2),(0.000,1.000),.UNSPECIFIED.)
CURVE()
GEOMETRIC_REPRESENTATION_ITEM()
RATIONAL_B_SPLINE_CURVE((1.0000000000,1.0000000000))
REPRESENTATION_ITEM('')
);
#4308=CARTESIAN_POINT('',(-29.3000000000,18.5000000000,8.0000000000));
#4309=CARTESIAN_POINT('',(29.3000000000,18.5000000000,8.0000000000));

#4310=CARTESIAN_POINT('',(29.3000000000,18.5000000000,8.0000000000));
#4311=VERTEX_POINT('',#4310);
#4312=EDGE_CURVE('',#4304,#4311,#4307,.T.);
#4313=ORIENTED_EDGE('',*,*,#4312,.T.);
#4314=(
BOUNDED_CURVE()
B_SPLINE_CURVE(1,(#4315,#4316),.UNSPECIFIED.,.F.,.F.)
B_SPLINE_CURVE_WITH_KNOTS((2,2),(0.000,1.000),.UNSPECIFIED.)
CURVE()
GEOMETRIC_REPRESENTATION_ITEM()
RATIONAL_B_SPLINE_CURVE((1.0000000000,1.0000000000))
REPRESENTATION_ITEM('')
);
#4315=CARTESIAN_POINT('',(29.3000000000,18.5000000000,8.0000000000));
#4316=CARTESIAN_POINT('',(29.3000000000,18.5000000000,4.0000000000));

#4317=EDGE_CURVE('',#4311,#4292,#4314,.T.);
#4318=ORIENTED_EDGE('',*,*,#4317,.T.);
#4319=EDGE_LOOP('',(#4299,#4306,#4313,#4318));
#4320=FACE_OUTER_BOUND('',#4319,.T.);
#4321=ADVANCED_FACE('',(#4320),#4286,.T.);
#4322=COLOUR_RGB('',0.39,0.39,0.39);
#4323=FILL_AREA_STYLE_COLOUR('',#4322);
#4324=FILL_AREA_STYLE('',(#4323));
#4325=SURFACE_STYLE_FILL_AREA(#4324);
#4326=SURFACE_STYLE_TRANSPARENT(0.00);
#4327=SURFACE_STYLE_RENDERING_WITH_PROPERTIES(.NORMAL_SHADING.,#4322,(#4326));
#4328=SURFACE_SIDE_STYLE('',(#4325, #4327));
#4329=SURFACE_STYLE_USAGE(.BOTH.,#4328);
#4330=PRESENTATION_STYLE_ASSIGNMENT((#4329));
#4331=STYLED_ITEM('',(#4330),#4321);

#4332=(
BOUNDED_SURFACE()
B_SPLINE_SURFACE(1,1,((#4333,#4334),(#4335,#4336)),.UNSPECIFIED.,.F.,.F.,.F.)
B_SPLINE_SURFACE_WITH_KNOTS((2,2),(2,2),(0.000,1.000),(0.000,1.000),.UNSPECIFIED.)
GEOMETRIC_REPRESENTATION_ITEM()
RATIONAL_B_SPLINE_SURFACE(((1.0000000000,1.0000000000),(1.0000000000,1.0000000000)))
REPRESENTATION_ITEM('')
SURFACE()
);
#4333=CARTESIAN_POINT('',(-29.3000000000,13.3000000000,4.0000000000));
#4334=CARTESIAN_POINT('',(-29.3000000000,13.3000000000,8.0000000000));
#4335=CARTESIAN_POINT('',(-29.3000000000,18.5000000000,4.0000000000));
#4336=CARTESIAN_POINT('',(-29.3000000000,18.5000000000,8.0000000000));

#4337=CARTESIAN_POINT('',(-29.3000000000,18.5000000000,4.0000000000));
#4338=VERTEX_POINT('',#4337);
#4339=(
BOUNDED_CURVE()
B_SPLINE_CURVE(1,(#4340,#4341),.UNSPECIFIED.,.F.,.F.)
B_SPLINE_CURVE_WITH_KNOTS((2,2),(0.000,1.000),.UNSPECIFIED.)
CURVE()
GEOMETRIC_REPRESENTATION_ITEM()
RATIONAL_B_SPLINE_CURVE((1.0000000000,1.0000000000))
REPRESENTATION_ITEM('')
);
#4340=CARTESIAN_POINT('',(-29.3000000000,18.5000000000,4.0000000000));
#4341=CARTESIAN_POINT('',(-29.3000000000,13.3000000000,4.0000000000));

#4342=CARTESIAN_POINT('',(-29.3000000000,13.3000000000,4.0000000000));
#4343=VERTEX_POINT('',#4342);
#4344=EDGE_CURVE('',#4338,#4343,#4339,.T.);
#4345=ORIENTED_EDGE('',*,*,#4344,.T.);
#4346=(
BOUNDED_CURVE()
B_SPLINE_CURVE(1,(#4347,#4348),.UNSPECIFIED.,.F.,.F.)
B_SPLINE_CURVE_WITH_KNOTS((2,2),(0.000,1.000),.UNSPECIFIED.)
CURVE()
GEOMETRIC_REPRESENTATION_ITEM()
RATIONAL_B_SPLINE_CURVE((1.0000000000,1.0000000000))
REPRESENTATION_ITEM('')
);
#4347=CARTESIAN_POINT('',(-29.3000000000,13.3000000000,4.0000000000));
#4348=CARTESIAN_POINT('',(-29.3000000000,13.3000000000,8.0000000000));

#4349=CARTESIAN_POINT('',(-29.3000000000,13.3000000000,8.0000000000));
#4350=VERTEX_POINT('',#4349);
#4351=EDGE_CURVE('',#4343,#4350,#4346,.T.);
#4352=ORIENTED_EDGE('',*,*,#4351,.T.);
#4353=(
BOUNDED_CURVE()
B_SPLINE_CURVE(1,(#4354,#4355),.UNSPECIFIED.,.F.,.F.)
B_SPLINE_CURVE_WITH_KNOTS((2,2),(0.000,1.000),.UNSPECIFIED.)
CURVE()
GEOMETRIC_REPRESENTATION_ITEM()
RATIONAL_B_SPLINE_CURVE((1.0000000000,1.0000000000))
REPRESENTATION_ITEM('')
);
#4354=CARTESIAN_POINT('',(-29.3000000000,13.3000000000,8.0000000000));
#4355=CARTESIAN_POINT('',(-29.3000000000,18.5000000000,8.0000000000));

#4356=CARTESIAN_POINT('',(-29.3000000000,18.5000000000,8.0000000000));
#4357=VERTEX_POINT('',#4356);
#4358=EDGE_CURVE('',#4350,#4357,#4353,.T.);
#4359=ORIENTED_EDGE('',*,*,#4358,.T.);
#4360=(
BOUNDED_CURVE()
B_SPLINE_CURVE(1,(#4361,#4362),.UNSPECIFIED.,.F.,.F.)
B_SPLINE_CURVE_WITH_KNOTS((2,2),(0.000,1.000),.UNSPECIFIED.)
CURVE()
GEOMETRIC_REPRESENTATION_ITEM()
RATIONAL_B_SPLINE_CURVE((1.0000000000,1.0000000000))
REPRESENTATION_ITEM('')
);
#4361=CARTESIAN_POINT('',(-29.3000000000,18.5000000000,8.0000000000));
#4362=CARTESIAN_POINT('',(-29.3000000000,18.5000000000,4.0000000000));

#4363=EDGE_CURVE('',#4357,#4338,#4360,.T.);
#4364=ORIENTED_EDGE('',*,*,#4363,.T.);
#4365=EDGE_LOOP('',(#4345,#4352,#4359,#4364));
#4366=FACE_OUTER_BOUND('',#4365,.T.);
#4367=ADVANCED_FACE('',(#4366),#4332,.T.);
#4368=COLOUR_RGB('',0.39,0.39,0.39);
#4369=FILL_AREA_STYLE_COLOUR('',#4368);
#4370=FILL_AREA_STYLE('',(#4369));
#4371=SURFACE_STYLE_FILL_AREA(#4370);
#4372=SURFACE_STYLE_TRANSPARENT(0.00);
#4373=SURFACE_STYLE_RENDERING_WITH_PROPERTIES(.NORMAL_SHADING.,#4368,(#4372));
#4374=SURFACE_SIDE_STYLE('',(#4371, #4373));
#4375=SURFACE_STYLE_USAGE(.BOTH.,#4374);
#4376=PRESENTATION_STYLE_ASSIGNMENT((#4375));
#4377=STYLED_ITEM('',(#4376),#4367);

#4378=(
BOUNDED_SURFACE()
B_SPLINE_SURFACE(2,1,((#4379,#4380),(#4381,#4382),(#4383,#4384)),.UNSPECIFIED.,.F.,.F.,.F.)
B_SPLINE_SURFACE_WITH_KNOTS((3,3),(2,2),(0.000,1.000),(0.000,1.000),.UNSPECIFIED.)
GEOMETRIC_REPRESENTATION_ITEM()
RATIONAL_B_SPLINE_SURFACE(((1.0000000000,1.0000000000),(0.7071067812,0.7071067812),(1.0000000000,1.0000000000)))
REPRESENTATION_ITEM('')
SURFACE()
);
#4379=CARTESIAN_POINT('',(-30.8000000000,11.8000000000,4.0000000000));
#4380=CARTESIAN_POINT('',(-30.8000000000,11.8000000000,8.0000000000));
#4381=CARTESIAN_POINT('',(-29.3000000000,11.8000000000,4.0000000000));
#4382=CARTESIAN_POINT('',(-29.3000000000,11.8000000000,8.0000000000));
#4383=CARTESIAN_POINT('',(-29.3000000000,13.3000000000,4.0000000000));
#4384=CARTESIAN_POINT('',(-29.3000000000,13.3000000000,8.0000000000));

#4385=CARTESIAN_POINT('',(-29.3000000000,13.3000000000,4.0000000000));
#4386=VERTEX_POINT('',#4385);
#4387=(
BOUNDED_CURVE()
B_SPLINE_CURVE(2,(#4388,#4389,#4390),.UNSPECIFIED.,.F.,.F.)
B_SPLINE_CURVE_WITH_KNOTS((3,3),(0.000,1.000),.UNSPECIFIED.)
CURVE()
GEOMETRIC_REPRESENTATION_ITEM()
RATIONAL_B_SPLINE_CURVE((1.0000000000,0.7071067812,1.0000000000))
REPRESENTATION_ITEM('')
);
#4388=CARTESIAN_POINT('',(-29.3000000000,13.3000000000,4.0000000000));
#4389=CARTESIAN_POINT('',(-29.3000000000,11.8000000001,4.0000000000));
#4390=CARTESIAN_POINT('',(-30.7999999999,11.8000000000,4.0000000000));

#4391=CARTESIAN_POINT('',(-30.7999999999,11.8000000000,4.0000000000));
#4392=VERTEX_POINT('',#4391);
#4393=EDGE_CURVE('',#4386,#4392,#4387,.T.);
#4394=ORIENTED_EDGE('',*,*,#4393,.T.);
#4395=(
BOUNDED_CURVE()
B_SPLINE_CURVE(1,(#4396,#4397),.UNSPECIFIED.,.F.,.F.)
B_SPLINE_CURVE_WITH_KNOTS((2,2),(0.000,1.000),.UNSPECIFIED.)
CURVE()
GEOMETRIC_REPRESENTATION_ITEM()
RATIONAL_B_SPLINE_CURVE((1.0000000000,1.0000000000))
REPRESENTATION_ITEM('')
);
#4396=CARTESIAN_POINT('',(-30.8000000000,11.8000000000,4.0000000000));
#4397=CARTESIAN_POINT('',(-30.8000000000,11.8000000000,8.0000000000));

#4398=CARTESIAN_POINT('',(-30.8000000000,11.8000000000,8.0000000000));
#4399=VERTEX_POINT('',#4398);
#4400=EDGE_CURVE('',#4392,#4399,#4395,.T.);
#4401=ORIENTED_EDGE('',*,*,#4400,.T.);
#4402=(
BOUNDED_CURVE()
B_SPLINE_CURVE(2,(#4403,#4404,#4405),.UNSPECIFIED.,.F.,.F.)
B_SPLINE_CURVE_WITH_KNOTS((3,3),(0.000,1.000),.UNSPECIFIED.)
CURVE()
GEOMETRIC_REPRESENTATION_ITEM()
RATIONAL_B_SPLINE_CURVE((1.0000000000,0.7071067812,1.0000000000))
REPRESENTATION_ITEM('')
);
#4403=CARTESIAN_POINT('',(-30.7999999999,11.8000000000,8.0000000000));
#4404=CARTESIAN_POINT('',(-29.3000000000,11.8000000001,8.0000000000));
#4405=CARTESIAN_POINT('',(-29.3000000000,13.3000000000,8.0000000000));

#4406=CARTESIAN_POINT('',(-29.3000000000,13.3000000000,8.0000000000));
#4407=VERTEX_POINT('',#4406);
#4408=EDGE_CURVE('',#4399,#4407,#4402,.T.);
#4409=ORIENTED_EDGE('',*,*,#4408,.T.);
#4410=(
BOUNDED_CURVE()
B_SPLINE_CURVE(1,(#4411,#4412),.UNSPECIFIED.,.F.,.F.)
B_SPLINE_CURVE_WITH_KNOTS((2,2),(0.000,1.000),.UNSPECIFIED.)
CURVE()
GEOMETRIC_REPRESENTATION_ITEM()
RATIONAL_B_SPLINE_CURVE((1.0000000000,1.0000000000))
REPRESENTATION_ITEM('')
);
#4411=CARTESIAN_POINT('',(-29.3000000000,13.3000000000,8.0000000000));
#4412=CARTESIAN_POINT('',(-29.3000000000,13.3000000000,4.0000000000));

#4413=EDGE_CURVE('',#4407,#4386,#4410,.T.);
#4414=ORIENTED_EDGE('',*,*,#4413,.T.);
#4415=EDGE_LOOP('',(#4394,#4401,#4409,#4414));
#4416=FACE_OUTER_BOUND('',#4415,.T.);
#4417=ADVANCED_FACE('',(#4416),#4378,.T.);
#4418=COLOUR_RGB('',0.39,0.39,0.39);
#4419=FILL_AREA_STYLE_COLOUR('',#4418);
#4420=FILL_AREA_STYLE('',(#4419));
#4421=SURFACE_STYLE_FILL_AREA(#4420);
#4422=SURFACE_STYLE_TRANSPARENT(0.00);
#4423=SURFACE_STYLE_RENDERING_WITH_PROPERTIES(.NORMAL_SHADING.,#4418,(#4422));
#4424=SURFACE_SIDE_STYLE('',(#4421, #4423));
#4425=SURFACE_STYLE_USAGE(.BOTH.,#4424);
#4426=PRESENTATION_STYLE_ASSIGNMENT((#4425));
#4427=STYLED_ITEM('',(#4426),#4417);

#4428=(
BOUNDED_SURFACE()
B_SPLINE_SURFACE(1,1,((#4429,#4430),(#4431,#4432)),.UNSPECIFIED.,.F.,.F.,.F.)
B_SPLINE_SURFACE_WITH_KNOTS((2,2),(2,2),(0.000,1.000),(0.000,1.000),.UNSPECIFIED.)
GEOMETRIC_REPRESENTATION_ITEM()
RATIONAL_B_SPLINE_SURFACE(((1.0000000000,1.0000000000),(1.0000000000,1.0000000000)))
REPRESENTATION_ITEM('')
SURFACE()
);
#4429=CARTESIAN_POINT('',(-36.0000000000,11.8000000000,4.0000000000));
#4430=CARTESIAN_POINT('',(-36.0000000000,11.8000000000,8.0000000000));
#4431=CARTESIAN_POINT('',(-30.8000000000,11.8000000000,4.0000000000));
#4432=CARTESIAN_POINT('',(-30.8000000000,11.8000000000,8.0000000000));

#4433=CARTESIAN_POINT('',(-30.8000000000,11.8000000000,4.0000000000));
#4434=VERTEX_POINT('',#4433);
#4435=(
BOUNDED_CURVE()
B_SPLINE_CURVE(1,(#4436,#4437),.UNSPECIFIED.,.F.,.F.)
B_SPLINE_CURVE_WITH_KNOTS((2,2),(0.000,1.000),.UNSPECIFIED.)
CURVE()
GEOMETRIC_REPRESENTATION_ITEM()
RATIONAL_B_SPLINE_CURVE((1.0000000000,1.0000000000))
REPRESENTATION_ITEM('')
);
#4436=CARTESIAN_POINT('',(-30.8000000000,11.8000000000,4.0000000000));
#4437=CARTESIAN_POINT('',(-36.0000000000,11.8000000000,4.0000000000));

#4438=CARTESIAN_POINT('',(-36.0000000000,11.8000000000,4.0000000000));
#4439=VERTEX_POINT('',#4438);
#4440=EDGE_CURVE('',#4434,#4439,#4435,.T.);
#4441=ORIENTED_EDGE('',*,*,#4440,.T.);
#4442=(
BOUNDED_CURVE()
B_SPLINE_CURVE(1,(#4443,#4444),.UNSPECIFIED.,.F.,.F.)
B_SPLINE_CURVE_WITH_KNOTS((2,2),(0.000,1.000),.UNSPECIFIED.)
CURVE()
GEOMETRIC_REPRESENTATION_ITEM()
RATIONAL_B_SPLINE_CURVE((1.0000000000,1.0000000000))
REPRESENTATION_ITEM('')
);
#4443=CARTESIAN_POINT('',(-36.0000000000,11.8000000000,4.0000000000));
#4444=CARTESIAN_POINT('',(-36.0000000000,11.8000000000,8.0000000000));

#4445=CARTESIAN_POINT('',(-36.0000000000,11.8000000000,8.0000000000));
#4446=VERTEX_POINT('',#4445);
#4447=EDGE_CURVE('',#4439,#4446,#4442,.T.);
#4448=ORIENTED_EDGE('',*,*,#4447,.T.);
#4449=(
BOUNDED_CURVE()
B_SPLINE_CURVE(1,(#4450,#4451),.UNSPECIFIED.,.F.,.F.)
B_SPLINE_CURVE_WITH_KNOTS((2,2),(0.000,1.000),.UNSPECIFIED.)
CURVE()
GEOMETRIC_REPRESENTATION_ITEM()
RATIONAL_B_SPLINE_CURVE((1.0000000000,1.0000000000))
REPRESENTATION_ITEM('')
);
#4450=CARTESIAN_POINT('',(-36.0000000000,11.8000000000,8.0000000000));
#4451=CARTESIAN_POINT('',(-30.8000000000,11.8000000000,8.0000000000));

#4452=CARTESIAN_POINT('',(-30.8000000000,11.8000000000,8.0000000000));
#4453=VERTEX_POINT('',#4452);
#4454=EDGE_CURVE('',#4446,#4453,#4449,.T.);
#4455=ORIENTED_EDGE('',*,*,#4454,.T.);
#4456=(
BOUNDED_CURVE()
B_SPLINE_CURVE(1,(#4457,#4458),.UNSPECIFIED.,.F.,.F.)
B_SPLINE_CURVE_WITH_KNOTS((2,2),(0.000,1.000),.UNSPECIFIED.)
CURVE()
GEOMETRIC_REPRESENTATION_ITEM()
RATIONAL_B_SPLINE_CURVE((1.0000000000,1.0000000000))
REPRESENTATION_ITEM('')
);
#4457=CARTESIAN_POINT('',(-30.8000000000,11.8000000000,8.0000000000));
#4458=CARTESIAN_POINT('',(-30.8000000000,11.8000000000,4.0000000000));

#4459=EDGE_CURVE('',#4453,#4434,#4456,.T.);
#4460=ORIENTED_EDGE('',*,*,#4459,.T.);
#4461=EDGE_LOOP('',(#4441,#4448,#4455,#4460));
#4462=FACE_OUTER_BOUND('',#4461,.T.);
#4463=ADVANCED_FACE('',(#4462),#4428,.T.);
#4464=COLOUR_RGB('',0.39,0.39,0.39);
#4465=FILL_AREA_STYLE_COLOUR('',#4464);
#4466=FILL_AREA_STYLE('',(#4465));
#4467=SURFACE_STYLE_FILL_AREA(#4466);
#4468=SURFACE_STYLE_TRANSPARENT(0.00);
#4469=SURFACE_STYLE_RENDERING_WITH_PROPERTIES(.NORMAL_SHADING.,#4464,(#4468));
#4470=SURFACE_SIDE_STYLE('',(#4467, #4469));
#4471=SURFACE_STYLE_USAGE(.BOTH.,#4470);
#4472=PRESENTATION_STYLE_ASSIGNMENT((#4471));
#4473=STYLED_ITEM('',(#4472),#4463);

#4474=(
BOUNDED_SURFACE()
B_SPLINE_SURFACE(1,1,((#4475,#4476),(#4477,#4478)),.UNSPECIFIED.,.F.,.F.,.F.)
B_SPLINE_SURFACE_WITH_KNOTS((2,2),(2,2),(0.000,1.000),(0.000,1.000),.UNSPECIFIED.)
GEOMETRIC_REPRESENTATION_ITEM()
RATIONAL_B_SPLINE_SURFACE(((1.0000000000,1.0000000000),(1.0000000000,1.0000000000)))
REPRESENTATION_ITEM('')
SURFACE()
);
#4475=CARTESIAN_POINT('',(-36.0000000000,-11.8000000000,4.0000000000));
#4476=CARTESIAN_POINT('',(-36.0000000000,-11.8000000000,8.0000000000));
#4477=CARTESIAN_POINT('',(-36.0000000000,11.8000000000,4.0000000000));
#4478=CARTESIAN_POINT('',(-36.0000000000,11.8000000000,8.0000000000));

#4479=CARTESIAN_POINT('',(-36.0000000000,11.8000000000,4.0000000000));
#4480=VERTEX_POINT('',#4479);
#4481=(
BOUNDED_CURVE()
B_SPLINE_CURVE(1,(#4482,#4483),.UNSPECIFIED.,.F.,.F.)
B_SPLINE_CURVE_WITH_KNOTS((2,2),(0.000,1.000),.UNSPECIFIED.)
CURVE()
GEOMETRIC_REPRESENTATION_ITEM()
RATIONAL_B_SPLINE_CURVE((1.0000000000,1.0000000000))
REPRESENTATION_ITEM('')
);
#4482=CARTESIAN_POINT('',(-36.0000000000,11.8000000000,4.0000000000));
#4483=CARTESIAN_POINT('',(-36.0000000000,-11.8000000000,4.0000000000));

#4484=CARTESIAN_POINT('',(-36.0000000000,-11.8000000000,4.0000000000));
#4485=VERTEX_POINT('',#4484);
#4486=EDGE_CURVE('',#4480,#4485,#4481,.T.);
#4487=ORIENTED_EDGE('',*,*,#4486,.T.);
#4488=(
BOUNDED_CURVE()
B_SPLINE_CURVE(1,(#4489,#4490),.UNSPECIFIED.,.F.,.F.)
B_SPLINE_CURVE_WITH_KNOTS((2,2),(0.000,1.000),.UNSPECIFIED.)
CURVE()
GEOMETRIC_REPRESENTATION_ITEM()
RATIONAL_B_SPLINE_CURVE((1.0000000000,1.0000000000))
REPRESENTATION_ITEM('')
);
#4489=CARTESIAN_POINT('',(-36.0000000000,-11.8000000000,4.0000000000));
#4490=CARTESIAN_POINT('',(-36.0000000000,-11.8000000000,8.0000000000));

#4491=CARTESIAN_POINT('',(-36.0000000000,-11.8000000000,8.0000000000));
#4492=VERTEX_POINT('',#4491);
#4493=EDGE_CURVE('',#4485,#4492,#4488,.T.);
#4494=ORIENTED_EDGE('',*,*,#4493,.T.);
#4495=(
BOUNDED_CURVE()
B_SPLINE_CURVE(1,(#4496,#4497),.UNSPECIFIED.,.F.,.F.)
B_SPLINE_CURVE_WITH_KNOTS((2,2),(0.000,1.000),.UNSPECIFIED.)
CURVE()
GEOMETRIC_REPRESENTATION_ITEM()
RATIONAL_B_SPLINE_CURVE((1.0000000000,1.0000000000))
REPRESENTATION_ITEM('')
);
#4496=CARTESIAN_POINT('',(-36.0000000000,-11.8000000000,8.0000000000));
#4497=CARTESIAN_POINT('',(-36.0000000000,11.8000000000,8.0000000000));

#4498=CARTESIAN_POINT('',(-36.0000000000,11.8000000000,8.0000000000));
#4499=VERTEX_POINT('',#4498);
#4500=EDGE_CURVE('',#4492,#4499,#4495,.T.);
#4501=ORIENTED_EDGE('',*,*,#4500,.T.);
#4502=(
BOUNDED_CURVE()
B_SPLINE_CURVE(1,(#4503,#4504),.UNSPECIFIED.,.F.,.F.)
B_SPLINE_CURVE_WITH_KNOTS((2,2),(0.000,1.000),.UNSPECIFIED.)
CURVE()
GEOMETRIC_REPRESENTATION_ITEM()
RATIONAL_B_SPLINE_CURVE((1.0000000000,1.0000000000))
REPRESENTATION_ITEM('')
);
#4503=CARTESIAN_POINT('',(-36.0000000000,11.8000000000,8.0000000000));
#4504=CARTESIAN_POINT('',(-36.0000000000,11.8000000000,4.0000000000));

#4505=EDGE_CURVE('',#4499,#4480,#4502,.T.);
#4506=ORIENTED_EDGE('',*,*,#4505,.T.);
#4507=EDGE_LOOP('',(#4487,#4494,#4501,#4506));
#4508=FACE_OUTER_BOUND('',#4507,.T.);
#4509=ADVANCED_FACE('',(#4508),#4474,.T.);
#4510=COLOUR_RGB('',0.39,0.39,0.39);
#4511=FILL_AREA_STYLE_COLOUR('',#4510);
#4512=FILL_AREA_STYLE('',(#4511));
#4513=SURFACE_STYLE_FILL_AREA(#4512);
#4514=SURFACE_STYLE_TRANSPARENT(0.00);
#4515=SURFACE_STYLE_RENDERING_WITH_PROPERTIES(.NORMAL_SHADING.,#4510,(#4514));
#4516=SURFACE_SIDE_STYLE('',(#4513, #4515));
#4517=SURFACE_STYLE_USAGE(.BOTH.,#4516);
#4518=PRESENTATION_STYLE_ASSIGNMENT((#4517));
#4519=STYLED_ITEM('',(#4518),#4509);

#4520=(
BOUNDED_SURFACE()
B_SPLINE_SURFACE(1,1,((#4521,#4522),(#4523,#4524)),.UNSPECIFIED.,.F.,.F.,.F.)
B_SPLINE_SURFACE_WITH_KNOTS((2,2),(2,2),(0.000,1.000),(0.000,1.000),.UNSPECIFIED.)
GEOMETRIC_REPRESENTATION_ITEM()
RATIONAL_B_SPLINE_SURFACE(((1.0000000000,1.0000000000),(1.0000000000,1.0000000000)))
REPRESENTATION_ITEM('')
SURFACE()
);
#4521=CARTESIAN_POINT('',(-30.8000000000,-11.8000000000,4.0000000000));
#4522=CARTESIAN_POINT('',(-30.8000000000,-11.8000000000,8.0000000000));
#4523=CARTESIAN_POINT('',(-36.0000000000,-11.8000000000,4.0000000000));
#4524=CARTESIAN_POINT('',(-36.0000000000,-11.8000000000,8.0000000000));

#4525=CARTESIAN_POINT('',(-36.0000000000,-11.8000000000,4.0000000000));
#4526=VERTEX_POINT('',#4525);
#4527=(
BOUNDED_CURVE()
B_SPLINE_CURVE(1,(#4528,#4529),.UNSPECIFIED.,.F.,.F.)
B_SPLINE_CURVE_WITH_KNOTS((2,2),(0.000,1.000),.UNSPECIFIED.)
CURVE()
GEOMETRIC_REPRESENTATION_ITEM()
RATIONAL_B_SPLINE_CURVE((1.0000000000,1.0000000000))
REPRESENTATION_ITEM('')
);
#4528=CARTESIAN_POINT('',(-36.0000000000,-11.8000000000,4.0000000000));
#4529=CARTESIAN_POINT('',(-30.8000000000,-11.8000000000,4.0000000000));

#4530=CARTESIAN_POINT('',(-30.8000000000,-11.8000000000,4.0000000000));
#4531=VERTEX_POINT('',#4530);
#4532=EDGE_CURVE('',#4526,#4531,#4527,.T.);
#4533=ORIENTED_EDGE('',*,*,#4532,.T.);
#4534=(
BOUNDED_CURVE()
B_SPLINE_CURVE(1,(#4535,#4536),.UNSPECIFIED.,.F.,.F.)
B_SPLINE_CURVE_WITH_KNOTS((2,2),(0.000,1.000),.UNSPECIFIED.)
CURVE()
GEOMETRIC_REPRESENTATION_ITEM()
RATIONAL_B_SPLINE_CURVE((1.0000000000,1.0000000000))
REPRESENTATION_ITEM('')
);
#4535=CARTESIAN_POINT('',(-30.8000000000,-11.8000000000,4.0000000000));
#4536=CARTESIAN_POINT('',(-30.8000000000,-11.8000000000,8.0000000000));

#4537=CARTESIAN_POINT('',(-30.8000000000,-11.8000000000,8.0000000000));
#4538=VERTEX_POINT('',#4537);
#4539=EDGE_CURVE('',#4531,#4538,#4534,.T.);
#4540=ORIENTED_EDGE('',*,*,#4539,.T.);
#4541=(
BOUNDED_CURVE()
B_SPLINE_CURVE(1,(#4542,#4543),.UNSPECIFIED.,.F.,.F.)
B_SPLINE_CURVE_WITH_KNOTS((2,2),(0.000,1.000),.UNSPECIFIED.)
CURVE()
GEOMETRIC_REPRESENTATION_ITEM()
RATIONAL_B_SPLINE_CURVE((1.0000000000,1.0000000000))
REPRESENTATION_ITEM('')
);
#4542=CARTESIAN_POINT('',(-30.8000000000,-11.8000000000,8.0000000000));
#4543=CARTESIAN_POINT('',(-36.0000000000,-11.8000000000,8.0000000000));

#4544=CARTESIAN_POINT('',(-36.0000000000,-11.8000000000,8.0000000000));
#4545=VERTEX_POINT('',#4544);
#4546=EDGE_CURVE('',#4538,#4545,#4541,.T.);
#4547=ORIENTED_EDGE('',*,*,#4546,.T.);
#4548=(
BOUNDED_CURVE()
B_SPLINE_CURVE(1,(#4549,#4550),.UNSPECIFIED.,.F.,.F.)
B_SPLINE_CURVE_WITH_KNOTS((2,2),(0.000,1.000),.UNSPECIFIED.)
CURVE()
GEOMETRIC_REPRESENTATION_ITEM()
RATIONAL_B_SPLINE_CURVE((1.0000000000,1.0000000000))
REPRESENTATION_ITEM('')
);
#4549=CARTESIAN_POINT('',(-36.0000000000,-11.8000000000,8.0000000000));
#4550=CARTESIAN_POINT('',(-36.0000000000,-11.8000000000,4.0000000000));

#4551=EDGE_CURVE('',#4545,#4526,#4548,.T.);
#4552=ORIENTED_EDGE('',*,*,#4551,.T.);
#4553=EDGE_LOOP('',(#4533,#4540,#4547,#4552));
#4554=FACE_OUTER_BOUND('',#4553,.T.);
#4555=ADVANCED_FACE('',(#4554),#4520,.T.);
#4556=COLOUR_RGB('',0.39,0.39,0.39);
#4557=FILL_AREA_STYLE_COLOUR('',#4556);
#4558=FILL_AREA_STYLE('',(#4557));
#4559=SURFACE_STYLE_FILL_AREA(#4558);
#4560=SURFACE_STYLE_TRANSPARENT(0.00);
#4561=SURFACE_STYLE_RENDERING_WITH_PROPERTIES(.NORMAL_SHADING.,#4556,(#4560));
#4562=SURFACE_SIDE_STYLE('',(#4559, #4561));
#4563=SURFACE_STYLE_USAGE(.BOTH.,#4562);
#4564=PRESENTATION_STYLE_ASSIGNMENT((#4563));
#4565=STYLED_ITEM('',(#4564),#4555);

#4566=(
BOUNDED_SURFACE()
B_SPLINE_SURFACE(2,1,((#4567,#4568),(#4569,#4570),(#4571,#4572)),.UNSPECIFIED.,.F.,.F.,.F.)
B_SPLINE_SURFACE_WITH_KNOTS((3,3),(2,2),(0.000,1.000),(0.000,1.000),.UNSPECIFIED.)
GEOMETRIC_REPRESENTATION_ITEM()
RATIONAL_B_SPLINE_SURFACE(((1.0000000000,1.0000000000),(0.7071067812,0.7071067812),(1.0000000000,1.0000000000)))
REPRESENTATION_ITEM('')
SURFACE()
);
#4567=CARTESIAN_POINT('',(-29.3000000000,-13.3000000000,4.0000000000));
#4568=CARTESIAN_POINT('',(-29.3000000000,-13.3000000000,8.0000000000));
#4569=CARTESIAN_POINT('',(-29.3000000000,-11.8000000000,4.0000000000));
#4570=CARTESIAN_POINT('',(-29.3000000000,-11.8000000000,8.0000000000));
#4571=CARTESIAN_POINT('',(-30.8000000000,-11.8000000000,4.0000000000));
#4572=CARTESIAN_POINT('',(-30.8000000000,-11.8000000000,8.0000000000));

#4573=CARTESIAN_POINT('',(-30.8000000000,-11.8000000000,4.0000000000));
#4574=VERTEX_POINT('',#4573);
#4575=(
BOUNDED_CURVE()
B_SPLINE_CURVE(2,(#4576,#4577,#4578),.UNSPECIFIED.,.F.,.F.)
B_SPLINE_CURVE_WITH_KNOTS((3,3),(0.000,1.000),.UNSPECIFIED.)
CURVE()
GEOMETRIC_REPRESENTATION_ITEM()
RATIONAL_B_SPLINE_CURVE((1.0000000000,0.7071067812,1.0000000000))
REPRESENTATION_ITEM('')
);
#4576=CARTESIAN_POINT('',(-30.8000000000,-11.8000000000,4.0000000000));
#4577=CARTESIAN_POINT('',(-29.3000000001,-11.8000000000,4.0000000000));
#4578=CARTESIAN_POINT('',(-29.3000000000,-13.2999999999,4.0000000000));

#4579=CARTESIAN_POINT('',(-29.3000000000,-13.2999999999,4.0000000000));
#4580=VERTEX_POINT('',#4579);
#4581=EDGE_CURVE('',#4574,#4580,#4575,.T.);
#4582=ORIENTED_EDGE('',*,*,#4581,.T.);
#4583=(
BOUNDED_CURVE()
B_SPLINE_CURVE(1,(#4584,#4585),.UNSPECIFIED.,.F.,.F.)
B_SPLINE_CURVE_WITH_KNOTS((2,2),(0.000,1.000),.UNSPECIFIED.)
CURVE()
GEOMETRIC_REPRESENTATION_ITEM()
RATIONAL_B_SPLINE_CURVE((1.0000000000,1.0000000000))
REPRESENTATION_ITEM('')
);
#4584=CARTESIAN_POINT('',(-29.3000000000,-13.3000000000,4.0000000000));
#4585=CARTESIAN_POINT('',(-29.3000000000,-13.3000000000,8.0000000000));

#4586=CARTESIAN_POINT('',(-29.3000000000,-13.3000000000,8.0000000000));
#4587=VERTEX_POINT('',#4586);
#4588=EDGE_CURVE('',#4580,#4587,#4583,.T.);
#4589=ORIENTED_EDGE('',*,*,#4588,.T.);
#4590=(
BOUNDED_CURVE()
B_SPLINE_CURVE(2,(#4591,#4592,#4593),.UNSPECIFIED.,.F.,.F.)
B_SPLINE_CURVE_WITH_KNOTS((3,3),(0.000,1.000),.UNSPECIFIED.)
CURVE()
GEOMETRIC_REPRESENTATION_ITEM()
RATIONAL_B_SPLINE_CURVE((1.0000000000,0.7071067812,1.0000000000))
REPRESENTATION_ITEM('')
);
#4591=CARTESIAN_POINT('',(-29.3000000000,-13.2999999999,8.0000000000));
#4592=CARTESIAN_POINT('',(-29.3000000001,-11.8000000000,8.0000000000));
#4593=CARTESIAN_POINT('',(-30.8000000000,-11.8000000000,8.0000000000));

#4594=CARTESIAN_POINT('',(-30.8000000000,-11.8000000000,8.0000000000));
#4595=VERTEX_POINT('',#4594);
#4596=EDGE_CURVE('',#4587,#4595,#4590,.T.);
#4597=ORIENTED_EDGE('',*,*,#4596,.T.);
#4598=(
BOUNDED_CURVE()
B_SPLINE_CURVE(1,(#4599,#4600),.UNSPECIFIED.,.F.,.F.)
B_SPLINE_CURVE_WITH_KNOTS((2,2),(0.000,1.000),.UNSPECIFIED.)
CURVE()
GEOMETRIC_REPRESENTATION_ITEM()
RATIONAL_B_SPLINE_CURVE((1.0000000000,1.0000000000))
REPRESENTATION_ITEM('')
);
#4599=CARTESIAN_POINT('',(-30.8000000000,-11.8000000000,8.0000000000));
#4600=CARTESIAN_POINT('',(-30.8000000000,-11.8000000000,4.0000000000));

#4601=EDGE_CURVE('',#4595,#4574,#4598,.T.);
#4602=ORIENTED_EDGE('',*,*,#4601,.T.);
#4603=EDGE_LOOP('',(#4582,#4589,#4597,#4602));
#4604=FACE_OUTER_BOUND('',#4603,.T.);
#4605=ADVANCED_FACE('',(#4604),#4566,.T.);
#4606=COLOUR_RGB('',0.39,0.39,0.39);
#4607=FILL_AREA_STYLE_COLOUR('',#4606);
#4608=FILL_AREA_STYLE('',(#4607));
#4609=SURFACE_STYLE_FILL_AREA(#4608);
#4610=SURFACE_STYLE_TRANSPARENT(0.00);
#4611=SURFACE_STYLE_RENDERING_WITH_PROPERTIES(.NORMAL_SHADING.,#4606,(#4610));
#4612=SURFACE_SIDE_STYLE('',(#4609, #4611));
#4613=SURFACE_STYLE_USAGE(.BOTH.,#4612);
#4614=PRESENTATION_STYLE_ASSIGNMENT((#4613));
#4615=STYLED_ITEM('',(#4614),#4605);

#4616=(
BOUNDED_SURFACE()
B_SPLINE_SURFACE(1,1,((#4617,#4618),(#4619,#4620)),.UNSPECIFIED.,.F.,.F.,.F.)
B_SPLINE_SURFACE_WITH_KNOTS((2,2),(2,2),(0.000,1.000),(0.000,1.000),.UNSPECIFIED.)
GEOMETRIC_REPRESENTATION_ITEM()
RATIONAL_B_SPLINE_SURFACE(((1.0000000000,1.0000000000),(1.0000000000,1.0000000000)))
REPRESENTATION_ITEM('')
SURFACE()
);
#4617=CARTESIAN_POINT('',(-29.3000000000,-18.5000000000,4.0000000000));
#4618=CARTESIAN_POINT('',(-29.3000000000,-18.5000000000,8.0000000000));
#4619=CARTESIAN_POINT('',(-29.3000000000,-13.3000000000,4.0000000000));
#4620=CARTESIAN_POINT('',(-29.3000000000,-13.3000000000,8.0000000000));

#4621=CARTESIAN_POINT('',(-29.3000000000,-13.3000000000,4.0000000000));
#4622=VERTEX_POINT('',#4621);
#4623=(
BOUNDED_CURVE()
B_SPLINE_CURVE(1,(#4624,#4625),.UNSPECIFIED.,.F.,.F.)
B_SPLINE_CURVE_WITH_KNOTS((2,2),(0.000,1.000),.UNSPECIFIED.)
CURVE()
GEOMETRIC_REPRESENTATION_ITEM()
RATIONAL_B_SPLINE_CURVE((1.0000000000,1.0000000000))
REPRESENTATION_ITEM('')
);
#4624=CARTESIAN_POINT('',(-29.3000000000,-13.3000000000,4.0000000000));
#4625=CARTESIAN_POINT('',(-29.3000000000,-18.5000000000,4.0000000000));

#4626=CARTESIAN_POINT('',(-29.3000000000,-18.5000000000,4.0000000000));
#4627=VERTEX_POINT('',#4626);
#4628=EDGE_CURVE('',#4622,#4627,#4623,.T.);
#4629=ORIENTED_EDGE('',*,*,#4628,.T.);
#4630=(
BOUNDED_CURVE()
B_SPLINE_CURVE(1,(#4631,#4632),.UNSPECIFIED.,.F.,.F.)
B_SPLINE_CURVE_WITH_KNOTS((2,2),(0.000,1.000),.UNSPECIFIED.)
CURVE()
GEOMETRIC_REPRESENTATION_ITEM()
RATIONAL_B_SPLINE_CURVE((1.0000000000,1.0000000000))
REPRESENTATION_ITEM('')
);
#4631=CARTESIAN_POINT('',(-29.3000000000,-18.5000000000,4.0000000000));
#4632=CARTESIAN_POINT('',(-29.3000000000,-18.5000000000,8.0000000000));

#4633=CARTESIAN_POINT('',(-29.3000000000,-18.5000000000,8.0000000000));
#4634=VERTEX_POINT('',#4633);
#4635=EDGE_CURVE('',#4627,#4634,#4630,.T.);
#4636=ORIENTED_EDGE('',*,*,#4635,.T.);
#4637=(
BOUNDED_CURVE()
B_SPLINE_CURVE(1,(#4638,#4639),.UNSPECIFIED.,.F.,.F.)
B_SPLINE_CURVE_WITH_KNOTS((2,2),(0.000,1.000),.UNSPECIFIED.)
CURVE()
GEOMETRIC_REPRESENTATION_ITEM()
RATIONAL_B_SPLINE_CURVE((1.0000000000,1.0000000000))
REPRESENTATION_ITEM('')
);
#4638=CARTESIAN_POINT('',(-29.3000000000,-18.5000000000,8.0000000000));
#4639=CARTESIAN_POINT('',(-29.3000000000,-13.3000000000,8.0000000000));

#4640=CARTESIAN_POINT('',(-29.3000000000,-13.3000000000,8.0000000000));
#4641=VERTEX_POINT('',#4640);
#4642=EDGE_CURVE('',#4634,#4641,#4637,.T.);
#4643=ORIENTED_EDGE('',*,*,#4642,.T.);
#4644=(
BOUNDED_CURVE()
B_SPLINE_CURVE(1,(#4645,#4646),.UNSPECIFIED.,.F.,.F.)
B_SPLINE_CURVE_WITH_KNOTS((2,2),(0.000,1.000),.UNSPECIFIED.)
CURVE()
GEOMETRIC_REPRESENTATION_ITEM()
RATIONAL_B_SPLINE_CURVE((1.0000000000,1.0000000000))
REPRESENTATION_ITEM('')
);
#4645=CARTESIAN_POINT('',(-29.3000000000,-13.3000000000,8.0000000000));
#4646=CARTESIAN_POINT('',(-29.3000000000,-13.3000000000,4.0000000000));

#4647=EDGE_CURVE('',#4641,#4622,#4644,.T.);
#4648=ORIENTED_EDGE('',*,*,#4647,.T.);
#4649=EDGE_LOOP('',(#4629,#4636,#4643,#4648));
#4650=FACE_OUTER_BOUND('',#4649,.T.);
#4651=ADVANCED_FACE('',(#4650),#4616,.T.);
#4652=COLOUR_RGB('',0.39,0.39,0.39);
#4653=FILL_AREA_STYLE_COLOUR('',#4652);
#4654=FILL_AREA_STYLE('',(#4653));
#4655=SURFACE_STYLE_FILL_AREA(#4654);
#4656=SURFACE_STYLE_TRANSPARENT(0.00);
#4657=SURFACE_STYLE_RENDERING_WITH_PROPERTIES(.NORMAL_SHADING.,#4652,(#4656));
#4658=SURFACE_SIDE_STYLE('',(#4655, #4657));
#4659=SURFACE_STYLE_USAGE(.BOTH.,#4658);
#4660=PRESENTATION_STYLE_ASSIGNMENT((#4659));
#4661=STYLED_ITEM('',(#4660),#4651);

#4662=(
BOUNDED_SURFACE()
B_SPLINE_SURFACE(1,1,((#4663,#4664),(#4665,#4666)),.UNSPECIFIED.,.F.,.F.,.F.)
B_SPLINE_SURFACE_WITH_KNOTS((2,2),(2,2),(0.000,1.000),(0.000,1.000),.UNSPECIFIED.)
GEOMETRIC_REPRESENTATION_ITEM()
RATIONAL_B_SPLINE_SURFACE(((1.0000000000,1.0000000000),(1.0000000000,1.0000000000)))
REPRESENTATION_ITEM('')
SURFACE()
);
#4663=CARTESIAN_POINT('',(29.3000000000,-18.5000000000,4.0000000000));
#4664=CARTESIAN_POINT('',(29.3000000000,-18.5000000000,8.0000000000));
#4665=CARTESIAN_POINT('',(-29.3000000000,-18.5000000000,4.0000000000));
#4666=CARTESIAN_POINT('',(-29.3000000000,-18.5000000000,8.0000000000));

#4667=CARTESIAN_POINT('',(-29.3000000000,-18.5000000000,4.0000000000));
#4668=VERTEX_POINT('',#4667);
#4669=(
BOUNDED_CURVE()
B_SPLINE_CURVE(1,(#4670,#4671),.UNSPECIFIED.,.F.,.F.)
B_SPLINE_CURVE_WITH_KNOTS((2,2),(0.000,1.000),.UNSPECIFIED.)
CURVE()
GEOMETRIC_REPRESENTATION_ITEM()
RATIONAL_B_SPLINE_CURVE((1.0000000000,1.0000000000))
REPRESENTATION_ITEM('')
);
#4670=CARTESIAN_POINT('',(-29.3000000000,-18.5000000000,4.0000000000));
#4671=CARTESIAN_POINT('',(29.3000000000,-18.5000000000,4.0000000000));

#4672=CARTESIAN_POINT('',(29.3000000000,-18.5000000000,4.0000000000));
#4673=VERTEX_POINT('',#4672);
#4674=EDGE_CURVE('',#4668,#4673,#4669,.T.);
#4675=ORIENTED_EDGE('',*,*,#4674,.T.);
#4676=(
BOUNDED_CURVE()
B_SPLINE_CURVE(1,(#4677,#4678),.UNSPECIFIED.,.F.,.F.)
B_SPLINE_CURVE_WITH_KNOTS((2,2),(0.000,1.000),.UNSPECIFIED.)
CURVE()
GEOMETRIC_REPRESENTATION_ITEM()
RATIONAL_B_SPLINE_CURVE((1.0000000000,1.0000000000))
REPRESENTATION_ITEM('')
);
#4677=CARTESIAN_POINT('',(29.3000000000,-18.5000000000,4.0000000000));
#4678=CARTESIAN_POINT('',(29.3000000000,-18.5000000000,8.0000000000));

#4679=CARTESIAN_POINT('',(29.3000000000,-18.5000000000,8.0000000000));
#4680=VERTEX_POINT('',#4679);
#4681=EDGE_CURVE('',#4673,#4680,#4676,.T.);
#4682=ORIENTED_EDGE('',*,*,#4681,.T.);
#4683=(
BOUNDED_CURVE()
B_SPLINE_CURVE(1,(#4684,#4685),.UNSPECIFIED.,.F.,.F.)
B_SPLINE_CURVE_WITH_KNOTS((2,2),(0.000,1.000),.UNSPECIFIED.)
CURVE()
GEOMETRIC_REPRESENTATION_ITEM()
RATIONAL_B_SPLINE_CURVE((1.0000000000,1.0000000000))
REPRESENTATION_ITEM('')
);
#4684=CARTESIAN_POINT('',(29.3000000000,-18.5000000000,8.0000000000));
#4685=CARTESIAN_POINT('',(-29.3000000000,-18.5000000000,8.0000000000));

#4686=CARTESIAN_POINT('',(-29.3000000000,-18.5000000000,8.0000000000));
#4687=VERTEX_POINT('',#4686);
#4688=EDGE_CURVE('',#4680,#4687,#4683,.T.);
#4689=ORIENTED_EDGE('',*,*,#4688,.T.);
#4690=(
BOUNDED_CURVE()
B_SPLINE_CURVE(1,(#4691,#4692),.UNSPECIFIED.,.F.,.F.)
B_SPLINE_CURVE_WITH_KNOTS((2,2),(0.000,1.000),.UNSPECIFIED.)
CURVE()
GEOMETRIC_REPRESENTATION_ITEM()
RATIONAL_B_SPLINE_CURVE((1.0000000000,1.0000000000))
REPRESENTATION_ITEM('')
);
#4691=CARTESIAN_POINT('',(-29.3000000000,-18.5000000000,8.0000000000));
#4692=CARTESIAN_POINT('',(-29.3000000000,-18.5000000000,4.0000000000));

#4693=EDGE_CURVE('',#4687,#4668,#4690,.T.);
#4694=ORIENTED_EDGE('',*,*,#4693,.T.);
#4695=EDGE_LOOP('',(#4675,#4682,#4689,#4694));
#4696=FACE_OUTER_BOUND('',#4695,.T.);
#4697=ADVANCED_FACE('',(#4696),#4662,.T.);
#4698=COLOUR_RGB('',0.39,0.39,0.39);
#4699=FILL_AREA_STYLE_COLOUR('',#4698);
#4700=FILL_AREA_STYLE('',(#4699));
#4701=SURFACE_STYLE_FILL_AREA(#4700);
#4702=SURFACE_STYLE_TRANSPARENT(0.00);
#4703=SURFACE_STYLE_RENDERING_WITH_PROPERTIES(.NORMAL_SHADING.,#4698,(#4702));
#4704=SURFACE_SIDE_STYLE('',(#4701, #4703));
#4705=SURFACE_STYLE_USAGE(.BOTH.,#4704);
#4706=PRESENTATION_STYLE_ASSIGNMENT((#4705));
#4707=STYLED_ITEM('',(#4706),#4697);

#4708=(
BOUNDED_SURFACE()
B_SPLINE_SURFACE(1,1,((#4709,#4710),(#4711,#4712)),.UNSPECIFIED.,.F.,.F.,.F.)
B_SPLINE_SURFACE_WITH_KNOTS((2,2),(2,2),(0.000,1.000),(0.000,1.000),.UNSPECIFIED.)
GEOMETRIC_REPRESENTATION_ITEM()
RATIONAL_B_SPLINE_SURFACE(((1.0000000000,1.0000000000),(1.0000000000,1.0000000000)))
REPRESENTATION_ITEM('')
SURFACE()
);
#4709=CARTESIAN_POINT('',(29.3000000000,-13.3000000000,4.0000000000));
#4710=CARTESIAN_POINT('',(29.3000000000,-13.3000000000,8.0000000000));
#4711=CARTESIAN_POINT('',(29.3000000000,-18.5000000000,4.0000000000));
#4712=CARTESIAN_POINT('',(29.3000000000,-18.5000000000,8.0000000000));

#4713=CARTESIAN_POINT('',(29.3000000000,-18.5000000000,4.0000000000));
#4714=VERTEX_POINT('',#4713);
#4715=(
BOUNDED_CURVE()
B_SPLINE_CURVE(1,(#4716,#4717),.UNSPECIFIED.,.F.,.F.)
B_SPLINE_CURVE_WITH_KNOTS((2,2),(0.000,1.000),.UNSPECIFIED.)
CURVE()
GEOMETRIC_REPRESENTATION_ITEM()
RATIONAL_B_SPLINE_CURVE((1.0000000000,1.0000000000))
REPRESENTATION_ITEM('')
);
#4716=CARTESIAN_POINT('',(29.3000000000,-18.5000000000,4.0000000000));
#4717=CARTESIAN_POINT('',(29.3000000000,-13.3000000000,4.0000000000));

#4718=CARTESIAN_POINT('',(29.3000000000,-13.3000000000,4.0000000000));
#4719=VERTEX_POINT('',#4718);
#4720=EDGE_CURVE('',#4714,#4719,#4715,.T.);
#4721=ORIENTED_EDGE('',*,*,#4720,.T.);
#4722=(
BOUNDED_CURVE()
B_SPLINE_CURVE(1,(#4723,#4724),.UNSPECIFIED.,.F.,.F.)
B_SPLINE_CURVE_WITH_KNOTS((2,2),(0.000,1.000),.UNSPECIFIED.)
CURVE()
GEOMETRIC_REPRESENTATION_ITEM()
RATIONAL_B_SPLINE_CURVE((1.0000000000,1.0000000000))
REPRESENTATION_ITEM('')
);
#4723=CARTESIAN_POINT('',(29.3000000000,-13.3000000000,4.0000000000));
#4724=CARTESIAN_POINT('',(29.3000000000,-13.3000000000,8.0000000000));

#4725=CARTESIAN_POINT('',(29.3000000000,-13.3000000000,8.0000000000));
#4726=VERTEX_POINT('',#4725);
#4727=EDGE_CURVE('',#4719,#4726,#4722,.T.);
#4728=ORIENTED_EDGE('',*,*,#4727,.T.);
#4729=(
BOUNDED_CURVE()
B_SPLINE_CURVE(1,(#4730,#4731),.UNSPECIFIED.,.F.,.F.)
B_SPLINE_CURVE_WITH_KNOTS((2,2),(0.000,1.000),.UNSPECIFIED.)
CURVE()
GEOMETRIC_REPRESENTATION_ITEM()
RATIONAL_B_SPLINE_CURVE((1.0000000000,1.0000000000))
REPRESENTATION_ITEM('')
);
#4730=CARTESIAN_POINT('',(29.3000000000,-13.3000000000,8.0000000000));
#4731=CARTESIAN_POINT('',(29.3000000000,-18.5000000000,8.0000000000));

#4732=CARTESIAN_POINT('',(29.3000000000,-18.5000000000,8.0000000000));
#4733=VERTEX_POINT('',#4732);
#4734=EDGE_CURVE('',#4726,#4733,#4729,.T.);
#4735=ORIENTED_EDGE('',*,*,#4734,.T.);
#4736=(
BOUNDED_CURVE()
B_SPLINE_CURVE(1,(#4737,#4738),.UNSPECIFIED.,.F.,.F.)
B_SPLINE_CURVE_WITH_KNOTS((2,2),(0.000,1.000),.UNSPECIFIED.)
CURVE()
GEOMETRIC_REPRESENTATION_ITEM()
RATIONAL_B_SPLINE_CURVE((1.0000000000,1.0000000000))
REPRESENTATION_ITEM('')
);
#4737=CARTESIAN_POINT('',(29.3000000000,-18.5000000000,8.0000000000));
#4738=CARTESIAN_POINT('',(29.3000000000,-18.5000000000,4.0000000000));

#4739=EDGE_CURVE('',#4733,#4714,#4736,.T.);
#4740=ORIENTED_EDGE('',*,*,#4739,.T.);
#4741=EDGE_LOOP('',(#4721,#4728,#4735,#4740));
#4742=FACE_OUTER_BOUND('',#4741,.T.);
#4743=ADVANCED_FACE('',(#4742),#4708,.T.);
#4744=COLOUR_RGB('',0.39,0.39,0.39);
#4745=FILL_AREA_STYLE_COLOUR('',#4744);
#4746=FILL_AREA_STYLE('',(#4745));
#4747=SURFACE_STYLE_FILL_AREA(#4746);
#4748=SURFACE_STYLE_TRANSPARENT(0.00);
#4749=SURFACE_STYLE_RENDERING_WITH_PROPERTIES(.NORMAL_SHADING.,#4744,(#4748));
#4750=SURFACE_SIDE_STYLE('',(#4747, #4749));
#4751=SURFACE_STYLE_USAGE(.BOTH.,#4750);
#4752=PRESENTATION_STYLE_ASSIGNMENT((#4751));
#4753=STYLED_ITEM('',(#4752),#4743);

#4754=(
BOUNDED_SURFACE()
B_SPLINE_SURFACE(2,1,((#4755,#4756),(#4757,#4758),(#4759,#4760)),.UNSPECIFIED.,.F.,.F.,.F.)
B_SPLINE_SURFACE_WITH_KNOTS((3,3),(2,2),(0.000,1.000),(0.000,1.000),.UNSPECIFIED.)
GEOMETRIC_REPRESENTATION_ITEM()
RATIONAL_B_SPLINE_SURFACE(((1.0000000000,1.0000000000),(0.7071067812,0.7071067812),(1.0000000000,1.0000000000)))
REPRESENTATION_ITEM('')
SURFACE()
);
#4755=CARTESIAN_POINT('',(30.8000000000,-11.8000000000,4.0000000000));
#4756=CARTESIAN_POINT('',(30.8000000000,-11.8000000000,8.0000000000));
#4757=CARTESIAN_POINT('',(29.3000000000,-11.8000000000,4.0000000000));
#4758=CARTESIAN_POINT('',(29.3000000000,-11.8000000000,8.0000000000));
#4759=CARTESIAN_POINT('',(29.3000000000,-13.3000000000,4.0000000000));
#4760=CARTESIAN_POINT('',(29.3000000000,-13.3000000000,8.0000000000));

#4761=CARTESIAN_POINT('',(29.3000000000,-13.3000000000,8.0000000000));
#4762=VERTEX_POINT('',#4761);
#4763=(
BOUNDED_CURVE()
B_SPLINE_CURVE(1,(#4764,#4765),.UNSPECIFIED.,.F.,.F.)
B_SPLINE_CURVE_WITH_KNOTS((2,2),(0.000,1.000),.UNSPECIFIED.)
CURVE()
GEOMETRIC_REPRESENTATION_ITEM()
RATIONAL_B_SPLINE_CURVE((1.0000000000,1.0000000000))
REPRESENTATION_ITEM('')
);
#4764=CARTESIAN_POINT('',(29.3000000000,-13.3000000000,8.0000000000));
#4765=CARTESIAN_POINT('',(29.3000000000,-13.3000000000,4.0000000000));

#4766=CARTESIAN_POINT('',(29.3000000000,-13.3000000000,4.0000000000));
#4767=VERTEX_POINT('',#4766);
#4768=EDGE_CURVE('',#4762,#4767,#4763,.T.);
#4769=ORIENTED_EDGE('',*,*,#4768,.T.);
#4770=(
BOUNDED_CURVE()
B_SPLINE_CURVE(2,(#4771,#4772,#4773),.UNSPECIFIED.,.F.,.F.)
B_SPLINE_CURVE_WITH_KNOTS((3,3),(0.000,1.000),.UNSPECIFIED.)
CURVE()
GEOMETRIC_REPRESENTATION_ITEM()
RATIONAL_B_SPLINE_CURVE((1.0000000000,0.7071067812,1.0000000000))
REPRESENTATION_ITEM('')
);
#4771=CARTESIAN_POINT('',(29.3000000000,-13.3000000000,4.0000000000));
#4772=CARTESIAN_POINT('',(29.3000000000,-11.8000000001,4.0000000000));
#4773=CARTESIAN_POINT('',(30.7999999999,-11.8000000000,4.0000000000));

#4774=CARTESIAN_POINT('',(30.7999999999,-11.8000000000,4.0000000000));
#4775=VERTEX_POINT('',#4774);
#4776=EDGE_CURVE('',#4767,#4775,#4770,.T.);
#4777=ORIENTED_EDGE('',*,*,#4776,.T.);
#4778=(
BOUNDED_CURVE()
B_SPLINE_CURVE(1,(#4779,#4780),.UNSPECIFIED.,.F.,.F.)
B_SPLINE_CURVE_WITH_KNOTS((2,2),(0.000,1.000),.UNSPECIFIED.)
CURVE()
GEOMETRIC_REPRESENTATION_ITEM()
RATIONAL_B_SPLINE_CURVE((1.0000000000,1.0000000000))
REPRESENTATION_ITEM('')
);
#4779=CARTESIAN_POINT('',(30.8000000000,-11.8000000000,4.0000000000));
#4780=CARTESIAN_POINT('',(30.8000000000,-11.8000000000,8.0000000000));

#4781=CARTESIAN_POINT('',(30.8000000000,-11.8000000000,8.0000000000));
#4782=VERTEX_POINT('',#4781);
#4783=EDGE_CURVE('',#4775,#4782,#4778,.T.);
#4784=ORIENTED_EDGE('',*,*,#4783,.T.);
#4785=(
BOUNDED_CURVE()
B_SPLINE_CURVE(2,(#4786,#4787,#4788),.UNSPECIFIED.,.F.,.F.)
B_SPLINE_CURVE_WITH_KNOTS((3,3),(0.000,1.000),.UNSPECIFIED.)
CURVE()
GEOMETRIC_REPRESENTATION_ITEM()
RATIONAL_B_SPLINE_CURVE((1.0000000000,0.7071067812,1.0000000000))
REPRESENTATION_ITEM('')
);
#4786=CARTESIAN_POINT('',(30.7999999999,-11.8000000000,8.0000000000));
#4787=CARTESIAN_POINT('',(29.3000000000,-11.8000000001,8.0000000000));
#4788=CARTESIAN_POINT('',(29.3000000000,-13.3000000000,8.0000000000));

#4789=EDGE_CURVE('',#4782,#4762,#4785,.T.);
#4790=ORIENTED_EDGE('',*,*,#4789,.T.);
#4791=EDGE_LOOP('',(#4769,#4777,#4784,#4790));
#4792=FACE_OUTER_BOUND('',#4791,.T.);
#4793=ADVANCED_FACE('',(#4792),#4754,.T.);
#4794=COLOUR_RGB('',0.39,0.39,0.39);
#4795=FILL_AREA_STYLE_COLOUR('',#4794);
#4796=FILL_AREA_STYLE('',(#4795));
#4797=SURFACE_STYLE_FILL_AREA(#4796);
#4798=SURFACE_STYLE_TRANSPARENT(0.00);
#4799=SURFACE_STYLE_RENDERING_WITH_PROPERTIES(.NORMAL_SHADING.,#4794,(#4798));
#4800=SURFACE_SIDE_STYLE('',(#4797, #4799));
#4801=SURFACE_STYLE_USAGE(.BOTH.,#4800);
#4802=PRESENTATION_STYLE_ASSIGNMENT((#4801));
#4803=STYLED_ITEM('',(#4802),#4793);

#4804=(
BOUNDED_SURFACE()
B_SPLINE_SURFACE(1,1,((#4805,#4806),(#4807,#4808)),.UNSPECIFIED.,.F.,.F.,.F.)
B_SPLINE_SURFACE_WITH_KNOTS((2,2),(2,2),(0.000,1.000),(0.000,1.000),.UNSPECIFIED.)
GEOMETRIC_REPRESENTATION_ITEM()
RATIONAL_B_SPLINE_SURFACE(((1.0000000000,1.0000000000),(1.0000000000,1.0000000000)))
REPRESENTATION_ITEM('')
SURFACE()
);
#4805=CARTESIAN_POINT('',(36.0000000000,-11.8000000000,4.0000000000));
#4806=CARTESIAN_POINT('',(36.0000000000,-11.8000000000,8.0000000000));
#4807=CARTESIAN_POINT('',(30.8000000000,-11.8000000000,4.0000000000));
#4808=CARTESIAN_POINT('',(30.8000000000,-11.8000000000,8.0000000000));

#4809=CARTESIAN_POINT('',(30.8000000000,-11.8000000000,4.0000000000));
#4810=VERTEX_POINT('',#4809);
#4811=(
BOUNDED_CURVE()
B_SPLINE_CURVE(1,(#4812,#4813),.UNSPECIFIED.,.F.,.F.)
B_SPLINE_CURVE_WITH_KNOTS((2,2),(0.000,1.000),.UNSPECIFIED.)
CURVE()
GEOMETRIC_REPRESENTATION_ITEM()
RATIONAL_B_SPLINE_CURVE((1.0000000000,1.0000000000))
REPRESENTATION_ITEM('')
);
#4812=CARTESIAN_POINT('',(30.8000000000,-11.8000000000,4.0000000000));
#4813=CARTESIAN_POINT('',(36.0000000000,-11.8000000000,4.0000000000));

#4814=CARTESIAN_POINT('',(36.0000000000,-11.8000000000,4.0000000000));
#4815=VERTEX_POINT('',#4814);
#4816=EDGE_CURVE('',#4810,#4815,#4811,.T.);
#4817=ORIENTED_EDGE('',*,*,#4816,.T.);
#4818=(
BOUNDED_CURVE()
B_SPLINE_CURVE(1,(#4819,#4820),.UNSPECIFIED.,.F.,.F.)
B_SPLINE_CURVE_WITH_KNOTS((2,2),(0.000,1.000),.UNSPECIFIED.)
CURVE()
GEOMETRIC_REPRESENTATION_ITEM()
RATIONAL_B_SPLINE_CURVE((1.0000000000,1.0000000000))
REPRESENTATION_ITEM('')
);
#4819=CARTESIAN_POINT('',(36.0000000000,-11.8000000000,4.0000000000));
#4820=CARTESIAN_POINT('',(36.0000000000,-11.8000000000,8.0000000000));

#4821=CARTESIAN_POINT('',(36.0000000000,-11.8000000000,8.0000000000));
#4822=VERTEX_POINT('',#4821);
#4823=EDGE_CURVE('',#4815,#4822,#4818,.T.);
#4824=ORIENTED_EDGE('',*,*,#4823,.T.);
#4825=(
BOUNDED_CURVE()
B_SPLINE_CURVE(1,(#4826,#4827),.UNSPECIFIED.,.F.,.F.)
B_SPLINE_CURVE_WITH_KNOTS((2,2),(0.000,1.000),.UNSPECIFIED.)
CURVE()
GEOMETRIC_REPRESENTATION_ITEM()
RATIONAL_B_SPLINE_CURVE((1.0000000000,1.0000000000))
REPRESENTATION_ITEM('')
);
#4826=CARTESIAN_POINT('',(36.0000000000,-11.8000000000,8.0000000000));
#4827=CARTESIAN_POINT('',(30.8000000000,-11.8000000000,8.0000000000));

#4828=CARTESIAN_POINT('',(30.8000000000,-11.8000000000,8.0000000000));
#4829=VERTEX_POINT('',#4828);
#4830=EDGE_CURVE('',#4822,#4829,#4825,.T.);
#4831=ORIENTED_EDGE('',*,*,#4830,.T.);
#4832=(
BOUNDED_CURVE()
B_SPLINE_CURVE(1,(#4833,#4834),.UNSPECIFIED.,.F.,.F.)
B_SPLINE_CURVE_WITH_KNOTS((2,2),(0.000,1.000),.UNSPECIFIED.)
CURVE()
GEOMETRIC_REPRESENTATION_ITEM()
RATIONAL_B_SPLINE_CURVE((1.0000000000,1.0000000000))
REPRESENTATION_ITEM('')
);
#4833=CARTESIAN_POINT('',(30.8000000000,-11.8000000000,8.0000000000));
#4834=CARTESIAN_POINT('',(30.8000000000,-11.8000000000,4.0000000000));

#4835=EDGE_CURVE('',#4829,#4810,#4832,.T.);
#4836=ORIENTED_EDGE('',*,*,#4835,.T.);
#4837=EDGE_LOOP('',(#4817,#4824,#4831,#4836));
#4838=FACE_OUTER_BOUND('',#4837,.T.);
#4839=ADVANCED_FACE('',(#4838),#4804,.T.);
#4840=COLOUR_RGB('',0.39,0.39,0.39);
#4841=FILL_AREA_STYLE_COLOUR('',#4840);
#4842=FILL_AREA_STYLE('',(#4841));
#4843=SURFACE_STYLE_FILL_AREA(#4842);
#4844=SURFACE_STYLE_TRANSPARENT(0.00);
#4845=SURFACE_STYLE_RENDERING_WITH_PROPERTIES(.NORMAL_SHADING.,#4840,(#4844));
#4846=SURFACE_SIDE_STYLE('',(#4843, #4845));
#4847=SURFACE_STYLE_USAGE(.BOTH.,#4846);
#4848=PRESENTATION_STYLE_ASSIGNMENT((#4847));
#4849=STYLED_ITEM('',(#4848),#4839);

#4850=(
BOUNDED_SURFACE()
B_SPLINE_SURFACE(1,1,((#4851,#4852),(#4853,#4854)),.UNSPECIFIED.,.F.,.F.,.F.)
B_SPLINE_SURFACE_WITH_KNOTS((2,2),(2,2),(0.000,1.000),(0.000,1.000),.UNSPECIFIED.)
GEOMETRIC_REPRESENTATION_ITEM()
RATIONAL_B_SPLINE_SURFACE(((1.0000000000,1.0000000000),(1.0000000000,1.0000000000)))
REPRESENTATION_ITEM('')
SURFACE()
);
#4851=CARTESIAN_POINT('',(36.0000000000,11.8000000000,4.0000000000));
#4852=CARTESIAN_POINT('',(36.0000000000,11.8000000000,8.0000000000));
#4853=CARTESIAN_POINT('',(36.0000000000,-11.8000000000,4.0000000000));
#4854=CARTESIAN_POINT('',(36.0000000000,-11.8000000000,8.0000000000));

#4855=CARTESIAN_POINT('',(36.0000000000,-11.8000000000,4.0000000000));
#4856=VERTEX_POINT('',#4855);
#4857=(
BOUNDED_CURVE()
B_SPLINE_CURVE(1,(#4858,#4859),.UNSPECIFIED.,.F.,.F.)
B_SPLINE_CURVE_WITH_KNOTS((2,2),(0.000,1.000),.UNSPECIFIED.)
CURVE()
GEOMETRIC_REPRESENTATION_ITEM()
RATIONAL_B_SPLINE_CURVE((1.0000000000,1.0000000000))
REPRESENTATION_ITEM('')
);
#4858=CARTESIAN_POINT('',(36.0000000000,-11.8000000000,4.0000000000));
#4859=CARTESIAN_POINT('',(36.0000000000,11.8000000000,4.0000000000));

#4860=CARTESIAN_POINT('',(36.0000000000,11.8000000000,4.0000000000));
#4861=VERTEX_POINT('',#4860);
#4862=EDGE_CURVE('',#4856,#4861,#4857,.T.);
#4863=ORIENTED_EDGE('',*,*,#4862,.T.);
#4864=(
BOUNDED_CURVE()
B_SPLINE_CURVE(1,(#4865,#4866),.UNSPECIFIED.,.F.,.F.)
B_SPLINE_CURVE_WITH_KNOTS((2,2),(0.000,1.000),.UNSPECIFIED.)
CURVE()
GEOMETRIC_REPRESENTATION_ITEM()
RATIONAL_B_SPLINE_CURVE((1.0000000000,1.0000000000))
REPRESENTATION_ITEM('')
);
#4865=CARTESIAN_POINT('',(36.0000000000,11.8000000000,4.0000000000));
#4866=CARTESIAN_POINT('',(36.0000000000,11.8000000000,8.0000000000));

#4867=CARTESIAN_POINT('',(36.0000000000,11.8000000000,8.0000000000));
#4868=VERTEX_POINT('',#4867);
#4869=EDGE_CURVE('',#4861,#4868,#4864,.T.);
#4870=ORIENTED_EDGE('',*,*,#4869,.T.);
#4871=(
BOUNDED_CURVE()
B_SPLINE_CURVE(1,(#4872,#4873),.UNSPECIFIED.,.F.,.F.)
B_SPLINE_CURVE_WITH_KNOTS((2,2),(0.000,1.000),.UNSPECIFIED.)
CURVE()
GEOMETRIC_REPRESENTATION_ITEM()
RATIONAL_B_SPLINE_CURVE((1.0000000000,1.0000000000))
REPRESENTATION_ITEM('')
);
#4872=CARTESIAN_POINT('',(36.0000000000,11.8000000000,8.0000000000));
#4873=CARTESIAN_POINT('',(36.0000000000,-11.8000000000,8.0000000000));

#4874=CARTESIAN_POINT('',(36.0000000000,-11.8000000000,8.0000000000));
#4875=VERTEX_POINT('',#4874);
#4876=EDGE_CURVE('',#4868,#4875,#4871,.T.);
#4877=ORIENTED_EDGE('',*,*,#4876,.T.);
#4878=(
BOUNDED_CURVE()
B_SPLINE_CURVE(1,(#4879,#4880),.UNSPECIFIED.,.F.,.F.)
B_SPLINE_CURVE_WITH_KNOTS((2,2),(0.000,1.000),.UNSPECIFIED.)
CURVE()
GEOMETRIC_REPRESENTATION_ITEM()
RATIONAL_B_SPLINE_CURVE((1.0000000000,1.0000000000))
REPRESENTATION_ITEM('')
);
#4879=CARTESIAN_POINT('',(36.0000000000,-11.8000000000,8.0000000000));
#4880=CARTESIAN_POINT('',(36.0000000000,-11.8000000000,4.0000000000));

#4881=EDGE_CURVE('',#4875,#4856,#4878,.T.);
#4882=ORIENTED_EDGE('',*,*,#4881,.T.);
#4883=EDGE_LOOP('',(#4863,#4870,#4877,#4882));
#4884=FACE_OUTER_BOUND('',#4883,.T.);
#4885=ADVANCED_FACE('',(#4884),#4850,.T.);
#4886=COLOUR_RGB('',0.39,0.39,0.39);
#4887=FILL_AREA_STYLE_COLOUR('',#4886);
#4888=FILL_AREA_STYLE('',(#4887));
#4889=SURFACE_STYLE_FILL_AREA(#4888);
#4890=SURFACE_STYLE_TRANSPARENT(0.00);
#4891=SURFACE_STYLE_RENDERING_WITH_PROPERTIES(.NORMAL_SHADING.,#4886,(#4890));
#4892=SURFACE_SIDE_STYLE('',(#4889, #4891));
#4893=SURFACE_STYLE_USAGE(.BOTH.,#4892);
#4894=PRESENTATION_STYLE_ASSIGNMENT((#4893));
#4895=STYLED_ITEM('',(#4894),#4885);

#4896=(
BOUNDED_SURFACE()
B_SPLINE_SURFACE(1,1,((#4897,#4898),(#4899,#4900)),.UNSPECIFIED.,.F.,.F.,.F.)
B_SPLINE_SURFACE_WITH_KNOTS((2,2),(2,2),(0.000,1.000),(0.000,1.000),.UNSPECIFIED.)
GEOMETRIC_REPRESENTATION_ITEM()
RATIONAL_B_SPLINE_SURFACE(((1.0000000000,1.0000000000),(1.0000000000,1.0000000000)))
REPRESENTATION_ITEM('')
SURFACE()
);
#4897=CARTESIAN_POINT('',(30.8000000000,11.8000000000,4.0000000000));
#4898=CARTESIAN_POINT('',(30.8000000000,11.8000000000,8.0000000000));
#4899=CARTESIAN_POINT('',(36.0000000000,11.8000000000,4.0000000000));
#4900=CARTESIAN_POINT('',(36.0000000000,11.8000000000,8.0000000000));

#4901=CARTESIAN_POINT('',(36.0000000000,11.8000000000,4.0000000000));
#4902=VERTEX_POINT('',#4901);
#4903=(
BOUNDED_CURVE()
B_SPLINE_CURVE(1,(#4904,#4905),.UNSPECIFIED.,.F.,.F.)
B_SPLINE_CURVE_WITH_KNOTS((2,2),(0.000,1.000),.UNSPECIFIED.)
CURVE()
GEOMETRIC_REPRESENTATION_ITEM()
RATIONAL_B_SPLINE_CURVE((1.0000000000,1.0000000000))
REPRESENTATION_ITEM('')
);
#4904=CARTESIAN_POINT('',(36.0000000000,11.8000000000,4.0000000000));
#4905=CARTESIAN_POINT('',(30.8000000000,11.8000000000,4.0000000000));

#4906=CARTESIAN_POINT('',(30.8000000000,11.8000000000,4.0000000000));
#4907=VERTEX_POINT('',#4906);
#4908=EDGE_CURVE('',#4902,#4907,#4903,.T.);
#4909=ORIENTED_EDGE('',*,*,#4908,.T.);
#4910=(
BOUNDED_CURVE()
B_SPLINE_CURVE(1,(#4911,#4912),.UNSPECIFIED.,.F.,.F.)
B_SPLINE_CURVE_WITH_KNOTS((2,2),(0.000,1.000),.UNSPECIFIED.)
CURVE()
GEOMETRIC_REPRESENTATION_ITEM()
RATIONAL_B_SPLINE_CURVE((1.0000000000,1.0000000000))
REPRESENTATION_ITEM('')
);
#4911=CARTESIAN_POINT('',(30.8000000000,11.8000000000,4.0000000000));
#4912=CARTESIAN_POINT('',(30.8000000000,11.8000000000,8.0000000000));

#4913=CARTESIAN_POINT('',(30.8000000000,11.8000000000,8.0000000000));
#4914=VERTEX_POINT('',#4913);
#4915=EDGE_CURVE('',#4907,#4914,#4910,.T.);
#4916=ORIENTED_EDGE('',*,*,#4915,.T.);
#4917=(
BOUNDED_CURVE()
B_SPLINE_CURVE(1,(#4918,#4919),.UNSPECIFIED.,.F.,.F.)
B_SPLINE_CURVE_WITH_KNOTS((2,2),(0.000,1.000),.UNSPECIFIED.)
CURVE()
GEOMETRIC_REPRESENTATION_ITEM()
RATIONAL_B_SPLINE_CURVE((1.0000000000,1.0000000000))
REPRESENTATION_ITEM('')
);
#4918=CARTESIAN_POINT('',(30.8000000000,11.8000000000,8.0000000000));
#4919=CARTESIAN_POINT('',(36.0000000000,11.8000000000,8.0000000000));

#4920=CARTESIAN_POINT('',(36.0000000000,11.8000000000,8.0000000000));
#4921=VERTEX_POINT('',#4920);
#4922=EDGE_CURVE('',#4914,#4921,#4917,.T.);
#4923=ORIENTED_EDGE('',*,*,#4922,.T.);
#4924=(
BOUNDED_CURVE()
B_SPLINE_CURVE(1,(#4925,#4926),.UNSPECIFIED.,.F.,.F.)
B_SPLINE_CURVE_WITH_KNOTS((2,2),(0.000,1.000),.UNSPECIFIED.)
CURVE()
GEOMETRIC_REPRESENTATION_ITEM()
RATIONAL_B_SPLINE_CURVE((1.0000000000,1.0000000000))
REPRESENTATION_ITEM('')
);
#4925=CARTESIAN_POINT('',(36.0000000000,11.8000000000,8.0000000000));
#4926=CARTESIAN_POINT('',(36.0000000000,11.8000000000,4.0000000000));

#4927=EDGE_CURVE('',#4921,#4902,#4924,.T.);
#4928=ORIENTED_EDGE('',*,*,#4927,.T.);
#4929=EDGE_LOOP('',(#4909,#4916,#4923,#4928));
#4930=FACE_OUTER_BOUND('',#4929,.T.);
#4931=ADVANCED_FACE('',(#4930),#4896,.T.);
#4932=COLOUR_RGB('',0.39,0.39,0.39);
#4933=FILL_AREA_STYLE_COLOUR('',#4932);
#4934=FILL_AREA_STYLE('',(#4933));
#4935=SURFACE_STYLE_FILL_AREA(#4934);
#4936=SURFACE_STYLE_TRANSPARENT(0.00);
#4937=SURFACE_STYLE_RENDERING_WITH_PROPERTIES(.NORMAL_SHADING.,#4932,(#4936));
#4938=SURFACE_SIDE_STYLE('',(#4935, #4937));
#4939=SURFACE_STYLE_USAGE(.BOTH.,#4938);
#4940=PRESENTATION_STYLE_ASSIGNMENT((#4939));
#4941=STYLED_ITEM('',(#4940),#4931);

#4942=(
BOUNDED_SURFACE()
B_SPLINE_SURFACE(2,1,((#4943,#4944),(#4945,#4946),(#4947,#4948)),.UNSPECIFIED.,.F.,.F.,.F.)
B_SPLINE_SURFACE_WITH_KNOTS((3,3),(2,2),(0.000,1.000),(0.000,1.000),.UNSPECIFIED.)
GEOMETRIC_REPRESENTATION_ITEM()
RATIONAL_B_SPLINE_SURFACE(((1.0000000000,1.0000000000),(0.7071067812,0.7071067812),(1.0000000000,1.0000000000)))
REPRESENTATION_ITEM('')
SURFACE()
);
#4943=CARTESIAN_POINT('',(29.3000000000,13.3000000000,4.0000000000));
#4944=CARTESIAN_POINT('',(29.3000000000,13.3000000000,8.0000000000));
#4945=CARTESIAN_POINT('',(29.3000000000,11.8000000000,4.0000000000));
#4946=CARTESIAN_POINT('',(29.3000000000,11.8000000000,8.0000000000));
#4947=CARTESIAN_POINT('',(30.8000000000,11.8000000000,4.0000000000));
#4948=CARTESIAN_POINT('',(30.8000000000,11.8000000000,8.0000000000));

#4949=CARTESIAN_POINT('',(30.8000000000,11.8000000000,4.0000000000));
#4950=VERTEX_POINT('',#4949);
#4951=(
BOUNDED_CURVE()
B_SPLINE_CURVE(2,(#4952,#4953,#4954),.UNSPECIFIED.,.F.,.F.)
B_SPLINE_CURVE_WITH_KNOTS((3,3),(0.000,1.000),.UNSPECIFIED.)
CURVE()
GEOMETRIC_REPRESENTATION_ITEM()
RATIONAL_B_SPLINE_CURVE((1.0000000000,0.7071067812,1.0000000000))
REPRESENTATION_ITEM('')
);
#4952=CARTESIAN_POINT('',(30.8000000000,11.8000000000,4.0000000000));
#4953=CARTESIAN_POINT('',(29.3000000001,11.8000000000,4.0000000000));
#4954=CARTESIAN_POINT('',(29.3000000000,13.2999999999,4.0000000000));

#4955=CARTESIAN_POINT('',(29.3000000000,13.2999999999,4.0000000000));
#4956=VERTEX_POINT('',#4955);
#4957=EDGE_CURVE('',#4950,#4956,#4951,.T.);
#4958=ORIENTED_EDGE('',*,*,#4957,.T.);
#4959=(
BOUNDED_CURVE()
B_SPLINE_CURVE(1,(#4960,#4961),.UNSPECIFIED.,.F.,.F.)
B_SPLINE_CURVE_WITH_KNOTS((2,2),(0.000,1.000),.UNSPECIFIED.)
CURVE()
GEOMETRIC_REPRESENTATION_ITEM()
RATIONAL_B_SPLINE_CURVE((1.0000000000,1.0000000000))
REPRESENTATION_ITEM('')
);
#4960=CARTESIAN_POINT('',(29.3000000000,13.3000000000,4.0000000000));
#4961=CARTESIAN_POINT('',(29.3000000000,13.3000000000,8.0000000000));

#4962=CARTESIAN_POINT('',(29.3000000000,13.3000000000,8.0000000000));
#4963=VERTEX_POINT('',#4962);
#4964=EDGE_CURVE('',#4956,#4963,#4959,.T.);
#4965=ORIENTED_EDGE('',*,*,#4964,.T.);
#4966=(
BOUNDED_CURVE()
B_SPLINE_CURVE(2,(#4967,#4968,#4969),.UNSPECIFIED.,.F.,.F.)
B_SPLINE_CURVE_WITH_KNOTS((3,3),(0.000,1.000),.UNSPECIFIED.)
CURVE()
GEOMETRIC_REPRESENTATION_ITEM()
RATIONAL_B_SPLINE_CURVE((1.0000000000,0.7071067812,1.0000000000))
REPRESENTATION_ITEM('')
);
#4967=CARTESIAN_POINT('',(29.3000000000,13.2999999999,8.0000000000));
#4968=CARTESIAN_POINT('',(29.3000000001,11.8000000000,8.0000000000));
#4969=CARTESIAN_POINT('',(30.8000000000,11.8000000000,8.0000000000));

#4970=CARTESIAN_POINT('',(30.8000000000,11.8000000000,8.0000000000));
#4971=VERTEX_POINT('',#4970);
#4972=EDGE_CURVE('',#4963,#4971,#4966,.T.);
#4973=ORIENTED_EDGE('',*,*,#4972,.T.);
#4974=(
BOUNDED_CURVE()
B_SPLINE_CURVE(1,(#4975,#4976),.UNSPECIFIED.,.F.,.F.)
B_SPLINE_CURVE_WITH_KNOTS((2,2),(0.000,1.000),.UNSPECIFIED.)
CURVE()
GEOMETRIC_REPRESENTATION_ITEM()
RATIONAL_B_SPLINE_CURVE((1.0000000000,1.0000000000))
REPRESENTATION_ITEM('')
);
#4975=CARTESIAN_POINT('',(30.8000000000,11.8000000000,8.0000000000));
#4976=CARTESIAN_POINT('',(30.8000000000,11.8000000000,4.0000000000));

#4977=EDGE_CURVE('',#4971,#4950,#4974,.T.);
#4978=ORIENTED_EDGE('',*,*,#4977,.T.);
#4979=EDGE_LOOP('',(#4958,#4965,#4973,#4978));
#4980=FACE_OUTER_BOUND('',#4979,.T.);
#4981=ADVANCED_FACE('',(#4980),#4942,.T.);
#4982=COLOUR_RGB('',0.39,0.39,0.39);
#4983=FILL_AREA_STYLE_COLOUR('',#4982);
#4984=FILL_AREA_STYLE('',(#4983));
#4985=SURFACE_STYLE_FILL_AREA(#4984);
#4986=SURFACE_STYLE_TRANSPARENT(0.00);
#4987=SURFACE_STYLE_RENDERING_WITH_PROPERTIES(.NORMAL_SHADING.,#4982,(#4986));
#4988=SURFACE_SIDE_STYLE('',(#4985, #4987));
#4989=SURFACE_STYLE_USAGE(.BOTH.,#4988);
#4990=PRESENTATION_STYLE_ASSIGNMENT((#4989));
#4991=STYLED_ITEM('',(#4990),#4981);

#4992=(
BOUNDED_SURFACE()
B_SPLINE_SURFACE(1,1,((#4993,#4994),(#4995,#4996)),.UNSPECIFIED.,.F.,.F.,.F.)
B_SPLINE_SURFACE_WITH_KNOTS((2,2),(2,2),(0.000,1.000),(0.000,1.000),.UNSPECIFIED.)
GEOMETRIC_REPRESENTATION_ITEM()
RATIONAL_B_SPLINE_SURFACE(((1.0000000000,1.0000000000),(1.0000000000,1.0000000000)))
REPRESENTATION_ITEM('')
SURFACE()
);
#4993=CARTESIAN_POINT('',(29.3000000000,18.5000000000,4.0000000000));
#4994=CARTESIAN_POINT('',(29.3000000000,18.5000000000,8.0000000000));
#4995=CARTESIAN_POINT('',(29.3000000000,13.3000000000,4.0000000000));
#4996=CARTESIAN_POINT('',(29.3000000000,13.3000000000,8.0000000000));

#4997=CARTESIAN_POINT('',(29.3000000000,13.3000000000,4.0000000000));
#4998=VERTEX_POINT('',#4997);
#4999=(
BOUNDED_CURVE()
B_SPLINE_CURVE(1,(#5000,#5001),.UNSPECIFIED.,.F.,.F.)
B_SPLINE_CURVE_WITH_KNOTS((2,2),(0.000,1.000),.UNSPECIFIED.)
CURVE()
GEOMETRIC_REPRESENTATION_ITEM()
RATIONAL_B_SPLINE_CURVE((1.0000000000,1.0000000000))
REPRESENTATION_ITEM('')
);
#5000=CARTESIAN_POINT('',(29.3000000000,13.3000000000,4.0000000000));
#5001=CARTESIAN_POINT('',(29.3000000000,18.5000000000,4.0000000000));

#5002=CARTESIAN_POINT('',(29.3000000000,18.5000000000,4.0000000000));
#5003=VERTEX_POINT('',#5002);
#5004=EDGE_CURVE('',#4998,#5003,#4999,.T.);
#5005=ORIENTED_EDGE('',*,*,#5004,.T.);
#5006=(
BOUNDED_CURVE()
B_SPLINE_CURVE(1,(#5007,#5008),.UNSPECIFIED.,.F.,.F.)
B_SPLINE_CURVE_WITH_KNOTS((2,2),(0.000,1.000),.UNSPECIFIED.)
CURVE()
GEOMETRIC_REPRESENTATION_ITEM()
RATIONAL_B_SPLINE_CURVE((1.0000000000,1.0000000000))
REPRESENTATION_ITEM('')
);
#5007=CARTESIAN_POINT('',(29.3000000000,18.5000000000,4.0000000000));
#5008=CARTESIAN_POINT('',(29.3000000000,18.5000000000,8.0000000000));

#5009=CARTESIAN_POINT('',(29.3000000000,18.5000000000,8.0000000000));
#5010=VERTEX_POINT('',#5009);
#5011=EDGE_CURVE('',#5003,#5010,#5006,.T.);
#5012=ORIENTED_EDGE('',*,*,#5011,.T.);
#5013=(
BOUNDED_CURVE()
B_SPLINE_CURVE(1,(#5014,#5015),.UNSPECIFIED.,.F.,.F.)
B_SPLINE_CURVE_WITH_KNOTS((2,2),(0.000,1.000),.UNSPECIFIED.)
CURVE()
GEOMETRIC_REPRESENTATION_ITEM()
RATIONAL_B_SPLINE_CURVE((1.0000000000,1.0000000000))
REPRESENTATION_ITEM('')
);
#5014=CARTESIAN_POINT('',(29.3000000000,18.5000000000,8.0000000000));
#5015=CARTESIAN_POINT('',(29.3000000000,13.3000000000,8.0000000000));

#5016=CARTESIAN_POINT('',(29.3000000000,13.3000000000,8.0000000000));
#5017=VERTEX_POINT('',#5016);
#5018=EDGE_CURVE('',#5010,#5017,#5013,.T.);
#5019=ORIENTED_EDGE('',*,*,#5018,.T.);
#5020=(
BOUNDED_CURVE()
B_SPLINE_CURVE(1,(#5021,#5022),.UNSPECIFIED.,.F.,.F.)
B_SPLINE_CURVE_WITH_KNOTS((2,2),(0.000,1.000),.UNSPECIFIED.)
CURVE()
GEOMETRIC_REPRESENTATION_ITEM()
RATIONAL_B_SPLINE_CURVE((1.0000000000,1.0000000000))
REPRESENTATION_ITEM('')
);
#5021=CARTESIAN_POINT('',(29.3000000000,13.3000000000,8.0000000000));
#5022=CARTESIAN_POINT('',(29.3000000000,13.3000000000,4.0000000000));

#5023=EDGE_CURVE('',#5017,#4998,#5020,.T.);
#5024=ORIENTED_EDGE('',*,*,#5023,.T.);
#5025=EDGE_LOOP('',(#5005,#5012,#5019,#5024));
#5026=FACE_OUTER_BOUND('',#5025,.T.);
#5027=ADVANCED_FACE('',(#5026),#4992,.T.);
#5028=COLOUR_RGB('',0.39,0.39,0.39);
#5029=FILL_AREA_STYLE_COLOUR('',#5028);
#5030=FILL_AREA_STYLE('',(#5029));
#5031=SURFACE_STYLE_FILL_AREA(#5030);
#5032=SURFACE_STYLE_TRANSPARENT(0.00);
#5033=SURFACE_STYLE_RENDERING_WITH_PROPERTIES(.NORMAL_SHADING.,#5028,(#5032));
#5034=SURFACE_SIDE_STYLE('',(#5031, #5033));
#5035=SURFACE_STYLE_USAGE(.BOTH.,#5034);
#5036=PRESENTATION_STYLE_ASSIGNMENT((#5035));
#5037=STYLED_ITEM('',(#5036),#5027);

#5038=(
BOUNDED_SURFACE()
B_SPLINE_SURFACE(1,1,((#5039,#5040),(#5041,#5042)),.UNSPECIFIED.,.F.,.F.,.F.)
B_SPLINE_SURFACE_WITH_KNOTS((2,2),(2,2),(0.000,1.000),(0.000,1.000),.UNSPECIFIED.)
GEOMETRIC_REPRESENTATION_ITEM()
RATIONAL_B_SPLINE_SURFACE(((1.0000000000,1.0000000000),(1.0000000000,1.0000000000)))
REPRESENTATION_ITEM('')
SURFACE()
);
#5039=CARTESIAN_POINT('',(42.8860000037,-13.6252127897,37.6450499916));
#5040=CARTESIAN_POINT('',(-42.8860000037,-13.6252127897,37.6450499916));
#5041=CARTESIAN_POINT('',(42.8860000037,25.2722602862,23.4875276037));
#5042=CARTESIAN_POINT('',(-42.8860000037,25.2722602862,23.4875276037));

#5043=CARTESIAN_POINT('',(38.5000000000,23.5000000000,24.1325775953));
#5044=VERTEX_POINT('',#5043);
#5045=(
BOUNDED_CURVE()
B_SPLINE_CURVE(2,(#5046,#5047,#5048),.UNSPECIFIED.,.F.,.F.)
B_SPLINE_CURVE_WITH_KNOTS((3,3),(0.000,1.000),.UNSPECIFIED.)
CURVE()
GEOMETRIC_REPRESENTATION_ITEM()
RATIONAL_B_SPLINE_CURVE((1.0000000000,0.7071067812,1.0000000000))
REPRESENTATION_ITEM('')
);
#5046=CARTESIAN_POINT('',(38.5000000000,23.5000000000,24.1325775953));
#5047=CARTESIAN_POINT('',(40.9999999999,23.5000000000,24.1325775953));
#5048=CARTESIAN_POINT('',(41.0000000000,21.0000000001,25.0425031809));

#5049=CARTESIAN_POINT('',(41.0000000000,21.0000000001,25.0425031809));
#5050=VERTEX_POINT('',#5049);
#5051=EDGE_CURVE('',#5044,#5050,#5045,.T.);
#5052=ORIENTED_EDGE('',*,*,#5051,.T.);
#5053=(
BOUNDED_CURVE()
B_SPLINE_CURVE(1,(#5054,#5055),.UNSPECIFIED.,.F.,.F.)
B_SPLINE_CURVE_WITH_KNOTS((2,2),(0.000,1.000),.UNSPECIFIED.)
CURVE()
GEOMETRIC_REPRESENTATION_ITEM()
RATIONAL_B_SPLINE_CURVE((1.0000000000,1.0000000000))
REPRESENTATION_ITEM('')
);
#5054=CARTESIAN_POINT('',(41.0000000000,21.0000000088,25.0425031778));
#5055=CARTESIAN_POINT('',(41.0000000000,-11.8529525035,37.0000000000));

#5056=CARTESIAN_POINT('',(41.0000000000,-11.8529525035,37.0000000000));
#5057=VERTEX_POINT('',#5056);
#5058=EDGE_CURVE('',#5050,#5057,#5053,.T.);
#5059=ORIENTED_EDGE('',*,*,#5058,.T.);
#5060=(
BOUNDED_CURVE()
B_SPLINE_CURVE(1,(#5061,#5062),.UNSPECIFIED.,.F.,.F.)
B_SPLINE_CURVE_WITH_KNOTS((2,2),(0.000,1.000),.UNSPECIFIED.)
CURVE()
GEOMETRIC_REPRESENTATION_ITEM()
RATIONAL_B_SPLINE_CURVE((1.0000000000,1.0000000000))
REPRESENTATION_ITEM('')
);
#5061=CARTESIAN_POINT('',(41.0000000000,-11.8529525035,37.0000000000));
#5062=CARTESIAN_POINT('',(38.0000000000,-11.8529525035,37.0000000000));

#5063=CARTESIAN_POINT('',(38.0000000000,-11.8529525035,37.0000000000));
#5064=VERTEX_POINT('',#5063);
#5065=EDGE_CURVE('',#5057,#5064,#5060,.T.);
#5066=ORIENTED_EDGE('',*,*,#5065,.T.);
#5067=(
BOUNDED_CURVE()
B_SPLINE_CURVE(1,(#5068,#5069),.UNSPECIFIED.,.F.,.F.)
B_SPLINE_CURVE_WITH_KNOTS((2,2),(0.000,1.000),.UNSPECIFIED.)
CURVE()
GEOMETRIC_REPRESENTATION_ITEM()
RATIONAL_B_SPLINE_CURVE((1.0000000000,1.0000000000))
REPRESENTATION_ITEM('')
);
#5068=CARTESIAN_POINT('',(38.0000000000,-11.8529525035,37.0000000000));
#5069=CARTESIAN_POINT('',(-38.0000000000,-11.8529525035,37.0000000000));

#5070=CARTESIAN_POINT('',(-38.0000000000,-11.8529525035,37.0000000000));
#5071=VERTEX_POINT('',#5070);
#5072=EDGE_CURVE('',#5064,#5071,#5067,.T.);
#5073=ORIENTED_EDGE('',*,*,#5072,.T.);
#5074=(
BOUNDED_CURVE()
B_SPLINE_CURVE(1,(#5075,#5076),.UNSPECIFIED.,.F.,.F.)
B_SPLINE_CURVE_WITH_KNOTS((2,2),(0.000,1.000),.UNSPECIFIED.)
CURVE()
GEOMETRIC_REPRESENTATION_ITEM()
RATIONAL_B_SPLINE_CURVE((1.0000000000,1.0000000000))
REPRESENTATION_ITEM('')
);
#5075=CARTESIAN_POINT('',(-38.0000000000,-11.8529525035,37.0000000000));
#5076=CARTESIAN_POINT('',(-41.0000000000,-11.8529525035,37.0000000000));

#5077=CARTESIAN_POINT('',(-41.0000000000,-11.8529525035,37.0000000000));
#5078=VERTEX_POINT('',#5077);
#5079=EDGE_CURVE('',#5071,#5078,#5074,.T.);
#5080=ORIENTED_EDGE('',*,*,#5079,.T.);
#5081=(
BOUNDED_CURVE()
B_SPLINE_CURVE(1,(#5082,#5083),.UNSPECIFIED.,.F.,.F.)
B_SPLINE_CURVE_WITH_KNOTS((2,2),(0.000,1.000),.UNSPECIFIED.)
CURVE()
GEOMETRIC_REPRESENTATION_ITEM()
RATIONAL_B_SPLINE_CURVE((1.0000000000,1.0000000000))
REPRESENTATION_ITEM('')
);
#5082=CARTESIAN_POINT('',(-41.0000000000,-11.8529525035,37.0000000000));
#5083=CARTESIAN_POINT('',(-41.0000000000,21.0000000003,25.0425031809));

#5084=CARTESIAN_POINT('',(-41.0000000000,21.0000000003,25.0425031809));
#5085=VERTEX_POINT('',#5084);
#5086=EDGE_CURVE('',#5078,#5085,#5081,.T.);
#5087=ORIENTED_EDGE('',*,*,#5086,.T.);
#5088=(
BOUNDED_CURVE()
B_SPLINE_CURVE(2,(#5089,#5090,#5091),.UNSPECIFIED.,.F.,.F.)
B_SPLINE_CURVE_WITH_KNOTS((3,3),(0.000,1.000),.UNSPECIFIED.)
CURVE()
GEOMETRIC_REPRESENTATION_ITEM()
RATIONAL_B_SPLINE_CURVE((1.0000000000,0.7071067812,1.0000000000))
REPRESENTATION_ITEM('')
);
#5089=CARTESIAN_POINT('',(-41.0000000000,21.0000000000,25.0425031810));
#5090=CARTESIAN_POINT('',(-41.0000000000,23.4999999999,24.1325775954));
#5091=CARTESIAN_POINT('',(-38.5000000001,23.5000000000,24.1325775953));

#5092=CARTESIAN_POINT('',(-38.5000000001,23.5000000000,24.1325775953));
#5093=VERTEX_POINT('',#5092);
#5094=EDGE_CURVE('',#5085,#5093,#5088,.T.);
#5095=ORIENTED_EDGE('',*,*,#5094,.T.);
#5096=(
BOUNDED_CURVE()
B_SPLINE_CURVE(1,(#5097,#5098),.UNSPECIFIED.,.F.,.F.)
B_SPLINE_CURVE_WITH_KNOTS((2,2),(0.000,1.000),.UNSPECIFIED.)
CURVE()
GEOMETRIC_REPRESENTATION_ITEM()
RATIONAL_B_SPLINE_CURVE((1.0000000000,1.0000000000))
REPRESENTATION_ITEM('')
);
#5097=CARTESIAN_POINT('',(-38.5000000000,23.5000000000,24.1325775953));
#5098=CARTESIAN_POINT('',(-38.0000000000,23.5000000000,24.1325775953));

#5099=CARTESIAN_POINT('',(-38.0000000000,23.5000000000,24.1325775953));
#5100=VERTEX_POINT('',#5099);
#5101=EDGE_CURVE('',#5093,#5100,#5096,.T.);
#5102=ORIENTED_EDGE('',*,*,#5101,.T.);
#5103=(
BOUNDED_CURVE()
B_SPLINE_CURVE(1,(#5104,#5105),.UNSPECIFIED.,.F.,.F.)
B_SPLINE_CURVE_WITH_KNOTS((2,2),(0.000,1.000),.UNSPECIFIED.)
CURVE()
GEOMETRIC_REPRESENTATION_ITEM()
RATIONAL_B_SPLINE_CURVE((1.0000000000,1.0000000000))
REPRESENTATION_ITEM('')
);
#5104=CARTESIAN_POINT('',(-38.0000000000,23.5000000000,24.1325775953));
#5105=CARTESIAN_POINT('',(38.0000000000,23.5000000000,24.1325775953));

#5106=CARTESIAN_POINT('',(38.0000000000,23.5000000000,24.1325775953));
#5107=VERTEX_POINT('',#5106);
#5108=EDGE_CURVE('',#5100,#5107,#5103,.T.);
#5109=ORIENTED_EDGE('',*,*,#5108,.T.);
#5110=(
BOUNDED_CURVE()
B_SPLINE_CURVE(1,(#5111,#5112),.UNSPECIFIED.,.F.,.F.)
B_SPLINE_CURVE_WITH_KNOTS((2,2),(0.000,1.000),.UNSPECIFIED.)
CURVE()
GEOMETRIC_REPRESENTATION_ITEM()
RATIONAL_B_SPLINE_CURVE((1.0000000000,1.0000000000))
REPRESENTATION_ITEM('')
);
#5111=CARTESIAN_POINT('',(38.0000000000,23.5000000000,24.1325775953));
#5112=CARTESIAN_POINT('',(38.5000000000,23.5000000000,24.1325775953));

#5113=EDGE_CURVE('',#5107,#5044,#5110,.T.);
#5114=ORIENTED_EDGE('',*,*,#5113,.T.);
#5115=EDGE_LOOP('',(#5052,#5059,#5066,#5073,#5080,#5087,#5095,#5102,#5109,#5114));
#5116=FACE_OUTER_BOUND('',#5115,.T.);
#5117=ADVANCED_FACE('',(#5116),#5038,.T.);
#5118=COLOUR_RGB('',0.39,0.39,0.39);
#5119=FILL_AREA_STYLE_COLOUR('',#5118);
#5120=FILL_AREA_STYLE('',(#5119));
#5121=SURFACE_STYLE_FILL_AREA(#5120);
#5122=SURFACE_STYLE_TRANSPARENT(0.00);
#5123=SURFACE_STYLE_RENDERING_WITH_PROPERTIES(.NORMAL_SHADING.,#5118,(#5122));
#5124=SURFACE_SIDE_STYLE('',(#5121, #5123));
#5125=SURFACE_STYLE_USAGE(.BOTH.,#5124);
#5126=PRESENTATION_STYLE_ASSIGNMENT((#5125));
#5127=STYLED_ITEM('',(#5126),#5117);

#5128=(
BOUNDED_SURFACE()
B_SPLINE_SURFACE(1,1,((#5129,#5130),(#5131,#5132)),.UNSPECIFIED.,.F.,.F.,.F.)
B_SPLINE_SURFACE_WITH_KNOTS((2,2),(2,2),(0.000,1.000),(0.000,1.000),.UNSPECIFIED.)
GEOMETRIC_REPRESENTATION_ITEM()
RATIONAL_B_SPLINE_SURFACE(((1.0000000000,1.0000000000),(1.0000000000,1.0000000000)))
REPRESENTATION_ITEM('')
SURFACE()
);
#5129=CARTESIAN_POINT('',(42.8860000037,-24.1450499916,3.2277397138));
#5130=CARTESIAN_POINT('',(-42.8860000037,-24.1450499916,3.2277397138));
#5131=CARTESIAN_POINT('',(42.8860000037,-11.2079025119,38.7722602862));
#5132=CARTESIAN_POINT('',(-42.8860000037,-11.2079025119,38.7722602862));

#5133=CARTESIAN_POINT('',(41.0000000000,-11.8529525035,37.0000000000));
#5134=VERTEX_POINT('',#5133);
#5135=(
BOUNDED_CURVE()
B_SPLINE_CURVE(1,(#5136,#5137),.UNSPECIFIED.,.F.,.F.)
B_SPLINE_CURVE_WITH_KNOTS((2,2),(0.000,1.000),.UNSPECIFIED.)
CURVE()
GEOMETRIC_REPRESENTATION_ITEM()
RATIONAL_B_SPLINE_CURVE((1.0000000000,1.0000000000))
REPRESENTATION_ITEM('')
);
#5136=CARTESIAN_POINT('',(41.0000000000,-11.8529525035,37.0000000000));
#5137=CARTESIAN_POINT('',(41.0000000000,-21.0000000000,11.8686935485));

#5138=CARTESIAN_POINT('',(41.0000000000,-21.0000000000,11.8686935485));
#5139=VERTEX_POINT('',#5138);
#5140=EDGE_CURVE('',#5134,#5139,#5135,.T.);
#5141=ORIENTED_EDGE('',*,*,#5140,.T.);
#5142=(
BOUNDED_CURVE()
B_SPLINE_CURVE(2,(#5143,#5144,#5145),.UNSPECIFIED.,.F.,.F.)
B_SPLINE_CURVE_WITH_KNOTS((3,3),(0.000,1.000),.UNSPECIFIED.)
CURVE()
GEOMETRIC_REPRESENTATION_ITEM()
RATIONAL_B_SPLINE_CURVE((1.0000000000,0.7071067812,1.0000000000))
REPRESENTATION_ITEM('')
);
#5143=CARTESIAN_POINT('',(41.0000000000,-21.0000000000,11.8686935486));
#5144=CARTESIAN_POINT('',(41.0000000000,-23.5000000000,5.0000000000));
#5145=CARTESIAN_POINT('',(38.5000000000,-23.5000000000,5.0000000000));

#5146=CARTESIAN_POINT('',(38.5000000000,-23.5000000000,5.0000000000));
#5147=VERTEX_POINT('',#5146);
#5148=EDGE_CURVE('',#5139,#5147,#5142,.T.);
#5149=ORIENTED_EDGE('',*,*,#5148,.T.);
#5150=(
BOUNDED_CURVE()
B_SPLINE_CURVE(1,(#5151,#5152),.UNSPECIFIED.,.F.,.F.)
B_SPLINE_CURVE_WITH_KNOTS((2,2),(0.000,1.000),.UNSPECIFIED.)
CURVE()
GEOMETRIC_REPRESENTATION_ITEM()
RATIONAL_B_SPLINE_CURVE((1.0000000000,1.0000000000))
REPRESENTATION_ITEM('')
);
#5151=CARTESIAN_POINT('',(38.5000000100,-23.5000000000,5.0000000000));
#5152=CARTESIAN_POINT('',(-38.5000000000,-23.5000000000,5.0000000000));

#5153=CARTESIAN_POINT('',(-38.5000000000,-23.5000000000,5.0000000000));
#5154=VERTEX_POINT('',#5153);
#5155=EDGE_CURVE('',#5147,#5154,#5150,.T.);
#5156=ORIENTED_EDGE('',*,*,#5155,.T.);
#5157=(
BOUNDED_CURVE()
B_SPLINE_CURVE(2,(#5158,#5159,#5160),.UNSPECIFIED.,.F.,.F.)
B_SPLINE_CURVE_WITH_KNOTS((3,3),(0.000,1.000),.UNSPECIFIED.)
CURVE()
GEOMETRIC_REPRESENTATION_ITEM()
RATIONAL_B_SPLINE_CURVE((1.0000000000,0.7071067812,1.0000000000))
REPRESENTATION_ITEM('')
);
#5158=CARTESIAN_POINT('',(-38.5000000000,-23.5000000000,5.0000000000));
#5159=CARTESIAN_POINT('',(-41.0000000000,-23.5000000000,5.0000000000));
#5160=CARTESIAN_POINT('',(-41.0000000000,-21.0000000000,11.8686935486));

#5161=CARTESIAN_POINT('',(-41.0000000000,-21.0000000000,11.8686935486));
#5162=VERTEX_POINT('',#5161);
#5163=EDGE_CURVE('',#5154,#5162,#5157,.T.);
#5164=ORIENTED_EDGE('',*,*,#5163,.T.);
#5165=(
BOUNDED_CURVE()
B_SPLINE_CURVE(1,(#5166,#5167),.UNSPECIFIED.,.F.,.F.)
B_SPLINE_CURVE_WITH_KNOTS((2,2),(0.000,1.000),.UNSPECIFIED.)
CURVE()
GEOMETRIC_REPRESENTATION_ITEM()
RATIONAL_B_SPLINE_CURVE((1.0000000000,1.0000000000))
REPRESENTATION_ITEM('')
);
#5166=CARTESIAN_POINT('',(-41.0000000000,-21.0000000012,11.8686935454));
#5167=CARTESIAN_POINT('',(-41.0000000000,-11.8529525035,37.0000000000));

#5168=CARTESIAN_POINT('',(-41.0000000000,-11.8529525035,37.0000000000));
#5169=VERTEX_POINT('',#5168);
#5170=EDGE_CURVE('',#5162,#5169,#5165,.T.);
#5171=ORIENTED_EDGE('',*,*,#5170,.T.);
#5172=(
BOUNDED_CURVE()
B_SPLINE_CURVE(1,(#5173,#5174),.UNSPECIFIED.,.F.,.F.)
B_SPLINE_CURVE_WITH_KNOTS((2,2),(0.000,1.000),.UNSPECIFIED.)
CURVE()
GEOMETRIC_REPRESENTATION_ITEM()
RATIONAL_B_SPLINE_CURVE((1.0000000000,1.0000000000))
REPRESENTATION_ITEM('')
);
#5173=CARTESIAN_POINT('',(-41.0000000000,-11.8529525035,37.0000000000));
#5174=CARTESIAN_POINT('',(-38.0000000000,-11.8529525035,37.0000000000));

#5175=CARTESIAN_POINT('',(-38.0000000000,-11.8529525035,37.0000000000));
#5176=VERTEX_POINT('',#5175);
#5177=EDGE_CURVE('',#5169,#5176,#5172,.T.);
#5178=ORIENTED_EDGE('',*,*,#5177,.T.);
#5179=(
BOUNDED_CURVE()
B_SPLINE_CURVE(1,(#5180,#5181),.UNSPECIFIED.,.F.,.F.)
B_SPLINE_CURVE_WITH_KNOTS((2,2),(0.000,1.000),.UNSPECIFIED.)
CURVE()
GEOMETRIC_REPRESENTATION_ITEM()
RATIONAL_B_SPLINE_CURVE((1.0000000000,1.0000000000))
REPRESENTATION_ITEM('')
);
#5180=CARTESIAN_POINT('',(-38.0000000000,-11.8529525035,37.0000000000));
#5181=CARTESIAN_POINT('',(38.0000000000,-11.8529525035,37.0000000000));

#5182=CARTESIAN_POINT('',(38.0000000000,-11.8529525035,37.0000000000));
#5183=VERTEX_POINT('',#5182);
#5184=EDGE_CURVE('',#5176,#5183,#5179,.T.);
#5185=ORIENTED_EDGE('',*,*,#5184,.T.);
#5186=(
BOUNDED_CURVE()
B_SPLINE_CURVE(1,(#5187,#5188),.UNSPECIFIED.,.F.,.F.)
B_SPLINE_CURVE_WITH_KNOTS((2,2),(0.000,1.000),.UNSPECIFIED.)
CURVE()
GEOMETRIC_REPRESENTATION_ITEM()
RATIONAL_B_SPLINE_CURVE((1.0000000000,1.0000000000))
REPRESENTATION_ITEM('')
);
#5187=CARTESIAN_POINT('',(38.0000000000,-11.8529525035,37.0000000000));
#5188=CARTESIAN_POINT('',(41.0000000000,-11.8529525035,37.0000000000));

#5189=EDGE_CURVE('',#5183,#5134,#5186,.T.);
#5190=ORIENTED_EDGE('',*,*,#5189,.T.);
#5191=EDGE_LOOP('',(#5141,#5149,#5156,#5164,#5171,#5178,#5185,#5190));
#5192=FACE_OUTER_BOUND('',#5191,.T.);
#5193=CARTESIAN_POINT('',(-38.0000000000,-20.5000000000,13.2424322584));
#5194=VERTEX_POINT('',#5193);
#5195=(
BOUNDED_CURVE()
B_SPLINE_CURVE(1,(#5196,#5197),.UNSPECIFIED.,.F.,.F.)
B_SPLINE_CURVE_WITH_KNOTS((2,2),(0.000,1.000),.UNSPECIFIED.)
CURVE()
GEOMETRIC_REPRESENTATION_ITEM()
RATIONAL_B_SPLINE_CURVE((1.0000000000,1.0000000000))
REPRESENTATION_ITEM('')
);
#5196=CARTESIAN_POINT('',(-38.0000000000,-20.5000000000,13.2424322584));
#5197=CARTESIAN_POINT('',(38.0000000000,-20.5000000000,13.2424322584));

#5198=CARTESIAN_POINT('',(38.0000000000,-20.5000000000,13.2424322584));
#5199=VERTEX_POINT('',#5198);
#5200=EDGE_CURVE('',#5194,#5199,#5195,.T.);
#5201=ORIENTED_EDGE('',*,*,#5200,.T.);
#5202=(
BOUNDED_CURVE()
B_SPLINE_CURVE(1,(#5203,#5204),.UNSPECIFIED.,.F.,.F.)
B_SPLINE_CURVE_WITH_KNOTS((2,2),(0.000,1.000),.UNSPECIFIED.)
CURVE()
GEOMETRIC_REPRESENTATION_ITEM()
RATIONAL_B_SPLINE_CURVE((1.0000000000,1.0000000000))
REPRESENTATION_ITEM('')
);
#5203=CARTESIAN_POINT('',(38.0000000000,-20.5000000000,13.2424322584));
#5204=CARTESIAN_POINT('',(38.0000000000,-12.1949726468,36.0603073792));

#5205=CARTESIAN_POINT('',(38.0000000000,-12.1949726468,36.0603073792));
#5206=VERTEX_POINT('',#5205);
#5207=EDGE_CURVE('',#5199,#5206,#5202,.T.);
#5208=ORIENTED_EDGE('',*,*,#5207,.T.);
#5209=(
BOUNDED_CURVE()
B_SPLINE_CURVE(1,(#5210,#5211),.UNSPECIFIED.,.F.,.F.)
B_SPLINE_CURVE_WITH_KNOTS((2,2),(0.000,1.000),.UNSPECIFIED.)
CURVE()
GEOMETRIC_REPRESENTATION_ITEM()
RATIONAL_B_SPLINE_CURVE((1.0000000000,1.0000000000))
REPRESENTATION_ITEM('')
);
#5210=CARTESIAN_POINT('',(38.0000000000,-12.1949726468,36.0603073792));
#5211=CARTESIAN_POINT('',(-38.0000000000,-12.1949726468,36.0603073792));

#5212=CARTESIAN_POINT('',(-38.0000000000,-12.1949726468,36.0603073792));
#5213=VERTEX_POINT('',#5212);
#5214=EDGE_CURVE('',#5206,#5213,#5209,.T.);
#5215=ORIENTED_EDGE('',*,*,#5214,.T.);
#5216=(
BOUNDED_CURVE()
B_SPLINE_CURVE(1,(#5217,#5218),.UNSPECIFIED.,.F.,.F.)
B_SPLINE_CURVE_WITH_KNOTS((2,2),(0.000,1.000),.UNSPECIFIED.)
CURVE()
GEOMETRIC_REPRESENTATION_ITEM()
RATIONAL_B_SPLINE_CURVE((1.0000000000,1.0000000000))
REPRESENTATION_ITEM('')
);
#5217=CARTESIAN_POINT('',(-38.0000000000,-12.1949726468,36.0603073792));
#5218=CARTESIAN_POINT('',(-38.0000000000,-20.5000000000,13.2424322584));

#5219=EDGE_CURVE('',#5213,#5194,#5216,.T.);
#5220=ORIENTED_EDGE('',*,*,#5219,.T.);
#5221=EDGE_LOOP('',(#5201,#5208,#5215,#5220));
#5222=FACE_BOUND('',#5221,.T.);
#5223=ADVANCED_FACE('',(#5192,#5222),#5128,.T.);
#5224=COLOUR_RGB('',0.39,0.39,0.39);
#5225=FILL_AREA_STYLE_COLOUR('',#5224);
#5226=FILL_AREA_STYLE('',(#5225));
#5227=SURFACE_STYLE_FILL_AREA(#5226);
#5228=SURFACE_STYLE_TRANSPARENT(0.00);
#5229=SURFACE_STYLE_RENDERING_WITH_PROPERTIES(.NORMAL_SHADING.,#5224,(#5228));
#5230=SURFACE_SIDE_STYLE('',(#5227, #5229));
#5231=SURFACE_STYLE_USAGE(.BOTH.,#5230);
#5232=PRESENTATION_STYLE_ASSIGNMENT((#5231));
#5233=STYLED_ITEM('',(#5232),#5223);

#5234=(
BOUNDED_SURFACE()
B_SPLINE_SURFACE(1,1,((#5235,#5236),(#5237,#5238)),.UNSPECIFIED.,.F.,.F.,.F.)
B_SPLINE_SURFACE_WITH_KNOTS((2,2),(2,2),(0.000,1.000),(0.000,1.000),.UNSPECIFIED.)
GEOMETRIC_REPRESENTATION_ITEM()
RATIONAL_B_SPLINE_SURFACE(((1.0000000000,1.0000000000),(1.0000000000,1.0000000000)))
REPRESENTATION_ITEM('')
SURFACE()
);
#5235=CARTESIAN_POINT('',(38.0000000000,23.5000000000,23.0683998228));
#5236=CARTESIAN_POINT('',(-38.0000000000,23.5000000000,23.0683998228));
#5237=CARTESIAN_POINT('',(38.0000000000,-12.1949726468,36.0603073792));
#5238=CARTESIAN_POINT('',(-38.0000000000,-12.1949726468,36.0603073792));

#5239=CARTESIAN_POINT('',(38.0000000000,20.5000000000,24.1603105256));
#5240=VERTEX_POINT('',#5239);
#5241=(
BOUNDED_CURVE()
B_SPLINE_CURVE(1,(#5242,#5243),.UNSPECIFIED.,.F.,.F.)
B_SPLINE_CURVE_WITH_KNOTS((2,2),(0.000,1.000),.UNSPECIFIED.)
CURVE()
GEOMETRIC_REPRESENTATION_ITEM()
RATIONAL_B_SPLINE_CURVE((1.0000000000,1.0000000000))
REPRESENTATION_ITEM('')
);
#5242=CARTESIAN_POINT('',(38.0000000000,20.5000000000,24.1603105256));
#5243=CARTESIAN_POINT('',(-38.0000000000,20.5000000000,24.1603105256));

#5244=CARTESIAN_POINT('',(-38.0000000000,20.5000000000,24.1603105256));
#5245=VERTEX_POINT('',#5244);
#5246=EDGE_CURVE('',#5240,#5245,#5241,.T.);
#5247=ORIENTED_EDGE('',*,*,#5246,.T.);
#5248=(
BOUNDED_CURVE()
B_SPLINE_CURVE(1,(#5249,#5250),.UNSPECIFIED.,.F.,.F.)
B_SPLINE_CURVE_WITH_KNOTS((2,2),(0.000,1.000),.UNSPECIFIED.)
CURVE()
GEOMETRIC_REPRESENTATION_ITEM()
RATIONAL_B_SPLINE_CURVE((1.0000000000,1.0000000000))
REPRESENTATION_ITEM('')
);
#5249=CARTESIAN_POINT('',(-38.0000000000,20.5000000000,24.1603105256));
#5250=CARTESIAN_POINT('',(-38.0000000000,-12.1949726468,36.0603073792));

#5251=CARTESIAN_POINT('',(-38.0000000000,-12.1949726468,36.0603073792));
#5252=VERTEX_POINT('',#5251);
#5253=EDGE_CURVE('',#5245,#5252,#5248,.T.);
#5254=ORIENTED_EDGE('',*,*,#5253,.T.);
#5255=(
BOUNDED_CURVE()
B_SPLINE_CURVE(1,(#5256,#5257),.UNSPECIFIED.,.F.,.F.)
B_SPLINE_CURVE_WITH_KNOTS((2,2),(0.000,1.000),.UNSPECIFIED.)
CURVE()
GEOMETRIC_REPRESENTATION_ITEM()
RATIONAL_B_SPLINE_CURVE((1.0000000000,1.0000000000))
REPRESENTATION_ITEM('')
);
#5256=CARTESIAN_POINT('',(-38.0000000000,-12.1949726468,36.0603073792));
#5257=CARTESIAN_POINT('',(38.0000000000,-12.1949726468,36.0603073792));

#5258=CARTESIAN_POINT('',(38.0000000000,-12.1949726468,36.0603073792));
#5259=VERTEX_POINT('',#5258);
#5260=EDGE_CURVE('',#5252,#5259,#5255,.T.);
#5261=ORIENTED_EDGE('',*,*,#5260,.T.);
#5262=(
BOUNDED_CURVE()
B_SPLINE_CURVE(1,(#5263,#5264),.UNSPECIFIED.,.F.,.F.)
B_SPLINE_CURVE_WITH_KNOTS((2,2),(0.000,1.000),.UNSPECIFIED.)
CURVE()
GEOMETRIC_REPRESENTATION_ITEM()
RATIONAL_B_SPLINE_CURVE((1.0000000000,1.0000000000))
REPRESENTATION_ITEM('')
);
#5263=CARTESIAN_POINT('',(38.0000000000,-12.1949726468,36.0603073792));
#5264=CARTESIAN_POINT('',(38.0000000000,20.5000000000,24.1603105256));

#5265=EDGE_CURVE('',#5259,#5240,#5262,.T.);
#5266=ORIENTED_EDGE('',*,*,#5265,.T.);
#5267=EDGE_LOOP('',(#5247,#5254,#5261,#5266));
#5268=FACE_OUTER_BOUND('',#5267,.T.);
#5269=ADVANCED_FACE('',(#5268),#5234,.T.);
#5270=COLOUR_RGB('',0.39,0.39,0.39);
#5271=FILL_AREA_STYLE_COLOUR('',#5270);
#5272=FILL_AREA_STYLE('',(#5271));
#5273=SURFACE_STYLE_FILL_AREA(#5272);
#5274=SURFACE_STYLE_TRANSPARENT(0.00);
#5275=SURFACE_STYLE_RENDERING_WITH_PROPERTIES(.NORMAL_SHADING.,#5270,(#5274));
#5276=SURFACE_SIDE_STYLE('',(#5273, #5275));
#5277=SURFACE_STYLE_USAGE(.BOTH.,#5276);
#5278=PRESENTATION_STYLE_ASSIGNMENT((#5277));
#5279=STYLED_ITEM('',(#5278),#5269);

#5280=CLOSED_SHELL('',(#329,#389,#439,#492,#542,#588,#638,#691,#741,#1081,#1127,#1180,#1226,#1279,#1611,#1657,#1707,#1753,#1803,#1849,#1899,#1945,#1995,#2045,#2095,#2145,#2195,#2245,#2295,#2345,#2395,#2445,#2495,#2545,#2595,#2645,#2695,#2745,#2795,#2889,#2935,#2981,#3027,#3073,#3119,#3165,#3259,#3305,#3351,#3397,#3443,#3489,#3535,#3629,#3675,#3721,#3767,#3813,#3859,#3905,#3999,#4045,#4091,#4137,#4183,#4229,#4275,#4321,#4367,#4417,#4463,#4509,#4555,#4605,#4651,#4697,#4743,#4793,#4839,#4885,#4931,#4981,#5027,#5117,#5223,#5269));
#5281=MANIFOLD_SOLID_BREP('brep',#5280);
#5282=ADVANCED_BREP_SHAPE_REPRESENTATION('',(#5281,#170),#168);
#5283=SHAPE_REPRESENTATION_RELATIONSHIP($,$,#169,#5282);

ENDSEC;

END-ISO-10303-21;
